sample_id,sentence,num_words,true_label,true_level,pred_label,pred_level,is_correct,confidence,model_started_at,model_completed_at
1,' Lemon basil ' has a strong lemony smell and flavor very different from those of other varieties because it contains a chemical called citral .,23.0,3,B2,4,C1,False,0.738,2026-08-28T08:04:32.334940+00:00,2026-08-28T08:04:34.730848+00:00
2,16 - bit applications all run in their own thread within a single preemptively multithreaded 32 - bit NTVDM process .,16.0,4,C1,4,C1,True,0.9019,2026-08-28T08:04:32.334940+00:00,2026-08-28T08:04:34.730848+00:00
3,"7209 , 7210 , 7308 and 7348 have all been destroyed in accidents .",7.0,1,A2,1,A2,True,0.5245,2026-08-28T08:04:32.334940+00:00,2026-08-28T08:04:34.730848+00:00
4,737s do not have fuel dump systems .,6.0,3,B2,2,B1,False,0.8165,2026-08-28T08:04:32.334940+00:00,2026-08-28T08:04:34.730848+00:00
5,A Boiler Room Brawl is a match where two wrestlers fight in a boiler room .,15.0,2,B1,1,A2,False,0.4328,2026-08-28T08:04:32.334940+00:00,2026-08-28T08:04:34.730848+00:00
6,"A DVD of series one has been released on 19 September 2005 , however there is still no word of series two on DVD .",21.0,2,B1,2,B1,True,0.7507,2026-08-28T08:04:32.334940+00:00,2026-08-28T08:04:34.730848+00:00
7,"A TGV test train set the world record for the fastest wheeled train , reaching 574.8 km / h on 3 April 2007 .",18.0,2,B1,3,B2,False,0.6984,2026-08-28T08:04:32.334940+00:00,2026-08-28T08:04:34.730848+00:00
8,A bailiwick is a territory governed by a bailiff .,9.0,4,C1,4,C1,True,0.7703,2026-08-28T08:04:32.334940+00:00,2026-08-28T08:04:34.730848+00:00
9,"A belt of lowland tropical moist broadleaf forests , runs across most of equatorial Africa .",14.0,4,C1,4,C1,True,0.9214,2026-08-28T08:04:32.334940+00:00,2026-08-28T08:04:34.730848+00:00
10,"A birdbath is an attraction for many different species of birds to visit gardens , especially during the summer and drought periods .",21.0,3,B2,3,B2,True,0.5645,2026-08-28T08:04:32.334940+00:00,2026-08-28T08:04:34.730848+00:00
11,"A common-use facility or terminal design disallows airlines to have its own proprietary check - in counters , gates and IT systems .",21.0,3,B2,4,C1,False,0.5442,2026-08-28T08:04:32.334940+00:00,2026-08-28T08:04:34.730848+00:00
12,A concert tour is a series of concerts by an artist or group of artists in different cities or locations .,20.0,2,B1,2,B1,True,0.7566,2026-08-28T08:04:32.334940+00:00,2026-08-28T08:04:34.730848+00:00
13,A design competition in 1927 did not produce a winning entry .,10.0,2,B1,2,B1,True,0.8093,2026-08-28T08:04:32.334940+00:00,2026-08-28T08:04:34.730848+00:00
14,"A developed country , Canada has the sixteenth - highest nominal per capita income globally as well as the twelfth-highest ranking in the Human Development Index .",25.0,3,B2,4,C1,False,0.6768,2026-08-28T08:04:32.334940+00:00,2026-08-28T08:04:34.730848+00:00
15,"A feral population can have a significant impact on an ecosystem by predation on vulnerable plants or animals , or by competition with indigenous species .",24.0,4,C1,4,C1,True,0.8444,2026-08-28T08:04:32.334940+00:00,2026-08-28T08:04:34.730848+00:00
16,A few species that live in waters where the supply of food particles is very poor prey on crustaceans and other small animals .,23.0,4,C1,3,B2,False,0.4978,2026-08-28T08:04:32.334940+00:00,2026-08-28T08:04:34.730848+00:00
17,A fishing port is a port or harbor used by people who are fishing .,14.0,2,B1,2,B1,True,0.5007,2026-08-28T08:04:32.334940+00:00,2026-08-28T08:04:34.730848+00:00
18,A foreign minister 's powers vary in different governments .,8.0,2,B1,2,B1,True,0.7362,2026-08-28T08:04:32.334940+00:00,2026-08-28T08:04:34.730848+00:00
19,"A foreshock is an earthquake that occurs before a larger earthquake , called the mainshock .",14.0,3,B2,4,C1,False,0.6091,2026-08-28T08:04:32.334940+00:00,2026-08-28T08:04:34.730848+00:00
20,"A gorilla 's lifespan is between 35 and 40 years , although zoo gorillas may live for 50 years or more because they have more food .",21.0,2,B1,3,B2,False,0.5233,2026-08-28T08:04:32.334940+00:00,2026-08-28T08:04:34.730848+00:00
21,"A gorilla 's lifespan is normally between 35 and 40 years , although zoo gorillas may live for 50 years or more .",17.0,3,B2,3,B2,True,0.3931,2026-08-28T08:04:32.334940+00:00,2026-08-28T08:04:34.730848+00:00
22,A laboratory mouse or rat strain is a group of animals that is genetically uniform .,15.0,3,B2,3,B2,True,0.4731,2026-08-28T08:04:32.334940+00:00,2026-08-28T08:04:34.730848+00:00
23,"A large number of settlers arrived in the 1850s and 1860s , many of whom were ancestors of today 's residents .",17.0,3,B2,2,B1,False,0.448,2026-08-28T08:04:32.334940+00:00,2026-08-28T08:04:34.730848+00:00
24,A large plane flew across the sky a couple minutes ago .,11.0,2,B1,2,B1,True,0.7091,2026-08-28T08:04:32.334940+00:00,2026-08-28T08:04:34.730848+00:00
25,A low normal to low absolute lymphocyte concentration is associated with increased rates of infection after surgery or trauma .,19.0,4,C1,4,C1,True,0.6273,2026-08-28T08:04:32.334940+00:00,2026-08-28T08:04:34.730848+00:00
26,"A lute has an oval- shaped back , made of strips of wood .",11.0,3,B2,3,B2,True,0.7113,2026-08-28T08:04:32.334940+00:00,2026-08-28T08:04:34.730848+00:00
27,A major railway survey in April 1961 was used in the writing of a government report on the future of the network .,21.0,2,B1,2,B1,True,0.5549,2026-08-28T08:04:32.334940+00:00,2026-08-28T08:04:34.730848+00:00
28,A moonsault happens when a wrestler does a backflip and lands on their opponent .,14.0,3,B2,4,C1,False,0.7169,2026-08-28T08:04:32.334940+00:00,2026-08-28T08:04:34.730848+00:00
29,A non-zero real number can have a negative number as its power .,13.0,3,B2,2,B1,False,0.7548,2026-08-28T08:04:32.334940+00:00,2026-08-28T08:04:34.730848+00:00
30,A number of medications are used to treat bipolar disorder .,10.0,3,B2,4,C1,False,0.5376,2026-08-28T08:04:32.334940+00:00,2026-08-28T08:04:34.730848+00:00
31,A request line containing only the path name is accepted by servers to maintain compatibility with HTTP clients before the HTTP / 1.0 specification in .,23.0,4,C1,3,B2,False,0.7269,2026-08-28T08:04:32.334940+00:00,2026-08-28T08:04:34.730848+00:00
32,A request line containing only the path name is accepted by servers to maintain compatibility with HTTP clients before the HTTP / 1.0 standard .,22.0,3,B2,4,C1,False,0.5976,2026-08-28T08:04:32.334940+00:00,2026-08-28T08:04:34.730848+00:00
33,"A satellite terminal is a building detached from other airport buildings , so that aircraft can park around its entire circumference .",20.0,3,B2,3,B2,True,0.5729,2026-08-28T08:04:32.334940+00:00,2026-08-28T08:04:34.730848+00:00
34,A secret or unlockable character may be a playable character in a video game available after finishing the game or doing certain tasks .,23.0,4,C1,3,B2,False,0.5261,2026-08-28T08:04:32.334940+00:00,2026-08-28T08:04:34.730848+00:00
35,A significant issue with standard candles is the question of how standard they are .,14.0,2,B1,2,B1,True,0.5075,2026-08-28T08:04:32.334940+00:00,2026-08-28T08:04:34.730848+00:00
36,A significant issue with standard candles is the recurring question of how standard they are .,15.0,3,B2,3,B2,True,0.5647,2026-08-28T08:04:32.334940+00:00,2026-08-28T08:04:34.730848+00:00
37,A slightly different explanation focuses on the loss of the essential while holding on to what is not essential .,19.0,3,B2,2,B1,False,0.5341,2026-08-28T08:04:32.334940+00:00,2026-08-28T08:04:34.730848+00:00
38,A stream cipher makes use of a much smaller and more convenient key such as 128 bits .,16.0,3,B2,3,B2,True,0.6689,2026-08-28T08:04:32.334940+00:00,2026-08-28T08:04:34.730848+00:00
39,A striking feature of metabolism is the similarity of the basic metabolic pathways among vastly different species .,17.0,3,B2,4,C1,False,0.6943,2026-08-28T08:04:32.334940+00:00,2026-08-28T08:04:34.730848+00:00
40,A table consists of an ordered arrangement of rows and columns .,11.0,3,B2,3,B2,True,0.5487,2026-08-28T08:04:32.334940+00:00,2026-08-28T08:04:34.730848+00:00
41,A table consists of an orderly arrangement of rows and columns .,11.0,2,B1,4,C1,False,0.4937,2026-08-28T08:04:32.334940+00:00,2026-08-28T08:04:34.730848+00:00
42,A tactical offensive is an operation that is usually smaller or more limited .,13.0,3,B2,3,B2,True,0.5796,2026-08-28T08:04:32.334940+00:00,2026-08-28T08:04:34.730848+00:00
43,A train may occasionally experience a rollback following a launch .,10.0,3,B2,3,B2,True,0.6209,2026-08-28T08:04:32.334940+00:00,2026-08-28T08:04:34.730848+00:00
44,A transport version of the Stormer with a flat load bed is used to carry the Shielder minelaying system .,19.0,4,C1,3,B2,False,0.6067,2026-08-28T08:04:32.334940+00:00,2026-08-28T08:04:34.730848+00:00
45,"A week after impact , food is in very short supply across the entire planet .",14.0,2,B1,2,B1,True,0.8581,2026-08-28T08:04:32.334940+00:00,2026-08-28T08:04:34.730848+00:00
46,"A well - known example of failing overcompensation , can be seen in people going through a mid life crisis .",18.0,3,B2,3,B2,True,0.6281,2026-08-28T08:04:32.334940+00:00,2026-08-28T08:04:34.730848+00:00
47,A young girl describes her special bond with her grandfather over four seasons .,13.0,2,B1,2,B1,True,0.8107,2026-08-28T08:04:32.334940+00:00,2026-08-28T08:04:34.730848+00:00
48,A young girl describes her special relationship with her grandfather over four seasons .,13.0,2,B1,2,B1,True,0.5926,2026-08-28T08:04:32.334940+00:00,2026-08-28T08:04:34.730848+00:00
49,A- flat minor is rarely used as the main key of a piece of music .,14.0,2,B1,2,B1,True,0.5522,2026-08-28T08:04:32.334940+00:00,2026-08-28T08:04:34.730848+00:00
50,About 50 % of the papyrus is missing .,6.0,3,B2,2,B1,False,0.764,2026-08-28T08:04:32.334940+00:00,2026-08-28T08:04:34.730848+00:00
51,"About 56 of the Old World and 3 of the New World cuckoo species are brood parasites , laying their eggs in the nests of other birds .",24.0,4,C1,3,B2,False,0.5315,2026-08-28T08:04:32.334940+00:00,2026-08-28T08:04:34.730848+00:00
52,"Absinthe traditionally has a natural green color , but may also be colorless .",12.0,3,B2,4,C1,False,0.4802,2026-08-28T08:04:32.334940+00:00,2026-08-28T08:04:34.730848+00:00
53,Acrylic paint dries quite quickly .,5.0,2,B1,2,B1,True,0.7055,2026-08-28T08:04:32.334940+00:00,2026-08-28T08:04:34.730848+00:00
54,"Actors working in theater , film , and television have to learn different skills .",12.0,2,B1,2,B1,True,0.6967,2026-08-28T08:04:32.334940+00:00,2026-08-28T08:04:34.730848+00:00
55,Acute hospitals are those intended for short -term medical and / or surgical treatment and care .,14.0,2,B1,3,B2,False,0.7382,2026-08-28T08:04:32.334940+00:00,2026-08-28T08:04:34.730848+00:00
56,Adding to science and technology has happened throughout the country 's history .,11.0,2,B1,2,B1,True,0.7374,2026-08-28T08:04:32.334940+00:00,2026-08-28T08:04:34.730848+00:00
57,Adult and larval leaf beetles feed on all sorts of plant tissue .,12.0,3,B2,3,B2,True,0.6333,2026-08-28T08:04:32.334940+00:00,2026-08-28T08:04:34.730848+00:00
58,"Adults are strictly diurnal , flying preferentially in the late morning and early afternoon .",13.0,4,C1,4,C1,True,0.5303,2026-08-28T08:04:32.334940+00:00,2026-08-28T08:04:34.730848+00:00
59,Adults of both sexes are medium to large birds .,9.0,2,B1,2,B1,True,0.8058,2026-08-28T08:04:32.334940+00:00,2026-08-28T08:04:34.730848+00:00
60,Advances in semiconductor technology reduced transistor size ; multicore CPUs have appeared where multiple CPUs are implemented on the same silicon chip .,21.0,4,C1,4,C1,True,0.8972,2026-08-28T08:04:32.334940+00:00,2026-08-28T08:04:34.730848+00:00
61,After 1932 he withdrew from tournament play as his noted anthropophobia showed traces of schizophrenia during a mental breakdown .,18.0,4,C1,4,C1,True,0.6599,2026-08-28T08:04:32.334940+00:00,2026-08-28T08:04:34.730848+00:00
62,"After 1998 , weight - control problems and injuries began to take a toll on Reeves , and his numbers fell off dramatically .",19.0,3,B2,3,B2,True,0.6665,2026-08-28T08:04:32.334940+00:00,2026-08-28T08:04:34.730848+00:00
63,"After New Zealand abolished its provinces in 1876 , a system of counties similar to other countries ' systems was instituted , lasting until 1989 .",20.0,4,C1,3,B2,False,0.5975,2026-08-28T08:04:32.334940+00:00,2026-08-28T08:04:34.730848+00:00
64,"After World War II , the countries in Europe wanted to live peacefully together and help one another 's economies .",18.0,2,B1,3,B2,False,0.5215,2026-08-28T08:04:32.334940+00:00,2026-08-28T08:04:34.730848+00:00
65,After World War II many of the poorer Germans had to go and live in Germany .,16.0,2,B1,2,B1,True,0.6385,2026-08-28T08:04:32.334940+00:00,2026-08-28T08:04:34.730848+00:00
66,"After a long series of concerts , the band returned to Sweden in order to spend time with their families and begin writing songs for their next album .",27.0,3,B2,3,B2,True,0.5556,2026-08-28T08:04:32.334940+00:00,2026-08-28T08:04:34.730848+00:00
67,"After being socialized in a human home as infants , the monkeys undergo extensive training before being placed with an individual needing assistance .",22.0,3,B2,4,C1,False,0.6594,2026-08-28T08:04:32.334940+00:00,2026-08-28T08:04:34.730848+00:00
68,"After boxing , Rose became a successful businessman .",7.0,2,B1,2,B1,True,0.7547,2026-08-28T08:04:32.334940+00:00,2026-08-28T08:04:34.730848+00:00
69,"After enamel and dentin are destroyed and cavity reaches the dental pulp and nerves of the tooth , the tooth becomes sensitive since the nerves are exposed .",26.0,4,C1,4,C1,True,0.7167,2026-08-28T08:04:32.334940+00:00,2026-08-28T08:04:34.730848+00:00
70,"After it is fired , earthenware is opaque and non-vitreous , soft and capable of being scratched with a knife .",19.0,4,C1,4,C1,True,0.8246,2026-08-28T08:04:32.334940+00:00,2026-08-28T08:04:34.730848+00:00
71,"After mating , the male shows the female all the potential nest sites , and lets the female choose one and build the nest .",22.0,3,B2,3,B2,True,0.5151,2026-08-28T08:04:32.334940+00:00,2026-08-28T08:04:34.730848+00:00
72,"After the fall of the Berlin Wall the population dropped from over 100,000 in 1989 down to roughly 75,000 in 2005 through emigration .",19.0,3,B2,3,B2,True,0.7732,2026-08-28T08:04:32.334940+00:00,2026-08-28T08:04:34.730848+00:00
73,"After the heavy losses in the battle , people questioned why the US went into the battle .",16.0,2,B1,2,B1,True,0.813,2026-08-28T08:04:32.334940+00:00,2026-08-28T08:04:34.730848+00:00
74,"After the shootings , the observation deck was closed .",8.0,3,B2,2,B1,False,0.682,2026-08-28T08:04:32.334940+00:00,2026-08-28T08:04:34.730848+00:00
75,"After this , the digesta is moved to the true stomach , the abomasum .",12.0,4,C1,3,B2,False,0.5876,2026-08-28T08:04:32.334940+00:00,2026-08-28T08:04:34.730848+00:00
76,"Agrawal died on 11 October 2018 from heart failure complicated from starvation , aged 87 .",11.0,3,B2,3,B2,True,0.4411,2026-08-28T08:04:32.334940+00:00,2026-08-28T08:04:34.730848+00:00
77,"Agriculture is still one of the main activities in the province , adding 15 % to its output .",15.0,2,B1,2,B1,True,0.6998,2026-08-28T08:04:32.334940+00:00,2026-08-28T08:04:34.730848+00:00
78,Alcoholism can cause many health problems .,6.0,3,B2,2,B1,False,0.6156,2026-08-28T08:04:32.334940+00:00,2026-08-28T08:04:34.730848+00:00
79,All five subspecies of the mourning dove look similar and cannot be told apart easily .,16.0,3,B2,3,B2,True,0.5341,2026-08-28T08:04:32.334940+00:00,2026-08-28T08:04:34.730848+00:00
80,"All of the species are small land frogs , about 4 cm in length .",12.0,2,B1,3,B2,False,0.5179,2026-08-28T08:04:32.334940+00:00,2026-08-28T08:04:34.730848+00:00
81,"All of these animals are omnivores , yet still fall into special niches in terms of feeding behavior and preferred foods .",20.0,4,C1,3,B2,False,0.4909,2026-08-28T08:04:32.334940+00:00,2026-08-28T08:04:34.730848+00:00
82,Also sometimes seen in older deeds and contracts as a more traditional way of incorporating terms of reference .,18.0,3,B2,3,B2,True,0.6199,2026-08-28T08:04:32.334940+00:00,2026-08-28T08:04:34.730848+00:00
83,"Although certainly quadrupedal , the posture of horned dinosaurs has long been the subject of some debate .",16.0,4,C1,3,B2,False,0.4688,2026-08-28T08:04:32.334940+00:00,2026-08-28T08:04:34.730848+00:00
84,"Although humans have many uses for peat , it presents severe problems at times .",13.0,3,B2,3,B2,True,0.5043,2026-08-28T08:04:32.334940+00:00,2026-08-28T08:04:34.730848+00:00
85,"Although it is toxic in large doses , selenium is an essential micronutrient for animals .",14.0,4,C1,4,C1,True,0.871,2026-08-28T08:04:32.334940+00:00,2026-08-28T08:04:34.730848+00:00
86,"Although numerous on the small offshore islands , the quokka is classified as vulnerable .",13.0,4,C1,4,C1,True,0.6054,2026-08-28T08:04:32.334940+00:00,2026-08-28T08:04:34.730848+00:00
87,"Although the need for a better airport was acknowledged in 37 studies conducted between 1926 and 1938 , there was a statutory prohibition against federal development of airports .",24.0,3,B2,3,B2,True,0.5627,2026-08-28T08:04:32.334940+00:00,2026-08-28T08:04:34.730848+00:00
88,"Altogether , this fauna is massively dominated by large herbivores and generally lacks terrestrial carnivores .",14.0,4,C1,4,C1,True,0.81,2026-08-28T08:04:32.334940+00:00,2026-08-28T08:04:34.730848+00:00
89,Ammonia is converted to nitric acid in two stages .,9.0,4,C1,3,B2,False,0.5567,2026-08-28T08:04:32.334940+00:00,2026-08-28T08:04:34.730848+00:00
90,"Amoebozoa are now considered by most to form a separate kingdom- level clade , being more closely related to both animals and fungi than to plants .",24.0,4,C1,4,C1,True,0.7802,2026-08-28T08:04:32.334940+00:00,2026-08-28T08:04:34.730848+00:00
91,Amphiumas inhabit the southeastern part of the United States .,9.0,3,B2,4,C1,False,0.7658,2026-08-28T08:04:32.334940+00:00,2026-08-28T08:04:34.730848+00:00
92,Amy was always wearing her brother 's sweater .,7.0,1,A2,2,B1,False,0.4965,2026-08-28T08:04:32.334940+00:00,2026-08-28T08:04:34.730848+00:00
93,"An Cafe has been a long time supporter and endorser of popular Japanese fashion label Sex Pot Revenge , as they are frequently seen wearing clothing from that label .",28.0,3,B2,3,B2,True,0.5642,2026-08-28T08:04:32.334940+00:00,2026-08-28T08:04:34.730848+00:00
94,"An Cafe has been a longtime supporter and endorser of popular Japanese fashion label Sex Pot Revenge , and they are frequently seen wearing clothing from that label .",27.0,4,C1,3,B2,False,0.5821,2026-08-28T08:04:32.334940+00:00,2026-08-28T08:04:34.730848+00:00
95,An anime based on this manga aired between April and July 2011 .,11.0,3,B2,2,B1,False,0.717,2026-08-28T08:04:32.334940+00:00,2026-08-28T08:04:34.730848+00:00
96,An aspis was deeply dished and made primarily of wood .,10.0,3,B2,3,B2,True,0.6141,2026-08-28T08:04:32.334940+00:00,2026-08-28T08:04:34.730848+00:00
97,An automobile may use a longitudinal shaft to deliver power from an engine / transmission to the other end of the vehicle before it goes to the wheels .,27.0,3,B2,4,C1,False,0.4811,2026-08-28T08:04:32.334940+00:00,2026-08-28T08:04:34.730848+00:00
98,An interval that is open does not include the beginning or the end .,13.0,2,B1,3,B2,False,0.4897,2026-08-28T08:04:32.334940+00:00,2026-08-28T08:04:34.730848+00:00
99,Ana again notices the same woman seeing her and Christian from a distance .,13.0,2,B1,3,B2,False,0.5029,2026-08-28T08:04:32.334940+00:00,2026-08-28T08:04:34.730848+00:00
100,Ana awakens three days later in the hospital with Christian at her side .,13.0,2,B1,3,B2,False,0.4402,2026-08-28T08:04:32.334940+00:00,2026-08-28T08:04:34.730848+00:00
101,"Another common method of cooling is exposing an object to ice , dry ice , or liquid nitrogen .",16.0,4,C1,3,B2,False,0.5338,2026-08-28T08:04:32.334940+00:00,2026-08-28T08:04:34.730848+00:00
102,"Another part of the machine 's exhibition was the completion of the knight 's tour , a famed chess puzzle .",17.0,3,B2,3,B2,True,0.7612,2026-08-28T08:04:32.334940+00:00,2026-08-28T08:04:34.730848+00:00
103,"Another recently described rare , but serious , side effect is propofol infusion syndrome .",12.0,4,C1,4,C1,True,0.7228,2026-08-28T08:04:32.334940+00:00,2026-08-28T08:04:34.730848+00:00
104,Another solid positional line is the Modern variation .,8.0,3,B2,3,B2,True,0.7966,2026-08-28T08:04:32.334940+00:00,2026-08-28T08:04:34.730848+00:00
105,Another technique that has become more popular recently is multithreading .,10.0,3,B2,3,B2,True,0.6849,2026-08-28T08:04:32.334940+00:00,2026-08-28T08:04:34.730848+00:00
106,Any medication may cause anaphylaxis .,5.0,4,C1,4,C1,True,0.4097,2026-08-28T08:04:32.334940+00:00,2026-08-28T08:04:34.730848+00:00
107,"Apart from successful soundtracks , he has also received acclaim for his background scores and is considered one of the finest background -score composers in India .",24.0,3,B2,3,B2,True,0.7951,2026-08-28T08:04:32.334940+00:00,2026-08-28T08:04:34.730848+00:00
108,"Apart from successful soundtracks , he has also received notability for his background music and is considered one of the finest background music composers in India .",25.0,3,B2,3,B2,True,0.5959,2026-08-28T08:04:32.334940+00:00,2026-08-28T08:04:34.730848+00:00
109,"Apart from tourism , agriculture is still important , particularly cattle breeding in the mountains and dairy farming in the plains .",19.0,3,B2,3,B2,True,0.7771,2026-08-28T08:04:32.334940+00:00,2026-08-28T08:04:34.730848+00:00
110,Appointments to both Orders stopped after 14 August 1947 .,7.0,2,B1,2,B1,True,0.4111,2026-08-28T08:04:32.334940+00:00,2026-08-28T08:04:34.730848+00:00
111,Architects competed for the Olympic Stadium design .,7.0,2,B1,2,B1,True,0.5062,2026-08-28T08:04:32.334940+00:00,2026-08-28T08:04:34.730848+00:00
112,"Around 120,000 requests are made each year .",6.0,2,B1,1,A2,False,0.7779,2026-08-28T08:04:32.334940+00:00,2026-08-28T08:04:34.730848+00:00
113,Arsenic pentafluoride is a colorless gas .,6.0,4,C1,4,C1,True,0.7778,2026-08-28T08:04:32.334940+00:00,2026-08-28T08:04:34.730848+00:00
114,"As Europeans made inroads into Africa in the early 19th century , guns were developed to handle the very large game encountered .",20.0,3,B2,3,B2,True,0.7515,2026-08-28T08:04:32.334940+00:00,2026-08-28T08:04:34.730848+00:00
115,"As chainsaw carving has become more popular , the makers of chainsaws are making special short , narrow - tipped bars for carving .",20.0,3,B2,4,C1,False,0.6266,2026-08-28T08:04:32.334940+00:00,2026-08-28T08:04:34.730848+00:00
116,"As emo entered the mainstream , it became a subculture .",9.0,3,B2,2,B1,False,0.4425,2026-08-28T08:04:32.334940+00:00,2026-08-28T08:04:34.730848+00:00
117,"As many as 5,000 heat - related deaths were reported in the United States , and 780 direct and 400 indirect deaths in Canada .",19.0,2,B1,3,B2,False,0.5326,2026-08-28T08:04:32.334940+00:00,2026-08-28T08:04:34.730848+00:00
118,"As of 2005 , the municipality had a total population of 2,647 .",9.0,2,B1,2,B1,True,0.5534,2026-08-28T08:04:32.334940+00:00,2026-08-28T08:04:34.730848+00:00
119,"As of 2005 , the municipality had a total population of 2647 .",9.0,2,B1,2,B1,True,0.5325,2026-08-28T08:04:32.334940+00:00,2026-08-28T08:04:34.730848+00:00
120,"As of 2005 , the municipality had a total population of 7,172 .",9.0,2,B1,2,B1,True,0.5682,2026-08-28T08:04:32.334940+00:00,2026-08-28T08:04:34.730848+00:00
121,"As of 2005 , the municipality had a total population of 70,160 .",9.0,2,B1,3,B2,False,0.4899,2026-08-28T08:04:32.334940+00:00,2026-08-28T08:04:34.730848+00:00
122,"As of 2010 , the municipality had a total population of 11,457 , down from 11,727 as of 2005 .",13.0,3,B2,3,B2,True,0.6784,2026-08-28T08:04:32.334940+00:00,2026-08-28T08:04:34.730848+00:00
123,"As of 2010 , the municipality had a total population of 16,785 , up from 15,935 as of 2005 .",13.0,3,B2,3,B2,True,0.6624,2026-08-28T08:04:32.334940+00:00,2026-08-28T08:04:34.730848+00:00
124,"As of 2010 , the municipality had a total population of 8,343 , up from 7,172 as of 2005 .",13.0,2,B1,3,B2,False,0.5603,2026-08-28T08:04:32.334940+00:00,2026-08-28T08:04:34.730848+00:00
125,"As of 2010 , the municipality had a total population of 8,441 , up from 7,233 as of 2005 .",13.0,3,B2,3,B2,True,0.5288,2026-08-28T08:04:32.334940+00:00,2026-08-28T08:04:34.730848+00:00
126,"As of 2010 , the municipality had a total population of 819,543 , up from 758,791 as of 2005 .",13.0,3,B2,3,B2,True,0.6667,2026-08-28T08:04:32.334940+00:00,2026-08-28T08:04:34.730848+00:00
127,"As of 2017 , the books had collectively sold more than seven million copies , and appeared on numerous childrens ' best-seller lists .",20.0,2,B1,3,B2,False,0.6411,2026-08-28T08:04:32.334940+00:00,2026-08-28T08:04:34.730848+00:00
128,"As of April 28 , 2013 , the online multiplayer servers have been shut down .",11.0,2,B1,2,B1,True,0.5653,2026-08-28T08:04:32.334940+00:00,2026-08-28T08:04:34.730848+00:00
129,"As of February 2016 , more than 1.3 million websites use Drupal .",9.0,2,B1,1,A2,False,0.2863,2026-08-28T08:04:32.334940+00:00,2026-08-28T08:04:34.730848+00:00
130,"As part of the British Empire , Canada immediately was at war in 1914 .",12.0,2,B1,2,B1,True,0.8783,2026-08-28T08:04:32.334940+00:00,2026-08-28T08:04:34.730848+00:00
131,As the price of scrap metal has increased plaques have been the target of metal thieves wishing to resell the metal for cash .,23.0,3,B2,3,B2,True,0.5836,2026-08-28T08:04:32.334940+00:00,2026-08-28T08:04:34.730848+00:00
132,"As well as the version played on television , there was another , more graphic version created .",15.0,2,B1,2,B1,True,0.6292,2026-08-28T08:04:32.334940+00:00,2026-08-28T08:04:34.730848+00:00
133,Astronomers now have evidence there is a supermassive black hole at the center of the galaxy .,16.0,4,C1,4,C1,True,0.5644,2026-08-28T08:04:32.334940+00:00,2026-08-28T08:04:34.730848+00:00
134,"At 05 : 45 on May 23 , 1944 , 1,500 Allied artillery pieces started bombing .",8.0,3,B2,2,B1,False,0.5286,2026-08-28T08:04:32.334940+00:00,2026-08-28T08:04:34.730848+00:00
135,"At a large synchrotron facility there will be many beamlines , each optimized for a particular field of research .",18.0,4,C1,4,C1,True,0.8257,2026-08-28T08:04:32.334940+00:00,2026-08-28T08:04:34.730848+00:00
136,"At about 11 : 31 AM MST , the track of both airplanes intersected over the canyon , and they hit each other .",18.0,3,B2,3,B2,True,0.4777,2026-08-28T08:04:32.334940+00:00,2026-08-28T08:04:34.730848+00:00
137,"At first , people believed that sometime in the 7th or 8th century , the city was sacked and burned by invaders .",18.0,3,B2,3,B2,True,0.5457,2026-08-28T08:04:32.334940+00:00,2026-08-28T08:04:34.730848+00:00
138,"At present , the school has already 40 sets of computers and other facilities needed by the growing population .",17.0,2,B1,3,B2,False,0.6189,2026-08-28T08:04:32.334940+00:00,2026-08-28T08:04:34.730848+00:00
139,"At room temperature , ethane is a flammable gas .",8.0,4,C1,4,C1,True,0.6345,2026-08-28T08:04:32.334940+00:00,2026-08-28T08:04:34.730848+00:00
140,"At the 2001 Census , the population of the civil parish was 20,309 , remaining similar at the 2011 Census .",15.0,3,B2,2,B1,False,0.6618,2026-08-28T08:04:32.334940+00:00,2026-08-28T08:04:34.730848+00:00
141,"At the 2001 Census , the population of the civil parish was 20,309 .",10.0,2,B1,2,B1,True,0.6849,2026-08-28T08:04:32.334940+00:00,2026-08-28T08:04:34.730848+00:00
142,"At the base of the bacterial flagellum , where it enters the cell membrane , a motor protein acts as a rotary engine .",21.0,4,C1,4,C1,True,0.9042,2026-08-28T08:04:32.334940+00:00,2026-08-28T08:04:34.730848+00:00
143,"At the beginning of the 1940s , the track needed more improvement .",10.0,2,B1,2,B1,True,0.8378,2026-08-28T08:04:32.334940+00:00,2026-08-28T08:04:34.730848+00:00
144,"At the level of the operating system , SATA and PATA devices can be made to look the same .",18.0,2,B1,3,B2,False,0.5139,2026-08-28T08:04:32.334940+00:00,2026-08-28T08:04:34.730848+00:00
145,"At the war 's end , Jack returns home to a hero 's welcome .",11.0,2,B1,2,B1,True,0.6045,2026-08-28T08:04:32.334940+00:00,2026-08-28T08:04:34.730848+00:00
146,Attempts have been made to raise sheep there .,8.0,2,B1,2,B1,True,0.8978,2026-08-28T08:04:32.334940+00:00,2026-08-28T08:04:34.730848+00:00
147,Attempts have been periodically made to raise sheep there .,9.0,3,B2,2,B1,False,0.5536,2026-08-28T08:04:32.334940+00:00,2026-08-28T08:04:34.730848+00:00
148,Australia 's external territories follow different time zones .,7.0,2,B1,3,B2,False,0.5769,2026-08-28T08:04:32.334940+00:00,2026-08-28T08:04:34.730848+00:00
149,Australia has often made special 50 - cent coins .,7.0,1,A2,2,B1,False,0.6946,2026-08-28T08:04:32.334940+00:00,2026-08-28T08:04:34.730848+00:00
150,Axial compressors are dynamic rotating compressors that use arrays of fan-like airfoils to progressively compress a fluid .,18.0,4,C1,4,C1,True,0.9267,2026-08-28T08:04:32.334940+00:00,2026-08-28T08:04:34.730848+00:00
151,"Badgers have rather short , wide bodies , with short legs for digging .",11.0,3,B2,2,B1,False,0.5574,2026-08-28T08:04:32.334940+00:00,2026-08-28T08:04:34.730848+00:00
152,Bald eagles become adults when they are four or five years old .,12.0,2,B1,2,B1,True,0.4012,2026-08-28T08:04:32.334940+00:00,2026-08-28T08:04:34.730848+00:00
153,Balls of solid glass occasionally were used in a method thought to prevent lightning strikes to ships .,17.0,3,B2,3,B2,True,0.5083,2026-08-28T08:04:32.334940+00:00,2026-08-28T08:04:34.730848+00:00
154,Bangladesh is used to move narcotics made in neighboring countries .,10.0,3,B2,3,B2,True,0.3473,2026-08-28T08:04:32.334940+00:00,2026-08-28T08:04:34.730848+00:00
155,"Basketball is today played by more than 300 million people worldwide , making it one of the most popular team sports .",19.0,2,B1,2,B1,True,0.8017,2026-08-28T08:04:32.334940+00:00,2026-08-28T08:04:34.730848+00:00
156,"Bat : The bat used by the offense can be made out of wood or aluminum or other composite materials , such as carbon fiber .",23.0,3,B2,3,B2,True,0.5354,2026-08-28T08:04:32.334940+00:00,2026-08-28T08:04:34.730848+00:00
157,Batting tactics and strategy vary depending on the type of match being played as well as the current state of play .,21.0,2,B1,3,B2,False,0.7353,2026-08-28T08:04:32.334940+00:00,2026-08-28T08:04:34.730848+00:00
158,Be prepared for blizzards in winter .,6.0,3,B2,2,B1,False,0.3086,2026-08-28T08:04:32.334940+00:00,2026-08-28T08:04:34.730848+00:00
159,"Because it breaks the skin , tattooing carries health risks .",9.0,2,B1,2,B1,True,0.4626,2026-08-28T08:04:32.334940+00:00,2026-08-28T08:04:34.730848+00:00
160,"Because of the plentiful blossoms and small fruit , crabapples are popular for use in bonsai culture .",16.0,3,B2,4,C1,False,0.735,2026-08-28T08:04:32.334940+00:00,2026-08-28T08:04:34.730848+00:00
161,"Because of their abundance , seamounts are one of the most common marine ecosystems in the world .",16.0,4,C1,3,B2,False,0.595,2026-08-28T08:04:32.334940+00:00,2026-08-28T08:04:34.730848+00:00
162,"Because of their size range , it is probable that different species hunted in different ways , which allowed them to fill many different predatory niches .",24.0,3,B2,4,C1,False,0.5625,2026-08-28T08:04:32.334940+00:00,2026-08-28T08:04:34.730848+00:00
163,"Because of their size range , it is probable that different species hunted in different ways and allowed them to fill many different predatory niches .",24.0,3,B2,3,B2,True,0.579,2026-08-28T08:04:32.334940+00:00,2026-08-28T08:04:34.730848+00:00
164,"Because oxygen is more electronegative than carbon , the electrons in the bond are more towards it .",16.0,4,C1,4,C1,True,0.6512,2026-08-28T08:04:32.334940+00:00,2026-08-28T08:04:34.730848+00:00
165,"Because promos are released in smaller quantities than CD singles , they are sometimes considered a collectors item .",17.0,3,B2,3,B2,True,0.4999,2026-08-28T08:04:32.334940+00:00,2026-08-28T08:04:34.730848+00:00
166,"Because they contain mercury , many fluorescent lamps are classified as hazardous waste .",12.0,4,C1,3,B2,False,0.5457,2026-08-28T08:04:32.334940+00:00,2026-08-28T08:04:34.730848+00:00
167,Before becoming a politician he was a businessman .,8.0,2,B1,2,B1,True,0.5226,2026-08-28T08:04:32.334940+00:00,2026-08-28T08:04:34.730848+00:00
168,"Before contact with Europeans , the indigenous peoples of North America were divided into many different polities , from small bands of a few families to large empires .",26.0,2,B1,3,B2,False,0.5721,2026-08-28T08:04:32.334940+00:00,2026-08-28T08:04:34.730848+00:00
169,"Before contact with Europeans the natives of North America were divided into many different communities , from small bands of a few families to large empires .",25.0,3,B2,3,B2,True,0.578,2026-08-28T08:04:32.334940+00:00,2026-08-28T08:04:34.730848+00:00
170,"Before the 21st century , the evolutionary history of the flying squirrel was often debated .",13.0,3,B2,3,B2,True,0.5015,2026-08-28T08:04:32.334940+00:00,2026-08-28T08:04:34.730848+00:00
171,"Before the event went live on pay-per-view , a dark match was held which was an 18 - man interpromotional battle royal .",21.0,4,C1,3,B2,False,0.7097,2026-08-28T08:04:32.334940+00:00,2026-08-28T08:04:34.730848+00:00
172,"Before the event went live on pay-per-view , an 18 - man interpromotional battle royal was held .",16.0,4,C1,3,B2,False,0.6275,2026-08-28T08:04:32.334940+00:00,2026-08-28T08:04:34.730848+00:00
173,Before you leave the house you must always check to see if the door is locked .,16.0,2,B1,2,B1,True,0.8294,2026-08-28T08:04:32.334940+00:00,2026-08-28T08:04:34.730848+00:00
174,Being a godmother is a special responsibility .,7.0,2,B1,3,B2,False,0.454,2026-08-28T08:04:32.334940+00:00,2026-08-28T08:04:34.730848+00:00
175,Bill does n't ever bet any money though he goes to the horseraces very often .,14.0,3,B2,3,B2,True,0.578,2026-08-28T08:04:32.334940+00:00,2026-08-28T08:04:34.730848+00:00
176,"Binary form was popular during the Baroque period , often used to structure movements of keyboard sonatas .",16.0,3,B2,4,C1,False,0.6328,2026-08-28T08:04:32.334940+00:00,2026-08-28T08:04:34.730848+00:00
177,"Bioorganic chemistry is that branch of life science , which deals with the study of biological processes using chemical methods .",19.0,3,B2,4,C1,False,0.7527,2026-08-28T08:04:32.334940+00:00,2026-08-28T08:04:34.730848+00:00
178,Bioorganic chemistry is that branch of life science that deals with the study of biological processes using chemical methods .,19.0,4,C1,4,C1,True,0.7266,2026-08-28T08:04:32.334940+00:00,2026-08-28T08:04:34.730848+00:00
179,Bismuth is used in alloys with very low melting points .,10.0,3,B2,4,C1,False,0.5581,2026-08-28T08:04:32.334940+00:00,2026-08-28T08:04:34.730848+00:00
180,"Bisques are heavy cream soups traditionally prepared with shellfish , but can be made with any type of seafood or other base ingredients .",22.0,4,C1,4,C1,True,0.6697,2026-08-28T08:04:32.334940+00:00,2026-08-28T08:04:34.730848+00:00
181,Black helped increase basic scientific and clinical knowledge in cardiology .,10.0,3,B2,3,B2,True,0.7866,2026-08-28T08:04:32.334940+00:00,2026-08-28T08:04:34.730848+00:00
182,"Black powder rocket motors are only produced in small sizes , to reduce the risk of explosion and a loss of efficiency .",21.0,3,B2,3,B2,True,0.6403,2026-08-28T08:04:32.334940+00:00,2026-08-28T08:04:34.730848+00:00
183,Blobfish are often caught accidentally in bottom trawling nets .,9.0,4,C1,4,C1,True,0.7002,2026-08-28T08:04:32.334940+00:00,2026-08-28T08:04:34.730848+00:00
184,Blobfish are often caught as bycatch in bottom trawling nets .,10.0,3,B2,4,C1,False,0.9116,2026-08-28T08:04:32.334940+00:00,2026-08-28T08:04:34.730848+00:00
185,Blood or urine tests measure hCG .,6.0,2,B1,2,B1,True,0.4269,2026-08-28T08:04:32.334940+00:00,2026-08-28T08:04:34.730848+00:00
186,"Boats may be sailed using a jib alone , but more commonly jibs make a minor direct contribution to propulsion compared to a main sail .",24.0,3,B2,4,C1,False,0.6937,2026-08-28T08:04:32.334940+00:00,2026-08-28T08:04:34.730848+00:00
187,Boiling tubes are made from borosilicate glass that can withstand high temperatures .,12.0,3,B2,4,C1,False,0.5616,2026-08-28T08:04:32.334940+00:00,2026-08-28T08:04:34.730848+00:00
188,"Bopp died of liver failure on January 5 , 2018 , at the age of 68 .",11.0,2,B1,1,A2,False,0.7378,2026-08-28T08:04:32.334940+00:00,2026-08-28T08:04:34.730848+00:00
189,"Bopp died on January 6 , 2018 at the age of 68 .",8.0,0,A1,0,A1,True,0.9076,2026-08-28T08:04:32.334940+00:00,2026-08-28T08:04:34.730848+00:00
190,Both sides claimed victory after the battle .,7.0,2,B1,2,B1,True,0.905,2026-08-28T08:04:32.334940+00:00,2026-08-28T08:04:34.730848+00:00
191,British Fascism is based upon British Nationalism .,7.0,4,C1,4,C1,True,0.4795,2026-08-28T08:04:32.334940+00:00,2026-08-28T08:04:34.730848+00:00
192,"Businesses usually have some kind of fax system , but the technology has faced increasing competition from Internet - based methods .",19.0,2,B1,3,B2,False,0.833,2026-08-28T08:04:32.334940+00:00,2026-08-28T08:04:34.730848+00:00
193,Businessmen do n't take their cellphones to China anymore .,8.0,2,B1,2,B1,True,0.453,2026-08-28T08:04:32.334940+00:00,2026-08-28T08:04:34.730848+00:00
194,Butter cakes are often made by beating the butter and sugar until fluffy .,13.0,2,B1,3,B2,False,0.5097,2026-08-28T08:04:32.334940+00:00,2026-08-28T08:04:34.730848+00:00
195,"Butter cakes are traditionally made using a creaming method , in which the butter and sugar are first beaten until fluffy to incorporate air into the butter .",26.0,3,B2,4,C1,False,0.6429,2026-08-28T08:04:32.334940+00:00,2026-08-28T08:04:34.730848+00:00
196,"By March 2011 , the series had sold over 89million physical copies , and grossed over $ by 2014 .",13.0,3,B2,3,B2,True,0.6205,2026-08-28T08:04:32.334940+00:00,2026-08-28T08:04:34.730848+00:00
197,"By the 6th millennium BC , there may have been a prehistoric religion or cult .",13.0,4,C1,2,B1,False,0.3828,2026-08-28T08:04:32.334940+00:00,2026-08-28T08:04:34.730848+00:00
198,"By the 7th millennium BCE , exceedingly large and organized settlements were found in the region , relying on deep wells for sources of water .",22.0,4,C1,4,C1,True,0.5204,2026-08-28T08:04:32.334940+00:00,2026-08-28T08:04:34.730848+00:00
199,"By the end of the year French armies had won victories on all fronts , and as the year closed they began advancing into the Netherlands .",25.0,2,B1,3,B2,False,0.6089,2026-08-28T08:04:32.334940+00:00,2026-08-28T08:04:34.730848+00:00
200,Can I have his cake ?,5.0,0,A1,1,A2,False,0.5687,2026-08-28T08:04:32.334940+00:00,2026-08-28T08:04:34.730848+00:00
201,Can anyone lend me a pencil ?,6.0,1,A2,1,A2,True,0.751,2026-08-28T08:04:32.334940+00:00,2026-08-28T08:04:34.730848+00:00
202,Canada is a federation composed of ten provinces and three territories .,11.0,2,B1,3,B2,False,0.6649,2026-08-28T08:04:32.334940+00:00,2026-08-28T08:04:34.730848+00:00
203,Caramel sauce is made by mixing caramelized sugar with cream .,10.0,3,B2,3,B2,True,0.4411,2026-08-28T08:04:32.334940+00:00,2026-08-28T08:04:34.730848+00:00
204,Cargo ships dock in port cities .,6.0,2,B1,2,B1,True,0.6689,2026-08-28T08:04:32.334940+00:00,2026-08-28T08:04:34.730848+00:00
205,"Carme did not get its present name until 1975 ; before then , it was simply known as Jupiter XI .",17.0,2,B1,3,B2,False,0.5172,2026-08-28T08:04:32.334940+00:00,2026-08-28T08:04:34.730848+00:00
206,"Carme did not receive its present name until 1975 ; before then , it was simply known as Jupiter XI .",17.0,3,B2,3,B2,True,0.5114,2026-08-28T08:04:32.334940+00:00,2026-08-28T08:04:34.730848+00:00
207,Carolingian minuscule was the direct ancestor of blackletter .,8.0,4,C1,4,C1,True,0.9575,2026-08-28T08:04:32.334940+00:00,2026-08-28T08:04:34.730848+00:00
208,Cashew trees produce cashew nuts .,5.0,1,A2,3,B2,False,0.6253,2026-08-28T08:04:32.334940+00:00,2026-08-28T08:04:34.730848+00:00
209,Castration is commonly performed on domestic animals not intended for breeding .,11.0,3,B2,4,C1,False,0.5432,2026-08-28T08:04:32.334940+00:00,2026-08-28T08:04:34.730848+00:00
210,Cattle are large quadrupedal ungulate mammals with cloven hooves .,9.0,4,C1,4,C1,True,0.6592,2026-08-28T08:04:32.334940+00:00,2026-08-28T08:04:34.730848+00:00
211,"Cenote water is often very clear , as the water comes from rain water filtering slowly through the ground , and therefore contains very little suspended particulate matter .",26.0,4,C1,3,B2,False,0.6629,2026-08-28T08:04:32.334940+00:00,2026-08-28T08:04:34.730848+00:00
212,"Cenote water is often very clear , as the water comes from rain water infiltrating slowly through the ground .",18.0,4,C1,3,B2,False,0.6033,2026-08-28T08:04:32.334940+00:00,2026-08-28T08:04:34.730848+00:00
213,Chaplin has also acted in several Spanish and French films .,10.0,2,B1,2,B1,True,0.5388,2026-08-28T08:04:32.334940+00:00,2026-08-28T08:04:34.730848+00:00
214,"Children 's literature can be divided into categories , either according to genre or the intended age of the reader .",18.0,3,B2,3,B2,True,0.6318,2026-08-28T08:04:32.334940+00:00,2026-08-28T08:04:34.730848+00:00
215,"Children 's literature can be divided into several categories , but it is most easily categorized by genre or the intended age of the reader .",23.0,3,B2,3,B2,True,0.604,2026-08-28T08:04:32.334940+00:00,2026-08-28T08:04:34.730848+00:00
216,Children are not allowed in bars .,6.0,1,A2,1,A2,True,0.651,2026-08-28T08:04:32.334940+00:00,2026-08-28T08:04:34.730848+00:00
217,China may have used inoculation in the 10th century .,8.0,3,B2,3,B2,True,0.469,2026-08-28T08:04:32.334940+00:00,2026-08-28T08:04:34.730848+00:00
218,"Chinese records indicate that , in 188 , the comet reached apparent magnitude 0.1 .",10.0,3,B2,3,B2,True,0.6187,2026-08-28T08:04:32.334940+00:00,2026-08-28T08:04:34.730848+00:00
219,Chinese rock reached a peak of creativity and popularity between 1990 and 1993 .,11.0,2,B1,3,B2,False,0.5148,2026-08-28T08:04:32.334940+00:00,2026-08-28T08:04:34.730848+00:00
220,Chocolate syrup is also used to top puddings and cakes .,10.0,2,B1,3,B2,False,0.552,2026-08-28T08:04:32.334940+00:00,2026-08-28T08:04:34.730848+00:00
221,"Cicely leaves are sometimes used as a herb , with a strong taste of anise .",14.0,3,B2,3,B2,True,0.5883,2026-08-28T08:04:32.334940+00:00,2026-08-28T08:04:34.730848+00:00
222,Coagulation begins almost instantly after an injury to the blood vessel has damaged the endothelium lining the blood vessel .,19.0,4,C1,4,C1,True,0.6651,2026-08-28T08:04:32.334940+00:00,2026-08-28T08:04:34.730848+00:00
223,Coagulation begins almost instantly after an injury to the blood vessel has damaged the endothelium lining the vessel .,18.0,4,C1,4,C1,True,0.7589,2026-08-28T08:04:32.334940+00:00,2026-08-28T08:04:34.730848+00:00
224,Cockatoos are recognizable by the prominent crests and curved bills .,10.0,4,C1,4,C1,True,0.8522,2026-08-28T08:04:32.334940+00:00,2026-08-28T08:04:34.730848+00:00
225,"Cockatoos occupy a wide range of habitats , from forests in subalpine zones to mangroves .",14.0,4,C1,4,C1,True,0.9092,2026-08-28T08:04:32.334940+00:00,2026-08-28T08:04:34.730848+00:00
226,Coherence defines the behavior of reads and writes to the same memory location .,13.0,3,B2,4,C1,False,0.6136,2026-08-28T08:04:32.334940+00:00,2026-08-28T08:04:34.730848+00:00
227,Colchicine is an alternative treatment for people that are unable to tolerate NSAIDs .,13.0,4,C1,4,C1,True,0.901,2026-08-28T08:04:32.334940+00:00,2026-08-28T08:04:34.730848+00:00
228,"Cold seeps develop unique topography over time , where reactions between methane and seawater create carbonate rock formations and reefs .",19.0,4,C1,4,C1,True,0.9595,2026-08-28T08:04:32.334940+00:00,2026-08-28T08:04:34.730848+00:00
229,Cold weather makes me tense .,5.0,2,B1,1,A2,False,0.7394,2026-08-28T08:04:32.334940+00:00,2026-08-28T08:04:34.730848+00:00
230,College is expensive to go to .,6.0,1,A2,1,A2,True,0.8561,2026-08-28T08:04:32.334940+00:00,2026-08-28T08:04:34.730848+00:00
231,Color schemes are logical combinations of colors on the color wheel .,11.0,3,B2,3,B2,True,0.4524,2026-08-28T08:04:32.334940+00:00,2026-08-28T08:04:34.730848+00:00
232,Combs can be used to fix stray hairs and untangle wet hair .,12.0,2,B1,3,B2,False,0.6024,2026-08-28T08:04:32.334940+00:00,2026-08-28T08:04:34.730848+00:00
233,Common ostriches normally spend the winter months in pairs or alone .,11.0,3,B2,3,B2,True,0.3974,2026-08-28T08:04:32.334940+00:00,2026-08-28T08:04:34.730848+00:00
234,Competition occurs when organisms or species need or use the same resources .,12.0,2,B1,3,B2,False,0.4856,2026-08-28T08:04:32.334940+00:00,2026-08-28T08:04:34.730848+00:00
235,"Conditional contraband , formerly known as occasional contraband , consists of such materials as provisions and livestock feed .",16.0,4,C1,4,C1,True,0.6957,2026-08-28T08:04:32.334940+00:00,2026-08-28T08:04:34.730848+00:00
236,Conscious thought is not always necessary for knowledge of results to have its effect .,14.0,3,B2,2,B1,False,0.6068,2026-08-28T08:04:32.334940+00:00,2026-08-28T08:04:34.730848+00:00
237,Conscious thought is not necessary for knowledge of results to have its effect .,13.0,2,B1,2,B1,True,0.5339,2026-08-28T08:04:32.334940+00:00,2026-08-28T08:04:34.730848+00:00
238,"Construction began on January 5 , 1933 .",4.0,1,A2,1,A2,True,0.8688,2026-08-28T08:04:32.334940+00:00,2026-08-28T08:04:34.730848+00:00
239,Construction of the bridge started in September 1938 .,7.0,2,B1,2,B1,True,0.6733,2026-08-28T08:04:32.334940+00:00,2026-08-28T08:04:34.730848+00:00
240,Construction of the track started in March 1909 .,7.0,3,B2,2,B1,False,0.6014,2026-08-28T08:04:32.334940+00:00,2026-08-28T08:04:34.730848+00:00
241,Constructive interference happens when two or more waves are in the same space and in phase .,16.0,4,C1,3,B2,False,0.4014,2026-08-28T08:04:32.334940+00:00,2026-08-28T08:04:34.730848+00:00
242,"Constructive interference occurs when the waves are in phase , and destructive interference when they are half a cycle out of phase .",21.0,4,C1,4,C1,True,0.4587,2026-08-28T08:04:32.334940+00:00,2026-08-28T08:04:34.730848+00:00
243,Content featuring male bisexuality has been a growing trend since the advent of internet pornography .,15.0,4,C1,4,C1,True,0.8363,2026-08-28T08:04:32.334940+00:00,2026-08-28T08:04:34.730848+00:00
244,Controversy surrounds the death of several fishermen since the 1980s .,9.0,3,B2,3,B2,True,0.5766,2026-08-28T08:04:32.334940+00:00,2026-08-28T08:04:34.730848+00:00
245,Copper forms chemical compounds .,4.0,3,B2,2,B1,False,0.6681,2026-08-28T08:04:32.334940+00:00,2026-08-28T08:04:34.730848+00:00
246,Correlation diagrams connect the molecular orbitals of the reactant to those of the product having the same symmetry .,18.0,4,C1,4,C1,True,0.9316,2026-08-28T08:04:32.334940+00:00,2026-08-28T08:04:34.730848+00:00
247,"Countries using proportional representation give little advantage to the largest two parties , so they tend to elect many parties .",19.0,3,B2,3,B2,True,0.7333,2026-08-28T08:04:32.334940+00:00,2026-08-28T08:04:34.730848+00:00
248,Coussmaker sat for Reynolds 21 times and his horse 8 times between February 9 and April 16 .,13.0,2,B1,3,B2,False,0.5613,2026-08-28T08:04:32.334940+00:00,2026-08-28T08:04:34.730848+00:00
249,"Cowbirds eat insects , including the large numbers that may be stirred up by cattle .",14.0,3,B2,3,B2,True,0.4919,2026-08-28T08:04:32.334940+00:00,2026-08-28T08:04:34.730848+00:00
250,Cricket is the most popular sport in Bangladesh .,8.0,1,A2,2,B1,False,0.4384,2026-08-28T08:04:32.334940+00:00,2026-08-28T08:04:34.730848+00:00
251,Criticism of the game is that battle is easy and cut-scenes dialog is too long .,16.0,3,B2,3,B2,True,0.6531,2026-08-28T08:04:32.334940+00:00,2026-08-28T08:04:34.730848+00:00
252,"Crossbills are specialist feeders on conifer cones , and the unusual bill shape is an adaptation which enables them to extract seeds from cones .",23.0,4,C1,4,C1,True,0.787,2026-08-28T08:04:32.334940+00:00,2026-08-28T08:04:34.730848+00:00
253,"Crystals are regular arrays of atoms , and X - rays can be considered waves of electromagnetic radiation .",16.0,4,C1,4,C1,True,0.7991,2026-08-28T08:04:32.334940+00:00,2026-08-28T08:04:34.730848+00:00
254,"Crystals are regular arrays of atoms , meaning that the atoms are repeat over and over in all three dimensions .",19.0,4,C1,4,C1,True,0.6139,2026-08-28T08:04:32.334940+00:00,2026-08-28T08:04:34.730848+00:00
255,Curse tablets are typically very thin sheets of lead with the text scratched on in tiny letters .,17.0,3,B2,3,B2,True,0.728,2026-08-28T08:04:32.334940+00:00,2026-08-28T08:04:34.730848+00:00
256,Cybermen have a number of weaknesses over the years .,9.0,2,B1,2,B1,True,0.3753,2026-08-28T08:04:32.334940+00:00,2026-08-28T08:04:34.730848+00:00
257,"DBS for treatment resistant depression can be as effective as antidepressants , but side effects and complications need to be watched .",20.0,4,C1,4,C1,True,0.6885,2026-08-28T08:04:32.334940+00:00,2026-08-28T08:04:34.730848+00:00
258,Dan loves to travel internationally .,5.0,2,B1,2,B1,True,0.5533,2026-08-28T08:04:32.334940+00:00,2026-08-28T08:04:34.730848+00:00
259,Daqing exports over 10 million tonnes of oil each year .,9.0,2,B1,2,B1,True,0.4202,2026-08-28T08:04:32.334940+00:00,2026-08-28T08:04:34.730848+00:00
260,Dates in brackets represent the ruling dates of the Ptolemaic pharaohs .,11.0,4,C1,4,C1,True,0.7623,2026-08-28T08:04:32.334940+00:00,2026-08-28T08:04:34.730848+00:00
261,Deep seismic events and tsunamis are fairly common .,8.0,3,B2,3,B2,True,0.6699,2026-08-28T08:04:32.334940+00:00,2026-08-28T08:04:34.730848+00:00
262,Delpire died in Paris on 26 September 2017 in Paris at the age of 91 .,12.0,0,A1,1,A2,False,0.4008,2026-08-28T08:04:32.334940+00:00,2026-08-28T08:04:34.730848+00:00
263,Deshpande died on 4 June 2016 from a long-illness in Mumbai at the age of 78 or 79 .,15.0,2,B1,3,B2,False,0.4275,2026-08-28T08:04:32.334940+00:00,2026-08-28T08:04:34.730848+00:00
264,Designers need to take into account that color-blindness is highly sensitive to differences in material .,16.0,2,B1,3,B2,False,0.5787,2026-08-28T08:04:32.334940+00:00,2026-08-28T08:04:34.730848+00:00
265,"Despite being a great singer , she sang very badly that night .",11.0,2,B1,2,B1,True,0.5371,2026-08-28T08:04:32.334940+00:00,2026-08-28T08:04:34.730848+00:00
266,"Despite having many troubles during his reign , Arshak II was able to change many parts of his kingdom for the better .",21.0,3,B2,3,B2,True,0.5584,2026-08-28T08:04:32.334940+00:00,2026-08-28T08:04:34.730848+00:00
267,"Despite later attempts to recover it , it has not been reliably sighted since .",13.0,3,B2,3,B2,True,0.6527,2026-08-28T08:04:32.334940+00:00,2026-08-28T08:04:34.730848+00:00
268,"Despite the end of the Fourth Coalition , Britain remained at war with France .",13.0,2,B1,2,B1,True,0.5375,2026-08-28T08:04:32.334940+00:00,2026-08-28T08:04:34.730848+00:00
269,"Despite the huge numbers , there are only about 120 modern species in 20 genera .",12.0,3,B2,3,B2,True,0.4766,2026-08-28T08:04:32.334940+00:00,2026-08-28T08:04:34.730848+00:00
270,"Despite the key rarely being used in orchestral music other than to modulate , it is not entirely uncommon in keyboard music .",21.0,2,B1,4,C1,False,0.6167,2026-08-28T08:04:32.334940+00:00,2026-08-28T08:04:34.730848+00:00
271,"Despite the name of the band , the members say they are not anti-religious .",14.0,3,B2,2,B1,False,0.8551,2026-08-28T08:04:32.334940+00:00,2026-08-28T08:04:34.730848+00:00
272,Determining what records have enduring value can be challenging .,9.0,3,B2,2,B1,False,0.4063,2026-08-28T08:04:32.334940+00:00,2026-08-28T08:04:34.730848+00:00
273,Did you hear what I just said to you ?,9.0,1,A2,1,A2,True,0.6916,2026-08-28T08:04:32.334940+00:00,2026-08-28T08:04:34.730848+00:00
274,Did you tell her where to meet us ?,8.0,1,A2,1,A2,True,0.7479,2026-08-28T08:04:32.334940+00:00,2026-08-28T08:04:34.730848+00:00
275,Diffusion is associated with the dependency of the output bits on the input bits .,14.0,3,B2,4,C1,False,0.6727,2026-08-28T08:04:32.334940+00:00,2026-08-28T08:04:34.730848+00:00
276,"Dill oil can be extracted from the leaves , stems and seeds of the plant .",14.0,3,B2,3,B2,True,0.8098,2026-08-28T08:04:32.334940+00:00,2026-08-28T08:04:34.730848+00:00
277,Discord allows users to connect to their account to their Twitch . tv .,12.0,2,B1,3,B2,False,0.5371,2026-08-28T08:04:32.334940+00:00,2026-08-28T08:04:34.730848+00:00
278,Distributed shared memory systems mimic these mechanisms in an attempt to maintain consistency between blocks of memory in loosely coupled systems .,21.0,3,B2,4,C1,False,0.8129,2026-08-28T08:04:32.334940+00:00,2026-08-28T08:04:34.730848+00:00
279,Disulfur decafluoride is a colorless liquid .,6.0,4,C1,4,C1,True,0.8615,2026-08-28T08:04:32.334940+00:00,2026-08-28T08:04:34.730848+00:00
280,Do not listen to your older sister because she is not always right .,13.0,1,A2,2,B1,False,0.5488,2026-08-28T08:04:32.334940+00:00,2026-08-28T08:04:34.730848+00:00
281,Do you know anything about the Bosnian War ?,8.0,2,B1,2,B1,True,0.5561,2026-08-28T08:04:32.334940+00:00,2026-08-28T08:04:34.730848+00:00
282,Do you want to read this book ?,7.0,1,A2,1,A2,True,0.8147,2026-08-28T08:04:32.334940+00:00,2026-08-28T08:04:34.730848+00:00
283,Doctors and nurses sometimes work in war zones .,8.0,2,B1,2,B1,True,0.7979,2026-08-28T08:04:32.334940+00:00,2026-08-28T08:04:34.730848+00:00
284,Does he have a wife ?,5.0,0,A1,1,A2,False,0.9221,2026-08-28T08:04:32.334940+00:00,2026-08-28T08:04:34.730848+00:00
285,Dogs love belly rubs .,4.0,2,B1,1,A2,False,0.6258,2026-08-28T08:04:32.334940+00:00,2026-08-28T08:04:34.730848+00:00
286,"Double sharps are indicated by the symbol and raise a note by two semitones , or one whole tone .",18.0,3,B2,3,B2,True,0.6352,2026-08-28T08:04:32.334940+00:00,2026-08-28T08:04:34.730848+00:00
287,"Dufresne died on 14 June 2014 in New York City from cancer , aged 78 .",11.0,1,A2,1,A2,True,0.4482,2026-08-28T08:04:32.334940+00:00,2026-08-28T08:04:34.730848+00:00
288,"Dugongs and other sirenians are not closely related to other marine mammals , being more related to elephants .",17.0,4,C1,4,C1,True,0.8925,2026-08-28T08:04:32.334940+00:00,2026-08-28T08:04:34.730848+00:00
289,"During December to March , the lake turns to a vibrant cobalt blue color .",13.0,2,B1,2,B1,True,0.4312,2026-08-28T08:04:32.334940+00:00,2026-08-28T08:04:34.730848+00:00
290,"During World War I , the British had already accused Germany of using the fat from human bodies to make things .",20.0,3,B2,2,B1,False,0.6861,2026-08-28T08:04:32.334940+00:00,2026-08-28T08:04:34.730848+00:00
291,"During late April , the Japanese submarines and reconnoitered the area where landings were planned .",14.0,4,C1,4,C1,True,0.582,2026-08-28T08:04:32.334940+00:00,2026-08-28T08:04:34.730848+00:00
292,"During late April , the Japanese submarines and searched the area where landings were planned .",14.0,3,B2,3,B2,True,0.6364,2026-08-28T08:04:32.334940+00:00,2026-08-28T08:04:34.730848+00:00
293,During the 1960s and 1970s the city grew tremendously .,7.0,3,B2,2,B1,False,0.5568,2026-08-28T08:04:32.334940+00:00,2026-08-28T08:04:34.730848+00:00
294,"During the afternoon of July 16 , a tropical depression formed thousands of miles west of Mexico , and within 12 hours it strengthened into a tropical storm .",24.0,3,B2,3,B2,True,0.7995,2026-08-28T08:04:32.334940+00:00,2026-08-28T08:04:34.730848+00:00
295,"During the early settlement of Australia by Europeans , the notion became commonly held that the bunyip was an unknown animal that awaited discovery .",23.0,3,B2,4,C1,False,0.7497,2026-08-28T08:04:32.334940+00:00,2026-08-28T08:04:34.730848+00:00
296,"During the summer , the children swim at the old pond .",10.0,2,B1,2,B1,True,0.8439,2026-08-28T08:04:32.334940+00:00,2026-08-28T08:04:34.730848+00:00
297,"During wars , merchant ships may be used as auxiliaries to the navies of their respective countries , and are called upon to deliver military personnel and materiel .",26.0,4,C1,4,C1,True,0.6023,2026-08-28T08:04:32.334940+00:00,2026-08-28T08:04:34.730848+00:00
298,"Each code consists of two parts , separated by a hyphen .",10.0,3,B2,2,B1,False,0.4779,2026-08-28T08:04:32.334940+00:00,2026-08-28T08:04:34.730848+00:00
299,"Each code has of two parts , separated by a hyphen .",10.0,3,B2,3,B2,True,0.5648,2026-08-28T08:04:32.334940+00:00,2026-08-28T08:04:34.730848+00:00
300,"Each course of the university has its own recruitment process , most of the time by a competitive examination .",18.0,3,B2,3,B2,True,0.8359,2026-08-28T08:04:32.334940+00:00,2026-08-28T08:04:34.730848+00:00
301,"Each goal had specific targets , and dates for achieving those targets .",11.0,2,B1,2,B1,True,0.6522,2026-08-28T08:04:32.334940+00:00,2026-08-28T08:04:34.730848+00:00
302,"Each goal had specific targets , and dates for reaching those targets .",11.0,2,B1,2,B1,True,0.7574,2026-08-28T08:04:32.334940+00:00,2026-08-28T08:04:34.730848+00:00
303,Each one of these classes can be developed into unique material properties because ceramics tend to be crystalline .,18.0,3,B2,3,B2,True,0.481,2026-08-28T08:04:32.334940+00:00,2026-08-28T08:04:34.730848+00:00
304,Each photo captures a moment when something amazing happened .,9.0,2,B1,3,B2,False,0.5405,2026-08-28T08:04:32.334940+00:00,2026-08-28T08:04:34.730848+00:00
305,"Each unit built in this way is a single 10 ft section of bridge , with a 12 ft roadbed .",17.0,2,B1,3,B2,False,0.6337,2026-08-28T08:04:32.334940+00:00,2026-08-28T08:04:34.730848+00:00
306,"Each year , two consuls were elected together , to serve for a one - year term .",14.0,3,B2,3,B2,True,0.7024,2026-08-28T08:04:32.334940+00:00,2026-08-28T08:04:34.730848+00:00
307,Earth 's orbit is an ellipse .,5.0,4,C1,2,B1,False,0.5725,2026-08-28T08:04:32.334940+00:00,2026-08-28T08:04:34.730848+00:00
308,Eggs are laid singly under old leaves of a host plant and are green or grey blue .,17.0,2,B1,3,B2,False,0.5088,2026-08-28T08:04:32.334940+00:00,2026-08-28T08:04:34.730848+00:00
309,"Electropositivity is a measure of an element 's ability to donate electrons , and therefore form positive ions ; thus , it is opposed to electronegativity .",22.0,4,C1,4,C1,True,0.8623,2026-08-28T08:04:32.334940+00:00,2026-08-28T08:04:34.730848+00:00
310,Elephant birds have been extinct since at least the 17th century .,10.0,3,B2,1,A2,False,0.4038,2026-08-28T08:04:32.334940+00:00,2026-08-28T08:04:34.730848+00:00
311,"Elliptical galaxies range in shape from nearly spherical to nearly flat , and in size from hundreds of millions to over one trillion stars .",23.0,4,C1,3,B2,False,0.4906,2026-08-28T08:04:32.334940+00:00,2026-08-28T08:04:34.730848+00:00
312,Emily finished her homework before she got too tired .,9.0,1,A2,2,B1,False,0.5961,2026-08-28T08:04:32.334940+00:00,2026-08-28T08:04:34.730848+00:00
313,Emmy 's favorite animal is a fox .,6.0,1,A2,2,B1,False,0.6259,2026-08-28T08:04:32.334940+00:00,2026-08-28T08:04:34.730848+00:00
314,Engineers in the nineteenth century understood that a bridge that was continuous across multiple supports would distribute the loads among them .,21.0,3,B2,3,B2,True,0.61,2026-08-28T08:04:32.334940+00:00,2026-08-28T08:04:34.730848+00:00
315,"Environmental chemistry involves first understanding how the uncontaminated environment works , which chemicals in what concentrations are present naturally , and with what effects .",22.0,3,B2,4,C1,False,0.7169,2026-08-28T08:04:32.334940+00:00,2026-08-28T08:04:34.730848+00:00
316,"Eros was one of the first asteroids to be visited by a spacecraft , and the first to be orbited and soft-landed on .",23.0,4,C1,4,C1,True,0.5784,2026-08-28T08:04:32.334940+00:00,2026-08-28T08:04:34.730848+00:00
317,"Eros was one of the first asteroids visited by a spacecraft , the first one orbited , and the first one soft-landed on .",22.0,4,C1,3,B2,False,0.5144,2026-08-28T08:04:32.334940+00:00,2026-08-28T08:04:34.730848+00:00
318,Especially gene abbreviations / symbols but also full gene names are often not specific for a single gene .,17.0,4,C1,3,B2,False,0.7847,2026-08-28T08:04:32.334940+00:00,2026-08-28T08:04:34.730848+00:00
319,Eucalypts draw a very large amount of water from the soil .,11.0,2,B1,3,B2,False,0.4553,2026-08-28T08:04:32.334940+00:00,2026-08-28T08:04:34.730848+00:00
320,"Eun-yi succumbs to the effects of the poison , and Mi-hee arranges an abortion without Eun-yi 's consent .",19.0,3,B2,4,C1,False,0.8112,2026-08-28T08:04:32.334940+00:00,2026-08-28T08:04:34.730848+00:00
321,European colonies began with the Spanish settlement of Santa Catarina island in 1542 .,12.0,2,B1,4,C1,False,0.5139,2026-08-28T08:04:32.334940+00:00,2026-08-28T08:04:34.730848+00:00
322,"Even if you 've never seen a play before , this one is easy to follow .",15.0,2,B1,1,A2,False,0.5972,2026-08-28T08:04:32.334940+00:00,2026-08-28T08:04:34.730848+00:00
323,"Even perfect numbers have a very precise form ; odd perfect numbers are rare , if indeed they do exist .",18.0,2,B1,3,B2,False,0.715,2026-08-28T08:04:32.334940+00:00,2026-08-28T08:04:34.730848+00:00
324,Every good cook knows how to combine flavors to create delicious meals .,12.0,3,B2,2,B1,False,0.4723,2026-08-28T08:04:32.334940+00:00,2026-08-28T08:04:34.730848+00:00
325,Everyone began to sing as best as they could .,9.0,2,B1,2,B1,True,0.5929,2026-08-28T08:04:32.334940+00:00,2026-08-28T08:04:34.730848+00:00
326,Everyone clapped their hands after the performance .,7.0,1,A2,2,B1,False,0.5024,2026-08-28T08:04:32.334940+00:00,2026-08-28T08:04:34.730848+00:00
327,Exploring the mines is not allowed by the prefecture and people caught get heavy fines .,15.0,2,B1,3,B2,False,0.5818,2026-08-28T08:04:32.334940+00:00,2026-08-28T08:04:34.730848+00:00
328,Fastpitch pitching distance can be between 35 and 45 feet ; it all depends on the age of the players .,17.0,3,B2,3,B2,True,0.7062,2026-08-28T08:04:32.334940+00:00,2026-08-28T08:04:34.730848+00:00
329,Felt is used for many different things .,7.0,2,B1,1,A2,False,0.6366,2026-08-28T08:04:32.334940+00:00,2026-08-28T08:04:34.730848+00:00
330,Females reach sexual maturity at 4 years .,6.0,3,B2,3,B2,True,0.5903,2026-08-28T08:04:32.334940+00:00,2026-08-28T08:04:34.730848+00:00
331,"Fibroblasts bear similarities to cellular automata , as each fibroblast only interacts with its neighbors .",14.0,4,C1,4,C1,True,0.9714,2026-08-28T08:04:32.334940+00:00,2026-08-28T08:04:34.730848+00:00
332,Film Critics Circle of Australia Awards,6.0,2,B1,2,B1,True,0.4895,2026-08-28T08:04:32.334940+00:00,2026-08-28T08:04:34.730848+00:00
333,Fine wool from sheep is used to make sweaters .,9.0,2,B1,2,B1,True,0.8243,2026-08-28T08:04:32.334940+00:00,2026-08-28T08:04:34.730848+00:00
334,Fire plays a major role in the ecology of the forest with many plant species depending on fire to regenerate .,20.0,3,B2,4,C1,False,0.53,2026-08-28T08:04:32.334940+00:00,2026-08-28T08:04:34.730848+00:00
335,Fire plays a major role in the ecology of the forest with many plant species needing fire to regenerate .,19.0,3,B2,4,C1,False,0.4227,2026-08-28T08:04:32.334940+00:00,2026-08-28T08:04:34.730848+00:00
336,Flash drives implement the USB mass storage device class so that most modern operating systems can read and write to them without installing device drivers .,25.0,3,B2,4,C1,False,0.5006,2026-08-28T08:04:32.334940+00:00,2026-08-28T08:04:34.730848+00:00
337,"Flower died on 2 October 2014 , after a brief illness .",8.0,1,A2,2,B1,False,0.5005,2026-08-28T08:04:32.334940+00:00,2026-08-28T08:04:34.730848+00:00
338,"Following word of its debut , interest in the machine grew across Europe .",12.0,2,B1,2,B1,True,0.959,2026-08-28T08:04:32.334940+00:00,2026-08-28T08:04:34.730848+00:00
339,Food power is an integral part of the politics of food .,11.0,2,B1,2,B1,True,0.617,2026-08-28T08:04:32.334940+00:00,2026-08-28T08:04:34.730848+00:00
340,Football is played in stadiums .,5.0,2,B1,1,A2,False,0.6286,2026-08-28T08:04:32.334940+00:00,2026-08-28T08:04:34.730848+00:00
341,"For an algebraic proof of this result , start with the equation",11.0,3,B2,3,B2,True,0.6542,2026-08-28T08:04:32.334940+00:00,2026-08-28T08:04:34.730848+00:00
342,"For example , a sociolinguist might research how a particular variety of language would not be considered correct in a business place .",21.0,3,B2,4,C1,False,0.7569,2026-08-28T08:04:32.334940+00:00,2026-08-28T08:04:34.730848+00:00
343,"For people who are unwilling or unable to take medication regularly , long-acting depot preparations of antipsychotics may be used to achieve control .",23.0,4,C1,4,C1,True,0.8073,2026-08-28T08:04:32.334940+00:00,2026-08-28T08:04:34.730848+00:00
344,"For the 2006 season , the fuel was a 90 % / 10 % mixture of methanol and ethanol .",12.0,3,B2,3,B2,True,0.4627,2026-08-28T08:04:32.334940+00:00,2026-08-28T08:04:34.730848+00:00
345,"For the second season , the show began to change .",9.0,1,A2,1,A2,True,0.594,2026-08-28T08:04:32.334940+00:00,2026-08-28T08:04:34.730848+00:00
346,Fossil bryozoans first appear in the early Ordovician and had a huge adaptive radiation .,14.0,4,C1,4,C1,True,0.9264,2026-08-28T08:04:32.334940+00:00,2026-08-28T08:04:34.730848+00:00
347,"Four photopigment opsins exist in teleost fish , reptiles and birds .",10.0,4,C1,4,C1,True,0.8027,2026-08-28T08:04:32.334940+00:00,2026-08-28T08:04:34.730848+00:00
348,Foxes and human beings lived close together in ancient Japan ; this is why there are legends about them .,18.0,2,B1,3,B2,False,0.4663,2026-08-28T08:04:32.334940+00:00,2026-08-28T08:04:34.730848+00:00
349,French is spoken by almost all the population .,8.0,2,B1,2,B1,True,0.7531,2026-08-28T08:04:32.334940+00:00,2026-08-28T08:04:34.730848+00:00
350,"From 2012 to 2013 , viewership decreased from 613,000 to 571,000 .",6.0,2,B1,1,A2,False,0.5685,2026-08-28T08:04:32.334940+00:00,2026-08-28T08:04:34.730848+00:00
351,"From its foundation , the abbey Fulda and its territory was subject only to the German emperor , not to the control of the local lords .",24.0,3,B2,3,B2,True,0.5966,2026-08-28T08:04:32.334940+00:00,2026-08-28T08:04:34.730848+00:00
352,"From the 19th century , the building was used as a ballroom , a restaurant and even a bowling alley .",17.0,3,B2,3,B2,True,0.5366,2026-08-28T08:04:32.334940+00:00,2026-08-28T08:04:34.730848+00:00
353,"From the hypostyle hall , one enters the second pillared hall .",10.0,4,C1,4,C1,True,0.4455,2026-08-28T08:04:32.334940+00:00,2026-08-28T08:04:34.730848+00:00
354,Frontal bossing is when the forehead becomes bigger than normal which may also make the brow ridge stick out more .,20.0,3,B2,3,B2,True,0.6307,2026-08-28T08:04:32.334940+00:00,2026-08-28T08:04:34.730848+00:00
355,Fruit maturity is not always apparent from the outside as the fruits remain green until they are overmature or rotting .,20.0,3,B2,4,C1,False,0.5285,2026-08-28T08:04:32.334940+00:00,2026-08-28T08:04:34.730848+00:00
356,Gaelic football is the most popular of the gaelic games and is played by teams of 15 on a rectangular grass pitch with H-shaped goals at each end .,28.0,4,C1,3,B2,False,0.4871,2026-08-28T08:04:32.334940+00:00,2026-08-28T08:04:34.730848+00:00
357,"Gameplay revolves around the player purchasing food , cat toys , and furniture to attract a variety of cats to their home .",20.0,2,B1,3,B2,False,0.5806,2026-08-28T08:04:32.334940+00:00,2026-08-28T08:04:34.730848+00:00
358,Gandhi was a compassionate man .,5.0,3,B2,2,B1,False,0.4117,2026-08-28T08:04:32.334940+00:00,2026-08-28T08:04:34.730848+00:00
359,Gang rapes usually involve three or more men as the ones who commit the crime .,15.0,3,B2,3,B2,True,0.554,2026-08-28T08:04:32.334940+00:00,2026-08-28T08:04:34.730848+00:00
360,Garments are also checked for foreign objects .,7.0,3,B2,2,B1,False,0.498,2026-08-28T08:04:32.334940+00:00,2026-08-28T08:04:34.730848+00:00
361,Gathering was the job of the women and children .,9.0,1,A2,2,B1,False,0.5768,2026-08-28T08:04:32.334940+00:00,2026-08-28T08:04:34.730848+00:00
362,Gender relations are another area examined by the stories .,9.0,2,B1,2,B1,True,0.6348,2026-08-28T08:04:32.334940+00:00,2026-08-28T08:04:34.730848+00:00
363,"Geophysics is applied to societal needs , such as mineral resources , mitigation of natural hazards and environmental protection .",17.0,4,C1,4,C1,True,0.8438,2026-08-28T08:04:32.334940+00:00,2026-08-28T08:04:34.730848+00:00
364,"Gerardus't Hooft is well known for his theories about gauge theory , black holes , and quantum gravity .",15.0,4,C1,3,B2,False,0.4558,2026-08-28T08:04:32.334940+00:00,2026-08-28T08:04:34.730848+00:00
365,"Germanicus ' campaign had been to revenge the defeat at Teutoburg , and also partly in reaction to signs of mutiny amongst his troops .",22.0,4,C1,3,B2,False,0.5885,2026-08-28T08:04:32.334940+00:00,2026-08-28T08:04:34.730848+00:00
366,Giant pandas give birth to twins in about half of pregnancies .,11.0,4,C1,3,B2,False,0.5056,2026-08-28T08:04:32.334940+00:00,2026-08-28T08:04:34.730848+00:00
367,"Given the above , one view of the progression of the accounting and finance career path is that financial accounting is a stepping stone to management accounting .",26.0,3,B2,3,B2,True,0.5412,2026-08-28T08:04:32.334940+00:00,2026-08-28T08:04:34.730848+00:00
368,"Given the above , one widely held view of the progression of the accounting and finance career path is that financial accounting is a stepping stone to management accounting .",28.0,3,B2,3,B2,True,0.6034,2026-08-28T08:04:32.334940+00:00,2026-08-28T08:04:34.730848+00:00
369,Glucksmann died in Paris on 10 November 2015 at the age of 78 .,10.0,0,A1,1,A2,False,0.6727,2026-08-28T08:04:32.334940+00:00,2026-08-28T08:04:34.730848+00:00
370,"Go ahead , get it off your chest .",7.0,2,B1,1,A2,False,0.4563,2026-08-28T08:04:32.334940+00:00,2026-08-28T08:04:34.730848+00:00
371,Gold and silver were found in the area in 1867 .,9.0,1,A2,1,A2,True,0.5374,2026-08-28T08:04:32.334940+00:00,2026-08-28T08:04:34.730848+00:00
372,Gout often happens with other medical problems .,7.0,3,B2,2,B1,False,0.4518,2026-08-28T08:04:32.334940+00:00,2026-08-28T08:04:34.730848+00:00
373,"Great part of his career , he had to deal with defending worshipping god in an environment of the anti-religious doctrine of communism .",23.0,3,B2,3,B2,True,0.7207,2026-08-28T08:04:32.334940+00:00,2026-08-28T08:04:34.730848+00:00
374,"Grosics died on 13 June 2014 , aged 88 .",5.0,1,A2,0,A1,False,0.8331,2026-08-28T08:04:32.334940+00:00,2026-08-28T08:04:34.730848+00:00
375,Grosics died on 13 June 2014 after suffering from cardiac and lung problems .,11.0,3,B2,3,B2,True,0.4088,2026-08-28T08:04:32.334940+00:00,2026-08-28T08:04:34.730848+00:00
376,Growing Opium poppy and drug trafficking are important to the political and economic situation of Afghanistan .,16.0,3,B2,3,B2,True,0.4951,2026-08-28T08:04:32.334940+00:00,2026-08-28T08:04:34.730848+00:00
377,Guilt can sometimes cause anxiety .,5.0,3,B2,2,B1,False,0.7282,2026-08-28T08:04:32.334940+00:00,2026-08-28T08:04:34.730848+00:00
378,Half the sugar of a can of regular cola is still more sugar than many people on popular low-carbohydrate diets are permitted to have in a day .,28.0,4,C1,3,B2,False,0.5915,2026-08-28T08:04:32.334940+00:00,2026-08-28T08:04:34.730848+00:00
379,Harvestmen are ancient arachnids .,4.0,4,C1,4,C1,True,0.8244,2026-08-28T08:04:32.334940+00:00,2026-08-28T08:04:34.730848+00:00
380,Has it already been finished ?,5.0,1,A2,1,A2,True,0.8768,2026-08-28T08:04:32.334940+00:00,2026-08-28T08:04:34.730848+00:00
381,Have you been singing in the choir ?,7.0,2,B1,1,A2,False,0.4911,2026-08-28T08:04:32.334940+00:00,2026-08-28T08:04:34.730848+00:00
382,Have you ever been married ?,5.0,1,A2,1,A2,True,0.9453,2026-08-28T08:04:32.334940+00:00,2026-08-28T08:04:34.730848+00:00
383,Have you ever seen anything like this before ?,8.0,1,A2,1,A2,True,0.7717,2026-08-28T08:04:32.334940+00:00,2026-08-28T08:04:34.730848+00:00
384,Have you seen my brown belt ?,6.0,1,A2,1,A2,True,0.9051,2026-08-28T08:04:32.334940+00:00,2026-08-28T08:04:34.730848+00:00
385,Have you seen my missing snake ?,6.0,2,B1,1,A2,False,0.7426,2026-08-28T08:04:32.334940+00:00,2026-08-28T08:04:34.730848+00:00
386,"He also persuaded his authority to buy new equipment because he wanted a modern , efficient police force .",17.0,3,B2,3,B2,True,0.5357,2026-08-28T08:04:32.334940+00:00,2026-08-28T08:04:34.730848+00:00
387,He always had his bagel with cream cheese .,8.0,2,B1,2,B1,True,0.5873,2026-08-28T08:04:32.334940+00:00,2026-08-28T08:04:34.730848+00:00
388,He asked the teacher what to do .,7.0,1,A2,1,A2,True,0.789,2026-08-28T08:04:32.334940+00:00,2026-08-28T08:04:34.730848+00:00
389,He ate cashew nuts instead of popcorn .,7.0,2,B1,2,B1,True,0.4739,2026-08-28T08:04:32.334940+00:00,2026-08-28T08:04:34.730848+00:00
390,He became a man whom others feared .,7.0,2,B1,2,B1,True,0.516,2026-08-28T08:04:32.334940+00:00,2026-08-28T08:04:34.730848+00:00
391,He believed it was his hard work brought him success .,10.0,2,B1,2,B1,True,0.51,2026-08-28T08:04:32.334940+00:00,2026-08-28T08:04:34.730848+00:00
392,He called the relationship between color and salt formation halochromy of which malachite green is a prime example .,18.0,4,C1,4,C1,True,0.7076,2026-08-28T08:04:32.334940+00:00,2026-08-28T08:04:34.730848+00:00
393,He corrected what he believed was a mistake .,8.0,2,B1,2,B1,True,0.7023,2026-08-28T08:04:32.334940+00:00,2026-08-28T08:04:34.730848+00:00
394,He decided to buy flowers for his wife while he was out .,12.0,1,A2,2,B1,False,0.5245,2026-08-28T08:04:32.334940+00:00,2026-08-28T08:04:34.730848+00:00
395,He died on 21 June 2014 from acute respiratory failure after being hospitalized with pneumonia .,13.0,4,C1,4,C1,True,0.6545,2026-08-28T08:04:32.334940+00:00,2026-08-28T08:04:34.730848+00:00
396,"He died on June 21 , 2014 from acute respiratory failure after being hospitalized with pneumonia , aged 88 .",14.0,4,C1,4,C1,True,0.7138,2026-08-28T08:04:32.334940+00:00,2026-08-28T08:04:34.730848+00:00
397,He founded several educational institutions both in German - and French-speaking regions of Switzerland and wrote many works explaining his revolutionary modern principles of education .,25.0,3,B2,3,B2,True,0.7434,2026-08-28T08:04:32.334940+00:00,2026-08-28T08:04:34.730848+00:00
398,"He founded several schools in German and French-speaking regions of Switzerland , and wrote explaining his principles of education .",19.0,3,B2,3,B2,True,0.7169,2026-08-28T08:04:32.334940+00:00,2026-08-28T08:04:34.730848+00:00
399,He gave her a shoulder massage .,6.0,2,B1,1,A2,False,0.7425,2026-08-28T08:04:32.334940+00:00,2026-08-28T08:04:34.730848+00:00
400,He had a very strange moustache .,6.0,2,B1,2,B1,True,0.6461,2026-08-28T08:04:32.334940+00:00,2026-08-28T08:04:34.730848+00:00
401,He had very powerful legs .,5.0,1,A2,1,A2,True,0.9004,2026-08-28T08:04:32.334940+00:00,2026-08-28T08:04:34.730848+00:00
402,He has already opened all his birthday gifts .,8.0,1,A2,2,B1,False,0.6699,2026-08-28T08:04:32.334940+00:00,2026-08-28T08:04:34.730848+00:00
403,"He is a key figure in landscape painting , and painted many works .",12.0,2,B1,2,B1,True,0.8316,2026-08-28T08:04:32.334940+00:00,2026-08-28T08:04:34.730848+00:00
404,He is a man whom I 've trusted for many years .,11.0,2,B1,1,A2,False,0.6939,2026-08-28T08:04:32.334940+00:00,2026-08-28T08:04:34.730848+00:00
405,He is a man whom I have trusted with all my investments .,12.0,2,B1,2,B1,True,0.5292,2026-08-28T08:04:32.334940+00:00,2026-08-28T08:04:34.730848+00:00
406,He is a man whose career has been long and successful .,11.0,1,A2,1,A2,True,0.568,2026-08-28T08:04:32.334940+00:00,2026-08-28T08:04:34.730848+00:00
407,He is a man whose life has been mostly lived abroad .,11.0,2,B1,2,B1,True,0.7545,2026-08-28T08:04:32.334940+00:00,2026-08-28T08:04:34.730848+00:00
408,"He is married to since 1990 , has four children .",8.0,1,A2,1,A2,True,0.7018,2026-08-28T08:04:32.334940+00:00,2026-08-28T08:04:34.730848+00:00
409,He is so anxious all the time .,7.0,2,B1,1,A2,False,0.6713,2026-08-28T08:04:32.334940+00:00,2026-08-28T08:04:34.730848+00:00
410,He is the only member of the Seven Lucky Gods credited with the ability to revive the dead .,18.0,2,B1,3,B2,False,0.6611,2026-08-28T08:04:32.334940+00:00,2026-08-28T08:04:34.730848+00:00
411,He liked his beef medium rare .,6.0,1,A2,1,A2,True,0.5991,2026-08-28T08:04:32.334940+00:00,2026-08-28T08:04:34.730848+00:00
412,He lived near a turkey farm .,6.0,2,B1,1,A2,False,0.744,2026-08-28T08:04:32.334940+00:00,2026-08-28T08:04:34.730848+00:00
413,He played a brief part in the revolutionary events of 1848 .,10.0,2,B1,2,B1,True,0.7112,2026-08-28T08:04:32.334940+00:00,2026-08-28T08:04:34.730848+00:00
414,He puts Jamaican jerk on his meat .,7.0,3,B2,2,B1,False,0.7211,2026-08-28T08:04:32.334940+00:00,2026-08-28T08:04:34.730848+00:00
415,He ran without wearing proper shoes .,6.0,2,B1,2,B1,True,0.4941,2026-08-28T08:04:32.334940+00:00,2026-08-28T08:04:34.730848+00:00
416,He started his acting career in the late 1990s .,8.0,2,B1,1,A2,False,0.7012,2026-08-28T08:04:32.334940+00:00,2026-08-28T08:04:34.730848+00:00
417,"He utilized his journeys , traveling on foot , so as to add to his knowledge of the Earth 's structure .",18.0,2,B1,3,B2,False,0.5388,2026-08-28T08:04:32.334940+00:00,2026-08-28T08:04:34.730848+00:00
418,He walked through the door .,5.0,1,A2,1,A2,True,0.8636,2026-08-28T08:04:32.334940+00:00,2026-08-28T08:04:34.730848+00:00
419,He wanted some of it .,5.0,1,A2,1,A2,True,0.9719,2026-08-28T08:04:32.334940+00:00,2026-08-28T08:04:34.730848+00:00
420,He was holidaying in Germany the following summer when World War I broke out .,14.0,2,B1,2,B1,True,0.4584,2026-08-28T08:04:32.334940+00:00,2026-08-28T08:04:34.730848+00:00
421,He was never a good cook so when he prepared dinner for his girlfriend it went badly .,17.0,2,B1,2,B1,True,0.8615,2026-08-28T08:04:32.334940+00:00,2026-08-28T08:04:34.730848+00:00
422,He was one of the world 's best swimmers in the 1920s .,10.0,1,A2,2,B1,False,0.5109,2026-08-28T08:04:32.334940+00:00,2026-08-28T08:04:34.730848+00:00
423,He was our only child before the twins came along .,10.0,2,B1,2,B1,True,0.6883,2026-08-28T08:04:32.334940+00:00,2026-08-28T08:04:34.730848+00:00
424,"He was part of the American basketball team , which won the gold medal .",13.0,1,A2,2,B1,False,0.7412,2026-08-28T08:04:32.334940+00:00,2026-08-28T08:04:34.730848+00:00
425,Heather is an important food source for various sheep and deer which can graze the tips of the plants when snow covers low growing vegetation .,25.0,3,B2,3,B2,True,0.6525,2026-08-28T08:04:32.334940+00:00,2026-08-28T08:04:34.730848+00:00
426,Hemorrhoids are diagnosed by a doctor .,6.0,4,C1,4,C1,True,0.4156,2026-08-28T08:04:32.334940+00:00,2026-08-28T08:04:34.730848+00:00
427,Her arms were tanned to a golden brown .,8.0,2,B1,2,B1,True,0.5012,2026-08-28T08:04:32.334940+00:00,2026-08-28T08:04:34.730848+00:00
428,Her back was crooked .,4.0,2,B1,1,A2,False,0.9217,2026-08-28T08:04:32.334940+00:00,2026-08-28T08:04:34.730848+00:00
429,Her career started in 1950 and continues to this day .,9.0,2,B1,1,A2,False,0.6906,2026-08-28T08:04:32.334940+00:00,2026-08-28T08:04:34.730848+00:00
430,Her cheeks turned pink .,4.0,2,B1,0,A1,False,0.5168,2026-08-28T08:04:32.334940+00:00,2026-08-28T08:04:34.730848+00:00
431,Her email remains unanswered .,4.0,2,B1,1,A2,False,0.4903,2026-08-28T08:04:32.334940+00:00,2026-08-28T08:04:34.730848+00:00
432,Her grandfather loved his steak rare .,6.0,1,A2,2,B1,False,0.516,2026-08-28T08:04:32.334940+00:00,2026-08-28T08:04:34.730848+00:00
433,"Herbivores depend on plants for food , and have evolved mechanisms to get this food despite the evolution of many plant defences .",21.0,4,C1,4,C1,True,0.5126,2026-08-28T08:04:32.334940+00:00,2026-08-28T08:04:34.730848+00:00
434,Here is the area where the computer was .,8.0,1,A2,1,A2,True,0.7726,2026-08-28T08:04:32.334940+00:00,2026-08-28T08:04:34.730848+00:00
435,High - rise buildings are made to sway during earthquakes .,9.0,3,B2,2,B1,False,0.4439,2026-08-28T08:04:32.334940+00:00,2026-08-28T08:04:34.730848+00:00
436,Highly modified tube feet around the mouth are always present .,10.0,3,B2,2,B1,False,0.5569,2026-08-28T08:04:32.334940+00:00,2026-08-28T08:04:34.730848+00:00
437,His robe was a dark red .,6.0,2,B1,2,B1,True,0.6418,2026-08-28T08:04:32.334940+00:00,2026-08-28T08:04:34.730848+00:00
438,His writings and films have continued to have a major impact on subsequent filmmakers .,14.0,3,B2,3,B2,True,0.5353,2026-08-28T08:04:32.334940+00:00,2026-08-28T08:04:34.730848+00:00
439,Histones undergo changes which alter their interaction with DNA and nuclear proteins .,12.0,3,B2,4,C1,False,0.7683,2026-08-28T08:04:32.334940+00:00,2026-08-28T08:04:34.730848+00:00
440,"Historically , the island gained wealth from cotton plantations .",8.0,3,B2,3,B2,True,0.4918,2026-08-28T08:04:32.334940+00:00,2026-08-28T08:04:34.730848+00:00
441,Honey badgers have the least specialised diet among mustelids .,9.0,4,C1,4,C1,True,0.7697,2026-08-28T08:04:32.334940+00:00,2026-08-28T08:04:34.730848+00:00
442,"Hormones are defined functionally , not structurally .",6.0,3,B2,4,C1,False,0.627,2026-08-28T08:04:32.334940+00:00,2026-08-28T08:04:34.730848+00:00
443,How did you get hurt ?,5.0,1,A2,1,A2,True,0.9514,2026-08-28T08:04:32.334940+00:00,2026-08-28T08:04:34.730848+00:00
444,How do I get to the airport ?,7.0,0,A1,1,A2,False,0.9557,2026-08-28T08:04:32.334940+00:00,2026-08-28T08:04:34.730848+00:00
445,How many children do you have ?,6.0,1,A2,1,A2,True,0.863,2026-08-28T08:04:32.334940+00:00,2026-08-28T08:04:34.730848+00:00
446,How was the vase broken if no one was at home ?,11.0,1,A2,2,B1,False,0.6114,2026-08-28T08:04:32.334940+00:00,2026-08-28T08:04:34.730848+00:00
447,How would you like me to frame this photo ?,9.0,2,B1,1,A2,False,0.6711,2026-08-28T08:04:32.334940+00:00,2026-08-28T08:04:34.730848+00:00
448,"However , mitochondrial DNA reflects only the history of the females in a population and so may not represent the history of the population as a whole .",26.0,4,C1,3,B2,False,0.6049,2026-08-28T08:04:32.334940+00:00,2026-08-28T08:04:34.730848+00:00
449,"However , novel- writing was not easy for women in the early nineteenth century .",12.0,2,B1,2,B1,True,0.7561,2026-08-28T08:04:32.334940+00:00,2026-08-28T08:04:34.730848+00:00
450,Hula dancers know how to move their hips .,8.0,2,B1,2,B1,True,0.6737,2026-08-28T08:04:32.334940+00:00,2026-08-28T08:04:34.730848+00:00
451,"Humans now play a top role in the biosphere , with the large amount of people in many of Earth 's ecosystems .",20.0,3,B2,3,B2,True,0.6705,2026-08-28T08:04:32.334940+00:00,2026-08-28T08:04:34.730848+00:00
452,Humidity causes my hair to curl .,6.0,2,B1,2,B1,True,0.6354,2026-08-28T08:04:32.334940+00:00,2026-08-28T08:04:34.730848+00:00
453,"Hydrazoic acid is extremely toxic , even more toxic than sodium azide .",11.0,4,C1,4,C1,True,0.9499,2026-08-28T08:04:32.334940+00:00,2026-08-28T08:04:34.730848+00:00
454,Hypereutrophic lakes are very nutrient - rich lakes with frequent large algal blooms and low transparency .,15.0,4,C1,4,C1,True,0.8099,2026-08-28T08:04:32.334940+00:00,2026-08-28T08:04:34.730848+00:00
455,I 'd like to be a godmother .,6.0,1,A2,1,A2,True,0.7445,2026-08-28T08:04:32.334940+00:00,2026-08-28T08:04:34.730848+00:00
456,"I 'd like to join you , but it depends on what I am doing that day .",15.0,2,B1,1,A2,False,0.6397,2026-08-28T08:04:32.334940+00:00,2026-08-28T08:04:34.730848+00:00
457,I 'd like to take the lead on this .,8.0,2,B1,1,A2,False,0.7771,2026-08-28T08:04:32.334940+00:00,2026-08-28T08:04:34.730848+00:00
458,I 'll spread my cloak on the grass for us .,9.0,2,B1,1,A2,False,0.5161,2026-08-28T08:04:32.334940+00:00,2026-08-28T08:04:34.730848+00:00
459,I 'm afraid she 's not available right now .,8.0,2,B1,1,A2,False,0.729,2026-08-28T08:04:32.334940+00:00,2026-08-28T08:04:34.730848+00:00
460,I 'm flying on Thai Airlines .,6.0,1,A2,1,A2,True,0.5373,2026-08-28T08:04:32.334940+00:00,2026-08-28T08:04:34.730848+00:00
461,I 'm not sure when to use this unusual fork .,10.0,1,A2,1,A2,True,0.5563,2026-08-28T08:04:32.334940+00:00,2026-08-28T08:04:34.730848+00:00
462,I 've seen three people running by here in the last few minutes .,13.0,1,A2,1,A2,True,0.6068,2026-08-28T08:04:32.334940+00:00,2026-08-28T08:04:34.730848+00:00
463,I asked him to leave .,5.0,1,A2,0,A1,False,0.509,2026-08-28T08:04:32.334940+00:00,2026-08-28T08:04:34.730848+00:00
464,I ca n't believe she took yours without asking you !,9.0,2,B1,1,A2,False,0.6698,2026-08-28T08:04:32.334940+00:00,2026-08-28T08:04:34.730848+00:00
465,I ca n't read your mind so I do n't know what you want unless you tell me .,16.0,2,B1,2,B1,True,0.71,2026-08-28T08:04:32.334940+00:00,2026-08-28T08:04:34.730848+00:00
466,I decided to take her advice and so I signed up for an aikido class .,15.0,2,B1,3,B2,False,0.3982,2026-08-28T08:04:32.334940+00:00,2026-08-28T08:04:34.730848+00:00
467,I did n't know where you went .,6.0,1,A2,1,A2,True,0.719,2026-08-28T08:04:32.334940+00:00,2026-08-28T08:04:34.730848+00:00
468,I do n't have a favorite actress .,6.0,1,A2,1,A2,True,0.7296,2026-08-28T08:04:32.334940+00:00,2026-08-28T08:04:34.730848+00:00
469,I do n't know how the four years of my undergraduate studies went by so quickly .,15.0,2,B1,2,B1,True,0.5391,2026-08-28T08:04:32.334940+00:00,2026-08-28T08:04:34.730848+00:00
470,I do n't know whether she will live or die .,9.0,2,B1,1,A2,False,0.7908,2026-08-28T08:04:32.334940+00:00,2026-08-28T08:04:34.730848+00:00
471,I do n't know who burned all the books .,8.0,2,B1,2,B1,True,0.6156,2026-08-28T08:04:32.334940+00:00,2026-08-28T08:04:34.730848+00:00
472,I do n't think the world has ever seen such a drastic economic downturn as we have experienced in the last few years .,22.0,3,B2,2,B1,False,0.3504,2026-08-28T08:04:32.334940+00:00,2026-08-28T08:04:34.730848+00:00
473,I enjoy meeting new people and expanding my social circle .,10.0,2,B1,2,B1,True,0.7377,2026-08-28T08:04:32.334940+00:00,2026-08-28T08:04:34.730848+00:00
474,I forgot to bring my umbrella .,6.0,0,A1,1,A2,False,0.7023,2026-08-28T08:04:32.334940+00:00,2026-08-28T08:04:34.730848+00:00
475,I have been teaching here for many years .,8.0,1,A2,1,A2,True,0.7075,2026-08-28T08:04:32.334940+00:00,2026-08-28T08:04:34.730848+00:00
476,I have just started my new job .,7.0,1,A2,1,A2,True,0.8997,2026-08-28T08:04:32.334940+00:00,2026-08-28T08:04:34.730848+00:00
477,"I have to get back to work by one thirty this time , or I will lose my job .",18.0,2,B1,2,B1,True,0.5207,2026-08-28T08:04:32.334940+00:00,2026-08-28T08:04:34.730848+00:00
478,I hear music but I do n't know where it 's coming from .,11.0,2,B1,1,A2,False,0.6795,2026-08-28T08:04:32.334940+00:00,2026-08-28T08:04:34.730848+00:00
479,I like seeing police boxes in my neighborhood .,8.0,2,B1,1,A2,False,0.4906,2026-08-28T08:04:32.334940+00:00,2026-08-28T08:04:34.730848+00:00
480,I like your denim jacket .,5.0,0,A1,1,A2,False,0.8323,2026-08-28T08:04:32.334940+00:00,2026-08-28T08:04:34.730848+00:00
481,I love this illustrator !,4.0,1,A2,1,A2,True,0.8749,2026-08-28T08:04:32.334940+00:00,2026-08-28T08:04:34.730848+00:00
482,I need a new one .,5.0,0,A1,1,A2,False,0.6128,2026-08-28T08:04:32.334940+00:00,2026-08-28T08:04:34.730848+00:00
483,I need to sell some of these books before I can buy more .,13.0,2,B1,2,B1,True,0.5877,2026-08-28T08:04:32.334940+00:00,2026-08-28T08:04:34.730848+00:00
484,I never want to work for Amanda again .,8.0,1,A2,1,A2,True,0.6989,2026-08-28T08:04:32.334940+00:00,2026-08-28T08:04:34.730848+00:00
485,I often use translator software .,5.0,2,B1,2,B1,True,0.7088,2026-08-28T08:04:32.334940+00:00,2026-08-28T08:04:34.730848+00:00
486,I really know nothing at all about those men's lives .,10.0,2,B1,1,A2,False,0.8001,2026-08-28T08:04:32.334940+00:00,2026-08-28T08:04:34.730848+00:00
487,I think it 's time to get you a new pair of socks .,12.0,3,B2,1,A2,False,0.6321,2026-08-28T08:04:32.334940+00:00,2026-08-28T08:04:34.730848+00:00
488,I thought I had to talk to him .,8.0,1,A2,1,A2,True,0.7587,2026-08-28T08:04:32.334940+00:00,2026-08-28T08:04:34.730848+00:00
489,I thought I saw him .,5.0,1,A2,1,A2,True,0.7478,2026-08-28T08:04:32.334940+00:00,2026-08-28T08:04:34.730848+00:00
490,I tried to clean up .,5.0,1,A2,1,A2,True,0.6893,2026-08-28T08:04:32.334940+00:00,2026-08-28T08:04:34.730848+00:00
491,I wish I could find a career that would let me work with animals .,14.0,2,B1,2,B1,True,0.6892,2026-08-28T08:04:32.334940+00:00,2026-08-28T08:04:34.730848+00:00
492,I wish I could find some way to convince her to come here for a visit .,16.0,2,B1,2,B1,True,0.8243,2026-08-28T08:04:32.334940+00:00,2026-08-28T08:04:34.730848+00:00
493,I wish I could tell them that I forgive them .,10.0,1,A2,1,A2,True,0.6079,2026-08-28T08:04:32.334940+00:00,2026-08-28T08:04:34.730848+00:00
494,I wish I had gotten my black belt when I was younger .,12.0,2,B1,1,A2,False,0.6023,2026-08-28T08:04:32.334940+00:00,2026-08-28T08:04:34.730848+00:00
495,I wish I knew how to lose all this extra weight .,11.0,2,B1,1,A2,False,0.6611,2026-08-28T08:04:32.334940+00:00,2026-08-28T08:04:34.730848+00:00
496,I wish I were smarter .,5.0,1,A2,1,A2,True,0.9413,2026-08-28T08:04:32.334940+00:00,2026-08-28T08:04:34.730848+00:00
497,I wish my boyfriend would stop looking at other girls .,10.0,1,A2,1,A2,True,0.7152,2026-08-28T08:04:32.334940+00:00,2026-08-28T08:04:34.730848+00:00
498,I wish we could go again .,6.0,1,A2,1,A2,True,0.9696,2026-08-28T08:04:32.334940+00:00,2026-08-28T08:04:34.730848+00:00
499,I would be very surprised if he brought me flowers because he does n't care that I am angry .,18.0,2,B1,2,B1,True,0.8941,2026-08-28T08:04:32.334940+00:00,2026-08-28T08:04:34.730848+00:00
500,I would like you to do it before dinner .,9.0,1,A2,1,A2,True,0.7881,2026-08-28T08:04:32.334940+00:00,2026-08-28T08:04:34.730848+00:00
501,I would love to live in a house like this one .,11.0,1,A2,1,A2,True,0.8281,2026-08-28T08:04:32.334940+00:00,2026-08-28T08:04:34.730848+00:00
502,"If I found myself in a new city , I 'd take a tour .",12.0,1,A2,1,A2,True,0.6825,2026-08-28T08:04:32.334940+00:00,2026-08-28T08:04:34.730848+00:00
503,"If he was a few years older , he could join .",10.0,1,A2,1,A2,True,0.7047,2026-08-28T08:04:32.334940+00:00,2026-08-28T08:04:34.730848+00:00
504,"If it crashes again , call the computer technician .",8.0,2,B1,2,B1,True,0.5163,2026-08-28T08:04:32.334940+00:00,2026-08-28T08:04:34.730848+00:00
505,"If they had found any more survivors , they would have taken them to the hospital .",15.0,2,B1,2,B1,True,0.8029,2026-08-28T08:04:32.334940+00:00,2026-08-28T08:04:34.730848+00:00
506,"If they tried to steal it , they 'd be caught on camera .",11.0,2,B1,2,B1,True,0.584,2026-08-28T08:04:32.334940+00:00,2026-08-28T08:04:34.730848+00:00
507,"If we had known , we 'd have come .",7.0,1,A2,1,A2,True,0.8806,2026-08-28T08:04:32.334940+00:00,2026-08-28T08:04:34.730848+00:00
508,"If we were all the same , would life be safer ?",10.0,2,B1,2,B1,True,0.8192,2026-08-28T08:04:32.334940+00:00,2026-08-28T08:04:34.730848+00:00
509,"If you believe that schizophrenia is caused by bad communication between mother and child , then family interaction studies become relevant .",20.0,3,B2,3,B2,True,0.6141,2026-08-28T08:04:32.334940+00:00,2026-08-28T08:04:34.730848+00:00
510,"If you had seen me last night , you would not have believed your eyes .",14.0,2,B1,2,B1,True,0.6358,2026-08-28T08:04:32.334940+00:00,2026-08-28T08:04:34.730848+00:00
511,"If you were a musician , what instrument would you play ?",10.0,2,B1,1,A2,False,0.6401,2026-08-28T08:04:32.334940+00:00,2026-08-28T08:04:34.730848+00:00
512,In 1839 smallpox killed many of the people who lived in the area .,12.0,2,B1,3,B2,False,0.5115,2026-08-28T08:04:32.334940+00:00,2026-08-28T08:04:34.730848+00:00
513,"In 1867 , the town had a boom in population when gold and silver were found in the area .",17.0,2,B1,2,B1,True,0.6207,2026-08-28T08:04:32.334940+00:00,2026-08-28T08:04:34.730848+00:00
514,"In 1913 , he became ill and had to have teeth removed .",10.0,2,B1,2,B1,True,0.5093,2026-08-28T08:04:32.334940+00:00,2026-08-28T08:04:34.730848+00:00
515,"In 1984 , when Tjapaltjarri was about 25 , he finally came into contact people from outside his family .",15.0,3,B2,3,B2,True,0.677,2026-08-28T08:04:32.334940+00:00,2026-08-28T08:04:34.730848+00:00
516,"In 1984 , when he was about 25 , he finally came into contact people from outside his family .",15.0,2,B1,2,B1,True,0.897,2026-08-28T08:04:32.334940+00:00,2026-08-28T08:04:34.730848+00:00
517,"In 1997 , about 8 % of all soybeans cultivated for the commercial market in the United States were genetically modified .",17.0,3,B2,4,C1,False,0.6138,2026-08-28T08:04:32.334940+00:00,2026-08-28T08:04:34.730848+00:00
518,"In 2002 , there were nearly 1,500 pupils in the school , of whom fewer than 1,300 were at age 16 or below .",17.0,2,B1,2,B1,True,0.704,2026-08-28T08:04:32.334940+00:00,2026-08-28T08:04:34.730848+00:00
519,"In 2002 , there were nearly 1500 students in the school .",8.0,1,A2,1,A2,True,0.5211,2026-08-28T08:04:32.334940+00:00,2026-08-28T08:04:34.730848+00:00
520,"In 2007 , the club began to play floorball .",7.0,1,A2,2,B1,False,0.6458,2026-08-28T08:04:32.334940+00:00,2026-08-28T08:04:34.730848+00:00
521,In 2007 the club began to play floorball .,7.0,2,B1,2,B1,True,0.6497,2026-08-28T08:04:32.334940+00:00,2026-08-28T08:04:34.730848+00:00
522,"In 2012 the event was visited by totally 50 700 people , which meant a new record had been broken .",16.0,2,B1,2,B1,True,0.8598,2026-08-28T08:04:32.334940+00:00,2026-08-28T08:04:34.730848+00:00
523,"In 2013 , the church decided use the internet more to reach people , and is building a new studio to begin broadcasting in high-definition television .",24.0,3,B2,3,B2,True,0.573,2026-08-28T08:04:32.334940+00:00,2026-08-28T08:04:34.730848+00:00
524,"In Canada and the United States , neighborhoods often have official or semi-official status .",14.0,3,B2,2,B1,False,0.5006,2026-08-28T08:04:32.334940+00:00,2026-08-28T08:04:34.730848+00:00
525,"In December 1912 , workers at a local quarry uncovered a crack in the rocks with warm air coming out .",18.0,3,B2,3,B2,True,0.5594,2026-08-28T08:04:32.334940+00:00,2026-08-28T08:04:34.730848+00:00
526,"In Sweden , the phenomenon was booming by the mid and late 1980s .",11.0,3,B2,3,B2,True,0.5104,2026-08-28T08:04:32.334940+00:00,2026-08-28T08:04:34.730848+00:00
527,"In a neutral atom , the number of electrons equals the number of protons .",13.0,3,B2,4,C1,False,0.6883,2026-08-28T08:04:32.334940+00:00,2026-08-28T08:04:34.730848+00:00
528,"In both respects , little was achieved this day .",8.0,2,B1,2,B1,True,0.7699,2026-08-28T08:04:32.334940+00:00,2026-08-28T08:04:34.730848+00:00
529,"In contrast , a real image is one that is formed when the outgoing rays from a point converge at a real location .",22.0,3,B2,3,B2,True,0.6367,2026-08-28T08:04:32.334940+00:00,2026-08-28T08:04:34.730848+00:00
530,"In contrast , the procedures of the Diet of Japan have moved away from the British parliamentary model .",17.0,3,B2,3,B2,True,0.5971,2026-08-28T08:04:32.334940+00:00,2026-08-28T08:04:34.730848+00:00
531,"In his first form , Frieza is a relatively short humanoid , albeit with a large chestnut - shaped skull with two horns .",20.0,3,B2,4,C1,False,0.5644,2026-08-28T08:04:32.334940+00:00,2026-08-28T08:04:34.730848+00:00
532,"In his weakest form , Frieza is a relatively short humanoid with a large chestnut - shaped skull and two horns .",19.0,4,C1,4,C1,True,0.5806,2026-08-28T08:04:32.334940+00:00,2026-08-28T08:04:34.730848+00:00
533,"In law , affinity may be relevant in relation to prohibitions on incestuous sexual relations and in relation to whether particular couples are prohibited from marrying .",25.0,4,C1,4,C1,True,0.5277,2026-08-28T08:04:32.334940+00:00,2026-08-28T08:04:34.730848+00:00
534,"In many countries , drowning is one of the main causes of preventable death for children under 12 years old .",18.0,2,B1,3,B2,False,0.6062,2026-08-28T08:04:32.334940+00:00,2026-08-28T08:04:34.730848+00:00
535,"In many countries the manufacture or possession of a pipe bomb is a serious crime , regardless of its intended use .",20.0,3,B2,3,B2,True,0.7169,2026-08-28T08:04:32.334940+00:00,2026-08-28T08:04:34.730848+00:00
536,"In mathematics , the number four is an even number and the smallest composite number .",14.0,3,B2,2,B1,False,0.4276,2026-08-28T08:04:32.334940+00:00,2026-08-28T08:04:34.730848+00:00
537,"In modern times , 70 % to 90 % of the waters is used for human purposes and the flow is much smaller .",18.0,2,B1,2,B1,True,0.6715,2026-08-28T08:04:32.334940+00:00,2026-08-28T08:04:34.730848+00:00
538,"In most countries , an unincorporated association does not have separate legal personality , and few members of the association usually enjoy limited liability .",22.0,3,B2,4,C1,False,0.7181,2026-08-28T08:04:32.334940+00:00,2026-08-28T08:04:34.730848+00:00
539,"In multiplayer mode , up to 4 people can play against each other non-stop .",13.0,2,B1,3,B2,False,0.5556,2026-08-28T08:04:32.334940+00:00,2026-08-28T08:04:34.730848+00:00
540,"In one experiment , Lavoisier found that there was no increase in mass when tin and air were heated in a closed container .",22.0,3,B2,3,B2,True,0.4735,2026-08-28T08:04:32.334940+00:00,2026-08-28T08:04:34.730848+00:00
541,"In order for an officer to seize an item , the officer must have probable cause to believe the item is evidence of a crime or is contraband .",27.0,3,B2,3,B2,True,0.5625,2026-08-28T08:04:32.334940+00:00,2026-08-28T08:04:34.730848+00:00
542,"In parliamentary procedure , a motion is a proposal to do something .",11.0,4,C1,2,B1,False,0.508,2026-08-28T08:04:32.334940+00:00,2026-08-28T08:04:34.730848+00:00
543,In prehistoric times montane forest occupied covered one third of the land of present- day Rwanda .,15.0,3,B2,3,B2,True,0.79,2026-08-28T08:04:32.334940+00:00,2026-08-28T08:04:34.730848+00:00
544,In prehistoric times montane forest occupied one - third of the territory of present- day Rwanda .,14.0,4,C1,4,C1,True,0.4812,2026-08-28T08:04:32.334940+00:00,2026-08-28T08:04:34.730848+00:00
545,"In regular play , two defencemen play with three forwards and a goaltender on the ice .",15.0,3,B2,3,B2,True,0.5003,2026-08-28T08:04:32.334940+00:00,2026-08-28T08:04:34.730848+00:00
546,"In some jurisdictions , specific types of criminal cases may also be started by the filing of a complaint .",18.0,3,B2,3,B2,True,0.6426,2026-08-28T08:04:32.334940+00:00,2026-08-28T08:04:34.730848+00:00
547,"In some organisms , especially vertebrates , the various Hox genes are situated very close to one another on the chromosome in groups or clusters .",23.0,4,C1,4,C1,True,0.7882,2026-08-28T08:04:32.334940+00:00,2026-08-28T08:04:34.730848+00:00
548,"In tetrapods , claws are made of keratin and consist of two layers .",12.0,3,B2,4,C1,False,0.4687,2026-08-28T08:04:32.334940+00:00,2026-08-28T08:04:34.730848+00:00
549,In the 12th century the first stone church was built with the formation of the parish Ljungby socken .,17.0,4,C1,3,B2,False,0.5189,2026-08-28T08:04:32.334940+00:00,2026-08-28T08:04:34.730848+00:00
550,"In the 14th century , the word described the roughness of woven cloth before it was cut .",15.0,3,B2,3,B2,True,0.6611,2026-08-28T08:04:32.334940+00:00,2026-08-28T08:04:34.730848+00:00
551,"In the 1680s and 1690s , two French composers added carols into their works .",11.0,3,B2,3,B2,True,0.618,2026-08-28T08:04:32.334940+00:00,2026-08-28T08:04:34.730848+00:00
552,"In the 1680s and 1690s , two French composers incorporated carols into their works .",11.0,3,B2,3,B2,True,0.5004,2026-08-28T08:04:32.334940+00:00,2026-08-28T08:04:34.730848+00:00
553,"In the Baroque period , music in C minor was usually written with a two -flat key signature , and some modern editions of that repertoire retain that convention .",26.0,3,B2,4,C1,False,0.4951,2026-08-28T08:04:32.334940+00:00,2026-08-28T08:04:34.730848+00:00
554,"In the Tang dynasty , a set of four important qualities for the rocks were recognized .",15.0,3,B2,3,B2,True,0.6368,2026-08-28T08:04:32.334940+00:00,2026-08-28T08:04:34.730848+00:00
555,"In the United States , states have primary jurisdiction in matters of public morality .",13.0,3,B2,3,B2,True,0.5988,2026-08-28T08:04:32.334940+00:00,2026-08-28T08:04:34.730848+00:00
556,"In the late 1950s , he studied filmmaking in France .",8.0,1,A2,1,A2,True,0.5711,2026-08-28T08:04:32.334940+00:00,2026-08-28T08:04:34.730848+00:00
557,"In the late 19th century , Japan was still largely unknown and exotic to Westerners .",13.0,3,B2,3,B2,True,0.6277,2026-08-28T08:04:32.334940+00:00,2026-08-28T08:04:34.730848+00:00
558,"In the next 10 to 11 hours , the radioactive cloud moved towards the north- east , reaching from the accident .",16.0,3,B2,2,B1,False,0.5305,2026-08-28T08:04:32.334940+00:00,2026-08-28T08:04:34.730848+00:00
559,"In the very late 1960s , people started inventing procedural languages .",9.0,2,B1,3,B2,False,0.5934,2026-08-28T08:04:32.334940+00:00,2026-08-28T08:04:34.730848+00:00
560,"In this attack a wrestler uses a three - point stance , then runs and clotheslines the opponent .",16.0,4,C1,3,B2,False,0.4285,2026-08-28T08:04:32.334940+00:00,2026-08-28T08:04:34.730848+00:00
561,Income is highly associated with prenatal health care .,8.0,3,B2,3,B2,True,0.521,2026-08-28T08:04:32.334940+00:00,2026-08-28T08:04:34.730848+00:00
562,Increasing market share is one of the most important objectives in business .,12.0,2,B1,2,B1,True,0.6876,2026-08-28T08:04:32.334940+00:00,2026-08-28T08:04:34.730848+00:00
563,Increasing market share is one of the most important objectives of business .,12.0,2,B1,2,B1,True,0.6878,2026-08-28T08:04:32.334940+00:00,2026-08-28T08:04:34.730848+00:00
564,Independence Day is a national holiday marked by patriotic displays .,10.0,4,C1,2,B1,False,0.4287,2026-08-28T08:04:32.334940+00:00,2026-08-28T08:04:34.730848+00:00
565,India was not affected by the imperial order-in- council of 1825 that attempted to introduce the British sterling coinage to the British colonies .,22.0,3,B2,3,B2,True,0.5537,2026-08-28T08:04:32.334940+00:00,2026-08-28T08:04:34.730848+00:00
566,"Inflationary models are also discussed in this chapter , and so is the idea of a theory that unifies quantum mechanics and gravity .",22.0,4,C1,4,C1,True,0.7633,2026-08-28T08:04:32.334940+00:00,2026-08-28T08:04:34.730848+00:00
567,Intellectual property laws have the effect of converting some goods to scarce goods by law .,15.0,3,B2,3,B2,True,0.5332,2026-08-28T08:04:32.334940+00:00,2026-08-28T08:04:34.730848+00:00
568,Interviews with men and women escorts illuminate gender differences in these escorts ' experiences .,13.0,3,B2,4,C1,False,0.4763,2026-08-28T08:04:32.334940+00:00,2026-08-28T08:04:34.730848+00:00
569,Interviews with men and women escorts show gender differences in these escorts ' experiences .,13.0,3,B2,3,B2,True,0.4485,2026-08-28T08:04:32.334940+00:00,2026-08-28T08:04:34.730848+00:00
570,Is it the area where you lost it ?,8.0,1,A2,1,A2,True,0.911,2026-08-28T08:04:32.334940+00:00,2026-08-28T08:04:34.730848+00:00
571,"Islam also has its own form of Theistic evolution , which says that mainstream scientific analysis of the origin of the universe is supported by the Qur'an .",25.0,3,B2,4,C1,False,0.8228,2026-08-28T08:04:32.334940+00:00,2026-08-28T08:04:34.730848+00:00
572,It 's 10 p. m.,1.0,0,A1,0,A1,True,0.8255,2026-08-28T08:04:32.334940+00:00,2026-08-28T08:04:34.730848+00:00
573,It 's always crowded on Friday nights .,6.0,1,A2,1,A2,True,0.5519,2026-08-28T08:04:32.334940+00:00,2026-08-28T08:04:34.730848+00:00
574,It 's hard to tell if these are my socks or his .,11.0,1,A2,1,A2,True,0.5801,2026-08-28T08:04:32.334940+00:00,2026-08-28T08:04:34.730848+00:00
575,It 's time for you to buy proper gear for running .,10.0,1,A2,2,B1,False,0.5692,2026-08-28T08:04:32.334940+00:00,2026-08-28T08:04:34.730848+00:00
576,It 's time to go .,4.0,1,A2,0,A1,False,0.8124,2026-08-28T08:04:32.334940+00:00,2026-08-28T08:04:34.730848+00:00
577,It 's too hot to sleep .,5.0,1,A2,1,A2,True,0.7788,2026-08-28T08:04:32.334940+00:00,2026-08-28T08:04:34.730848+00:00
578,It affects up to 80 percent of all patients who have had diabetes for 10 years or more .,16.0,3,B2,2,B1,False,0.6612,2026-08-28T08:04:32.334940+00:00,2026-08-28T08:04:34.730848+00:00
579,It can be argued that an interstellar mission which cannot be completed within 50 years should not be started at all .,21.0,3,B2,2,B1,False,0.4283,2026-08-28T08:04:32.334940+00:00,2026-08-28T08:04:34.730848+00:00
580,"It can be made by reacting bromine , sulfur dioxide , and water .",11.0,4,C1,4,C1,True,0.7161,2026-08-28T08:04:32.334940+00:00,2026-08-28T08:04:34.730848+00:00
581,It differs in three ways from the previous report .,9.0,2,B1,2,B1,True,0.6946,2026-08-28T08:04:32.334940+00:00,2026-08-28T08:04:34.730848+00:00
582,It got city rights in 1249 .,5.0,1,A2,1,A2,True,0.889,2026-08-28T08:04:32.334940+00:00,2026-08-28T08:04:34.730848+00:00
583,"It has been published yearly from 1868 to 1875 , and again every year since 1886 .",12.0,2,B1,2,B1,True,0.7123,2026-08-28T08:04:32.334940+00:00,2026-08-28T08:04:34.730848+00:00
584,It is a story about a world where wizards live .,10.0,2,B1,2,B1,True,0.5291,2026-08-28T08:04:32.334940+00:00,2026-08-28T08:04:34.730848+00:00
585,"It is also possible to associate a sign to an angle of rotation in three dimensions , assuming the axis of rotation has been oriented .",24.0,4,C1,4,C1,True,0.4755,2026-08-28T08:04:32.334940+00:00,2026-08-28T08:04:34.730848+00:00
586,It is amazing how far the computers have come in development .,11.0,2,B1,2,B1,True,0.7221,2026-08-28T08:04:32.334940+00:00,2026-08-28T08:04:34.730848+00:00
587,It is commonly observed that schooling fish are particularly in danger of being eaten if they are separated from the school .,21.0,3,B2,3,B2,True,0.5054,2026-08-28T08:04:32.334940+00:00,2026-08-28T08:04:34.730848+00:00
588,It is difficult to describe what we have seen .,9.0,2,B1,1,A2,False,0.7375,2026-08-28T08:04:32.334940+00:00,2026-08-28T08:04:34.730848+00:00
589,It is difficult to see you in pain .,8.0,1,A2,1,A2,True,0.909,2026-08-28T08:04:32.334940+00:00,2026-08-28T08:04:34.730848+00:00
590,It is easily produced by igniting a mixture of zinc and sulfur .,12.0,4,C1,3,B2,False,0.6137,2026-08-28T08:04:32.334940+00:00,2026-08-28T08:04:34.730848+00:00
591,It is good to be friends with Andrea again .,9.0,2,B1,1,A2,False,0.5425,2026-08-28T08:04:32.334940+00:00,2026-08-28T08:04:34.730848+00:00
592,It is often difficult to know how to tell if someone is lying or not .,15.0,2,B1,2,B1,True,0.815,2026-08-28T08:04:32.334940+00:00,2026-08-28T08:04:34.730848+00:00
593,It is possible to use rounded arithmetic to evaluate the exact value of a function with a discrete domain and range .,21.0,3,B2,4,C1,False,0.615,2026-08-28T08:04:32.334940+00:00,2026-08-28T08:04:34.730848+00:00
594,It is the most common tick - borne infection in the United States .,12.0,3,B2,3,B2,True,0.5388,2026-08-28T08:04:32.334940+00:00,2026-08-28T08:04:34.730848+00:00
595,It is where a wrestler delivers an overpowering open - hand slap to their opponent .,14.0,3,B2,4,C1,False,0.771,2026-08-28T08:04:32.334940+00:00,2026-08-28T08:04:34.730848+00:00
596,"It showed that 5,308,483 people were living in the United States , of whom 893,602 were slaves .",14.0,2,B1,2,B1,True,0.6446,2026-08-28T08:04:32.334940+00:00,2026-08-28T08:04:34.730848+00:00
597,It took me a while to understand what he said .,10.0,2,B1,1,A2,False,0.5267,2026-08-28T08:04:32.334940+00:00,2026-08-28T08:04:34.730848+00:00
598,It was a time when we did n't have to lock our doors at night .,14.0,2,B1,1,A2,False,0.6885,2026-08-28T08:04:32.334940+00:00,2026-08-28T08:04:34.730848+00:00
599,It was built in 1718 but destroyed by an earthquake a short time later .,13.0,1,A2,2,B1,False,0.7205,2026-08-28T08:04:32.334940+00:00,2026-08-28T08:04:34.730848+00:00
600,It was designed by an artist .,6.0,1,A2,1,A2,True,0.822,2026-08-28T08:04:32.334940+00:00,2026-08-28T08:04:34.730848+00:00
601,"It was reported that three people were killed on the ground level , four in the synagogue 's basement and at least one other person died in the building .",27.0,4,C1,3,B2,False,0.5918,2026-08-28T08:04:32.334940+00:00,2026-08-28T08:04:34.730848+00:00
602,It was something which appeared to be safe at the time .,11.0,2,B1,2,B1,True,0.7191,2026-08-28T08:04:32.334940+00:00,2026-08-28T08:04:34.730848+00:00
603,It was summer when I saw her again .,8.0,1,A2,1,A2,True,0.8499,2026-08-28T08:04:32.334940+00:00,2026-08-28T08:04:34.730848+00:00
604,It was supposed that he possessed a spiritual healing power against snake bites .,13.0,3,B2,3,B2,True,0.5876,2026-08-28T08:04:32.334940+00:00,2026-08-28T08:04:34.730848+00:00
605,It was that time when you got sick .,8.0,1,A2,1,A2,True,0.9066,2026-08-28T08:04:32.334940+00:00,2026-08-28T08:04:34.730848+00:00
606,"It will be April soon , so I will finally get to see beautiful cherry blossom trees .",16.0,1,A2,2,B1,False,0.5297,2026-08-28T08:04:32.334940+00:00,2026-08-28T08:04:34.730848+00:00
607,Jack sent his parents two suitcases full of clothes before coming home from university with another suitcase .,17.0,2,B1,3,B2,False,0.5337,2026-08-28T08:04:32.334940+00:00,2026-08-28T08:04:34.730848+00:00
608,James wanted nothing to do with Melissa .,7.0,1,A2,2,B1,False,0.5039,2026-08-28T08:04:32.334940+00:00,2026-08-28T08:04:34.730848+00:00
609,Jamie really liked Felicia 's floral blouse .,6.0,3,B2,1,A2,False,0.4002,2026-08-28T08:04:32.334940+00:00,2026-08-28T08:04:34.730848+00:00
610,Japan has had more than one system for designating years .,10.0,3,B2,2,B1,False,0.4403,2026-08-28T08:04:32.334940+00:00,2026-08-28T08:04:34.730848+00:00
611,"Japan is divided into 47 prefectures , each overseen by an elected governor , legislature and administrative bureaucracy .",15.0,4,C1,4,C1,True,0.8618,2026-08-28T08:04:32.334940+00:00,2026-08-28T08:04:34.730848+00:00
612,Japan was the first country to build dedicated railway lines for high-speed travel .,14.0,2,B1,2,B1,True,0.6909,2026-08-28T08:04:32.334940+00:00,2026-08-28T08:04:34.730848+00:00
613,Japan was the first country to build railway lines for high speed travel .,13.0,2,B1,2,B1,True,0.9217,2026-08-28T08:04:32.334940+00:00,2026-08-28T08:04:34.730848+00:00
614,Japanese has a long history of borrowing words from other languages .,11.0,2,B1,2,B1,True,0.5076,2026-08-28T08:04:32.334940+00:00,2026-08-28T08:04:34.730848+00:00
615,Japanese radio intercepts did notice an increase in both American submarine activity and message traffic .,15.0,3,B2,3,B2,True,0.6545,2026-08-28T08:04:32.334940+00:00,2026-08-28T08:04:34.730848+00:00
616,Jess told us she knew where to find the best doctor .,11.0,2,B1,2,B1,True,0.5668,2026-08-28T08:04:32.334940+00:00,2026-08-28T08:04:34.730848+00:00
617,Jet aircraft can fly at the speed of sound .,9.0,2,B1,2,B1,True,0.8481,2026-08-28T08:04:32.334940+00:00,2026-08-28T08:04:34.730848+00:00
618,Jill was always excited to eat melons .,7.0,1,A2,2,B1,False,0.558,2026-08-28T08:04:32.334940+00:00,2026-08-28T08:04:34.730848+00:00
619,Juvenile birds do not have the white patches on either side of the neck .,14.0,2,B1,3,B2,False,0.4765,2026-08-28T08:04:32.334940+00:00,2026-08-28T08:04:34.730848+00:00
620,Kart racing is generally accepted as the most economic form of motorsport available .,13.0,2,B1,4,C1,False,0.6861,2026-08-28T08:04:32.334940+00:00,2026-08-28T08:04:34.730848+00:00
621,Kart racing is generally accepted as the most economic form of motorsport available on four wheels .,16.0,2,B1,3,B2,False,0.589,2026-08-28T08:04:32.334940+00:00,2026-08-28T08:04:34.730848+00:00
622,Katsue 's birthday is September 8th .,4.0,0,A1,1,A2,False,0.5054,2026-08-28T08:04:32.334940+00:00,2026-08-28T08:04:34.730848+00:00
623,Knockouts are accomplished through a variety of techniques .,8.0,3,B2,3,B2,True,0.396,2026-08-28T08:04:32.334940+00:00,2026-08-28T08:04:34.730848+00:00
624,Kumquats are much hardier than citrus plants such as oranges .,10.0,3,B2,4,C1,False,0.9042,2026-08-28T08:04:32.334940+00:00,2026-08-28T08:04:34.730848+00:00
625,Kwanzaa is a celebration with its roots in the black nationalist movement of the 1960s .,14.0,3,B2,3,B2,True,0.5553,2026-08-28T08:04:32.334940+00:00,2026-08-28T08:04:34.730848+00:00
626,Land snails are an especially important food item when drought or hard weather makes it hard to find other food .,20.0,3,B2,3,B2,True,0.58,2026-08-28T08:04:32.334940+00:00,2026-08-28T08:04:34.730848+00:00
627,"Large died of cancer in New York City on October 28 , 2017 at the age of 74 .",14.0,2,B1,1,A2,False,0.8924,2026-08-28T08:04:32.334940+00:00,2026-08-28T08:04:34.730848+00:00
628,Larger code size can be used to increase program speed when using .,12.0,2,B1,2,B1,True,0.6709,2026-08-28T08:04:32.334940+00:00,2026-08-28T08:04:34.730848+00:00
629,Larra lived long enough to prove himself a great prose-writer during the 19th century .,14.0,3,B2,3,B2,True,0.4618,2026-08-28T08:04:32.334940+00:00,2026-08-28T08:04:34.730848+00:00
630,Larry claims he saw an eagle .,6.0,2,B1,1,A2,False,0.6592,2026-08-28T08:04:32.334940+00:00,2026-08-28T08:04:34.730848+00:00
631,Late complications happen later on after FGM is done .,9.0,3,B2,3,B2,True,0.66,2026-08-28T08:04:32.334940+00:00,2026-08-28T08:04:34.730848+00:00
632,"Late in the 19th century , after the invention of telephones and microphones , the electric hearing aids was created .",17.0,2,B1,3,B2,False,0.4712,2026-08-28T08:04:32.334940+00:00,2026-08-28T08:04:34.730848+00:00
633,Latin was the most important language in most of Europe in the Middle Ages .,14.0,2,B1,2,B1,True,0.6648,2026-08-28T08:04:32.334940+00:00,2026-08-28T08:04:34.730848+00:00
634,"Leaving Paris shortly before World War I , he returned to his father 's house , but was denied support .",17.0,2,B1,2,B1,True,0.6772,2026-08-28T08:04:32.334940+00:00,2026-08-28T08:04:34.730848+00:00
635,Let 's eat fish as many times as possible .,8.0,1,A2,1,A2,True,0.6472,2026-08-28T08:04:32.334940+00:00,2026-08-28T08:04:34.730848+00:00
636,Let me know what you think is the best way to handle this situation .,14.0,1,A2,2,B1,False,0.9024,2026-08-28T08:04:32.334940+00:00,2026-08-28T08:04:34.730848+00:00
637,"Like many eastern spices , pepper was historically both a seasoning and a folk medicine .",14.0,2,B1,3,B2,False,0.5149,2026-08-28T08:04:32.334940+00:00,2026-08-28T08:04:34.730848+00:00
638,"Like many other plants , some palms are in danger of dying out because of human activity .",16.0,3,B2,3,B2,True,0.634,2026-08-28T08:04:32.334940+00:00,2026-08-28T08:04:34.730848+00:00
639,"Like other reptiles , turtles lay eggs which are slightly soft and leathery .",12.0,3,B2,4,C1,False,0.6592,2026-08-28T08:04:32.334940+00:00,2026-08-28T08:04:34.730848+00:00
640,Limestone is often used in cement .,6.0,1,A2,2,B1,False,0.7869,2026-08-28T08:04:32.334940+00:00,2026-08-28T08:04:34.730848+00:00
641,Lina likes collecting postcards .,4.0,2,B1,1,A2,False,0.2956,2026-08-28T08:04:32.334940+00:00,2026-08-28T08:04:34.730848+00:00
642,Lithium carbonate is an important industrial chemical .,7.0,3,B2,4,C1,False,0.7488,2026-08-28T08:04:32.334940+00:00,2026-08-28T08:04:34.730848+00:00
643,Lithium oxide is very corrosive .,5.0,4,C1,4,C1,True,0.5691,2026-08-28T08:04:32.334940+00:00,2026-08-28T08:04:34.730848+00:00
644,Little is known about his life .,6.0,1,A2,1,A2,True,0.8735,2026-08-28T08:04:32.334940+00:00,2026-08-28T08:04:34.730848+00:00
645,Llullaillaco is a stratovolcano which rises 2200 m above the surrounding terrain .,11.0,2,B1,4,C1,False,0.9003,2026-08-28T08:04:32.334940+00:00,2026-08-28T08:04:34.730848+00:00
646,Logic is the study of reasoning and argument .,8.0,3,B2,2,B1,False,0.6211,2026-08-28T08:04:32.334940+00:00,2026-08-28T08:04:34.730848+00:00
647,Lots of sports have a goalie .,6.0,0,A1,2,B1,False,0.787,2026-08-28T08:04:32.334940+00:00,2026-08-28T08:04:34.730848+00:00
648,Louvers are rarely seen as primary design elements in the language of modern architecture .,14.0,3,B2,3,B2,True,0.6031,2026-08-28T08:04:32.334940+00:00,2026-08-28T08:04:34.730848+00:00
649,Lynx prey largely on small to fairly large sized mammals and birds .,12.0,3,B2,3,B2,True,0.602,2026-08-28T08:04:32.334940+00:00,2026-08-28T08:04:34.730848+00:00
650,Lynx prey mostly on small to fairly large sized mammals and birds .,12.0,2,B1,3,B2,False,0.6365,2026-08-28T08:04:32.334940+00:00,2026-08-28T08:04:34.730848+00:00
651,M82 has undergone at least one tidal encounter with M81 resulting in a large amount of gas being funneled into the galaxy 's core over the last 200 Myr .,25.0,4,C1,4,C1,True,0.6584,2026-08-28T08:04:32.334940+00:00,2026-08-28T08:04:34.730848+00:00
652,"Mab is heavily perturbed , meaning its movement is not only caused by the gravity of another large thing .",18.0,4,C1,3,B2,False,0.5578,2026-08-28T08:04:32.334940+00:00,2026-08-28T08:04:34.730848+00:00
653,Mab is heavily perturbed .,4.0,4,C1,1,A2,False,0.4564,2026-08-28T08:04:32.334940+00:00,2026-08-28T08:04:34.730848+00:00
654,Magnesium sulfate is used as a brewing salt in beer .,10.0,3,B2,3,B2,True,0.5157,2026-08-28T08:04:32.334940+00:00,2026-08-28T08:04:34.730848+00:00
655,"Male convicts got paid for being servants or farm workers to free settlers , or in work groups on public works .",20.0,4,C1,3,B2,False,0.5489,2026-08-28T08:04:32.334940+00:00,2026-08-28T08:04:34.730848+00:00
656,Mammalian stem cells differentiate into several kinds of blood cell within the bone marrow .,14.0,4,C1,4,C1,True,0.8458,2026-08-28T08:04:32.334940+00:00,2026-08-28T08:04:34.730848+00:00
657,Manganese is a silvery - gray metal and is part of the group known as the transition metals .,17.0,4,C1,4,C1,True,0.5311,2026-08-28T08:04:32.334940+00:00,2026-08-28T08:04:34.730848+00:00
658,Many bird songs are so specific that they can be used for species identification .,14.0,3,B2,2,B1,False,0.5261,2026-08-28T08:04:32.334940+00:00,2026-08-28T08:04:34.730848+00:00
659,Many course themes recur throughout the series .,7.0,3,B2,3,B2,True,0.7406,2026-08-28T08:04:32.334940+00:00,2026-08-28T08:04:34.730848+00:00
660,Many forms of amnesia fix themselves without being treated .,9.0,3,B2,3,B2,True,0.5184,2026-08-28T08:04:32.334940+00:00,2026-08-28T08:04:34.730848+00:00
661,Many groups from India have set up training camps in the southern part of the country .,16.0,2,B1,2,B1,True,0.6551,2026-08-28T08:04:32.334940+00:00,2026-08-28T08:04:34.730848+00:00
662,Many island rails are flightless because on a small island without threatening predators they do not need to fly or move long distances .,23.0,3,B2,4,C1,False,0.5097,2026-08-28T08:04:32.334940+00:00,2026-08-28T08:04:34.730848+00:00
663,Many novels of great length have chapters .,7.0,2,B1,2,B1,True,0.8271,2026-08-28T08:04:32.334940+00:00,2026-08-28T08:04:34.730848+00:00
664,"Many of Bad Religion 's songs are about different social ills , although they try not to ascribe the causes of these ills to any single person or group .",27.0,3,B2,3,B2,True,0.8206,2026-08-28T08:04:32.334940+00:00,2026-08-28T08:04:34.730848+00:00
665,"Many of Bad Religion 's songs are about what they think are social problems , but they do not blame causes of these problems to any single person or group .",28.0,3,B2,2,B1,False,0.5857,2026-08-28T08:04:32.334940+00:00,2026-08-28T08:04:34.730848+00:00
666,Many people argue about what makes up the mind .,9.0,2,B1,2,B1,True,0.5039,2026-08-28T08:04:32.334940+00:00,2026-08-28T08:04:34.730848+00:00
667,Many people believe that all marks or stains can be removed by dry cleaning .,14.0,3,B2,2,B1,False,0.5124,2026-08-28T08:04:32.334940+00:00,2026-08-28T08:04:34.730848+00:00
668,Many people recognize the house where Hagrid took Harry Potter to live after his parents were killed .,17.0,2,B1,3,B2,False,0.5455,2026-08-28T08:04:32.334940+00:00,2026-08-28T08:04:34.730848+00:00
669,Many people with HIV do not know they have it .,10.0,2,B1,1,A2,False,0.6992,2026-08-28T08:04:32.334940+00:00,2026-08-28T08:04:34.730848+00:00
670,Many products are made from plant sap .,7.0,3,B2,2,B1,False,0.6668,2026-08-28T08:04:32.334940+00:00,2026-08-28T08:04:34.730848+00:00
671,Many professional teams have several coaches .,6.0,2,B1,2,B1,True,0.8124,2026-08-28T08:04:32.334940+00:00,2026-08-28T08:04:34.730848+00:00
672,"Many small organisms such as rotifers , copepods and flatworms use such organs , but these are too small to produce usable images .",21.0,4,C1,4,C1,True,0.865,2026-08-28T08:04:32.334940+00:00,2026-08-28T08:04:34.730848+00:00
673,Many things were broken .,4.0,1,A2,1,A2,True,0.961,2026-08-28T08:04:32.334940+00:00,2026-08-28T08:04:34.730848+00:00
674,Many visual novels use voice actors to provide voices for the characters in the game .,15.0,2,B1,2,B1,True,0.5545,2026-08-28T08:04:32.334940+00:00,2026-08-28T08:04:34.730848+00:00
675,"Masonry is commonly used for the walls of buildings , retaining walls and monuments .",13.0,3,B2,3,B2,True,0.453,2026-08-28T08:04:32.334940+00:00,2026-08-28T08:04:34.730848+00:00
676,Matches may also be played on Tuesdays or Wednesdays instead of the regular Thursdays due to scheduling conflicts .,18.0,2,B1,4,C1,False,0.5766,2026-08-28T08:04:32.334940+00:00,2026-08-28T08:04:34.730848+00:00
677,Matches where also be played on Tuesdays or Wednesdays instead of the normal Thursdays due to scheduling conflicts .,18.0,2,B1,3,B2,False,0.4582,2026-08-28T08:04:32.334940+00:00,2026-08-28T08:04:34.730848+00:00
678,"Mature kauri trees have large trunks , forming a bole with little or no branching below the crown .",17.0,4,C1,3,B2,False,0.4881,2026-08-28T08:04:32.334940+00:00,2026-08-28T08:04:34.730848+00:00
679,May I join you ?,4.0,0,A1,1,A2,False,0.5462,2026-08-28T08:04:32.334940+00:00,2026-08-28T08:04:34.730848+00:00
680,May I speak with your boss ?,6.0,1,A2,1,A2,True,0.7537,2026-08-28T08:04:32.334940+00:00,2026-08-28T08:04:34.730848+00:00
681,McAlpine died on 4 March 2018 at the age of 81 .,8.0,0,A1,0,A1,True,0.891,2026-08-28T08:04:32.334940+00:00,2026-08-28T08:04:34.730848+00:00
682,Medical testing for sexually transmitted infections is important for prevention .,10.0,3,B2,3,B2,True,0.6272,2026-08-28T08:04:32.334940+00:00,2026-08-28T08:04:34.730848+00:00
683,Mehr was then nominated by the Prime Minister to serve as the Minister of Finance .,15.0,3,B2,3,B2,True,0.561,2026-08-28T08:04:32.334940+00:00,2026-08-28T08:04:34.730848+00:00
684,Messier 49 has the radio emission of a normal galaxy .,9.0,2,B1,4,C1,False,0.534,2026-08-28T08:04:32.334940+00:00,2026-08-28T08:04:34.730848+00:00
685,Metamorphic minerals are those that form only at the high temperatures and pressures of metamorphism .,15.0,4,C1,4,C1,True,0.7719,2026-08-28T08:04:32.334940+00:00,2026-08-28T08:04:34.730848+00:00
686,Metics shared the burdens of citizenship without any of its privileges .,11.0,3,B2,4,C1,False,0.7113,2026-08-28T08:04:32.334940+00:00,2026-08-28T08:04:34.730848+00:00
687,"Mice are very afraid of cats , but cats are very afraid of dogs .",13.0,2,B1,2,B1,True,0.6593,2026-08-28T08:04:32.334940+00:00,2026-08-28T08:04:34.730848+00:00
688,Microsoft has lost a lot of customers .,7.0,1,A2,2,B1,False,0.6415,2026-08-28T08:04:32.334940+00:00,2026-08-28T08:04:34.730848+00:00
689,"Military decorations , service awards , and medals are often mistakenly confused with one another .",13.0,3,B2,3,B2,True,0.5651,2026-08-28T08:04:32.334940+00:00,2026-08-28T08:04:34.730848+00:00
690,"Militia members generally do not have access to women , so boys are sometimes kidnapped to be humiliated and raped by adult men .",22.0,3,B2,3,B2,True,0.4965,2026-08-28T08:04:32.334940+00:00,2026-08-28T08:04:34.730848+00:00
691,Millions of people were in lines over a three - day voting period .,12.0,3,B2,2,B1,False,0.8186,2026-08-28T08:04:32.334940+00:00,2026-08-28T08:04:34.730848+00:00
692,Minerals are naturally occurring solids formed through various geological processes under high pressures .,13.0,3,B2,4,C1,False,0.722,2026-08-28T08:04:32.334940+00:00,2026-08-28T08:04:34.730848+00:00
693,Modern exact cladistic analyses have not been conclusive .,8.0,4,C1,4,C1,True,0.8135,2026-08-28T08:04:32.334940+00:00,2026-08-28T08:04:34.730848+00:00
694,"Modern psychiatric hospitals evolved from , and eventually replaced the older lunatic asylums .",12.0,4,C1,4,C1,True,0.6203,2026-08-28T08:04:32.334940+00:00,2026-08-28T08:04:34.730848+00:00
695,Modern video cameras have numerous designs and uses .,8.0,2,B1,3,B2,False,0.4943,2026-08-28T08:04:32.334940+00:00,2026-08-28T08:04:34.730848+00:00
696,Monkeys are sometimes used for scientific studies .,7.0,2,B1,3,B2,False,0.5282,2026-08-28T08:04:32.334940+00:00,2026-08-28T08:04:34.730848+00:00
697,"Monsters will talk with players during the battles , and the game will tell the players what the monster 's feelings and actions are .",22.0,2,B1,2,B1,True,0.5581,2026-08-28T08:04:32.334940+00:00,2026-08-28T08:04:34.730848+00:00
698,"Morenz died from complications of a broken leg , an injury he suffered in a game .",15.0,3,B2,3,B2,True,0.3845,2026-08-28T08:04:32.334940+00:00,2026-08-28T08:04:34.730848+00:00
699,Most American judges were once lawyers .,6.0,2,B1,2,B1,True,0.5955,2026-08-28T08:04:32.334940+00:00,2026-08-28T08:04:34.730848+00:00
700,Most Old World Warblers are of generally unseparate appearances .,9.0,4,C1,3,B2,False,0.6464,2026-08-28T08:04:32.334940+00:00,2026-08-28T08:04:34.730848+00:00
701,Most coins of later series have specific commemorative topics and are usually made of precious metal .,16.0,3,B2,3,B2,True,0.7657,2026-08-28T08:04:32.334940+00:00,2026-08-28T08:04:34.730848+00:00
702,Most dolmen constructions they were build using stone slabs of big dimensions .,12.0,4,C1,3,B2,False,0.5563,2026-08-28T08:04:32.334940+00:00,2026-08-28T08:04:34.730848+00:00
703,Most of Europe lies in temperate climate zones .,8.0,3,B2,3,B2,True,0.4824,2026-08-28T08:04:32.334940+00:00,2026-08-28T08:04:34.730848+00:00
704,Most people infected with trichomonas vaginalis do not have any symptoms and can be undetected for years .,17.0,3,B2,3,B2,True,0.5074,2026-08-28T08:04:32.334940+00:00,2026-08-28T08:04:34.730848+00:00
705,Most species eat small invertebrates picked out of mud or exposed soil .,12.0,3,B2,3,B2,True,0.4704,2026-08-28T08:04:32.334940+00:00,2026-08-28T08:04:34.730848+00:00
706,"Most thinking in genetics has focused upon vertical transfer , but the importance of horizontal gene transfer among single -cell organisms is beginning to be acknowledged .",24.0,4,C1,3,B2,False,0.681,2026-08-28T08:04:32.334940+00:00,2026-08-28T08:04:34.730848+00:00
707,"Mostly songs in this album are smooth , some speed .",9.0,2,B1,2,B1,True,0.7016,2026-08-28T08:04:32.334940+00:00,2026-08-28T08:04:34.730848+00:00
708,Mother sends you her love .,5.0,1,A2,1,A2,True,0.8563,2026-08-28T08:04:32.334940+00:00,2026-08-28T08:04:34.730848+00:00
709,Mother was happy to finally get a new dog after Daisy died .,12.0,1,A2,2,B1,False,0.7247,2026-08-28T08:04:32.334940+00:00,2026-08-28T08:04:34.730848+00:00
710,Mrs. Jones said she moved because she wanted to live in the city .,12.0,2,B1,1,A2,False,0.5596,2026-08-28T08:04:32.334940+00:00,2026-08-28T08:04:34.730848+00:00
711,Much of the owls ' hunting strategy depends on stealth and surprise .,11.0,3,B2,3,B2,True,0.6096,2026-08-28T08:04:32.334940+00:00,2026-08-28T08:04:34.730848+00:00
712,"Much of the plumbing work in populated areas is regulated by government or quasi-government agencies due to the direct impact on the public 's health , safety , and welfare .",28.0,4,C1,4,C1,True,0.5682,2026-08-28T08:04:32.334940+00:00,2026-08-28T08:04:34.730848+00:00
713,Mud splashed by our boots made a mess .,8.0,3,B2,2,B1,False,0.6564,2026-08-28T08:04:32.334940+00:00,2026-08-28T08:04:34.730848+00:00
714,Multi-use tickets allow a passenger to travel more than once .,11.0,2,B1,2,B1,True,0.8128,2026-08-28T08:04:32.334940+00:00,2026-08-28T08:04:34.730848+00:00
715,Muons are unstable elementary particles and are heavier than electrons and neutrinos but lighter than all other particles .,18.0,4,C1,4,C1,True,0.8614,2026-08-28T08:04:32.334940+00:00,2026-08-28T08:04:34.730848+00:00
716,Muscadine berries are bronze to dark purple to black in color when ripe .,13.0,4,C1,3,B2,False,0.5191,2026-08-28T08:04:32.334940+00:00,2026-08-28T08:04:34.730848+00:00
717,Mutoh is credited as one of the first Japanese wrestlers to achieve a fan base outside of his native Japan .,20.0,3,B2,4,C1,False,0.5027,2026-08-28T08:04:32.334940+00:00,2026-08-28T08:04:34.730848+00:00
718,My bike was stolen !,4.0,1,A2,1,A2,True,0.9668,2026-08-28T08:04:32.334940+00:00,2026-08-28T08:04:34.730848+00:00
719,My boyfriend showed me what to buy for my ski trip .,11.0,2,B1,1,A2,False,0.6898,2026-08-28T08:04:32.334940+00:00,2026-08-28T08:04:34.730848+00:00
720,My complaining son annoyed me this morning .,7.0,2,B1,2,B1,True,0.459,2026-08-28T08:04:32.334940+00:00,2026-08-28T08:04:34.730848+00:00
721,My husband works hard .,4.0,0,A1,1,A2,False,0.9757,2026-08-28T08:04:32.334940+00:00,2026-08-28T08:04:34.730848+00:00
722,My mother - in- law died three years ago .,7.0,1,A2,1,A2,True,0.8,2026-08-28T08:04:32.334940+00:00,2026-08-28T08:04:34.730848+00:00
723,My mother would have told me if she thought there was something I should know .,15.0,2,B1,2,B1,True,0.6653,2026-08-28T08:04:32.334940+00:00,2026-08-28T08:04:34.730848+00:00
724,My renewed application was denied .,5.0,3,B2,2,B1,False,0.85,2026-08-28T08:04:32.334940+00:00,2026-08-28T08:04:34.730848+00:00
725,My son loves to read travel books and dream about going to exotic places .,14.0,3,B2,2,B1,False,0.4569,2026-08-28T08:04:32.334940+00:00,2026-08-28T08:04:34.730848+00:00
726,My tooth is loose .,4.0,1,A2,1,A2,True,0.6899,2026-08-28T08:04:32.334940+00:00,2026-08-28T08:04:34.730848+00:00
727,"Mycorrhizal plants are often more resistant to diseases , such as those caused by microbial soil- borne pathogens , and are also more resistant to the effects of drought .",26.0,4,C1,4,C1,True,0.8869,2026-08-28T08:04:32.334940+00:00,2026-08-28T08:04:34.730848+00:00
728,NSAIDs are the usual first-line treatment for gout .,9.0,3,B2,3,B2,True,0.3978,2026-08-28T08:04:32.334940+00:00,2026-08-28T08:04:34.730848+00:00
729,"Neutrophils are the most abundant type of white blood cells in mammals , 70 % of leukocytes .",14.0,4,C1,4,C1,True,0.7838,2026-08-28T08:04:32.334940+00:00,2026-08-28T08:04:34.730848+00:00
730,New Zealand is a constitutional monarchy and parliamentary democracy .,9.0,4,C1,3,B2,False,0.5255,2026-08-28T08:04:32.334940+00:00,2026-08-28T08:04:34.730848+00:00
731,"New species have been created by domesticated animal husbandry , but the initial dates and methods are not clear .",18.0,3,B2,3,B2,True,0.545,2026-08-28T08:04:32.334940+00:00,2026-08-28T08:04:34.730848+00:00
732,Newspaper 's revenue from classifieds advertisements is decreasing continually as internet classifieds grow .,12.0,3,B2,4,C1,False,0.7699,2026-08-28T08:04:32.334940+00:00,2026-08-28T08:04:34.730848+00:00
733,Nitrogen dioxide is normally made by oxidation of nitric oxide by oxygen in air .,14.0,4,C1,4,C1,True,0.8626,2026-08-28T08:04:32.334940+00:00,2026-08-28T08:04:34.730848+00:00
734,No one was able to eat their dinners knowing the girls were lost outside in the cold .,17.0,2,B1,2,B1,True,0.7891,2026-08-28T08:04:32.334940+00:00,2026-08-28T08:04:34.730848+00:00
735,No terrestrial globes from Antiquity or the Middle Ages have survived .,11.0,4,C1,4,C1,True,0.4424,2026-08-28T08:04:32.334940+00:00,2026-08-28T08:04:34.730848+00:00
736,None of them recognized the song playing in the restaurant .,10.0,2,B1,2,B1,True,0.5638,2026-08-28T08:04:32.334940+00:00,2026-08-28T08:04:34.730848+00:00
737,Not all adults are always correct in what they do or say .,12.0,1,A2,2,B1,False,0.6841,2026-08-28T08:04:32.334940+00:00,2026-08-28T08:04:34.730848+00:00
738,Not all flowers with multiple ovaries form aggregate fruit ; the ovaries of some flowers do not become tightly joined together to make a larger fruit .,25.0,4,C1,4,C1,True,0.5079,2026-08-28T08:04:32.334940+00:00,2026-08-28T08:04:34.730848+00:00
739,Not all flowers with multiple ovaries grow into aggregate fruit ; the ovaries of some flowers do not become tightly joined together to make a larger fruit .,26.0,3,B2,4,C1,False,0.5598,2026-08-28T08:04:32.334940+00:00,2026-08-28T08:04:34.730848+00:00
740,Not all of the students in my art class can draw .,11.0,2,B1,1,A2,False,0.5137,2026-08-28T08:04:32.334940+00:00,2026-08-28T08:04:34.730848+00:00
741,Not every poison has an antidote .,6.0,4,C1,2,B1,False,0.7704,2026-08-28T08:04:32.334940+00:00,2026-08-28T08:04:34.730848+00:00
742,"Not only did nimravids exhibit diverse dentition , but they also showed the same diversity in size and morphology as cats .",20.0,4,C1,4,C1,True,0.8177,2026-08-28T08:04:32.334940+00:00,2026-08-28T08:04:34.730848+00:00
743,Notable features of the design include key-dependent S-boxes and a highly complex key schedule .,16.0,3,B2,3,B2,True,0.629,2026-08-28T08:04:32.334940+00:00,2026-08-28T08:04:34.730848+00:00
744,Note that the description of a device as either input or output depends on how it is viewed .,18.0,2,B1,2,B1,True,0.6454,2026-08-28T08:04:32.334940+00:00,2026-08-28T08:04:34.730848+00:00
745,"Now , laser engraving machines are being made and even today the mechanical cutting has proven its strength in economical terms and quality .",22.0,4,C1,3,B2,False,0.7194,2026-08-28T08:04:32.334940+00:00,2026-08-28T08:04:34.730848+00:00
746,"Nowadays , the German influence in the State of Santa Catarina is still very strong .",14.0,2,B1,3,B2,False,0.6557,2026-08-28T08:04:32.334940+00:00,2026-08-28T08:04:34.730848+00:00
747,"Occasionally in ancient times , writings were attributed to celebrated authors but were not written by them .",16.0,2,B1,3,B2,False,0.5597,2026-08-28T08:04:32.334940+00:00,2026-08-28T08:04:34.730848+00:00
748,"Ockeghem was not a composer who wrote lots of music , but it is hard to tell as some of it might have got lost .",24.0,3,B2,3,B2,True,0.4621,2026-08-28T08:04:32.334940+00:00,2026-08-28T08:04:34.730848+00:00
749,"Of particular interest to astrobiology is the habitable zone of planetary systems where planets could have surface liquid water , and thus the capacity to harbor Earth - like life .",28.0,4,C1,4,C1,True,0.7163,2026-08-28T08:04:32.334940+00:00,2026-08-28T08:04:34.730848+00:00
750,"Officially , the Indian rupee has a market- determined exchange rate .",9.0,3,B2,3,B2,True,0.5736,2026-08-28T08:04:32.334940+00:00,2026-08-28T08:04:34.730848+00:00
751,"Officially , the Indian rupee has a market-set exchange rate .",10.0,3,B2,3,B2,True,0.4773,2026-08-28T08:04:32.334940+00:00,2026-08-28T08:04:34.730848+00:00
752,"Often , different people want different trophic states .",7.0,3,B2,3,B2,True,0.653,2026-08-28T08:04:32.334940+00:00,2026-08-28T08:04:34.730848+00:00
753,"Often , the desired trophic index differs between stakeholders .",8.0,3,B2,4,C1,False,0.6182,2026-08-28T08:04:32.334940+00:00,2026-08-28T08:04:34.730848+00:00
754,"Oll , who was married , fell into severe depressions after he divorced .",11.0,2,B1,2,B1,True,0.5421,2026-08-28T08:04:32.334940+00:00,2026-08-28T08:04:34.730848+00:00
755,"On 25 September 2017 , he was hospitalized due to liver failure .",9.0,3,B2,2,B1,False,0.515,2026-08-28T08:04:32.334940+00:00,2026-08-28T08:04:34.730848+00:00
756,"On 28 December , after eight days of fighting , the depleted German troops finally withdrew from the town .",16.0,3,B2,3,B2,True,0.6375,2026-08-28T08:04:32.334940+00:00,2026-08-28T08:04:34.730848+00:00
757,"On 6 and 7 September 2013 , double international games between Sweden and Finland were played inside .",13.0,2,B1,2,B1,True,0.5074,2026-08-28T08:04:32.334940+00:00,2026-08-28T08:04:34.730848+00:00
758,"On 8 July 1680 , Hooke observed the nodal patterns associated with the mode of vibration of glass plates .",16.0,3,B2,4,C1,False,0.5411,2026-08-28T08:04:32.334940+00:00,2026-08-28T08:04:34.730848+00:00
759,"On 8 July 1680 , Hooke observed the nodal patterns associated with the modes of vibration of glass plates .",16.0,3,B2,4,C1,False,0.54,2026-08-28T08:04:32.334940+00:00,2026-08-28T08:04:34.730848+00:00
760,"On April 3 , 2005 , Blight disappeared .",4.0,1,A2,1,A2,True,0.711,2026-08-28T08:04:32.334940+00:00,2026-08-28T08:04:34.730848+00:00
761,"On Friday , drivers had a 45 - minute free practice session and a 30 - minute qualifying session .",14.0,2,B1,3,B2,False,0.6435,2026-08-28T08:04:32.334940+00:00,2026-08-28T08:04:34.730848+00:00
762,"On January 17 , 1995 a very powerful earthquake hit the city .",9.0,2,B1,2,B1,True,0.7743,2026-08-28T08:04:32.334940+00:00,2026-08-28T08:04:34.730848+00:00
763,"On January 27 , 1993 , he died of congestive heart failure while he was sleeping in his Paris hotel room .",17.0,3,B2,3,B2,True,0.4274,2026-08-28T08:04:32.334940+00:00,2026-08-28T08:04:34.730848+00:00
764,"On May 15 , 2006 , it was announced that the station is to be redeveloped .",12.0,3,B2,2,B1,False,0.5397,2026-08-28T08:04:32.334940+00:00,2026-08-28T08:04:34.730848+00:00
765,"On each typical episode , a celebrity guest came on the show with a secret .",14.0,2,B1,2,B1,True,0.6486,2026-08-28T08:04:32.334940+00:00,2026-08-28T08:04:34.730848+00:00
766,"On each usual episode , a celebrity guest came on the show with a secret .",14.0,2,B1,2,B1,True,0.7312,2026-08-28T08:04:32.334940+00:00,2026-08-28T08:04:34.730848+00:00
767,"Once he found out what he wanted to know , he never called again .",13.0,2,B1,2,B1,True,0.7967,2026-08-28T08:04:32.334940+00:00,2026-08-28T08:04:34.730848+00:00
768,"Once opened and populated , they typically offer only the most bare - bones of service : a cot and perhaps a bowl of hot soup .",23.0,3,B2,3,B2,True,0.7207,2026-08-28T08:04:32.334940+00:00,2026-08-28T08:04:34.730848+00:00
769,One balances a chemical equation by changing the scalar number for each chemical formula .,14.0,4,C1,4,C1,True,0.4499,2026-08-28T08:04:32.334940+00:00,2026-08-28T08:04:34.730848+00:00
770,One common theory as to how handedness affects the hemispheres is the brain hemisphere division of labor .,17.0,4,C1,4,C1,True,0.7899,2026-08-28T08:04:32.334940+00:00,2026-08-28T08:04:34.730848+00:00
771,One legend says that the ship was doomed because priests were not allowed to board it in the customary manner .,20.0,4,C1,3,B2,False,0.4814,2026-08-28T08:04:32.334940+00:00,2026-08-28T08:04:34.730848+00:00
772,One look at the exam made her feel nervous .,9.0,2,B1,1,A2,False,0.6201,2026-08-28T08:04:32.334940+00:00,2026-08-28T08:04:34.730848+00:00
773,One major function of chaperones is to prevent polypeptide chains and assembled subunits sticking together in clumps which do not function .,21.0,4,C1,4,C1,True,0.8107,2026-08-28T08:04:32.334940+00:00,2026-08-28T08:04:34.730848+00:00
774,"One notable thing of Japanese mythology is that it explains the origin of the Imperial family , and assigned them divinity .",20.0,4,C1,3,B2,False,0.5113,2026-08-28T08:04:32.334940+00:00,2026-08-28T08:04:34.730848+00:00
775,One place they are often seen is on clock faces .,10.0,2,B1,2,B1,True,0.6155,2026-08-28T08:04:32.334940+00:00,2026-08-28T08:04:34.730848+00:00
776,One place they are sometimes seen is on clock faces .,10.0,2,B1,2,B1,True,0.6486,2026-08-28T08:04:32.334940+00:00,2026-08-28T08:04:34.730848+00:00
777,Operators also check clothing for foreign objects before placing them into the machine .,13.0,2,B1,2,B1,True,0.691,2026-08-28T08:04:32.334940+00:00,2026-08-28T08:04:34.730848+00:00
778,Opium poppy cultivation and drug trafficking have important role in the political and economic situation of Afghanistan for last twenty - five years .,22.0,4,C1,3,B2,False,0.6754,2026-08-28T08:04:32.334940+00:00,2026-08-28T08:04:34.730848+00:00
779,Organic synthesis is a special type of chemical synthesis .,9.0,4,C1,3,B2,False,0.5835,2026-08-28T08:04:32.334940+00:00,2026-08-28T08:04:34.730848+00:00
780,"Other distances are sometimes run , particularly indoors .",7.0,2,B1,2,B1,True,0.4341,2026-08-28T08:04:32.334940+00:00,2026-08-28T08:04:34.730848+00:00
781,"Otherwise , companies in France was looking for graduated students with specialized skills , for jobs in key sectors .",17.0,2,B1,3,B2,False,0.5541,2026-08-28T08:04:32.334940+00:00,2026-08-28T08:04:34.730848+00:00
782,Our professor stopped talking when he spotted a student sleeping in class .,12.0,3,B2,1,A2,False,0.4843,2026-08-28T08:04:32.334940+00:00,2026-08-28T08:04:34.730848+00:00
783,Our sun looks yellow .,4.0,0,A1,1,A2,False,0.9486,2026-08-28T08:04:32.334940+00:00,2026-08-28T08:04:34.730848+00:00
784,Overcast days are better for taking photographs .,7.0,2,B1,3,B2,False,0.4071,2026-08-28T08:04:32.334940+00:00,2026-08-28T08:04:34.730848+00:00
785,Oysters are picked up from their muddy beds by dredging .,10.0,3,B2,3,B2,True,0.5787,2026-08-28T08:04:32.334940+00:00,2026-08-28T08:04:34.730848+00:00
786,Parkinson 's disease can cause the brain to not respond .,9.0,2,B1,2,B1,True,0.334,2026-08-28T08:04:32.334940+00:00,2026-08-28T08:04:34.730848+00:00
787,"Passes are synced between iOS devices using iCloud , and OS X 10.8.2 and later also support opening passes to be sent to users ' iOS devices .",24.0,3,B2,4,C1,False,0.4754,2026-08-28T08:04:32.334940+00:00,2026-08-28T08:04:34.730848+00:00
788,Pear trees are usually productive for 50 to 75 years though some still produce fruit after 100 years .,15.0,2,B1,2,B1,True,0.7322,2026-08-28T08:04:32.334940+00:00,2026-08-28T08:04:34.730848+00:00
789,"Peat swamp forests are typically surrounded by lowland rain forests on better- drained soils , and by brackish or salt - water mangrove forests near the coast .",24.0,4,C1,4,C1,True,0.861,2026-08-28T08:04:32.334940+00:00,2026-08-28T08:04:34.730848+00:00
790,People cheering with a loud voice encouraged the runners .,9.0,2,B1,2,B1,True,0.7357,2026-08-28T08:04:32.334940+00:00,2026-08-28T08:04:34.730848+00:00
791,People have been pedicuring nails for over four thousand years .,10.0,3,B2,2,B1,False,0.5763,2026-08-28T08:04:32.334940+00:00,2026-08-28T08:04:34.730848+00:00
792,People whose voices are deep and sonorous often get radio and movie voice work .,14.0,3,B2,3,B2,True,0.5385,2026-08-28T08:04:32.334940+00:00,2026-08-28T08:04:34.730848+00:00
793,"Perjury is considered a serious offense , as it can be used to usurp the power of the courts , resulting in miscarriages of justice .",23.0,4,C1,4,C1,True,0.5974,2026-08-28T08:04:32.334940+00:00,2026-08-28T08:04:34.730848+00:00
794,"Pest control is as old as agriculture , as there has always been a need to keep crops free from pests .",20.0,3,B2,3,B2,True,0.5251,2026-08-28T08:04:32.334940+00:00,2026-08-28T08:04:34.730848+00:00
795,"Pest control is at least as old as agriculture , as there has always been a need to keep crops free from pests .",22.0,3,B2,3,B2,True,0.4737,2026-08-28T08:04:32.334940+00:00,2026-08-28T08:04:34.730848+00:00
796,Pesticides are used to control organisms that are considered to be harmful .,12.0,3,B2,3,B2,True,0.7046,2026-08-28T08:04:32.334940+00:00,2026-08-28T08:04:34.730848+00:00
797,Phosphoric acid is a white solid .,6.0,4,C1,2,B1,False,0.4784,2026-08-28T08:04:32.334940+00:00,2026-08-28T08:04:34.730848+00:00
798,Pi bonds result from overlap of atomic orbitals that are in contact through two areas of overlap .,17.0,3,B2,4,C1,False,0.9006,2026-08-28T08:04:32.334940+00:00,2026-08-28T08:04:34.730848+00:00
799,Pilcher died on 6 February 2019 from a stroke at the age of 94 .,11.0,2,B1,1,A2,False,0.4007,2026-08-28T08:04:32.334940+00:00,2026-08-28T08:04:34.730848+00:00
800,"Pincers , often red-hot , have been used as an instrument of torture since the middle ages or earlier .",18.0,3,B2,3,B2,True,0.566,2026-08-28T08:04:32.334940+00:00,2026-08-28T08:04:34.730848+00:00
801,"Pinnipeds spend many months at a time at sea , so they must sleep in the water .",16.0,2,B1,3,B2,False,0.4327,2026-08-28T08:04:32.334940+00:00,2026-08-28T08:04:34.730848+00:00
802,Pipelining improves performance by allowing a number of instructions to work their way through the processor at the same time .,20.0,2,B1,3,B2,False,0.4971,2026-08-28T08:04:32.334940+00:00,2026-08-28T08:04:34.730848+00:00
803,Pius V died on 1 May 1572 of what is believed to be cancer .,12.0,2,B1,1,A2,False,0.6005,2026-08-28T08:04:32.334940+00:00,2026-08-28T08:04:34.730848+00:00
804,"Plaintext is used as input to an encryption algorithm ; the output is usually termed ciphertext , particularly when the algorithm is a cipher .",22.0,4,C1,4,C1,True,0.8893,2026-08-28T08:04:32.334940+00:00,2026-08-28T08:04:34.730848+00:00
805,Planned economies have sometimes been successful .,6.0,2,B1,2,B1,True,0.6539,2026-08-28T08:04:32.334940+00:00,2026-08-28T08:04:34.730848+00:00
806,Plasma screens are made of two sheets of glass with two gases stored between the sheets .,16.0,3,B2,2,B1,False,0.4852,2026-08-28T08:04:32.334940+00:00,2026-08-28T08:04:34.730848+00:00
807,Please pick up all these things that are scattered all over the floor .,13.0,3,B2,2,B1,False,0.6418,2026-08-28T08:04:32.334940+00:00,2026-08-28T08:04:34.730848+00:00
808,Points were awarded to the top 10 classified finishers .,8.0,2,B1,2,B1,True,0.603,2026-08-28T08:04:32.334940+00:00,2026-08-28T08:04:34.730848+00:00
809,"Politicians are known for their rhetoric , as in speeches or campaign advertisements .",12.0,3,B2,3,B2,True,0.5804,2026-08-28T08:04:32.334940+00:00,2026-08-28T08:04:34.730848+00:00
810,"Politicians have always used language , as in speeches or campaign advertisements .",11.0,3,B2,3,B2,True,0.4746,2026-08-28T08:04:32.334940+00:00,2026-08-28T08:04:34.730848+00:00
811,Polyphenic pigmentation is adaptive for insect species that undergo multiple mating seasons each year .,14.0,4,C1,4,C1,True,0.9406,2026-08-28T08:04:32.334940+00:00,2026-08-28T08:04:34.730848+00:00
812,Potassium ions are vital for the functioning of all living cells .,11.0,4,C1,3,B2,False,0.3693,2026-08-28T08:04:32.334940+00:00,2026-08-28T08:04:34.730848+00:00
813,"Primate nails consist of the unguis alone , as the subunguis has disappeared .",12.0,4,C1,4,C1,True,0.6909,2026-08-28T08:04:32.334940+00:00,2026-08-28T08:04:34.730848+00:00
814,Prime ministers here do n't usually last very long .,8.0,2,B1,2,B1,True,0.5714,2026-08-28T08:04:32.334940+00:00,2026-08-28T08:04:34.730848+00:00
815,"Prior to the start of the season , the divisions of the league were re-aligned to reduce travel costs .",19.0,3,B2,3,B2,True,0.6599,2026-08-28T08:04:32.334940+00:00,2026-08-28T08:04:34.730848+00:00
816,"Procaine was first synthesized in 1905 , shortly after amylocaine .",8.0,4,C1,4,C1,True,0.8272,2026-08-28T08:04:32.334940+00:00,2026-08-28T08:04:34.730848+00:00
817,"Production on the movie began in November 1999 and was finished in May 2000 , with a budget of just over $ 50 million .",19.0,2,B1,2,B1,True,0.5967,2026-08-28T08:04:32.334940+00:00,2026-08-28T08:04:34.730848+00:00
818,Protactinium is both toxic and highly radioactive and thus all manipulations with it are performed in a sealed glove box .,20.0,4,C1,4,C1,True,0.8159,2026-08-28T08:04:32.334940+00:00,2026-08-28T08:04:34.730848+00:00
819,Psychiatric hospitals used to be called lunatic asylums .,8.0,4,C1,4,C1,True,0.8789,2026-08-28T08:04:32.334940+00:00,2026-08-28T08:04:34.730848+00:00
820,"Publicly accessible , it is known for its inviting jungle gym-like characteristics .",12.0,3,B2,3,B2,True,0.7466,2026-08-28T08:04:32.334940+00:00,2026-08-28T08:04:34.730848+00:00
821,Pumice is widely used to make lightweight concrete and insulative low-density cinder blocks .,14.0,4,C1,4,C1,True,0.9228,2026-08-28T08:04:32.334940+00:00,2026-08-28T08:04:34.730848+00:00
822,Put the puck in the back of the net .,9.0,2,B1,2,B1,True,0.6876,2026-08-28T08:04:32.334940+00:00,2026-08-28T08:04:34.730848+00:00
823,Put your back into it .,5.0,1,A2,1,A2,True,0.9245,2026-08-28T08:04:32.334940+00:00,2026-08-28T08:04:34.730848+00:00
824,"Rainbands exist in the periphery of tropical cyclones , which point towards the cyclone 's center of low pressure .",17.0,4,C1,4,C1,True,0.8888,2026-08-28T08:04:32.334940+00:00,2026-08-28T08:04:34.730848+00:00
825,Realistic space try to copy the behavior of a vessel under the laws of physics .,15.0,3,B2,3,B2,True,0.4973,2026-08-28T08:04:32.334940+00:00,2026-08-28T08:04:34.730848+00:00
826,Recent research shows that the hotspot itself may have moved with time .,12.0,2,B1,3,B2,False,0.6134,2026-08-28T08:04:32.334940+00:00,2026-08-28T08:04:34.730848+00:00
827,"Recently , major card issuers have increased cashback amount to 5 % for purchases especially in grocery stores and petrol stations .",18.0,3,B2,4,C1,False,0.6082,2026-08-28T08:04:32.334940+00:00,2026-08-28T08:04:34.730848+00:00
828,Regular events and art installations are a feature of the island .,11.0,2,B1,2,B1,True,0.6573,2026-08-28T08:04:32.334940+00:00,2026-08-28T08:04:34.730848+00:00
829,Resistance to the Japanese occupation continued in the Philippines .,9.0,3,B2,3,B2,True,0.5832,2026-08-28T08:04:32.334940+00:00,2026-08-28T08:04:34.730848+00:00
830,Responses to terrorism are broad in scope .,7.0,3,B2,2,B1,False,0.6119,2026-08-28T08:04:32.334940+00:00,2026-08-28T08:04:34.730848+00:00
831,"Ridiculed during his lifetime by critics , he came to be recognized as a self-taught genius whose works are of high artistic quality .",23.0,3,B2,4,C1,False,0.4643,2026-08-28T08:04:32.334940+00:00,2026-08-28T08:04:34.730848+00:00
832,Ringed seals eat a wide variety of small prey .,9.0,3,B2,3,B2,True,0.529,2026-08-28T08:04:32.334940+00:00,2026-08-28T08:04:34.730848+00:00
833,"Rivette died on 29 January 2016 from complications of Alzheimer 's disease at the age of 87 , in his home in Paris .",18.0,2,B1,3,B2,False,0.7508,2026-08-28T08:04:32.334940+00:00,2026-08-28T08:04:34.730848+00:00
834,"Roads have long been built through passes , as well as railways more recently .",13.0,2,B1,2,B1,True,0.6363,2026-08-28T08:04:32.334940+00:00,2026-08-28T08:04:34.730848+00:00
835,Rolling resistance is also the reason that some human civilizations did n't use wheels .,13.0,3,B2,3,B2,True,0.5752,2026-08-28T08:04:32.334940+00:00,2026-08-28T08:04:34.730848+00:00
836,Rooth died in Sweden on 27 February 1972 at the age of 83 .,10.0,1,A2,1,A2,True,0.5569,2026-08-28T08:04:32.334940+00:00,2026-08-28T08:04:34.730848+00:00
837,"Runner Types Since 1940 , there has been a shift to production of Runner type peanuts in the southeastern U.S .",17.0,2,B1,3,B2,False,0.573,2026-08-28T08:04:32.334940+00:00,2026-08-28T08:04:34.730848+00:00
838,Sake Dean Mahomed also developed a fashionable massage .,8.0,2,B1,4,C1,False,0.4164,2026-08-28T08:04:32.334940+00:00,2026-08-28T08:04:34.730848+00:00
839,Sand flies are small ; a body size of about 3 mm in length is typical .,14.0,3,B2,2,B1,False,0.5304,2026-08-28T08:04:32.334940+00:00,2026-08-28T08:04:34.730848+00:00
840,Scientists discovered the bacterium in a 43 - year- old American woman who had traveled to Peru for three weeks .,17.0,3,B2,3,B2,True,0.3831,2026-08-28T08:04:32.334940+00:00,2026-08-28T08:04:34.730848+00:00
841,"Scotland is the joint oldest national football team in the world , alongside England , whom they played in the world 's first international football match in 1872 .",24.0,2,B1,3,B2,False,0.7152,2026-08-28T08:04:32.334940+00:00,2026-08-28T08:04:34.730848+00:00
842,Scratch and sniff is created through the process of micro-encapsulation .,11.0,4,C1,4,C1,True,0.5014,2026-08-28T08:04:32.334940+00:00,2026-08-28T08:04:34.730848+00:00
843,Search engines also often make web pages they have indexed available from their cache .,14.0,3,B2,3,B2,True,0.5553,2026-08-28T08:04:32.334940+00:00,2026-08-28T08:04:34.730848+00:00
844,Secondary injuries are caused by fragmentation and other objects propelled by the explosion .,13.0,4,C1,3,B2,False,0.5834,2026-08-28T08:04:32.334940+00:00,2026-08-28T08:04:34.730848+00:00
845,"Self resonant loop antennas are relatively large , governed by the intended wavelength of operation .",14.0,3,B2,4,C1,False,0.6976,2026-08-28T08:04:32.334940+00:00,2026-08-28T08:04:34.730848+00:00
846,Services can be described in terms of I's .,8.0,3,B2,2,B1,False,0.6742,2026-08-28T08:04:32.334940+00:00,2026-08-28T08:04:34.730848+00:00
847,"Several of the topics explored in the novel include selective mutism , death , and grief .",14.0,3,B2,4,C1,False,0.5493,2026-08-28T08:04:32.334940+00:00,2026-08-28T08:04:34.730848+00:00
848,Sex -linked characters controlled by genes on sex chromosomes are not the only kind of sex-related characters .,17.0,4,C1,3,B2,False,0.5643,2026-08-28T08:04:32.334940+00:00,2026-08-28T08:04:34.730848+00:00
849,Sexual reproduction involves the production of ascospores .,7.0,4,C1,4,C1,True,0.901,2026-08-28T08:04:32.334940+00:00,2026-08-28T08:04:34.730848+00:00
850,"Sexual reproduction is a process specific to eukaryotes , organisms whose cells contain a nucleus and mitochondria .",16.0,4,C1,4,C1,True,0.9432,2026-08-28T08:04:32.334940+00:00,2026-08-28T08:04:34.730848+00:00
851,"Sgr A West has the appearance of a three - arm spiral , from the point of view of the Earth .",19.0,2,B1,3,B2,False,0.6521,2026-08-28T08:04:32.334940+00:00,2026-08-28T08:04:34.730848+00:00
852,Shall I order a new pair of tennis shoes for your brother ?,12.0,2,B1,1,A2,False,0.7005,2026-08-28T08:04:32.334940+00:00,2026-08-28T08:04:34.730848+00:00
853,Shall we take Jessica to the hospital ?,7.0,1,A2,1,A2,True,0.5811,2026-08-28T08:04:32.334940+00:00,2026-08-28T08:04:34.730848+00:00
854,Shanbaug died from pneumonia on 18 May 2015 after being in a persistent vegetative state for nearly 42 years .,16.0,4,C1,3,B2,False,0.5433,2026-08-28T08:04:32.334940+00:00,2026-08-28T08:04:34.730848+00:00
855,Shanbaug died of pneumonia on 18 May 2015 after being in a persistent vegetative state for nearly 42 years .,16.0,4,C1,3,B2,False,0.5364,2026-08-28T08:04:32.334940+00:00,2026-08-28T08:04:34.730848+00:00
856,Sharpie markers are made with a number of tips .,9.0,3,B2,3,B2,True,0.6304,2026-08-28T08:04:32.334940+00:00,2026-08-28T08:04:34.730848+00:00
857,She 's changed her major from math to chemistry .,8.0,1,A2,1,A2,True,0.6164,2026-08-28T08:04:32.334940+00:00,2026-08-28T08:04:34.730848+00:00
858,She 's on the National Rowing Team .,6.0,2,B1,2,B1,True,0.4816,2026-08-28T08:04:32.334940+00:00,2026-08-28T08:04:34.730848+00:00
859,She always buys the same shampoo and conditioner .,8.0,2,B1,2,B1,True,0.4718,2026-08-28T08:04:32.334940+00:00,2026-08-28T08:04:34.730848+00:00
860,She always put apples in her yogurt .,7.0,1,A2,2,B1,False,0.5399,2026-08-28T08:04:32.334940+00:00,2026-08-28T08:04:34.730848+00:00
861,She always wore boots with heels .,6.0,1,A2,1,A2,True,0.7781,2026-08-28T08:04:32.334940+00:00,2026-08-28T08:04:34.730848+00:00
862,She baked plum cake for the first time .,8.0,2,B1,2,B1,True,0.7544,2026-08-28T08:04:32.334940+00:00,2026-08-28T08:04:34.730848+00:00
863,She bought those pants five years ago .,7.0,1,A2,2,B1,False,0.5097,2026-08-28T08:04:32.334940+00:00,2026-08-28T08:04:34.730848+00:00
864,She did n't understand why many people disliked peas .,8.0,2,B1,2,B1,True,0.5193,2026-08-28T08:04:32.334940+00:00,2026-08-28T08:04:34.730848+00:00
865,She died after long illness on 6 April 2014 .,7.0,1,A2,0,A1,False,0.516,2026-08-28T08:04:32.334940+00:00,2026-08-28T08:04:34.730848+00:00
866,She does n't want this one .,5.0,1,A2,1,A2,True,0.7458,2026-08-28T08:04:32.334940+00:00,2026-08-28T08:04:34.730848+00:00
867,She felt great after working out all day .,8.0,2,B1,1,A2,False,0.7862,2026-08-28T08:04:32.334940+00:00,2026-08-28T08:04:34.730848+00:00
868,She gave him a new cup .,6.0,1,A2,1,A2,True,0.7627,2026-08-28T08:04:32.334940+00:00,2026-08-28T08:04:34.730848+00:00
869,She gave him money to buy a souvenir .,8.0,2,B1,2,B1,True,0.4681,2026-08-28T08:04:32.334940+00:00,2026-08-28T08:04:34.730848+00:00
870,She got elected by a majority vote .,7.0,2,B1,2,B1,True,0.8282,2026-08-28T08:04:32.334940+00:00,2026-08-28T08:04:34.730848+00:00
871,She grabbed her son so as to stop him from falling .,11.0,2,B1,2,B1,True,0.6394,2026-08-28T08:04:32.334940+00:00,2026-08-28T08:04:34.730848+00:00
872,She had warm brown eyes .,5.0,1,A2,1,A2,True,0.808,2026-08-28T08:04:32.334940+00:00,2026-08-28T08:04:34.730848+00:00
873,She is allergic to oysters .,5.0,2,B1,1,A2,False,0.4539,2026-08-28T08:04:32.334940+00:00,2026-08-28T08:04:34.730848+00:00
874,She is an FBI agent .,5.0,1,A2,1,A2,True,0.5724,2026-08-28T08:04:32.334940+00:00,2026-08-28T08:04:34.730848+00:00
875,She is the woman whose research has been published .,9.0,1,A2,1,A2,True,0.5745,2026-08-28T08:04:32.334940+00:00,2026-08-28T08:04:34.730848+00:00
876,She liked school but she disliked the bus .,8.0,2,B1,2,B1,True,0.4712,2026-08-28T08:04:32.334940+00:00,2026-08-28T08:04:34.730848+00:00
877,She looked quite ragged after spending the day at the preschool .,11.0,3,B2,2,B1,False,0.5003,2026-08-28T08:04:32.334940+00:00,2026-08-28T08:04:34.730848+00:00
878,She put lip balm on her dry lips .,8.0,2,B1,1,A2,False,0.4825,2026-08-28T08:04:32.334940+00:00,2026-08-28T08:04:34.730848+00:00
879,She said I could borrow hers .,6.0,1,A2,1,A2,True,0.9061,2026-08-28T08:04:32.334940+00:00,2026-08-28T08:04:34.730848+00:00
880,She said she has not seen anyone all night .,9.0,1,A2,1,A2,True,0.7844,2026-08-28T08:04:32.334940+00:00,2026-08-28T08:04:34.730848+00:00
881,She sat at the table in front of ours .,9.0,1,A2,1,A2,True,0.5908,2026-08-28T08:04:32.334940+00:00,2026-08-28T08:04:34.730848+00:00
882,She taught her children to be polite .,7.0,1,A2,1,A2,True,0.8125,2026-08-28T08:04:32.334940+00:00,2026-08-28T08:04:34.730848+00:00
883,She turned 100 in September 2017 and died on 19 January 2018 .,8.0,1,A2,1,A2,True,0.6988,2026-08-28T08:04:32.334940+00:00,2026-08-28T08:04:34.730848+00:00
884,She turned 100 in September 2017 and died on 19 January 2018 in Rome .,10.0,2,B1,2,B1,True,0.4938,2026-08-28T08:04:32.334940+00:00,2026-08-28T08:04:34.730848+00:00
885,She used a spoon for eating the soup .,8.0,2,B1,2,B1,True,0.4585,2026-08-28T08:04:32.334940+00:00,2026-08-28T08:04:34.730848+00:00
886,"She was an only child , born in London .",8.0,1,A2,1,A2,True,0.8009,2026-08-28T08:04:32.334940+00:00,2026-08-28T08:04:34.730848+00:00
887,She was the woman whose name was forgotten .,8.0,1,A2,1,A2,True,0.7277,2026-08-28T08:04:32.334940+00:00,2026-08-28T08:04:34.730848+00:00
888,She will do it as soon as she comes back from lunch .,12.0,1,A2,1,A2,True,0.655,2026-08-28T08:04:32.334940+00:00,2026-08-28T08:04:34.730848+00:00
889,She would like you to come with us .,8.0,1,A2,1,A2,True,0.8011,2026-08-28T08:04:32.334940+00:00,2026-08-28T08:04:34.730848+00:00
890,Sheep and cows eat grass for food .,7.0,0,A1,2,B1,False,0.7972,2026-08-28T08:04:32.334940+00:00,2026-08-28T08:04:34.730848+00:00
891,"Shooting has inspired competition , and in several countries rifle clubs started to form in the 19th century .",16.0,2,B1,2,B1,True,0.5961,2026-08-28T08:04:32.334940+00:00,2026-08-28T08:04:34.730848+00:00
892,"Shortly before his first NHL training camp , Boynton was diagnosed with Type I Diabetes , but the condition did not affect his ability to play hockey .",25.0,4,C1,4,C1,True,0.6191,2026-08-28T08:04:32.334940+00:00,2026-08-28T08:04:34.730848+00:00
893,Signs and symptoms of diphtheria usually begin two to five days after a person gets infected .,16.0,4,C1,4,C1,True,0.597,2026-08-28T08:04:32.334940+00:00,2026-08-28T08:04:34.730848+00:00
894,Similar mean orbital elements led the discoverers to postulate a common origin for the group in a break up of a larger body .,23.0,4,C1,4,C1,True,0.6698,2026-08-28T08:04:32.334940+00:00,2026-08-28T08:04:34.730848+00:00
895,Similar mean orbital elements led the discoverers to postulate a common origin for the group in a breakup of a larger body .,22.0,4,C1,4,C1,True,0.7589,2026-08-28T08:04:32.334940+00:00,2026-08-28T08:04:34.730848+00:00
896,"Since 17 March 1982 , he has been in a coma following a knee operation .",12.0,3,B2,2,B1,False,0.4725,2026-08-28T08:04:32.334940+00:00,2026-08-28T08:04:34.730848+00:00
897,"Since 17 March 1982 , he has been in a coma following an operation .",11.0,3,B2,2,B1,False,0.4993,2026-08-28T08:04:32.334940+00:00,2026-08-28T08:04:34.730848+00:00
898,"Since 1940 , the southeastern US region has seen a shift to production of Runner group peanuts .",15.0,3,B2,3,B2,True,0.6473,2026-08-28T08:04:32.334940+00:00,2026-08-28T08:04:34.730848+00:00
899,"Since preservation , the railway has operated as a tourist attraction .",10.0,2,B1,2,B1,True,0.5829,2026-08-28T08:04:32.334940+00:00,2026-08-28T08:04:34.730848+00:00
900,"Since the 1970s , sports clubs are organized separately by each language community .",11.0,2,B1,2,B1,True,0.589,2026-08-28T08:04:32.334940+00:00,2026-08-28T08:04:34.730848+00:00
901,"Since you do not have children or any other family , you will have nobody to take care of you .",19.0,1,A2,2,B1,False,0.7832,2026-08-28T08:04:32.334940+00:00,2026-08-28T08:04:34.730848+00:00
902,"Small versions of this instrument , called bird flageolets , were also made and were used for teaching birds to sing .",19.0,4,C1,3,B2,False,0.5528,2026-08-28T08:04:32.334940+00:00,2026-08-28T08:04:34.730848+00:00
903,Snails are especially important when drought or hard weather makes it difficult to find other food .,16.0,3,B2,2,B1,False,0.4747,2026-08-28T08:04:32.334940+00:00,2026-08-28T08:04:34.730848+00:00
904,"So far , about 12,000 different species of millipedes have been described .",10.0,3,B2,3,B2,True,0.5663,2026-08-28T08:04:32.334940+00:00,2026-08-28T08:04:34.730848+00:00
905,"Soba is typically eaten with chopsticks , and in Japan , it is considered acceptable to slurp the noodles noisily .",18.0,2,B1,4,C1,False,0.9024,2026-08-28T08:04:32.334940+00:00,2026-08-28T08:04:34.730848+00:00
906,"Sock puppets are often used for entertaining people , especially children .",10.0,2,B1,3,B2,False,0.4257,2026-08-28T08:04:32.334940+00:00,2026-08-28T08:04:34.730848+00:00
907,Solar cells produce direct current electricity from sunlight which can be used to power equipment or to recharge a battery .,20.0,2,B1,4,C1,False,0.5052,2026-08-28T08:04:32.334940+00:00,2026-08-28T08:04:34.730848+00:00
908,"Some clays are thixotropic , and their behavior is of great importance in structural and geotechnical engineering .",16.0,4,C1,4,C1,True,0.802,2026-08-28T08:04:32.334940+00:00,2026-08-28T08:04:34.730848+00:00
909,"Some clays are thixotropic , with their behavior of great importance in structural and geotechnical engineering .",15.0,4,C1,4,C1,True,0.7807,2026-08-28T08:04:32.334940+00:00,2026-08-28T08:04:34.730848+00:00
910,Some crabapples are used as rootstocks for domestic apples to add beneficial characteristics .,13.0,3,B2,4,C1,False,0.7595,2026-08-28T08:04:32.334940+00:00,2026-08-28T08:04:34.730848+00:00
911,"Some critics ridiculed him for his style , but he came to be recognized as a self-taught genius .",18.0,3,B2,3,B2,True,0.447,2026-08-28T08:04:32.334940+00:00,2026-08-28T08:04:34.730848+00:00
912,Some enzymes need several cofactors .,5.0,3,B2,4,C1,False,0.5112,2026-08-28T08:04:32.334940+00:00,2026-08-28T08:04:34.730848+00:00
913,Some examples of large Plinian eruptions that formed calderas include the following : The lava is usually rhyolitic and has a lot of silicates .,23.0,4,C1,4,C1,True,0.9065,2026-08-28T08:04:32.334940+00:00,2026-08-28T08:04:34.730848+00:00
914,Some fish change sex over the course of their life .,10.0,2,B1,1,A2,False,0.5078,2026-08-28T08:04:32.334940+00:00,2026-08-28T08:04:34.730848+00:00
915,"Some ghost towns , especially those that preserve period-specific architecture , have become tourist attractions .",14.0,3,B2,3,B2,True,0.6739,2026-08-28T08:04:32.334940+00:00,2026-08-28T08:04:34.730848+00:00
916,Some ghost towns are kept intact as tourist attractions .,9.0,3,B2,2,B1,False,0.5504,2026-08-28T08:04:32.334940+00:00,2026-08-28T08:04:34.730848+00:00
917,"Some materials studied using crystallography , proteins for example , do not occur naturally as crystals .",14.0,4,C1,3,B2,False,0.5342,2026-08-28T08:04:32.334940+00:00,2026-08-28T08:04:34.730848+00:00
918,"Some of the Mortier de 12 pouces were used for coastal defense , in which case they were fixed on solid metal platforms .",21.0,3,B2,3,B2,True,0.6905,2026-08-28T08:04:32.334940+00:00,2026-08-28T08:04:34.730848+00:00
919,"Some of the Mortier de 12 pouces were used in coastal defenses , in which case they were fixed on solid metal platforms .",21.0,3,B2,3,B2,True,0.6277,2026-08-28T08:04:32.334940+00:00,2026-08-28T08:04:34.730848+00:00
920,Some of these topics had been discussed before .,8.0,2,B1,2,B1,True,0.5903,2026-08-28T08:04:32.334940+00:00,2026-08-28T08:04:34.730848+00:00
921,Some of these topics have been discussed before .,8.0,2,B1,2,B1,True,0.5873,2026-08-28T08:04:32.334940+00:00,2026-08-28T08:04:34.730848+00:00
922,Some people would like to know what it is to be like a celebrity .,14.0,2,B1,2,B1,True,0.7301,2026-08-28T08:04:32.334940+00:00,2026-08-28T08:04:34.730848+00:00
923,"Some popular examples of the appeal to nature can be found on labels and advertisements for food , clothing , and health products .",21.0,3,B2,2,B1,False,0.528,2026-08-28T08:04:32.334940+00:00,2026-08-28T08:04:34.730848+00:00
924,"Some sharks are oviparous , laying their eggs in the water .",10.0,4,C1,3,B2,False,0.5568,2026-08-28T08:04:32.334940+00:00,2026-08-28T08:04:34.730848+00:00
925,Some species of starfish can regenerate lost arms .,8.0,3,B2,3,B2,True,0.5531,2026-08-28T08:04:32.334940+00:00,2026-08-28T08:04:34.730848+00:00
926,Someone who is assertive is neither passive nor aggressive .,9.0,3,B2,3,B2,True,0.44,2026-08-28T08:04:32.334940+00:00,2026-08-28T08:04:34.730848+00:00
927,"Sometimes , the developing world is plagued by largely preventable infectious diseases , due to malnutrition and poverty .",16.0,4,C1,4,C1,True,0.6856,2026-08-28T08:04:32.334940+00:00,2026-08-28T08:04:34.730848+00:00
928,Sometimes certain types of amnesia fix themselves without being treated .,10.0,4,C1,3,B2,False,0.4063,2026-08-28T08:04:32.334940+00:00,2026-08-28T08:04:34.730848+00:00
929,Sorry I was so gloomy today .,6.0,2,B1,1,A2,False,0.6727,2026-08-28T08:04:32.334940+00:00,2026-08-28T08:04:34.730848+00:00
930,"Stalactites and stalagmites can also form on concrete ceilings and floors , but they form much more quickly on concrete than in the natural cave environment .",25.0,4,C1,4,C1,True,0.6737,2026-08-28T08:04:32.334940+00:00,2026-08-28T08:04:34.730848+00:00
931,Stars get the energy they produce through nuclear fusion of hydrogen into helium .,13.0,4,C1,4,C1,True,0.669,2026-08-28T08:04:32.334940+00:00,2026-08-28T08:04:34.730848+00:00
932,"Starting around the 14th century , the word referred originally to the roughness of woven cloth before it was sheared .",18.0,4,C1,4,C1,True,0.6997,2026-08-28T08:04:32.334940+00:00,2026-08-28T08:04:34.730848+00:00
933,"Steppenwolf is an immortal with superhuman strength , speed and stamina appropriate to his race .",14.0,4,C1,4,C1,True,0.8694,2026-08-28T08:04:32.334940+00:00,2026-08-28T08:04:34.730848+00:00
934,"Steppenwolf is an immortal with vast superhuman strength , endurance and speed , capable of lifting about one hundred tons and jumping huge distances easily .",23.0,4,C1,4,C1,True,0.5297,2026-08-28T08:04:32.334940+00:00,2026-08-28T08:04:34.730848+00:00
935,Stereochemistry was important in solving the thalidomide disaster in the 1960s .,10.0,4,C1,4,C1,True,0.7942,2026-08-28T08:04:32.334940+00:00,2026-08-28T08:04:34.730848+00:00
936,Still other nebulae form as planetary nebulae .,7.0,3,B2,4,C1,False,0.8267,2026-08-28T08:04:32.334940+00:00,2026-08-28T08:04:34.730848+00:00
937,Strep throat usually lasts a few days without treatment .,9.0,3,B2,3,B2,True,0.5207,2026-08-28T08:04:32.334940+00:00,2026-08-28T08:04:34.730848+00:00
938,Structural engineering has existed since humans first started to construct their own structures .,13.0,3,B2,2,B1,False,0.4996,2026-08-28T08:04:32.334940+00:00,2026-08-28T08:04:34.730848+00:00
939,Students can also choose to attend a community college prior to further study at another college or university .,18.0,2,B1,2,B1,True,0.6058,2026-08-28T08:04:32.334940+00:00,2026-08-28T08:04:34.730848+00:00
940,Students sleeping in class often upset teachers .,7.0,2,B1,2,B1,True,0.683,2026-08-28T08:04:32.334940+00:00,2026-08-28T08:04:34.730848+00:00
941,Summers can be warm and dry for a long time .,10.0,2,B1,2,B1,True,0.699,2026-08-28T08:04:32.334940+00:00,2026-08-28T08:04:34.730848+00:00
942,"Sweden is a constitutional monarchy because it has a king , Carl XVI Gustaf , but he does not have any real power .",21.0,3,B2,3,B2,True,0.4967,2026-08-28T08:04:32.334940+00:00,2026-08-28T08:04:34.730848+00:00
943,"Symbolically , spires have two effects .",5.0,4,C1,3,B2,False,0.5043,2026-08-28T08:04:32.334940+00:00,2026-08-28T08:04:34.730848+00:00
944,Symmetry operations can be written in many ways .,8.0,3,B2,3,B2,True,0.4937,2026-08-28T08:04:32.334940+00:00,2026-08-28T08:04:34.730848+00:00
945,Synthetic genomics is unlike genetic modification in the sense that it does not use naturally occurring genes in its life forms .,21.0,4,C1,4,C1,True,0.8046,2026-08-28T08:04:32.334940+00:00,2026-08-28T08:04:34.730848+00:00
946,Teams begin training camps in September .,6.0,1,A2,2,B1,False,0.888,2026-08-28T08:04:32.334940+00:00,2026-08-28T08:04:34.730848+00:00
947,Tennis is now a sport that is played at the Olympics .,11.0,2,B1,2,B1,True,0.8135,2026-08-28T08:04:32.334940+00:00,2026-08-28T08:04:34.730848+00:00
948,"Teppei 's apartment has many unusual items such as a Thai artifact , a 30 - year - old refrigerator that is no longer manufactured , and a crystal apple .",24.0,3,B2,3,B2,True,0.4957,2026-08-28T08:04:32.334940+00:00,2026-08-28T08:04:34.730848+00:00
949,Testing was slow as they were still getting the Saturn V ready for Apollo 4 .,14.0,2,B1,3,B2,False,0.576,2026-08-28T08:04:32.334940+00:00,2026-08-28T08:04:34.730848+00:00
950,That 's the house where we hope to live .,8.0,1,A2,1,A2,True,0.7204,2026-08-28T08:04:32.334940+00:00,2026-08-28T08:04:34.730848+00:00
951,That cruise ship is huge !,5.0,1,A2,1,A2,True,0.8218,2026-08-28T08:04:32.334940+00:00,2026-08-28T08:04:34.730848+00:00
952,That was the spot where the tree was .,8.0,1,A2,1,A2,True,0.7124,2026-08-28T08:04:32.334940+00:00,2026-08-28T08:04:34.730848+00:00
953,"The 2016 census found that 51.3 % of residents spoke English , and 21.3 % spoke French , as their first language .",15.0,3,B2,2,B1,False,0.6579,2026-08-28T08:04:32.334940+00:00,2026-08-28T08:04:34.730848+00:00
954,"The 2016 census found that 51.3 % of residents spoke English , and 21.3 % spoke French , as their main language .",15.0,2,B1,2,B1,True,0.6522,2026-08-28T08:04:32.334940+00:00,2026-08-28T08:04:34.730848+00:00
955,The Cheer pheasant lacks the color and brilliance of most pheasants .,11.0,4,C1,4,C1,True,0.411,2026-08-28T08:04:32.334940+00:00,2026-08-28T08:04:34.730848+00:00
956,"The DVD was released on October 10 , 2006 .",6.0,0,A1,1,A2,False,0.8497,2026-08-28T08:04:32.334940+00:00,2026-08-28T08:04:34.730848+00:00
957,The Earth 's orbit approximates an ellipse .,6.0,4,C1,4,C1,True,0.461,2026-08-28T08:04:32.334940+00:00,2026-08-28T08:04:34.730848+00:00
958,The Family - to - Family program provides general information about mental illness and how it is currently treated .,17.0,3,B2,3,B2,True,0.6209,2026-08-28T08:04:32.334940+00:00,2026-08-28T08:04:34.730848+00:00
959,"The Founding Fathers wanted republicanism because its ideas guaranteed liberty , with limited powers checking and balancing each other .",18.0,3,B2,4,C1,False,0.7498,2026-08-28T08:04:32.334940+00:00,2026-08-28T08:04:34.730848+00:00
960,The MHC genes are highly polymorphic .,6.0,4,C1,3,B2,False,0.7668,2026-08-28T08:04:32.334940+00:00,2026-08-28T08:04:34.730848+00:00
961,The Old Bridge Township Public Schools serve students in kindergarten through twelfth grade .,13.0,3,B2,3,B2,True,0.6028,2026-08-28T08:04:32.334940+00:00,2026-08-28T08:04:34.730848+00:00
962,"The Western Interior Seaway was a shallow sea , filled with abundant marine life .",13.0,3,B2,4,C1,False,0.489,2026-08-28T08:04:32.334940+00:00,2026-08-28T08:04:34.730848+00:00
963,The actors whom the press often hounds are paying a high price for their fame .,15.0,3,B2,3,B2,True,0.7545,2026-08-28T08:04:32.334940+00:00,2026-08-28T08:04:34.730848+00:00
964,The aesthetics of the store are somewhat different from that of 7 - Eleven stores in other countries as the stores offer a wider selection of products and services .,27.0,3,B2,3,B2,True,0.7297,2026-08-28T08:04:32.334940+00:00,2026-08-28T08:04:34.730848+00:00
965,"The airport has one main passenger terminal , serving all scheduled and charter holiday flights .",14.0,2,B1,3,B2,False,0.4976,2026-08-28T08:04:32.334940+00:00,2026-08-28T08:04:34.730848+00:00
966,"The airport has one main passenger terminal , serving scheduled and charter holiday flights .",13.0,2,B1,3,B2,False,0.5986,2026-08-28T08:04:32.334940+00:00,2026-08-28T08:04:34.730848+00:00
967,The album caused controversy because of a poster that was inserted in the original record sleeve .,16.0,3,B2,3,B2,True,0.6173,2026-08-28T08:04:32.334940+00:00,2026-08-28T08:04:34.730848+00:00
968,The album was a subject of controversy because of a poster inserted in the original record sleeve .,17.0,3,B2,3,B2,True,0.4942,2026-08-28T08:04:32.334940+00:00,2026-08-28T08:04:34.730848+00:00
969,The amethyst woodstar 's natural habitats are subtropical or tropical moist lowland forest and subtropical or tropical moist montane forest .,19.0,3,B2,4,C1,False,0.494,2026-08-28T08:04:32.334940+00:00,2026-08-28T08:04:34.730848+00:00
970,"The analysis is done on pairs , a member of one group compared to a member of the other group .",19.0,2,B1,2,B1,True,0.6924,2026-08-28T08:04:32.334940+00:00,2026-08-28T08:04:34.730848+00:00
971,The animal was extremely robust with powerfully built jaws and very strong fore limbs .,14.0,3,B2,3,B2,True,0.4508,2026-08-28T08:04:32.334940+00:00,2026-08-28T08:04:34.730848+00:00
972,The animated series takes place chronologically between the and films .,10.0,3,B2,3,B2,True,0.6116,2026-08-28T08:04:32.334940+00:00,2026-08-28T08:04:34.730848+00:00
973,"The apical complex includes vesicles called rhoptries and micronemes , which open at the anterior of the cell .",17.0,4,C1,4,C1,True,0.8882,2026-08-28T08:04:32.334940+00:00,2026-08-28T08:04:34.730848+00:00
974,The area was hit by drought .,6.0,2,B1,2,B1,True,0.4998,2026-08-28T08:04:32.334940+00:00,2026-08-28T08:04:34.730848+00:00
975,The area was settled in 972 .,5.0,1,A2,1,A2,True,0.6194,2026-08-28T08:04:32.334940+00:00,2026-08-28T08:04:34.730848+00:00
976,The arms of the three original leagues are now all part of the coat of arms of the canton .,19.0,3,B2,3,B2,True,0.6359,2026-08-28T08:04:32.334940+00:00,2026-08-28T08:04:34.730848+00:00
977,The arms of the three original leagues were combined into the modern cantonal coat of arms in 1933 .,17.0,3,B2,3,B2,True,0.6088,2026-08-28T08:04:32.334940+00:00,2026-08-28T08:04:34.730848+00:00
978,"The art of engraving gems hardly advanced at all , limiting itself to mass -produced items that lacked originality .",17.0,3,B2,4,C1,False,0.7387,2026-08-28T08:04:32.334940+00:00,2026-08-28T08:04:34.730848+00:00
979,"The art of engraving on gems hardly advanced at all , limiting itself to mass -produced items that lacked originality .",18.0,3,B2,4,C1,False,0.6762,2026-08-28T08:04:32.334940+00:00,2026-08-28T08:04:34.730848+00:00
980,The assignment is impossible to finish because it 's so time - consuming .,11.0,2,B1,2,B1,True,0.7763,2026-08-28T08:04:32.334940+00:00,2026-08-28T08:04:34.730848+00:00
981,The atmosphere is modeled as a fluid .,7.0,3,B2,3,B2,True,0.5513,2026-08-28T08:04:32.334940+00:00,2026-08-28T08:04:34.730848+00:00
982,The atom is the basic unit of chemistry .,8.0,2,B1,2,B1,True,0.556,2026-08-28T08:04:32.334940+00:00,2026-08-28T08:04:34.730848+00:00
983,"The authors explain that the problems of oil dependence are manageable , suggesting that oil dependence is a problem we need no longer have .",23.0,3,B2,3,B2,True,0.3963,2026-08-28T08:04:32.334940+00:00,2026-08-28T08:04:34.730848+00:00
984,The autism rights movement is sometimes controversial .,7.0,3,B2,2,B1,False,0.4317,2026-08-28T08:04:32.334940+00:00,2026-08-28T08:04:34.730848+00:00
985,The baby whose lungs were underdeveloped spent several weeks in the hospital .,12.0,3,B2,2,B1,False,0.6307,2026-08-28T08:04:32.334940+00:00,2026-08-28T08:04:34.730848+00:00
986,The bacteria that cause urinary tract infections usually go into the bladder from the uretha .,15.0,4,C1,4,C1,True,0.9561,2026-08-28T08:04:32.334940+00:00,2026-08-28T08:04:34.730848+00:00
987,"The badges for enlisted men were cut from colored cloth , while officer 's badges were privately made and of a higher quality .",21.0,3,B2,3,B2,True,0.6221,2026-08-28T08:04:32.334940+00:00,2026-08-28T08:04:34.730848+00:00
988,The band 's second world tour began in January 2001 .,8.0,1,A2,1,A2,True,0.6062,2026-08-28T08:04:32.334940+00:00,2026-08-28T08:04:34.730848+00:00
989,The band 's second world tour started in January 2001 .,8.0,1,A2,1,A2,True,0.6734,2026-08-28T08:04:32.334940+00:00,2026-08-28T08:04:34.730848+00:00
990,"The barn owls ' main characteristic is the heart- shaped facial disc , formed by stiff feathers which serve to amplify and locate the source of sounds when hunting .",26.0,3,B2,4,C1,False,0.6846,2026-08-28T08:04:32.334940+00:00,2026-08-28T08:04:34.730848+00:00
991,The belts are in the inner region of Earth 's magnetosphere .,10.0,3,B2,3,B2,True,0.6145,2026-08-28T08:04:32.334940+00:00,2026-08-28T08:04:34.730848+00:00
992,The belts are located in the inner region of Earth 's magnetosphere .,11.0,4,C1,3,B2,False,0.5134,2026-08-28T08:04:32.334940+00:00,2026-08-28T08:04:34.730848+00:00
993,"The best fluid is plain , clean water .",7.0,2,B1,2,B1,True,0.8106,2026-08-28T08:04:32.334940+00:00,2026-08-28T08:04:34.730848+00:00
994,The best-known method spiders use to capture prey is a sticky web .,13.0,3,B2,3,B2,True,0.6273,2026-08-28T08:04:32.334940+00:00,2026-08-28T08:04:34.730848+00:00
995,"The best-known version is the soul food version , which uses fried chicken .",13.0,2,B1,3,B2,False,0.5002,2026-08-28T08:04:32.334940+00:00,2026-08-28T08:04:34.730848+00:00
996,"The biggest source of natural background radiation is airborne radon , a radioactive gas that emanates from the ground .",18.0,4,C1,4,C1,True,0.8893,2026-08-28T08:04:32.334940+00:00,2026-08-28T08:04:34.730848+00:00
997,"The body wall consists of a thin layer , which secretes a tough cuticle ; this is molted several times while growing to adulthood .",22.0,4,C1,4,C1,True,0.6686,2026-08-28T08:04:32.334940+00:00,2026-08-28T08:04:34.730848+00:00
998,"The body wall consists of a thin syncitial layer , which secretes a tough cuticle ; this is molted several times while growing to adulthood .",23.0,4,C1,4,C1,True,0.7898,2026-08-28T08:04:32.334940+00:00,2026-08-28T08:04:34.730848+00:00
999,"The bones were those of a very short man , little over four feet tall , who may have suffered from a form of congenital dwarfism .",24.0,4,C1,3,B2,False,0.489,2026-08-28T08:04:32.334940+00:00,2026-08-28T08:04:34.730848+00:00
1000,The book has also been seen as trying to show that masculinity was important in stopping slavery .,17.0,3,B2,3,B2,True,0.5527,2026-08-28T08:04:32.334940+00:00,2026-08-28T08:04:34.730848+00:00
1001,"The book has been published every year since 1868 , except between 1876 and 1885 .",11.0,1,A2,2,B1,False,0.8983,2026-08-28T08:04:32.334940+00:00,2026-08-28T08:04:34.730848+00:00
1002,The boys quietly walked past their parents who were already asleep .,11.0,2,B1,2,B1,True,0.6852,2026-08-28T08:04:32.334940+00:00,2026-08-28T08:04:34.730848+00:00
1003,The boys shouting at the man were upset because he had stolen their backpacks .,14.0,2,B1,2,B1,True,0.625,2026-08-28T08:04:32.334940+00:00,2026-08-28T08:04:34.730848+00:00
1004,"The buildings are not tall , but the complex covers a large area of land .",14.0,2,B1,2,B1,True,0.8679,2026-08-28T08:04:32.334940+00:00,2026-08-28T08:04:34.730848+00:00
1005,"The burgh has a population of approximately 1,300 with about 25 per cent of pensionable age .",14.0,3,B2,3,B2,True,0.6135,2026-08-28T08:04:32.334940+00:00,2026-08-28T08:04:34.730848+00:00
1006,"The cake consists of a dense chocolate cake with a thin layer of apricot jam on top , coated in dark chocolate icing on the top and sides .",27.0,3,B2,4,C1,False,0.509,2026-08-28T08:04:32.334940+00:00,2026-08-28T08:04:34.730848+00:00
1007,The cause of the Christmas Island pipistrelle 's decline is unknown .,10.0,3,B2,2,B1,False,0.448,2026-08-28T08:04:32.334940+00:00,2026-08-28T08:04:34.730848+00:00
1008,The central urban area forms one unit .,7.0,2,B1,2,B1,True,0.788,2026-08-28T08:04:32.334940+00:00,2026-08-28T08:04:34.730848+00:00
1009,"The channel broadcasts live from 5 am to midnight , with a newscast updated every 15 minutes in format .",16.0,2,B1,3,B2,False,0.5794,2026-08-28T08:04:32.334940+00:00,2026-08-28T08:04:34.730848+00:00
1010,The chapel offers regular services .,5.0,2,B1,2,B1,True,0.7059,2026-08-28T08:04:32.334940+00:00,2026-08-28T08:04:34.730848+00:00
1011,The charity gala was attended by many well - dressed men and women .,12.0,3,B2,2,B1,False,0.4998,2026-08-28T08:04:32.334940+00:00,2026-08-28T08:04:34.730848+00:00
1012,The chassis are made of chrome moly tubing .,8.0,3,B2,3,B2,True,0.729,2026-08-28T08:04:32.334940+00:00,2026-08-28T08:04:34.730848+00:00
1013,The chessboard on the top of the cabinet was thin enough to allow for a magnetic linkage .,17.0,4,C1,3,B2,False,0.6508,2026-08-28T08:04:32.334940+00:00,2026-08-28T08:04:34.730848+00:00
1014,The children sat ignored for several hours .,7.0,2,B1,2,B1,True,0.7722,2026-08-28T08:04:32.334940+00:00,2026-08-28T08:04:34.730848+00:00
1015,The citizens were taught where to go for safety during an emergency .,12.0,2,B1,2,B1,True,0.9279,2026-08-28T08:04:32.334940+00:00,2026-08-28T08:04:34.730848+00:00
1016,The city grew after the construction of a new wharf in 1931 .,11.0,3,B2,3,B2,True,0.4884,2026-08-28T08:04:32.334940+00:00,2026-08-28T08:04:34.730848+00:00
1017,"The city has both professional and amateur sports teams , and a number of venues where they are based .",18.0,3,B2,3,B2,True,0.5646,2026-08-28T08:04:32.334940+00:00,2026-08-28T08:04:34.730848+00:00
1018,The city is notable for its well - preserved downtown with a number of remaining historic businesses .,16.0,2,B1,3,B2,False,0.7038,2026-08-28T08:04:32.334940+00:00,2026-08-28T08:04:34.730848+00:00
1019,The classic game was called hangman .,6.0,2,B1,3,B2,False,0.3392,2026-08-28T08:04:32.334940+00:00,2026-08-28T08:04:34.730848+00:00
1020,The climate of Ghana is tropical and there are two main seasons : the wet season and the dry season .,19.0,2,B1,2,B1,True,0.7585,2026-08-28T08:04:32.334940+00:00,2026-08-28T08:04:34.730848+00:00
1021,The climate of the region is subtropical monsoonal .,8.0,3,B2,4,C1,False,0.5688,2026-08-28T08:04:32.334940+00:00,2026-08-28T08:04:34.730848+00:00
1022,The club 's traditional home colors are all white .,8.0,2,B1,2,B1,True,0.8245,2026-08-28T08:04:32.334940+00:00,2026-08-28T08:04:34.730848+00:00
1023,"The collective noun for a group of quail is a flock , covey or bevy .",14.0,4,C1,4,C1,True,0.8096,2026-08-28T08:04:32.334940+00:00,2026-08-28T08:04:34.730848+00:00
1024,The color pattern is whitish or yellowish with the blotched patterns varying from shades of tan to dark brown .,19.0,3,B2,4,C1,False,0.7125,2026-08-28T08:04:32.334940+00:00,2026-08-28T08:04:34.730848+00:00
1025,"The commune has an area of 1466.7 sqkm and the city proper , 16.16 sqkm .",12.0,2,B1,3,B2,False,0.7454,2026-08-28T08:04:32.334940+00:00,2026-08-28T08:04:34.730848+00:00
1026,The company also produces soft drinks .,6.0,1,A2,2,B1,False,0.8547,2026-08-28T08:04:32.334940+00:00,2026-08-28T08:04:34.730848+00:00
1027,The complex consists of two temples .,6.0,2,B1,2,B1,True,0.6264,2026-08-28T08:04:32.334940+00:00,2026-08-28T08:04:34.730848+00:00
1028,The construction workers kept the site clean .,7.0,2,B1,2,B1,True,0.8633,2026-08-28T08:04:32.334940+00:00,2026-08-28T08:04:34.730848+00:00
1029,The convention center has 615700 ft2 of exhibit area .,7.0,2,B1,2,B1,True,0.4998,2026-08-28T08:04:32.334940+00:00,2026-08-28T08:04:34.730848+00:00
1030,The coracle is an unstable craft .,6.0,3,B2,3,B2,True,0.5465,2026-08-28T08:04:32.334940+00:00,2026-08-28T08:04:34.730848+00:00
1031,The cost of the foundation works caused the building to cost more than expected .,14.0,2,B1,2,B1,True,0.959,2026-08-28T08:04:32.334940+00:00,2026-08-28T08:04:34.730848+00:00
1032,"The country has a total area of , of which 27,560 km2 is land and 190 km2 is water .",14.0,2,B1,1,A2,False,0.7577,2026-08-28T08:04:32.334940+00:00,2026-08-28T08:04:34.730848+00:00
1033,The county covers an area of 2004.44 km2 .,6.0,2,B1,2,B1,True,0.5905,2026-08-28T08:04:32.334940+00:00,2026-08-28T08:04:34.730848+00:00
1034,"The cynodont therapsids flourished with the dinosaurs , but they were only shrew-sized .",13.0,4,C1,4,C1,True,0.7771,2026-08-28T08:04:32.334940+00:00,2026-08-28T08:04:34.730848+00:00
1035,"The date 27 April is now a public holiday in South Africa , Freedom Day .",13.0,1,A2,1,A2,True,0.4774,2026-08-28T08:04:32.334940+00:00,2026-08-28T08:04:34.730848+00:00
1036,"The design claim is often challenged as an argument from ignorance , since it is often unexplained or unsupported , or explained by unscientific conjecture .",23.0,4,C1,4,C1,True,0.7833,2026-08-28T08:04:32.334940+00:00,2026-08-28T08:04:34.730848+00:00
1037,The design of the trains was finalized in September 2004 .,9.0,2,B1,2,B1,True,0.4575,2026-08-28T08:04:32.334940+00:00,2026-08-28T08:04:34.730848+00:00
1038,The development of explosive artillery shells made the use of iron armor plate on warships necessary .,16.0,3,B2,4,C1,False,0.6723,2026-08-28T08:04:32.334940+00:00,2026-08-28T08:04:34.730848+00:00
1039,The device is a white screen with a multitude of little holes on all its surface .,16.0,3,B2,3,B2,True,0.4942,2026-08-28T08:04:32.334940+00:00,2026-08-28T08:04:34.730848+00:00
1040,The diagram illustrates the encryption process .,6.0,3,B2,2,B1,False,0.4617,2026-08-28T08:04:32.334940+00:00,2026-08-28T08:04:34.730848+00:00
1041,The direction and duration of waggle runs show the direction and distance to flowers .,14.0,3,B2,3,B2,True,0.635,2026-08-28T08:04:32.334940+00:00,2026-08-28T08:04:34.730848+00:00
1042,The displeased principal kept walking around the classroom .,8.0,2,B1,2,B1,True,0.5997,2026-08-28T08:04:32.334940+00:00,2026-08-28T08:04:34.730848+00:00
1043,The divers were protected by a metal cage .,8.0,1,A2,2,B1,False,0.4785,2026-08-28T08:04:32.334940+00:00,2026-08-28T08:04:34.730848+00:00
1044,The dog learned to sit .,5.0,1,A2,1,A2,True,0.9002,2026-08-28T08:04:32.334940+00:00,2026-08-28T08:04:34.730848+00:00
1045,The dog looks guilty .,4.0,2,B1,1,A2,False,0.7673,2026-08-28T08:04:32.334940+00:00,2026-08-28T08:04:34.730848+00:00
1046,The dog remained outside the room where his master slept .,10.0,2,B1,2,B1,True,0.6848,2026-08-28T08:04:32.334940+00:00,2026-08-28T08:04:34.730848+00:00
1047,The dogs got tired from running at the park this afternoon .,11.0,2,B1,2,B1,True,0.6734,2026-08-28T08:04:32.334940+00:00,2026-08-28T08:04:34.730848+00:00
1048,The dogs ran around the living room .,7.0,1,A2,1,A2,True,0.6734,2026-08-28T08:04:32.334940+00:00,2026-08-28T08:04:34.730848+00:00
1049,The door has been locked since she left .,8.0,2,B1,2,B1,True,0.539,2026-08-28T08:04:32.334940+00:00,2026-08-28T08:04:34.730848+00:00
1050,The doors must be locked by midnight .,7.0,1,A2,1,A2,True,0.6426,2026-08-28T08:04:32.334940+00:00,2026-08-28T08:04:34.730848+00:00
1051,"The draw for the qualification stage took place on 8 April 2015 , immediately after the announcement of the host nation .",18.0,3,B2,3,B2,True,0.6311,2026-08-28T08:04:32.334940+00:00,2026-08-28T08:04:34.730848+00:00
1052,The eagle landed on a big rock .,7.0,2,B1,1,A2,False,0.7033,2026-08-28T08:04:32.334940+00:00,2026-08-28T08:04:34.730848+00:00
1053,The earliest European settlers to the district arrived in the 1840s .,10.0,2,B1,2,B1,True,0.5271,2026-08-28T08:04:32.334940+00:00,2026-08-28T08:04:34.730848+00:00
1054,The earliest playwright in Western literature with surviving works are the Ancient Greeks .,13.0,3,B2,3,B2,True,0.4879,2026-08-28T08:04:32.334940+00:00,2026-08-28T08:04:34.730848+00:00
1055,"The eastern border of the province corresponds to the western bank of the Maas , which originates in France .",18.0,3,B2,3,B2,True,0.6534,2026-08-28T08:04:32.334940+00:00,2026-08-28T08:04:34.730848+00:00
1056,"The eastern border of the province corresponds to the western side of the Maas , which originates in France .",18.0,3,B2,3,B2,True,0.6442,2026-08-28T08:04:32.334940+00:00,2026-08-28T08:04:34.730848+00:00
1057,"The election results of September 18 , 2005 were surprising .",7.0,1,A2,2,B1,False,0.6293,2026-08-28T08:04:32.334940+00:00,2026-08-28T08:04:34.730848+00:00
1058,"The election used a supplementary vote system , in which voters express a first and a second preference of candidates .",19.0,3,B2,3,B2,True,0.5831,2026-08-28T08:04:32.334940+00:00,2026-08-28T08:04:34.730848+00:00
1059,The electron transport chain consists of a spatially separated series of redox reactions in which electrons are transferred from a donor molecule to an acceptor molecule .,26.0,4,C1,4,C1,True,0.9052,2026-08-28T08:04:32.334940+00:00,2026-08-28T08:04:34.730848+00:00
1060,"The elytra primarily serve as protective wing -cases for the hindwings underneath , which are used for flying .",16.0,4,C1,4,C1,True,0.7986,2026-08-28T08:04:32.334940+00:00,2026-08-28T08:04:34.730848+00:00
1061,The engineer I met at dinner last night was an interesting man .,12.0,1,A2,1,A2,True,0.5738,2026-08-28T08:04:32.334940+00:00,2026-08-28T08:04:34.730848+00:00
1062,The experiment began late July 2009 .,5.0,1,A2,2,B1,False,0.7278,2026-08-28T08:04:32.334940+00:00,2026-08-28T08:04:34.730848+00:00
1063,The film 's story is about an astronaut crew who leave Earth on a deep space mission and crash land on a supposedly alien planet in the 40th century .,27.0,3,B2,3,B2,True,0.4446,2026-08-28T08:04:32.334940+00:00,2026-08-28T08:04:34.730848+00:00
1064,The film received generally favorable reviews .,6.0,2,B1,3,B2,False,0.7076,2026-08-28T08:04:32.334940+00:00,2026-08-28T08:04:34.730848+00:00
1065,The film received mixed reviews .,5.0,2,B1,2,B1,True,0.6432,2026-08-28T08:04:32.334940+00:00,2026-08-28T08:04:34.730848+00:00
1066,The film was not a box office success .,8.0,2,B1,2,B1,True,0.5486,2026-08-28T08:04:32.334940+00:00,2026-08-28T08:04:34.730848+00:00
1067,The film was released on 19 March 2004 in Spain and 10 September 2004 in Mexico .,12.0,2,B1,1,A2,False,0.7564,2026-08-28T08:04:32.334940+00:00,2026-08-28T08:04:34.730848+00:00
1068,The first allotments in the town were sold in 1840 .,9.0,2,B1,3,B2,False,0.4176,2026-08-28T08:04:32.334940+00:00,2026-08-28T08:04:34.730848+00:00
1069,The first attack was made on January 17 .,7.0,1,A2,1,A2,True,0.7643,2026-08-28T08:04:32.334940+00:00,2026-08-28T08:04:34.730848+00:00
1070,The first electronic version of the dictionary was made available in 1988 .,11.0,2,B1,2,B1,True,0.5536,2026-08-28T08:04:32.334940+00:00,2026-08-28T08:04:34.730848+00:00
1071,"The first multiracial election in which all races could vote , was held on 27 April 1994 .",14.0,4,C1,3,B2,False,0.4505,2026-08-28T08:04:32.334940+00:00,2026-08-28T08:04:34.730848+00:00
1072,The first paper issues of the Australian dollar were issued in 1966 .,11.0,2,B1,2,B1,True,0.8444,2026-08-28T08:04:32.334940+00:00,2026-08-28T08:04:34.730848+00:00
1073,The first recorded outbreak of chikungunya may have been in 1779 .,10.0,3,B2,3,B2,True,0.4188,2026-08-28T08:04:32.334940+00:00,2026-08-28T08:04:34.730848+00:00
1074,The flattened bodies of stingrays allow them to hide themselves .,10.0,3,B2,4,C1,False,0.5215,2026-08-28T08:04:32.334940+00:00,2026-08-28T08:04:34.730848+00:00
1075,The flight test program was hampered by problems with the 747's JT9D engines .,11.0,3,B2,2,B1,False,0.5287,2026-08-28T08:04:32.334940+00:00,2026-08-28T08:04:34.730848+00:00
1076,"The following is the modern version , adopted in 1900 , without the vivid attacks against Spain .",14.0,2,B1,3,B2,False,0.5678,2026-08-28T08:04:32.334940+00:00,2026-08-28T08:04:34.730848+00:00
1077,The following table lays out the chronology of the construction of most of the major pyramids mentioned here .,18.0,3,B2,3,B2,True,0.5949,2026-08-28T08:04:32.334940+00:00,2026-08-28T08:04:34.730848+00:00
1078,"The food of Cambodia includes tropical fruits , rice , noodles and various soups .",12.0,2,B1,3,B2,False,0.4308,2026-08-28T08:04:32.334940+00:00,2026-08-28T08:04:34.730848+00:00
1079,The forest contains at least 900 plant species .,7.0,1,A2,2,B1,False,0.6564,2026-08-28T08:04:32.334940+00:00,2026-08-28T08:04:34.730848+00:00
1080,The format remains largely unchanged from previous seasons .,8.0,2,B1,3,B2,False,0.5023,2026-08-28T08:04:32.334940+00:00,2026-08-28T08:04:34.730848+00:00
1081,"The fossil consists of most of the skull , face and mandible with teeth .",13.0,3,B2,3,B2,True,0.5147,2026-08-28T08:04:32.334940+00:00,2026-08-28T08:04:34.730848+00:00
1082,"The fourth- generation iPad is shipped with iOS 6.0 and later , iOS 7 .",10.0,2,B1,2,B1,True,0.6018,2026-08-28T08:04:32.334940+00:00,2026-08-28T08:04:34.730848+00:00
1083,The game received fairly good reviews from critics .,8.0,2,B1,2,B1,True,0.9373,2026-08-28T08:04:32.334940+00:00,2026-08-28T08:04:34.730848+00:00
1084,"The game was separated into five episodes , released in two -month intervals .",11.0,2,B1,3,B2,False,0.6454,2026-08-28T08:04:32.334940+00:00,2026-08-28T08:04:34.730848+00:00
1085,The gathering of swamp deer in the park 's grasslands is the largest in the world .,15.0,3,B2,3,B2,True,0.6215,2026-08-28T08:04:32.334940+00:00,2026-08-28T08:04:34.730848+00:00
1086,The giant panda is a conservation - reliant vulnerable species .,9.0,3,B2,3,B2,True,0.601,2026-08-28T08:04:32.334940+00:00,2026-08-28T08:04:34.730848+00:00
1087,The goal of stuttering modification therapy is not to eliminate stuttering but to modify it so that stuttering is easier and less effortful .,23.0,4,C1,4,C1,True,0.9207,2026-08-28T08:04:32.334940+00:00,2026-08-28T08:04:34.730848+00:00
1088,The goal was to capture a major port for a short period and to gather information .,16.0,3,B2,2,B1,False,0.6626,2026-08-28T08:04:32.334940+00:00,2026-08-28T08:04:34.730848+00:00
1089,The golden everlasting is easy to grow .,7.0,2,B1,2,B1,True,0.7059,2026-08-28T08:04:32.334940+00:00,2026-08-28T08:04:34.730848+00:00
1090,"The government is led by the Prime Minister , who selects all the remaining ministers .",14.0,1,A2,3,B2,False,0.788,2026-08-28T08:04:32.334940+00:00,2026-08-28T08:04:34.730848+00:00
1091,The great crested grebe has an elaborate mating display .,9.0,4,C1,4,C1,True,0.8282,2026-08-28T08:04:32.334940+00:00,2026-08-28T08:04:34.730848+00:00
1092,The group sings theme music for anime which are famous overseas too .,12.0,2,B1,2,B1,True,0.6324,2026-08-28T08:04:32.334940+00:00,2026-08-28T08:04:34.730848+00:00
1093,The gun can be started up when it is fully closed down in less than one minute .,17.0,3,B2,2,B1,False,0.8297,2026-08-28T08:04:32.334940+00:00,2026-08-28T08:04:34.730848+00:00
1094,The handicapped boys were mainstreamed into regular classes .,8.0,3,B2,3,B2,True,0.5276,2026-08-28T08:04:32.334940+00:00,2026-08-28T08:04:34.730848+00:00
1095,The hawk flew down and grabbed a snake .,8.0,2,B1,2,B1,True,0.5679,2026-08-28T08:04:32.334940+00:00,2026-08-28T08:04:34.730848+00:00
1096,The head of government of each state is called the Premier .,11.0,2,B1,2,B1,True,0.8277,2026-08-28T08:04:32.334940+00:00,2026-08-28T08:04:34.730848+00:00
1097,"The highlight of the prison , from the inmates ' perspective , was the garden .",12.0,3,B2,2,B1,False,0.4855,2026-08-28T08:04:32.334940+00:00,2026-08-28T08:04:34.730848+00:00
1098,"The highlight of the prison , from the inmates ' point of view , was the garden .",14.0,3,B2,2,B1,False,0.5645,2026-08-28T08:04:32.334940+00:00,2026-08-28T08:04:34.730848+00:00
1099,"The hosts were only announced after the qualifying round , which meant all teams had to participate in the qualification process for the final stage .",24.0,3,B2,3,B2,True,0.5471,2026-08-28T08:04:32.334940+00:00,2026-08-28T08:04:34.730848+00:00
1100,The hot air balloon is the oldest form of flying technology that can successfully carry people .,16.0,3,B2,3,B2,True,0.5364,2026-08-28T08:04:32.334940+00:00,2026-08-28T08:04:34.730848+00:00
1101,"The human vagina is an elastic , muscular canal that extends from the vulva to the cervix .",16.0,4,C1,4,C1,True,0.9626,2026-08-28T08:04:32.334940+00:00,2026-08-28T08:04:34.730848+00:00
1102,The inclination of Earth 's orbit drifts up and down relative to its present orbit .,14.0,3,B2,4,C1,False,0.4981,2026-08-28T08:04:32.334940+00:00,2026-08-28T08:04:34.730848+00:00
1103,"The inclination of Earth 's orbit drifts up and down relative to its present orbit with a cycle having a period of about 70,000 years .",23.0,4,C1,4,C1,True,0.5825,2026-08-28T08:04:32.334940+00:00,2026-08-28T08:04:34.730848+00:00
1104,The information here are latest updated as of 25.05.2015,8.0,2,B1,2,B1,True,0.5576,2026-08-28T08:04:32.334940+00:00,2026-08-28T08:04:34.730848+00:00
1105,"The injured people sat covered in blood , waiting for medical aid .",11.0,3,B2,2,B1,False,0.8534,2026-08-28T08:04:32.334940+00:00,2026-08-28T08:04:34.730848+00:00
1106,The injured people were rushed to hospital .,7.0,2,B1,2,B1,True,0.7917,2026-08-28T08:04:32.334940+00:00,2026-08-28T08:04:34.730848+00:00
1107,The island has an area of about 174 km .,8.0,2,B1,2,B1,True,0.6867,2026-08-28T08:04:32.334940+00:00,2026-08-28T08:04:34.730848+00:00
1108,The islet is noted for its large gannet colony .,9.0,3,B2,3,B2,True,0.4605,2026-08-28T08:04:32.334940+00:00,2026-08-28T08:04:34.730848+00:00
1109,The job of President was created in 1839 .,7.0,2,B1,1,A2,False,0.5634,2026-08-28T08:04:32.334940+00:00,2026-08-28T08:04:34.730848+00:00
1110,The lake has relatively high levels of dissolved salts .,9.0,2,B1,3,B2,False,0.5026,2026-08-28T08:04:32.334940+00:00,2026-08-28T08:04:34.730848+00:00
1111,The land on which the circuit is built was originally bought in 1926 by property developers .,15.0,3,B2,3,B2,True,0.5721,2026-08-28T08:04:32.334940+00:00,2026-08-28T08:04:34.730848+00:00
1112,The later half of the period was an episode of intensive orogeny on virtually all continents .,16.0,4,C1,3,B2,False,0.7077,2026-08-28T08:04:32.334940+00:00,2026-08-28T08:04:34.730848+00:00
1113,The leading cause of coral bleaching is rising water temperatures .,10.0,3,B2,3,B2,True,0.5394,2026-08-28T08:04:32.334940+00:00,2026-08-28T08:04:34.730848+00:00
1114,"The lesser roadrunner is an omnivore , meaning it eats both meat and plants .",13.0,4,C1,4,C1,True,0.6013,2026-08-28T08:04:32.334940+00:00,2026-08-28T08:04:34.730848+00:00
1115,The line was abandoned in 1980 .,5.0,2,B1,2,B1,True,0.5437,2026-08-28T08:04:32.334940+00:00,2026-08-28T08:04:34.730848+00:00
1116,The lobster was overcooked .,4.0,2,B1,1,A2,False,0.5624,2026-08-28T08:04:32.334940+00:00,2026-08-28T08:04:34.730848+00:00
1117,"The magazine is published monthly , and additional map supplements are also included with subscriptions .",14.0,3,B2,3,B2,True,0.7284,2026-08-28T08:04:32.334940+00:00,2026-08-28T08:04:34.730848+00:00
1118,The main economic activities in the area are tourism and pastoral runs of sheep and increasingly cattle .,17.0,3,B2,3,B2,True,0.6147,2026-08-28T08:04:32.334940+00:00,2026-08-28T08:04:34.730848+00:00
1119,"The main economic activities of the town are tourism , commerce and fishing .",12.0,2,B1,3,B2,False,0.4952,2026-08-28T08:04:32.334940+00:00,2026-08-28T08:04:34.730848+00:00
1120,The main economic activity of the municipality is farming .,9.0,3,B2,3,B2,True,0.68,2026-08-28T08:04:32.334940+00:00,2026-08-28T08:04:34.730848+00:00
1121,The main goal of the mission is to develop the technologies needed for interplanetary missions .,15.0,4,C1,3,B2,False,0.7651,2026-08-28T08:04:32.334940+00:00,2026-08-28T08:04:34.730848+00:00
1122,The main goals of earthquake engineering are : A properly engineered structure does not necessarily have to be extremely strong or expensive .,21.0,3,B2,3,B2,True,0.7555,2026-08-28T08:04:32.334940+00:00,2026-08-28T08:04:34.730848+00:00
1123,"The main rooftop mast supports two FM master antennas , and a top-mounted television antenna previously used by WBPX .",19.0,3,B2,4,C1,False,0.6128,2026-08-28T08:04:32.334940+00:00,2026-08-28T08:04:34.730848+00:00
1124,The major difficulty in the use of natural gas is transportation .,11.0,1,A2,2,B1,False,0.6842,2026-08-28T08:04:32.334940+00:00,2026-08-28T08:04:34.730848+00:00
1125,"The mall opened its doors to the public August 11 , 1992 .",9.0,1,A2,2,B1,False,0.5675,2026-08-28T08:04:32.334940+00:00,2026-08-28T08:04:34.730848+00:00
1126,The man in that car caused the accident .,8.0,2,B1,1,A2,False,0.692,2026-08-28T08:04:32.334940+00:00,2026-08-28T08:04:34.730848+00:00
1127,The manager has n't told the employees about it yet .,9.0,2,B1,1,A2,False,0.5251,2026-08-28T08:04:32.334940+00:00,2026-08-28T08:04:34.730848+00:00
1128,The masked man ran from the bank .,7.0,1,A2,2,B1,False,0.8224,2026-08-28T08:04:32.334940+00:00,2026-08-28T08:04:34.730848+00:00
1129,The meat was still a little too raw .,8.0,1,A2,2,B1,False,0.6265,2026-08-28T08:04:32.334940+00:00,2026-08-28T08:04:34.730848+00:00
1130,The melodic and harmonic versions of the scale are written in with accidentals as necessary .,15.0,3,B2,4,C1,False,0.7807,2026-08-28T08:04:32.334940+00:00,2026-08-28T08:04:34.730848+00:00
1131,The men whom the reporters followed were famous musicians .,9.0,2,B1,2,B1,True,0.7662,2026-08-28T08:04:32.334940+00:00,2026-08-28T08:04:34.730848+00:00
1132,The metabolic rate varies between individuals .,6.0,3,B2,3,B2,True,0.4161,2026-08-28T08:04:32.334940+00:00,2026-08-28T08:04:34.730848+00:00
1133,The metabolic system of an organism decides which substances it finds nutritious and which poisonous .,15.0,4,C1,4,C1,True,0.8084,2026-08-28T08:04:32.334940+00:00,2026-08-28T08:04:34.730848+00:00
1134,The method compares words in a text to a list of words which are familiar in everyday writing .,18.0,3,B2,2,B1,False,0.5498,2026-08-28T08:04:32.334940+00:00,2026-08-28T08:04:34.730848+00:00
1135,"The microarchitecture is related to , but not the same as , the instruction set architecture .",14.0,3,B2,3,B2,True,0.602,2026-08-28T08:04:32.334940+00:00,2026-08-28T08:04:34.730848+00:00
1136,The minister 's eloquent words left the congregation ecstatic .,8.0,4,C1,4,C1,True,0.3901,2026-08-28T08:04:32.334940+00:00,2026-08-28T08:04:34.730848+00:00
1137,The money has been missing since he quit .,8.0,2,B1,2,B1,True,0.4894,2026-08-28T08:04:32.334940+00:00,2026-08-28T08:04:34.730848+00:00
1138,"The mons pubis is the soft mound of fatty tissue at the front of the vulva , in the pubic region covering the pubic bone .",24.0,3,B2,4,C1,False,0.891,2026-08-28T08:04:32.334940+00:00,2026-08-28T08:04:34.730848+00:00
1139,The monster whom Harry killed was Voldemort .,7.0,1,A2,2,B1,False,0.631,2026-08-28T08:04:32.334940+00:00,2026-08-28T08:04:34.730848+00:00
1140,"The motorway was first suggested early in the 20th century , and a few sections were built in the early 1970s .",18.0,2,B1,2,B1,True,0.4312,2026-08-28T08:04:32.334940+00:00,2026-08-28T08:04:34.730848+00:00
1141,The mountain was first surveyed by a European survey team in 1856 .,11.0,3,B2,3,B2,True,0.534,2026-08-28T08:04:32.334940+00:00,2026-08-28T08:04:34.730848+00:00
1142,The mountain was first surveyed by a European team in 1856 .,10.0,2,B1,2,B1,True,0.6003,2026-08-28T08:04:32.334940+00:00,2026-08-28T08:04:34.730848+00:00
1143,"The mouse - like hamsters are not real hamsters , although they look like hamsters .",13.0,2,B1,3,B2,False,0.4734,2026-08-28T08:04:32.334940+00:00,2026-08-28T08:04:34.730848+00:00
1144,"The mouse - like hamsters are not true hamsters , but represent an early split from the rest of the mouse -like rodents .",20.0,3,B2,3,B2,True,0.5712,2026-08-28T08:04:32.334940+00:00,2026-08-28T08:04:34.730848+00:00
1145,The movement began in the late 1960s .,6.0,2,B1,1,A2,False,0.7674,2026-08-28T08:04:32.334940+00:00,2026-08-28T08:04:34.730848+00:00
1146,The movement of snakes in trees has only recently been studied .,11.0,2,B1,2,B1,True,0.6893,2026-08-28T08:04:32.334940+00:00,2026-08-28T08:04:34.730848+00:00
1147,"The movie received mostly positive reviews from critics , and performances from the cast were praised .",15.0,3,B2,3,B2,True,0.6652,2026-08-28T08:04:32.334940+00:00,2026-08-28T08:04:34.730848+00:00
1148,The movie received negative review from critics .,7.0,2,B1,2,B1,True,0.7714,2026-08-28T08:04:32.334940+00:00,2026-08-28T08:04:34.730848+00:00
1149,The movie was a flop .,5.0,2,B1,1,A2,False,0.9267,2026-08-28T08:04:32.334940+00:00,2026-08-28T08:04:34.730848+00:00
1150,"The murids are classified in five subfamilies , around 150 genera and about 710 species .",12.0,4,C1,4,C1,True,0.7341,2026-08-28T08:04:32.334940+00:00,2026-08-28T08:04:34.730848+00:00
1151,"The name comes from the fact that calligraphy - inspired typefaces were first designed in Italy , to replace documents traditionally written in a handwriting style called chancery hand .",27.0,4,C1,4,C1,True,0.5339,2026-08-28T08:04:32.334940+00:00,2026-08-28T08:04:34.730848+00:00
1152,"The names of oblasts did not usually correspond to the names of the historical regions , as they were created as purely administrative units .",23.0,3,B2,4,C1,False,0.5227,2026-08-28T08:04:32.334940+00:00,2026-08-28T08:04:34.730848+00:00
1153,"The names of oblasts did not usually correspond to the names of the respective historical regions , as they were created as purely administrative units .",24.0,3,B2,3,B2,True,0.5019,2026-08-28T08:04:32.334940+00:00,2026-08-28T08:04:34.730848+00:00
1154,The neighborhood has a distinguished history of notable residents .,9.0,3,B2,2,B1,False,0.5156,2026-08-28T08:04:32.334940+00:00,2026-08-28T08:04:34.730848+00:00
1155,The new immigration bill would allow some people to stay in the country .,13.0,2,B1,2,B1,True,0.8937,2026-08-28T08:04:32.334940+00:00,2026-08-28T08:04:34.730848+00:00
1156,"The novel tells about ideal civilization of powerful mages which have invited paranormal skills like telepathy , levitation and mediumism .",19.0,3,B2,4,C1,False,0.8019,2026-08-28T08:04:32.334940+00:00,2026-08-28T08:04:34.730848+00:00
1157,The number of homeless people worldwide has grown steadily in recent years .,12.0,2,B1,3,B2,False,0.5899,2026-08-28T08:04:32.334940+00:00,2026-08-28T08:04:34.730848+00:00
1158,"The number of stillbirths in the United States is about 1 in 115 births , which is about 26,000 a year , or one every 20 minutes .",21.0,3,B2,3,B2,True,0.5947,2026-08-28T08:04:32.334940+00:00,2026-08-28T08:04:34.730848+00:00
1159,The number of white blood cells increases when a person is fighting infection or disease and decrease when a person is healthy .,22.0,3,B2,3,B2,True,0.5696,2026-08-28T08:04:32.334940+00:00,2026-08-28T08:04:34.730848+00:00
1160,The oldest parts of the building have been dated by dendrochronology to 1094 .,12.0,4,C1,3,B2,False,0.543,2026-08-28T08:04:32.334940+00:00,2026-08-28T08:04:34.730848+00:00
1161,The only time a female flying lizard ventures to the ground is when she is ready to lay her eggs .,20.0,3,B2,2,B1,False,0.4792,2026-08-28T08:04:32.334940+00:00,2026-08-28T08:04:34.730848+00:00
1162,The only time a flying lizard comes to the ground is when a female is ready to lay her eggs .,20.0,3,B2,2,B1,False,0.5115,2026-08-28T08:04:32.334940+00:00,2026-08-28T08:04:34.730848+00:00
1163,The opposite of electronegativity is electropositivity ; the measure of how well an atom gives away electrons .,16.0,4,C1,4,C1,True,0.7435,2026-08-28T08:04:32.334940+00:00,2026-08-28T08:04:34.730848+00:00
1164,The origin of homochirality in the first place is much discussed .,11.0,4,C1,3,B2,False,0.3917,2026-08-28T08:04:32.334940+00:00,2026-08-28T08:04:34.730848+00:00
1165,The parachute drop was a complete failure .,7.0,2,B1,2,B1,True,0.5245,2026-08-28T08:04:32.334940+00:00,2026-08-28T08:04:34.730848+00:00
1166,The parachute drop was a failure .,6.0,3,B2,2,B1,False,0.4723,2026-08-28T08:04:32.334940+00:00,2026-08-28T08:04:34.730848+00:00
1167,The park holds 104 species of plants .,6.0,2,B1,2,B1,True,0.66,2026-08-28T08:04:32.334940+00:00,2026-08-28T08:04:34.730848+00:00
1168,The park was created in 1981 .,5.0,1,A2,1,A2,True,0.8661,2026-08-28T08:04:32.334940+00:00,2026-08-28T08:04:34.730848+00:00
1169,The park was established in 1981 .,5.0,1,A2,1,A2,True,0.8009,2026-08-28T08:04:32.334940+00:00,2026-08-28T08:04:34.730848+00:00
1170,The particle in a 1 - dimensional well is the most simple example showing that the energy of a particle can only have specific values .,23.0,4,C1,4,C1,True,0.4815,2026-08-28T08:04:32.334940+00:00,2026-08-28T08:04:34.730848+00:00
1171,"The pelican eel 's most notable feature is its large mouth , which is much larger than its body .",17.0,2,B1,3,B2,False,0.5152,2026-08-28T08:04:32.334940+00:00,2026-08-28T08:04:34.730848+00:00
1172,The people coming to work today looked tired .,8.0,2,B1,1,A2,False,0.6387,2026-08-28T08:04:32.334940+00:00,2026-08-28T08:04:34.730848+00:00
1173,The people standing in line were quiet .,7.0,2,B1,2,B1,True,0.7241,2026-08-28T08:04:32.334940+00:00,2026-08-28T08:04:34.730848+00:00
1174,"The permanent collection consists of more than 35,000 works of art .",10.0,3,B2,2,B1,False,0.7319,2026-08-28T08:04:32.334940+00:00,2026-08-28T08:04:34.730848+00:00
1175,The phone kept ringing .,4.0,1,A2,1,A2,True,0.9772,2026-08-28T08:04:32.334940+00:00,2026-08-28T08:04:34.730848+00:00
1176,The physics engine is responsible for emulating the laws of physics realistically within the application .,15.0,3,B2,3,B2,True,0.4761,2026-08-28T08:04:32.334940+00:00,2026-08-28T08:04:34.730848+00:00
1177,"The planes , with many damaged aircraft , landed on their carriers between 12 : 50 and 14 : 30 .",12.0,2,B1,2,B1,True,0.6984,2026-08-28T08:04:32.334940+00:00,2026-08-28T08:04:34.730848+00:00
1178,"The plant grows in wet , shady places .",7.0,2,B1,2,B1,True,0.7291,2026-08-28T08:04:32.334940+00:00,2026-08-28T08:04:34.730848+00:00
1179,The population is almost entirely French-speaking .,7.0,2,B1,2,B1,True,0.5183,2026-08-28T08:04:32.334940+00:00,2026-08-28T08:04:34.730848+00:00
1180,"The population of the province is estimated at 889,700 people .",9.0,3,B2,2,B1,False,0.7973,2026-08-28T08:04:32.334940+00:00,2026-08-28T08:04:34.730848+00:00
1181,"The population was 41,558 at the 2010 census .",6.0,2,B1,1,A2,False,0.6505,2026-08-28T08:04:32.334940+00:00,2026-08-28T08:04:34.730848+00:00
1182,The practice is generally considered safe sex as long as the hands are protected with a latex gloves .,18.0,3,B2,3,B2,True,0.4818,2026-08-28T08:04:32.334940+00:00,2026-08-28T08:04:34.730848+00:00
1183,The precise origin of absinthe is unclear .,7.0,3,B2,3,B2,True,0.5889,2026-08-28T08:04:32.334940+00:00,2026-08-28T08:04:34.730848+00:00
1184,The presidential election was held on 28 October 2007 .,7.0,2,B1,2,B1,True,0.575,2026-08-28T08:04:32.334940+00:00,2026-08-28T08:04:34.730848+00:00
1185,The primary goal of instrument analysis is to measure an amount of substance .,13.0,2,B1,2,B1,True,0.6049,2026-08-28T08:04:32.334940+00:00,2026-08-28T08:04:34.730848+00:00
1186,The primary goal of instrument analysis is to quantify an amount of substance .,13.0,3,B2,3,B2,True,0.5324,2026-08-28T08:04:32.334940+00:00,2026-08-28T08:04:34.730848+00:00
1187,The problem was caused by ineffective management .,7.0,2,B1,3,B2,False,0.5083,2026-08-28T08:04:32.334940+00:00,2026-08-28T08:04:34.730848+00:00
1188,The procedure for caring for a beating heart cadaver is the same as caring for a normal patient .,18.0,3,B2,3,B2,True,0.5513,2026-08-28T08:04:32.334940+00:00,2026-08-28T08:04:34.730848+00:00
1189,"The professors currently hold their positions for three years , extendable for a fourth year , and give six lectures a year .",20.0,3,B2,3,B2,True,0.7406,2026-08-28T08:04:32.334940+00:00,2026-08-28T08:04:34.730848+00:00
1190,"The professors currently hold their positions for three years , extendable for a fourth year .",14.0,2,B1,3,B2,False,0.7227,2026-08-28T08:04:32.334940+00:00,2026-08-28T08:04:34.730848+00:00
1191,The project will also include 420 to 470 units of housing .,9.0,2,B1,2,B1,True,0.8503,2026-08-28T08:04:32.334940+00:00,2026-08-28T08:04:34.730848+00:00
1192,The province has 3 urban and 111 rural communities .,7.0,2,B1,2,B1,True,0.7316,2026-08-28T08:04:32.334940+00:00,2026-08-28T08:04:34.730848+00:00
1193,The province has 6 districts and 12 municipalities .,6.0,3,B2,2,B1,False,0.6175,2026-08-28T08:04:32.334940+00:00,2026-08-28T08:04:34.730848+00:00
1194,The province has 8 districts and 28 municipalities .,6.0,2,B1,2,B1,True,0.5649,2026-08-28T08:04:32.334940+00:00,2026-08-28T08:04:34.730848+00:00
1195,The purpose of classification is to protect information from being used to damage or cause danger to national security .,19.0,3,B2,3,B2,True,0.7128,2026-08-28T08:04:32.334940+00:00,2026-08-28T08:04:34.730848+00:00
1196,The purpose of this event is for individual shooters to try and score on a breakaway against an opposing goalie .,20.0,3,B2,3,B2,True,0.4779,2026-08-28T08:04:32.334940+00:00,2026-08-28T08:04:34.730848+00:00
1197,The red kangaroo is a very large kangaroo .,8.0,1,A2,3,B2,False,0.4534,2026-08-28T08:04:32.334940+00:00,2026-08-28T08:04:34.730848+00:00
1198,"The release of pituitary hormones by both the anterior and posterior lobes is under the control of the hypothalamus , albeit in different ways .",23.0,4,C1,4,C1,True,0.9011,2026-08-28T08:04:32.334940+00:00,2026-08-28T08:04:34.730848+00:00
1199,The resort was dependent upon railroad and electric trolley service at first .,12.0,3,B2,3,B2,True,0.5561,2026-08-28T08:04:32.334940+00:00,2026-08-28T08:04:34.730848+00:00
1200,"The restaurant reopened five months after the massacre , but closed permanently on September 9 , 2000 .",13.0,3,B2,3,B2,True,0.461,2026-08-28T08:04:32.334940+00:00,2026-08-28T08:04:34.730848+00:00
1201,"The ride will not operate in the rain , even during drizzling conditions .",12.0,2,B1,3,B2,False,0.6734,2026-08-28T08:04:32.334940+00:00,2026-08-28T08:04:34.730848+00:00
1202,The river passes through mostly agricultural land .,7.0,2,B1,2,B1,True,0.7959,2026-08-28T08:04:32.334940+00:00,2026-08-28T08:04:34.730848+00:00
1203,The role of a gamemaster in an online game is to enforce the game 's rules and provide general customer service .,20.0,3,B2,3,B2,True,0.6017,2026-08-28T08:04:32.334940+00:00,2026-08-28T08:04:34.730848+00:00
1204,The rookie is good but needs more practice .,8.0,1,A2,2,B1,False,0.5904,2026-08-28T08:04:32.334940+00:00,2026-08-28T08:04:34.730848+00:00
1205,The ruined walls of the observatory are a prominent feature on the summit .,13.0,3,B2,3,B2,True,0.6618,2026-08-28T08:04:32.334940+00:00,2026-08-28T08:04:34.730848+00:00
1206,The scarf covered her hair and her forehead .,8.0,3,B2,2,B1,False,0.525,2026-08-28T08:04:32.334940+00:00,2026-08-28T08:04:34.730848+00:00
1207,The school allowed him to perform .,6.0,1,A2,1,A2,True,0.5744,2026-08-28T08:04:32.334940+00:00,2026-08-28T08:04:34.730848+00:00
1208,"The sea , characterized by severe climate , is frozen over most of the year .",13.0,2,B1,2,B1,True,0.4648,2026-08-28T08:04:32.334940+00:00,2026-08-28T08:04:34.730848+00:00
1209,The seagulls came flying at us when they saw our sandwiches .,11.0,2,B1,1,A2,False,0.3612,2026-08-28T08:04:32.334940+00:00,2026-08-28T08:04:34.730848+00:00
1210,The second phase of the project was refused planning consent in 2014 due to possible impacts on sea birds .,18.0,3,B2,3,B2,True,0.7388,2026-08-28T08:04:32.334940+00:00,2026-08-28T08:04:34.730848+00:00
1211,The security guard stopped the thieves .,6.0,3,B2,2,B1,False,0.5609,2026-08-28T08:04:32.334940+00:00,2026-08-28T08:04:34.730848+00:00
1212,"The seeds are extremely small and very numerous , in some species over a million per capsule .",16.0,3,B2,3,B2,True,0.6535,2026-08-28T08:04:32.334940+00:00,2026-08-28T08:04:34.730848+00:00
1213,The series remains popular today .,5.0,2,B1,2,B1,True,0.8895,2026-08-28T08:04:32.334940+00:00,2026-08-28T08:04:34.730848+00:00
1214,"The settlement was founded by reason of two old merchant roads crossing nearby , as well as a ford crossing the river Ems .",22.0,3,B2,3,B2,True,0.6769,2026-08-28T08:04:32.334940+00:00,2026-08-28T08:04:34.730848+00:00
1215,The ships headed for the Taiwanese coast .,7.0,2,B1,2,B1,True,0.6119,2026-08-28T08:04:32.334940+00:00,2026-08-28T08:04:34.730848+00:00
1216,The shrub reaches 1.5 m by 1.5 m. Its flowers are hermaphrodite and are pollinated by insects .,14.0,4,C1,4,C1,True,0.4914,2026-08-28T08:04:32.334940+00:00,2026-08-28T08:04:34.730848+00:00
1217,"The silky pocket mice are small animals with soft fur , long tails , and small feet compared to other heteromyids .",19.0,4,C1,4,C1,True,0.5688,2026-08-28T08:04:32.334940+00:00,2026-08-28T08:04:34.730848+00:00
1218,"The silky pocket mice are small animals with soft pelage , long tails , and small feet compared to other heteromyids .",19.0,4,C1,4,C1,True,0.6121,2026-08-28T08:04:32.334940+00:00,2026-08-28T08:04:34.730848+00:00
1219,"The silvertip shark is a robust and streamlined species with a moderately long , broad snout and large , round eyes .",19.0,4,C1,4,C1,True,0.7831,2026-08-28T08:04:32.334940+00:00,2026-08-28T08:04:34.730848+00:00
1220,The simplest form of term life insurance is a one-year contract .,12.0,2,B1,3,B2,False,0.4969,2026-08-28T08:04:32.334940+00:00,2026-08-28T08:04:34.730848+00:00
1221,The simplest form of term life insurance is for a term of one year .,14.0,2,B1,3,B2,False,0.4744,2026-08-28T08:04:32.334940+00:00,2026-08-28T08:04:34.730848+00:00
1222,"The site was built between 2900 and 2600 BC , though there were possibly earlier buildings before 3000 BC .",15.0,2,B1,2,B1,True,0.7317,2026-08-28T08:04:32.334940+00:00,2026-08-28T08:04:34.730848+00:00
1223,"The smallest amount of time was 8 seconds , and the largest was 34 seconds .",12.0,2,B1,2,B1,True,0.6631,2026-08-28T08:04:32.334940+00:00,2026-08-28T08:04:34.730848+00:00
1224,The song has been covered by number of artists .,9.0,1,A2,1,A2,True,0.6093,2026-08-28T08:04:32.334940+00:00,2026-08-28T08:04:34.730848+00:00
1225,The song received generally positive reviews from music critics .,9.0,2,B1,2,B1,True,0.8123,2026-08-28T08:04:32.334940+00:00,2026-08-28T08:04:34.730848+00:00
1226,"The species in this family vary in size , from 1.5 cm to 12 cm .",12.0,2,B1,1,A2,False,0.4855,2026-08-28T08:04:32.334940+00:00,2026-08-28T08:04:34.730848+00:00
1227,The species within this family vary in size from 1.5 to .,10.0,2,B1,1,A2,False,0.4782,2026-08-28T08:04:32.334940+00:00,2026-08-28T08:04:34.730848+00:00
1228,The speech lasted 40 minutes and 14 seconds .,6.0,1,A2,1,A2,True,0.6879,2026-08-28T08:04:32.334940+00:00,2026-08-28T08:04:34.730848+00:00
1229,The staff have n't opened the office yet .,7.0,1,A2,1,A2,True,0.7302,2026-08-28T08:04:32.334940+00:00,2026-08-28T08:04:34.730848+00:00
1230,The state is divided into three divisions .,7.0,1,A2,2,B1,False,0.6095,2026-08-28T08:04:32.334940+00:00,2026-08-28T08:04:34.730848+00:00
1231,"The statue is one of the most popular tourist destinations in Germany with over 130,000 visitors a year .",17.0,2,B1,2,B1,True,0.4808,2026-08-28T08:04:32.334940+00:00,2026-08-28T08:04:34.730848+00:00
1232,The stone circle was set up between 2900 and 2600 BC .,9.0,1,A2,2,B1,False,0.6176,2026-08-28T08:04:32.334940+00:00,2026-08-28T08:04:34.730848+00:00
1233,"The strike forces , with many damaged aircraft , reached and landed on their respective carriers between 12 : 50 and 14 : 30 .",16.0,3,B2,2,B1,False,0.4826,2026-08-28T08:04:32.334940+00:00,2026-08-28T08:04:34.730848+00:00
1234,The strings of eggs absorb water and swell in size .,10.0,3,B2,2,B1,False,0.546,2026-08-28T08:04:32.334940+00:00,2026-08-28T08:04:34.730848+00:00
1235,The structure of a gene has many elements : the actual protein coding sequence is only a small part .,18.0,3,B2,3,B2,True,0.7951,2026-08-28T08:04:32.334940+00:00,2026-08-28T08:04:34.730848+00:00
1236,"The students took the elevator to the basement , where the professor conducted all of his experiments .",16.0,3,B2,3,B2,True,0.5315,2026-08-28T08:04:32.334940+00:00,2026-08-28T08:04:34.730848+00:00
1237,The students wanted the teacher to assign less homework .,9.0,2,B1,2,B1,True,0.5675,2026-08-28T08:04:32.334940+00:00,2026-08-28T08:04:34.730848+00:00
1238,The supergalactic coordinate system is a fundamental plane with a higher than average number of local galaxies in the sky as seen from Earth .,24.0,3,B2,4,C1,False,0.7158,2026-08-28T08:04:32.334940+00:00,2026-08-28T08:04:34.730848+00:00
1239,The surfers headed for the waves .,6.0,2,B1,2,B1,True,0.5191,2026-08-28T08:04:32.334940+00:00,2026-08-28T08:04:34.730848+00:00
1240,"The symptoms of strep throat usually improve within three to five days , irrespective of treatment .",15.0,4,C1,3,B2,False,0.5941,2026-08-28T08:04:32.334940+00:00,2026-08-28T08:04:34.730848+00:00
1241,The teacher explained it as simply as he could .,9.0,2,B1,2,B1,True,0.6273,2026-08-28T08:04:32.334940+00:00,2026-08-28T08:04:34.730848+00:00
1242,"The term is now often used in invitations , such as to weddings and office parties .",15.0,2,B1,3,B2,False,0.5355,2026-08-28T08:04:32.334940+00:00,2026-08-28T08:04:34.730848+00:00
1243,The terminology used to refer to this delicacy differs greatly in various areas of Germany .,15.0,4,C1,3,B2,False,0.589,2026-08-28T08:04:32.334940+00:00,2026-08-28T08:04:34.730848+00:00
1244,The terracotta army figures were made in workshops .,8.0,2,B1,3,B2,False,0.606,2026-08-28T08:04:32.334940+00:00,2026-08-28T08:04:34.730848+00:00
1245,The terracotta army figures were manufactured in workshops by government laborers and local craftsmen using local materials .,17.0,3,B2,4,C1,False,0.7986,2026-08-28T08:04:32.334940+00:00,2026-08-28T08:04:34.730848+00:00
1246,The test was too hard for any of the students to pass .,12.0,2,B1,1,A2,False,0.592,2026-08-28T08:04:32.334940+00:00,2026-08-28T08:04:34.730848+00:00
1247,The thou is used in engineering and manufacturing mostly .,9.0,3,B2,2,B1,False,0.6176,2026-08-28T08:04:32.334940+00:00,2026-08-28T08:04:34.730848+00:00
1248,The thrush builds a neat mud-lined cup nest in a bush or tree and lays four or five dark -spotted blue eggs .,22.0,3,B2,3,B2,True,0.5635,2026-08-28T08:04:32.334940+00:00,2026-08-28T08:04:34.730848+00:00
1249,The top of a pass is often the only flat ground in the area so it is often a good site for buildings .,23.0,2,B1,2,B1,True,0.8479,2026-08-28T08:04:32.334940+00:00,2026-08-28T08:04:34.730848+00:00
1250,The town has four doctors and one pharmacy .,8.0,1,A2,2,B1,False,0.4691,2026-08-28T08:04:32.334940+00:00,2026-08-28T08:04:34.730848+00:00
1251,The town holds a festival in May .,7.0,1,A2,1,A2,True,0.6044,2026-08-28T08:04:32.334940+00:00,2026-08-28T08:04:34.730848+00:00
1252,The town holds several festivals a year .,7.0,1,A2,2,B1,False,0.6182,2026-08-28T08:04:32.334940+00:00,2026-08-28T08:04:34.730848+00:00
1253,The town is known for its large originating from a castle built at the beginning of the 13th century .,18.0,3,B2,3,B2,True,0.5083,2026-08-28T08:04:32.334940+00:00,2026-08-28T08:04:34.730848+00:00
1254,The town is near a lake region of forests and plains .,11.0,2,B1,2,B1,True,0.8043,2026-08-28T08:04:32.334940+00:00,2026-08-28T08:04:34.730848+00:00
1255,The triceps can be worked through either isolation or compound elbow extension movements and can contract statically to keep the arm straightened against resistance .,24.0,4,C1,4,C1,True,0.6049,2026-08-28T08:04:32.334940+00:00,2026-08-28T08:04:34.730848+00:00
1256,The upper side of the wings is black .,8.0,2,B1,2,B1,True,0.8436,2026-08-28T08:04:32.334940+00:00,2026-08-28T08:04:34.730848+00:00
1257,The upperside of the wings is black .,7.0,2,B1,2,B1,True,0.5473,2026-08-28T08:04:32.334940+00:00,2026-08-28T08:04:34.730848+00:00
1258,The velocity for a manned round trip of a few decades to even the nearest star is thousands of times greater than those of present space vehicles .,27.0,4,C1,3,B2,False,0.6502,2026-08-28T08:04:32.334940+00:00,2026-08-28T08:04:34.730848+00:00
1259,"The victorious rebels formed a government junta that abolished the military altogether , and oversaw the drafting of a new constitution by a democratically elected assembly .",25.0,4,C1,4,C1,True,0.8013,2026-08-28T08:04:32.334940+00:00,2026-08-28T08:04:34.730848+00:00
1260,The village Cross has First Millennial origins : the base dating from the 7th century .,13.0,3,B2,3,B2,True,0.5447,2026-08-28T08:04:32.334940+00:00,2026-08-28T08:04:34.730848+00:00
1261,The vocabulary a person uses is all the words that person knows and uses .,14.0,2,B1,2,B1,True,0.6489,2026-08-28T08:04:32.334940+00:00,2026-08-28T08:04:34.730848+00:00
1262,"The water , having been separated from the air , leaves the camera aeolis at the same rate as it enters .",19.0,3,B2,3,B2,True,0.6259,2026-08-28T08:04:32.334940+00:00,2026-08-28T08:04:34.730848+00:00
1263,"The water , having been separated from the air , leaves the camera aeolis at the same speed as it enters .",19.0,4,C1,3,B2,False,0.5361,2026-08-28T08:04:32.334940+00:00,2026-08-28T08:04:34.730848+00:00
1264,The weapon 's barrel is screwed into the receiver and is not quickly detachable .,13.0,3,B2,3,B2,True,0.6737,2026-08-28T08:04:32.334940+00:00,2026-08-28T08:04:34.730848+00:00
1265,The white - tailed eagle is a very large bird and one of the largest living birds of prey .,18.0,3,B2,2,B1,False,0.7292,2026-08-28T08:04:32.334940+00:00,2026-08-28T08:04:34.730848+00:00
1266,The winning team gets 3 points .,5.0,1,A2,2,B1,False,0.6075,2026-08-28T08:04:32.334940+00:00,2026-08-28T08:04:34.730848+00:00
1267,The wire on the fence was as sharp as razors ; we knew there was no way through it .,18.0,2,B1,3,B2,False,0.5847,2026-08-28T08:04:32.334940+00:00,2026-08-28T08:04:34.730848+00:00
1268,The women presented with bonuses were overjoyed .,7.0,3,B2,3,B2,True,0.6482,2026-08-28T08:04:32.334940+00:00,2026-08-28T08:04:34.730848+00:00
1269,The women were rowing as hard as the men .,9.0,3,B2,2,B1,False,0.5873,2026-08-28T08:04:32.334940+00:00,2026-08-28T08:04:34.730848+00:00
1270,The yellow- bellied glider inhabits forests and woodlands in eastern Australia and is found at a range of altitudes from sea level to 1400 metres .,23.0,4,C1,4,C1,True,0.6974,2026-08-28T08:04:32.334940+00:00,2026-08-28T08:04:34.730848+00:00
1271,The yellow- bellied glider lives in forests and woodlands in eastern Australia and is found at a range of altitudes from sea level to 1400 metres .,24.0,4,C1,4,C1,True,0.6045,2026-08-28T08:04:32.334940+00:00,2026-08-28T08:04:34.730848+00:00
1272,Their feathers are mainly light brown with black spots on the top and buff with narrow blackish streaks on the underside .,21.0,3,B2,4,C1,False,0.4747,2026-08-28T08:04:32.334940+00:00,2026-08-28T08:04:34.730848+00:00
1273,Their first world tour took place in October 1998 .,8.0,1,A2,1,A2,True,0.7416,2026-08-28T08:04:32.334940+00:00,2026-08-28T08:04:34.730848+00:00
1274,Their misunderstanding towards each other brought distrust into their relationship .,10.0,3,B2,2,B1,False,0.4743,2026-08-28T08:04:32.334940+00:00,2026-08-28T08:04:34.730848+00:00
1275,Their smiles seemed forced .,4.0,2,B1,0,A1,False,0.7162,2026-08-28T08:04:32.334940+00:00,2026-08-28T08:04:34.730848+00:00
1276,There 's an 80 % chance that she might be having twins .,9.0,2,B1,2,B1,True,0.5476,2026-08-28T08:04:32.334940+00:00,2026-08-28T08:04:34.730848+00:00
1277,There are 10 genera and 24 species of erinaceid .,7.0,4,C1,4,C1,True,0.3116,2026-08-28T08:04:32.334940+00:00,2026-08-28T08:04:34.730848+00:00
1278,There are 12 described genera and 43 described species of erinaceid .,9.0,3,B2,4,C1,False,0.627,2026-08-28T08:04:32.334940+00:00,2026-08-28T08:04:34.730848+00:00
1279,There are also 3D jigsaw puzzles .,5.0,1,A2,2,B1,False,0.6894,2026-08-28T08:04:32.334940+00:00,2026-08-28T08:04:34.730848+00:00
1280,"There are also numerous journals , on - line articles and blogs available .",11.0,2,B1,2,B1,True,0.5326,2026-08-28T08:04:32.334940+00:00,2026-08-28T08:04:34.730848+00:00
1281,There are different views about his early life .,8.0,1,A2,2,B1,False,0.5078,2026-08-28T08:04:32.334940+00:00,2026-08-28T08:04:34.730848+00:00
1282,There are many different treatments for the symptoms of POTS .,10.0,3,B2,2,B1,False,0.5116,2026-08-28T08:04:32.334940+00:00,2026-08-28T08:04:34.730848+00:00
1283,There are many software applications that feature virtual crossfaders .,9.0,3,B2,4,C1,False,0.5867,2026-08-28T08:04:32.334940+00:00,2026-08-28T08:04:34.730848+00:00
1284,There are many ways to define the size of a cluster and distance between clusters .,15.0,3,B2,3,B2,True,0.7094,2026-08-28T08:04:32.334940+00:00,2026-08-28T08:04:34.730848+00:00
1285,There are many websites that have the lyrics to songs .,10.0,2,B1,2,B1,True,0.6854,2026-08-28T08:04:32.334940+00:00,2026-08-28T08:04:34.730848+00:00
1286,"There are no specific antiviral drugs for dengue ; however , maintaining proper fluid balance is important .",15.0,4,C1,4,C1,True,0.599,2026-08-28T08:04:32.334940+00:00,2026-08-28T08:04:34.730848+00:00
1287,There are numerous mathematically equivalent formulations of quantum mechanics .,9.0,4,C1,3,B2,False,0.494,2026-08-28T08:04:32.334940+00:00,2026-08-28T08:04:34.730848+00:00
1288,There are plans to build a new library at my school .,11.0,1,A2,1,A2,True,0.4932,2026-08-28T08:04:32.334940+00:00,2026-08-28T08:04:34.730848+00:00
1289,"There are several common methods used to enlarge piercings , of various origins and appropriate for different circumstances .",17.0,4,C1,4,C1,True,0.5416,2026-08-28T08:04:32.334940+00:00,2026-08-28T08:04:34.730848+00:00
1290,There are some broad differences between encyclopedias and dictionaries .,9.0,4,C1,4,C1,True,0.6592,2026-08-28T08:04:32.334940+00:00,2026-08-28T08:04:34.730848+00:00
1291,"There are species on the checklist , which is begun below and continues in several parts .",15.0,2,B1,3,B2,False,0.5515,2026-08-28T08:04:32.334940+00:00,2026-08-28T08:04:34.730848+00:00
1292,There are three differences to the previous report .,8.0,1,A2,2,B1,False,0.6744,2026-08-28T08:04:32.334940+00:00,2026-08-28T08:04:34.730848+00:00
1293,"There are three ways a neural network can learn : supervised learning , unsupervised learning and reinforcement learning .",16.0,3,B2,4,C1,False,0.6692,2026-08-28T08:04:32.334940+00:00,2026-08-28T08:04:34.730848+00:00
1294,There are twenty children in one class .,7.0,1,A2,1,A2,True,0.4733,2026-08-28T08:04:32.334940+00:00,2026-08-28T08:04:34.730848+00:00
1295,There are two kinds of adverbs : first form and second form .,11.0,2,B1,2,B1,True,0.5897,2026-08-28T08:04:32.334940+00:00,2026-08-28T08:04:34.730848+00:00
1296,There are two major styles of punctuation in English : British or American .,12.0,3,B2,3,B2,True,0.6006,2026-08-28T08:04:32.334940+00:00,2026-08-28T08:04:34.730848+00:00
1297,"There are two types of pages in desktop publishing , electronic pages and virtual paper pages to be printed on paper .",20.0,3,B2,3,B2,True,0.591,2026-08-28T08:04:32.334940+00:00,2026-08-28T08:04:34.730848+00:00
1298,There are two types of pages in desktop publishing : electronic pages and virtual paper pages to be printed on physical paper pages .,22.0,3,B2,3,B2,True,0.6638,2026-08-28T08:04:32.334940+00:00,2026-08-28T08:04:34.730848+00:00
1299,There are two versions of the anthem : a long and a short one .,13.0,2,B1,2,B1,True,0.7746,2026-08-28T08:04:32.334940+00:00,2026-08-28T08:04:34.730848+00:00
1300,There has been much debate among taxonomists about which races of pocket gopher should be recognized as full species .,19.0,4,C1,3,B2,False,0.4453,2026-08-28T08:04:32.334940+00:00,2026-08-28T08:04:34.730848+00:00
1301,There have been many opposition groups against Hitler 's ideology for decades now .,12.0,3,B2,2,B1,False,0.5213,2026-08-28T08:04:32.334940+00:00,2026-08-28T08:04:34.730848+00:00
1302,There have been numerous revivals since newer styles supplanted ragtime in the 1920s .,12.0,3,B2,3,B2,True,0.4919,2026-08-28T08:04:32.334940+00:00,2026-08-28T08:04:34.730848+00:00
1303,There is a big Polish community in Melbourne .,8.0,2,B1,2,B1,True,0.5481,2026-08-28T08:04:32.334940+00:00,2026-08-28T08:04:34.730848+00:00
1304,There is a guest house on the hill behind the main house .,12.0,1,A2,2,B1,False,0.779,2026-08-28T08:04:32.334940+00:00,2026-08-28T08:04:34.730848+00:00
1305,There is also a lieutenant - governor and an administrator .,9.0,3,B2,2,B1,False,0.5175,2026-08-28T08:04:32.334940+00:00,2026-08-28T08:04:34.730848+00:00
1306,"There is also the last type of a jigsaw puzzle , it is considered a 3D puzzle but made from a 2D pieces .",20.0,2,B1,3,B2,False,0.6974,2026-08-28T08:04:32.334940+00:00,2026-08-28T08:04:34.730848+00:00
1307,There is an urgent need for more doctors who are willing to volunteer in Africa .,15.0,2,B1,2,B1,True,0.6431,2026-08-28T08:04:32.334940+00:00,2026-08-28T08:04:34.730848+00:00
1308,There is inherent risk of infection by salmonella bacteria occasionally found in raw egg from cracked or improperly washed eggshells .,20.0,4,C1,4,C1,True,0.9106,2026-08-28T08:04:32.334940+00:00,2026-08-28T08:04:34.730848+00:00
1309,There is no more water .,5.0,1,A2,0,A1,False,0.6625,2026-08-28T08:04:32.334940+00:00,2026-08-28T08:04:34.730848+00:00
1310,There is no reason to be so depressed about the results .,11.0,2,B1,2,B1,True,0.5775,2026-08-28T08:04:32.334940+00:00,2026-08-28T08:04:34.730848+00:00
1311,There is nothing left to say about this situation,9.0,2,B1,1,A2,False,0.6882,2026-08-28T08:04:32.334940+00:00,2026-08-28T08:04:34.730848+00:00
1312,There must be a reexamination if the majority of the students scored less than 40 % on the test .,17.0,3,B2,3,B2,True,0.6144,2026-08-28T08:04:32.334940+00:00,2026-08-28T08:04:34.730848+00:00
1313,"There should be multiple means of delivering emergency information so that if one fails , others may get through .",18.0,2,B1,3,B2,False,0.7365,2026-08-28T08:04:32.334940+00:00,2026-08-28T08:04:34.730848+00:00
1314,"There should be multiple ways of sending emergency information so that if one does not work , the others might .",19.0,2,B1,2,B1,True,0.7073,2026-08-28T08:04:32.334940+00:00,2026-08-28T08:04:34.730848+00:00
1315,There was a wind howling all through the night and the next day .,13.0,2,B1,2,B1,True,0.6673,2026-08-28T08:04:32.334940+00:00,2026-08-28T08:04:34.730848+00:00
1316,There was a woman singing this morning .,7.0,1,A2,1,A2,True,0.714,2026-08-28T08:04:32.334940+00:00,2026-08-28T08:04:34.730848+00:00
1317,There were lots of dogs barking angrily at something .,9.0,3,B2,2,B1,False,0.3887,2026-08-28T08:04:32.334940+00:00,2026-08-28T08:04:34.730848+00:00
1318,There were not many swimmers in the water .,8.0,1,A2,2,B1,False,0.5928,2026-08-28T08:04:32.334940+00:00,2026-08-28T08:04:34.730848+00:00
1319,There will be a full course dinner at Amanda 's birthday party .,11.0,2,B1,2,B1,True,0.7586,2026-08-28T08:04:32.334940+00:00,2026-08-28T08:04:34.730848+00:00
1320,There will be war .,4.0,1,A2,0,A1,False,0.7574,2026-08-28T08:04:32.334940+00:00,2026-08-28T08:04:34.730848+00:00
1321,Thermocouples are widely used in science and industry .,8.0,4,C1,3,B2,False,0.3944,2026-08-28T08:04:32.334940+00:00,2026-08-28T08:04:34.730848+00:00
1322,These are by far the most commonly taken exams .,9.0,2,B1,2,B1,True,0.593,2026-08-28T08:04:32.334940+00:00,2026-08-28T08:04:34.730848+00:00
1323,These are the newest types of exams .,7.0,1,A2,1,A2,True,0.5194,2026-08-28T08:04:32.334940+00:00,2026-08-28T08:04:34.730848+00:00
1324,These five countries are directly qualified for the final .,9.0,2,B1,2,B1,True,0.7461,2026-08-28T08:04:32.334940+00:00,2026-08-28T08:04:34.730848+00:00
1325,These houses were built before the war .,7.0,1,A2,1,A2,True,0.621,2026-08-28T08:04:32.334940+00:00,2026-08-28T08:04:34.730848+00:00
1326,These mountains are a popular tourist destination .,7.0,2,B1,2,B1,True,0.8497,2026-08-28T08:04:32.334940+00:00,2026-08-28T08:04:34.730848+00:00
1327,These sometimes immense gatherings fuel the ocean food web .,9.0,3,B2,3,B2,True,0.4968,2026-08-28T08:04:32.334940+00:00,2026-08-28T08:04:34.730848+00:00
1328,They all thought Lily disliked everyone because she was so unfriendly .,11.0,2,B1,2,B1,True,0.5673,2026-08-28T08:04:32.334940+00:00,2026-08-28T08:04:34.730848+00:00
1329,They are similar in size but slightly smaller than the herring gull .,12.0,4,C1,3,B2,False,0.547,2026-08-28T08:04:32.334940+00:00,2026-08-28T08:04:34.730848+00:00
1330,"They are unusually small frogs , only 5 cm in length .",9.0,2,B1,3,B2,False,0.4992,2026-08-28T08:04:32.334940+00:00,2026-08-28T08:04:34.730848+00:00
1331,They are usually in pairs or small noisy groups of 10 to 30 .,11.0,2,B1,2,B1,True,0.6097,2026-08-28T08:04:32.334940+00:00,2026-08-28T08:04:34.730848+00:00
1332,"They are very small frogs , only 5 cm in length .",9.0,2,B1,2,B1,True,0.7715,2026-08-28T08:04:32.334940+00:00,2026-08-28T08:04:34.730848+00:00
1333,"They do not hibernate , but can enter torpor .",8.0,4,C1,3,B2,False,0.5247,2026-08-28T08:04:32.334940+00:00,2026-08-28T08:04:34.730848+00:00
1334,They go golfing every weekend no matter how bad the weather is .,12.0,2,B1,2,B1,True,0.6498,2026-08-28T08:04:32.334940+00:00,2026-08-28T08:04:34.730848+00:00
1335,They had cats and dogs as well as birds and turtles .,11.0,2,B1,2,B1,True,0.5454,2026-08-28T08:04:32.334940+00:00,2026-08-28T08:04:34.730848+00:00
1336,They have given us a chance to do it again .,10.0,2,B1,1,A2,False,0.5012,2026-08-28T08:04:32.334940+00:00,2026-08-28T08:04:34.730848+00:00
1337,They have n't gotten any sleep since the twins were born .,10.0,2,B1,1,A2,False,0.5357,2026-08-28T08:04:32.334940+00:00,2026-08-28T08:04:34.730848+00:00
1338,They must be exhausted after their three month journey in Africa .,11.0,1,A2,2,B1,False,0.6463,2026-08-28T08:04:32.334940+00:00,2026-08-28T08:04:34.730848+00:00
1339,They planned to go to Canada .,6.0,1,A2,1,A2,True,0.805,2026-08-28T08:04:32.334940+00:00,2026-08-28T08:04:34.730848+00:00
1340,They were able to track the astronauts ' return and quickly get to the area where they landed .,17.0,3,B2,3,B2,True,0.5604,2026-08-28T08:04:32.334940+00:00,2026-08-28T08:04:34.730848+00:00
1341,They were sitting in the nurses ' station .,7.0,1,A2,1,A2,True,0.6117,2026-08-28T08:04:32.334940+00:00,2026-08-28T08:04:34.730848+00:00
1342,They won because they are all team players .,8.0,2,B1,1,A2,False,0.7905,2026-08-28T08:04:32.334940+00:00,2026-08-28T08:04:34.730848+00:00
1343,Think about what you have learned here .,7.0,1,A2,1,A2,True,0.8389,2026-08-28T08:04:32.334940+00:00,2026-08-28T08:04:34.730848+00:00
1344,Think before you say something hurtful .,6.0,2,B1,2,B1,True,0.4629,2026-08-28T08:04:32.334940+00:00,2026-08-28T08:04:34.730848+00:00
1345,Thirty -one of the soundtrack 's songs feature vocals .,7.0,2,B1,2,B1,True,0.785,2026-08-28T08:04:32.334940+00:00,2026-08-28T08:04:34.730848+00:00
1346,This class used to be classified as sea cucumbers in the echinoderms .,12.0,4,C1,4,C1,True,0.7146,2026-08-28T08:04:32.334940+00:00,2026-08-28T08:04:34.730848+00:00
1347,This digital data is gathered and stored so that the physicist can later analyze the data and reconstruct the physics that occurred .,22.0,3,B2,3,B2,True,0.4626,2026-08-28T08:04:32.334940+00:00,2026-08-28T08:04:34.730848+00:00
1348,This digital data must be gathered and stored so that the physicist can later analyze the data and reconstruct the physics that occurred .,23.0,3,B2,4,C1,False,0.3945,2026-08-28T08:04:32.334940+00:00,2026-08-28T08:04:34.730848+00:00
1349,This explains how and when to treat injuries .,8.0,2,B1,2,B1,True,0.5199,2026-08-28T08:04:32.334940+00:00,2026-08-28T08:04:34.730848+00:00
1350,This is a list of buildings currently under construction or proposed that are planned to reach 150 m in height .,19.0,3,B2,2,B1,False,0.7393,2026-08-28T08:04:32.334940+00:00,2026-08-28T08:04:34.730848+00:00
1351,This is a list of the tallest structures in Australia .,10.0,2,B1,2,B1,True,0.6569,2026-08-28T08:04:32.334940+00:00,2026-08-28T08:04:34.730848+00:00
1352,This is my bag .,4.0,1,A2,0,A1,False,0.8231,2026-08-28T08:04:32.334940+00:00,2026-08-28T08:04:34.730848+00:00
1353,This is my favorite slip .,5.0,1,A2,1,A2,True,0.893,2026-08-28T08:04:32.334940+00:00,2026-08-28T08:04:34.730848+00:00
1354,"This is the smallest region in Italy with an area of 3260.9 km2 , and a population of about 126,883 .",16.0,2,B1,2,B1,True,0.612,2026-08-28T08:04:32.334940+00:00,2026-08-28T08:04:34.730848+00:00
1355,This movie got mixed to positive reviews .,7.0,2,B1,2,B1,True,0.5524,2026-08-28T08:04:32.334940+00:00,2026-08-28T08:04:34.730848+00:00
1356,This park has three valleys .,5.0,1,A2,1,A2,True,0.7951,2026-08-28T08:04:32.334940+00:00,2026-08-28T08:04:34.730848+00:00
1357,This phone looks damaged .,4.0,1,A2,1,A2,True,0.9495,2026-08-28T08:04:32.334940+00:00,2026-08-28T08:04:34.730848+00:00
1358,This restaurant requires a coat and tie .,7.0,2,B1,2,B1,True,0.7448,2026-08-28T08:04:32.334940+00:00,2026-08-28T08:04:34.730848+00:00
1359,This runny nose is making me miserable .,7.0,3,B2,2,B1,False,0.5698,2026-08-28T08:04:32.334940+00:00,2026-08-28T08:04:34.730848+00:00
1360,This school has many hard -working teachers .,6.0,1,A2,1,A2,True,0.5329,2026-08-28T08:04:32.334940+00:00,2026-08-28T08:04:34.730848+00:00
1361,This situation almost happened again in 2004 .,6.0,2,B1,1,A2,False,0.6599,2026-08-28T08:04:32.334940+00:00,2026-08-28T08:04:34.730848+00:00
1362,This species may be seen flying from April-October in the south .,12.0,2,B1,2,B1,True,0.7497,2026-08-28T08:04:32.334940+00:00,2026-08-28T08:04:34.730848+00:00
1363,This stellar system is currently one of the most massive that can be studied in detail .,16.0,4,C1,2,B1,False,0.487,2026-08-28T08:04:32.334940+00:00,2026-08-28T08:04:34.730848+00:00
1364,This was the first time that the federal government provided money for a structure dedicated to the performing arts .,19.0,2,B1,3,B2,False,0.7579,2026-08-28T08:04:32.334940+00:00,2026-08-28T08:04:34.730848+00:00
1365,This will help them to improve .,6.0,1,A2,1,A2,True,0.615,2026-08-28T08:04:32.334940+00:00,2026-08-28T08:04:34.730848+00:00
1366,Those fishermen only use nets .,5.0,1,A2,2,B1,False,0.5771,2026-08-28T08:04:32.334940+00:00,2026-08-28T08:04:34.730848+00:00
1367,Those who witnessed the apparition stood in the pouring rain for up to two hours reciting the Rosary .,18.0,4,C1,3,B2,False,0.658,2026-08-28T08:04:32.334940+00:00,2026-08-28T08:04:34.730848+00:00
1368,"Though the shock at the slaughter was enormous , the Romans immediately began a slow , systematic process of preparing for the reconquest of the country .",24.0,4,C1,3,B2,False,0.6034,2026-08-28T08:04:32.334940+00:00,2026-08-28T08:04:34.730848+00:00
1369,"Three foot messengers are running along the riverside , one of them stops to take a drink from the river .",19.0,2,B1,3,B2,False,0.5416,2026-08-28T08:04:32.334940+00:00,2026-08-28T08:04:34.730848+00:00
1370,"Three key rearrangement reactions are 1,2 - rearrangements , pericyclic reactions and olefin metathesis .",11.0,4,C1,4,C1,True,0.7996,2026-08-28T08:04:32.334940+00:00,2026-08-28T08:04:34.730848+00:00
1371,"Three types of flagella have so far been distinguished : bacterial , archaeal , and eukaryotic .",13.0,4,C1,4,C1,True,0.8944,2026-08-28T08:04:32.334940+00:00,2026-08-28T08:04:34.730848+00:00
1372,Through his work at the Museum he became acquainted to many Egyptologists and archaeologists who visited the Museum .,18.0,3,B2,4,C1,False,0.6606,2026-08-28T08:04:32.334940+00:00,2026-08-28T08:04:34.730848+00:00
1373,Through his work at the Museum he became acquainted with many Egyptologists and archaeologists who visited the Museum .,18.0,4,C1,4,C1,True,0.5596,2026-08-28T08:04:32.334940+00:00,2026-08-28T08:04:34.730848+00:00
1374,Tidal stream generators are the cheapest and the least ecologically damaging among the three main forms of tidal power generation .,20.0,3,B2,4,C1,False,0.8941,2026-08-28T08:04:32.334940+00:00,2026-08-28T08:04:34.730848+00:00
1375,Tidal stream power is the cheapest and the least ecologically damaging among the three main forms of tidal power generation .,20.0,3,B2,4,C1,False,0.8312,2026-08-28T08:04:32.334940+00:00,2026-08-28T08:04:34.730848+00:00
1376,Tim loved putting butter on his corn .,7.0,2,B1,1,A2,False,0.5287,2026-08-28T08:04:32.334940+00:00,2026-08-28T08:04:34.730848+00:00
1377,Tin has been used for thousands of years .,8.0,2,B1,2,B1,True,0.6901,2026-08-28T08:04:32.334940+00:00,2026-08-28T08:04:34.730848+00:00
1378,"To date , one Class 01 / 5 registered locomotive has been preserved .",9.0,3,B2,3,B2,True,0.704,2026-08-28T08:04:32.334940+00:00,2026-08-28T08:04:34.730848+00:00
1379,"To illustrate the computation , suppose a coach trains long-distance runners for one month using two methods .",17.0,2,B1,3,B2,False,0.6233,2026-08-28T08:04:32.334940+00:00,2026-08-28T08:04:34.730848+00:00
1380,"To improve mechanized sorting , each address now has a sorting number which is printed on the letter as an orange colored barcode .",22.0,3,B2,3,B2,True,0.608,2026-08-28T08:04:32.334940+00:00,2026-08-28T08:04:34.730848+00:00
1381,"To swim , the nautilus draws water into and out of the living chamber with its hyponome , which uses jet propulsion .",20.0,3,B2,3,B2,True,0.5181,2026-08-28T08:04:32.334940+00:00,2026-08-28T08:04:34.730848+00:00
1382,"To the band 's surprise , the song became a hit at prom dances .",12.0,2,B1,2,B1,True,0.6068,2026-08-28T08:04:32.334940+00:00,2026-08-28T08:04:34.730848+00:00
1383,Transliteration is the letter-for-letter representation of text using a Latin writing system .,14.0,3,B2,4,C1,False,0.5844,2026-08-28T08:04:32.334940+00:00,2026-08-28T08:04:34.730848+00:00
1384,"Trass died on 14 February 2017 , at the age of 88 .",8.0,0,A1,0,A1,True,0.6793,2026-08-28T08:04:32.334940+00:00,2026-08-28T08:04:34.730848+00:00
1385,Tropical Depression Twenty Three -E formed from a disturbance on October 7 .,10.0,3,B2,2,B1,False,0.4917,2026-08-28T08:04:32.334940+00:00,2026-08-28T08:04:34.730848+00:00
1386,"Tuning a timpani by turning every tension rod by itself can be very hard , so some timpani makers invented different ways to change the drum 's pitch more quickly .",28.0,3,B2,3,B2,True,0.5039,2026-08-28T08:04:32.334940+00:00,2026-08-28T08:04:34.730848+00:00
1387,"Tuning forks are also used in alternative medicine , such as sonopuncture and polarity therapy .",14.0,4,C1,4,C1,True,0.9319,2026-08-28T08:04:32.334940+00:00,2026-08-28T08:04:34.730848+00:00
1388,"Tuning forks have traditionally been used to tune musical instruments , though electronic tuners have largely replaced them .",17.0,3,B2,4,C1,False,0.8853,2026-08-28T08:04:32.334940+00:00,2026-08-28T08:04:34.730848+00:00
1389,Tunnels are dug in types of materials varying from soft clay to hard rock .,14.0,3,B2,2,B1,False,0.5932,2026-08-28T08:04:32.334940+00:00,2026-08-28T08:04:34.730848+00:00
1390,Two investigations were held by the British government .,8.0,2,B1,2,B1,True,0.6688,2026-08-28T08:04:32.334940+00:00,2026-08-28T08:04:34.730848+00:00
1391,"Two nearly identical seven story parking ramps on east and west sides provide 12,550 parking spaces .",15.0,3,B2,3,B2,True,0.5556,2026-08-28T08:04:32.334940+00:00,2026-08-28T08:04:34.730848+00:00
1392,"Unaipon took out provisional patents for 19 inventions but was unable to afford to get any of his inventions fully patented , according to some sources .",24.0,4,C1,4,C1,True,0.9163,2026-08-28T08:04:32.334940+00:00,2026-08-28T08:04:34.730848+00:00
1393,"Under some conditions , such as extremely low temperature , some ceramics show superconductivity .",12.0,4,C1,4,C1,True,0.7629,2026-08-28T08:04:32.334940+00:00,2026-08-28T08:04:34.730848+00:00
1394,Unidentified teachers protested the policy .,5.0,2,B1,2,B1,True,0.4483,2026-08-28T08:04:32.334940+00:00,2026-08-28T08:04:34.730848+00:00
1395,"Unlike architectural design , where a specific performance level is the main goal , microarchitectural design pays closer attention to other constraints .",20.0,4,C1,4,C1,True,0.6055,2026-08-28T08:04:32.334940+00:00,2026-08-28T08:04:34.730848+00:00
1396,"Unlike architectural design , where achieving a specific performance level is the main goal , microarchitectural design pays closer attention to other constraints .",21.0,4,C1,4,C1,True,0.4904,2026-08-28T08:04:32.334940+00:00,2026-08-28T08:04:34.730848+00:00
1397,"Unlike their relatives living in more hospitable climates , deep-sea cephalopods cannot afford to expend energy in protracted flight .",20.0,4,C1,4,C1,True,0.7349,2026-08-28T08:04:32.334940+00:00,2026-08-28T08:04:34.730848+00:00
1398,"Until recently , people thought only vertebrates had electroreception .",8.0,4,C1,4,C1,True,0.7072,2026-08-28T08:04:32.334940+00:00,2026-08-28T08:04:34.730848+00:00
1399,"Until the early 20th century , arsenic was frequently used as an embalming fluid , until it was supplanted by other more effective and less toxic chemicals .",24.0,4,C1,4,C1,True,0.8172,2026-08-28T08:04:32.334940+00:00,2026-08-28T08:04:34.730848+00:00
1400,"Until the mid-19th century , Mexico was the biggest producer of vanilla .",10.0,1,A2,2,B1,False,0.453,2026-08-28T08:04:32.334940+00:00,2026-08-28T08:04:34.730848+00:00
1401,"Until the mid-19th century , Mexico was the chief producer of vanilla .",10.0,2,B1,3,B2,False,0.4272,2026-08-28T08:04:32.334940+00:00,2026-08-28T08:04:34.730848+00:00
1402,"Unusually for falcons , plumage often differs between male and female , although as usual with monogamous raptors the female is slightly larger than the male .",24.0,4,C1,4,C1,True,0.8068,2026-08-28T08:04:32.334940+00:00,2026-08-28T08:04:34.730848+00:00
1403,Up - and-over or overhead doors are often used in garages .,11.0,2,B1,3,B2,False,0.4786,2026-08-28T08:04:32.334940+00:00,2026-08-28T08:04:34.730848+00:00
1404,"Upgrading works has begun since early 2016 , beginning with train set 217 / 218 .",10.0,2,B1,3,B2,False,0.5385,2026-08-28T08:04:32.334940+00:00,2026-08-28T08:04:34.730848+00:00
1405,"Upon release , the song received generally positive reviews from critics .",10.0,2,B1,2,B1,True,0.7693,2026-08-28T08:04:32.334940+00:00,2026-08-28T08:04:34.730848+00:00
1406,"Usually , sex is determined by an organism 's genes .",8.0,2,B1,2,B1,True,0.4732,2026-08-28T08:04:32.334940+00:00,2026-08-28T08:04:34.730848+00:00
1407,VFDs are used for many things that range from small appliances to large mining motors and compressors .,17.0,3,B2,4,C1,False,0.5636,2026-08-28T08:04:32.334940+00:00,2026-08-28T08:04:34.730848+00:00
1408,"Various theories have been put forward as possible contributors to the collapse , many of them mutually compatible .",17.0,3,B2,3,B2,True,0.7099,2026-08-28T08:04:32.334940+00:00,2026-08-28T08:04:34.730848+00:00
1409,Very little is known about how long they live .,9.0,2,B1,2,B1,True,0.6393,2026-08-28T08:04:32.334940+00:00,2026-08-28T08:04:34.730848+00:00
1410,Very little is known of the species ' lifespan .,8.0,2,B1,2,B1,True,0.8456,2026-08-28T08:04:32.334940+00:00,2026-08-28T08:04:34.730848+00:00
1411,Videos were introduced in amusement arcades in the late 1970s .,9.0,3,B2,3,B2,True,0.407,2026-08-28T08:04:32.334940+00:00,2026-08-28T08:04:34.730848+00:00
1412,Virenque was criticized by the media and satirists for his denial in the face of increasing evidence and his pretence of having been doped without his knowledge .,27.0,3,B2,4,C1,False,0.7197,2026-08-28T08:04:32.334940+00:00,2026-08-28T08:04:34.730848+00:00
1413,"Walker died after falling into a diabetic coma on 20 January 2015 , aged 41 .",11.0,3,B2,2,B1,False,0.4742,2026-08-28T08:04:32.334940+00:00,2026-08-28T08:04:34.730848+00:00
1414,Washed up corals can be found on the island 's beaches .,10.0,3,B2,3,B2,True,0.4883,2026-08-28T08:04:32.334940+00:00,2026-08-28T08:04:34.730848+00:00
1415,We 're expecting a snowstorm overnight .,5.0,2,B1,2,B1,True,0.423,2026-08-28T08:04:32.334940+00:00,2026-08-28T08:04:34.730848+00:00
1416,We asked all the children to call their parents to let them know they were okay .,16.0,2,B1,2,B1,True,0.8318,2026-08-28T08:04:32.334940+00:00,2026-08-28T08:04:34.730848+00:00
1417,We counted shooting stars .,4.0,2,B1,1,A2,False,0.7588,2026-08-28T08:04:32.334940+00:00,2026-08-28T08:04:34.730848+00:00
1418,We finally got sunshine after days of rain .,8.0,2,B1,2,B1,True,0.5889,2026-08-28T08:04:32.334940+00:00,2026-08-28T08:04:34.730848+00:00
1419,We have not had a chance to sit and talk in a long time .,14.0,2,B1,1,A2,False,0.8492,2026-08-28T08:04:32.334940+00:00,2026-08-28T08:04:34.730848+00:00
1420,We hired a new gardener .,5.0,1,A2,1,A2,True,0.6523,2026-08-28T08:04:32.334940+00:00,2026-08-28T08:04:34.730848+00:00
1421,We hope to see that movie but I heard the tickets might be sold out .,15.0,2,B1,2,B1,True,0.7485,2026-08-28T08:04:32.334940+00:00,2026-08-28T08:04:34.730848+00:00
1422,We just have to accept our son-in- law .,8.0,2,B1,1,A2,False,0.6444,2026-08-28T08:04:32.334940+00:00,2026-08-28T08:04:34.730848+00:00
1423,We need someone to cover his shift .,7.0,1,A2,1,A2,True,0.6309,2026-08-28T08:04:32.334940+00:00,2026-08-28T08:04:34.730848+00:00
1424,We rarely see each other .,5.0,1,A2,1,A2,True,0.8156,2026-08-28T08:04:32.334940+00:00,2026-08-28T08:04:34.730848+00:00
1425,We rushed to the place where we last saw her .,10.0,1,A2,2,B1,False,0.5569,2026-08-28T08:04:32.334940+00:00,2026-08-28T08:04:34.730848+00:00
1426,We should sleep before it gets too late .,8.0,2,B1,1,A2,False,0.779,2026-08-28T08:04:32.334940+00:00,2026-08-28T08:04:34.730848+00:00
1427,We waited for at least two hours before we finally got to see Johnny Depp walk down the red carpet .,20.0,2,B1,2,B1,True,0.5228,2026-08-28T08:04:32.334940+00:00,2026-08-28T08:04:34.730848+00:00
1428,We went outside to look for shooting stars .,8.0,2,B1,1,A2,False,0.689,2026-08-28T08:04:32.334940+00:00,2026-08-28T08:04:34.730848+00:00
1429,We will never be certain of the largest and smallest dinosaurs to have existed .,14.0,3,B2,2,B1,False,0.644,2026-08-28T08:04:32.334940+00:00,2026-08-28T08:04:34.730848+00:00
1430,Were there any dresses you wanted to buy ?,8.0,1,A2,1,A2,True,0.4982,2026-08-28T08:04:32.334940+00:00,2026-08-28T08:04:34.730848+00:00
1431,"What I said was that I did n't believe in all the hype about global warming , not that I did n't believe in climate change .",23.0,3,B2,2,B1,False,0.5442,2026-08-28T08:04:32.334940+00:00,2026-08-28T08:04:34.730848+00:00
1432,What she finds most amazing is how some foreigners can live here for decades and still not be fluent in the language .,22.0,3,B2,2,B1,False,0.54,2026-08-28T08:04:32.334940+00:00,2026-08-28T08:04:34.730848+00:00
1433,What we eat says a lot about us as a society .,11.0,2,B1,1,A2,False,0.5675,2026-08-28T08:04:32.334940+00:00,2026-08-28T08:04:34.730848+00:00
1434,What would you do if she knew you were her real father ?,12.0,1,A2,1,A2,True,0.6139,2026-08-28T08:04:32.334940+00:00,2026-08-28T08:04:34.730848+00:00
1435,"When a conjecture has been proven , it is no longer a conjecture but a theorem .",15.0,4,C1,2,B1,False,0.3221,2026-08-28T08:04:32.334940+00:00,2026-08-28T08:04:34.730848+00:00
1436,"When people find specific impulse , the only fuel counted is in the rocket before it gets fired .",17.0,3,B2,3,B2,True,0.6302,2026-08-28T08:04:32.334940+00:00,2026-08-28T08:04:34.730848+00:00
1437,"When players encounter enemies in either scripted events or random encounters , they enter a battle mode .",16.0,3,B2,3,B2,True,0.7404,2026-08-28T08:04:32.334940+00:00,2026-08-28T08:04:34.730848+00:00
1438,"When the time comes , I will tell you .",8.0,1,A2,1,A2,True,0.7567,2026-08-28T08:04:32.334940+00:00,2026-08-28T08:04:34.730848+00:00
1439,"When they are ready to reproduce , the adults are released from the host , and sperm from the males penetrates the bodies of the females to achieve fertilization .",27.0,4,C1,4,C1,True,0.7047,2026-08-28T08:04:32.334940+00:00,2026-08-28T08:04:34.730848+00:00
1440,Where are the kids ?,4.0,1,A2,0,A1,False,0.746,2026-08-28T08:04:32.334940+00:00,2026-08-28T08:04:34.730848+00:00
1441,Which is the best way to get to Shinjuku ?,9.0,1,A2,2,B1,False,0.4068,2026-08-28T08:04:32.334940+00:00,2026-08-28T08:04:34.730848+00:00
1442,"While production on the show wrapped in February 2001 , new episodes were shown until March 2004 .",14.0,2,B1,2,B1,True,0.6089,2026-08-28T08:04:32.334940+00:00,2026-08-28T08:04:34.730848+00:00
1443,"While some books are original , others began as text copied over from other sources of free content textbooks found on the Internet .",22.0,3,B2,3,B2,True,0.7515,2026-08-28T08:04:32.334940+00:00,2026-08-28T08:04:34.730848+00:00
1444,"While the cause of the common cold has been known since only the 1950s , the disease has been with humanity since ancient times .",22.0,3,B2,3,B2,True,0.6525,2026-08-28T08:04:32.334940+00:00,2026-08-28T08:04:34.730848+00:00
1445,"While the film is now considered a classic comedy , critical reaction was mixed when the film was released .",18.0,2,B1,2,B1,True,0.6846,2026-08-28T08:04:32.334940+00:00,2026-08-28T08:04:34.730848+00:00
1446,"White chocolate , although similar in texture to that of milk and dark chocolate , does not contain any cocoa solids .",19.0,3,B2,4,C1,False,0.7498,2026-08-28T08:04:32.334940+00:00,2026-08-28T08:04:34.730848+00:00
1447,Who won the NBA championship ?,5.0,2,B1,1,A2,False,0.7703,2026-08-28T08:04:32.334940+00:00,2026-08-28T08:04:34.730848+00:00
1448,Will you give me a taste of yours ?,8.0,2,B1,1,A2,False,0.6679,2026-08-28T08:04:32.334940+00:00,2026-08-28T08:04:34.730848+00:00
1449,Windfeld died in February 2015 after a short illness .,8.0,1,A2,1,A2,True,0.5691,2026-08-28T08:04:32.334940+00:00,2026-08-28T08:04:34.730848+00:00
1450,"With advances in medicinal chemistry , most of today 's antibacterials chemically are modifications of various natural compounds .",16.0,4,C1,4,C1,True,0.9111,2026-08-28T08:04:32.334940+00:00,2026-08-28T08:04:34.730848+00:00
1451,"With the basic characteristics of the LC - 6 accepted , a series of modifications followed .",13.0,3,B2,3,B2,True,0.6121,2026-08-28T08:04:32.334940+00:00,2026-08-28T08:04:34.730848+00:00
1452,With the sines and cosines one can answer virtually all questions about triangles .,13.0,4,C1,4,C1,True,0.8501,2026-08-28T08:04:32.334940+00:00,2026-08-28T08:04:34.730848+00:00
1453,Withdrawal of a military occupation is anticipated and therefore tactical but may be subject to political rather than operational variables .,20.0,4,C1,3,B2,False,0.8064,2026-08-28T08:04:32.334940+00:00,2026-08-28T08:04:34.730848+00:00
1454,"Within the convention of zero being neither positive nor negative , a specific sign- value 0 may be assigned to the number value 0 .",20.0,4,C1,3,B2,False,0.8665,2026-08-28T08:04:32.334940+00:00,2026-08-28T08:04:34.730848+00:00
1455,"Wormholes are a common element in science fiction because they allow rapid interstellar , intergalactic , and sometimes even interuniversal travel .",19.0,4,C1,4,C1,True,0.925,2026-08-28T08:04:32.334940+00:00,2026-08-28T08:04:34.730848+00:00
1456,"Wrasses can put their jaws forwards , usually with separate jaw teeth that jut outwards .",14.0,3,B2,4,C1,False,0.7226,2026-08-28T08:04:32.334940+00:00,2026-08-28T08:04:34.730848+00:00
1457,"Yes , you can find sneakers upstairs in the shoe department .",10.0,2,B1,2,B1,True,0.6881,2026-08-28T08:04:32.334940+00:00,2026-08-28T08:04:34.730848+00:00
1458,Yet another prominent example of an introduced species that became invasive is the European rabbit in Australia .,17.0,4,C1,3,B2,False,0.6986,2026-08-28T08:04:32.334940+00:00,2026-08-28T08:04:34.730848+00:00
1459,You 'll need to ask the editor about that .,8.0,1,A2,1,A2,True,0.6913,2026-08-28T08:04:32.334940+00:00,2026-08-28T08:04:34.730848+00:00
1460,You may drive my car .,5.0,1,A2,1,A2,True,0.7568,2026-08-28T08:04:32.334940+00:00,2026-08-28T08:04:34.730848+00:00
1461,You might hear from your colleague about the new business project .,11.0,1,A2,1,A2,True,0.4965,2026-08-28T08:04:32.334940+00:00,2026-08-28T08:04:34.730848+00:00
1462,You might meet Amanda there .,5.0,1,A2,1,A2,True,0.8347,2026-08-28T08:04:32.334940+00:00,2026-08-28T08:04:34.730848+00:00
1463,You must not deceive people just to satisfy your goals .,10.0,2,B1,3,B2,False,0.4341,2026-08-28T08:04:32.334940+00:00,2026-08-28T08:04:34.730848+00:00
1464,You should stay with your sister .,6.0,0,A1,1,A2,False,0.7999,2026-08-28T08:04:32.334940+00:00,2026-08-28T08:04:34.730848+00:00
1465,"Young open clusters may be contained within the molecular cloud from which they formed , illuminating it to create an H II region .",22.0,4,C1,4,C1,True,0.6238,2026-08-28T08:04:32.334940+00:00,2026-08-28T08:04:34.730848+00:00
1466,Your mother told me all about your new job when I called last night .,14.0,1,A2,2,B1,False,0.5642,2026-08-28T08:04:32.334940+00:00,2026-08-28T08:04:34.730848+00:00
1467,"Zero-fare public transport services are funded in full by means other than collecting a fare from passengers , normally through heavy subsidy or commercial sponsorship by businesses .",27.0,3,B2,4,C1,False,0.5291,2026-08-28T08:04:32.334940+00:00,2026-08-28T08:04:34.730848+00:00
1468,Zika virus can also spread by sexual transmission from infected men to their partners .,14.0,3,B2,4,C1,False,0.4583,2026-08-28T08:04:32.334940+00:00,2026-08-28T08:04:34.730848+00:00
1469,"s of 2010 , there is no vaccine that prevents syphilis .",9.0,4,C1,1,A2,False,0.3539,2026-08-28T08:04:32.334940+00:00,2026-08-28T08:04:34.730848+00:00
1470,"s of 2018 , there is no vaccine effective for prevention .",9.0,2,B1,2,B1,True,0.5144,2026-08-28T08:04:32.334940+00:00,2026-08-28T08:04:34.730848+00:00
1471,"s of 2019 , SkyTeam flies to more than 1,150 destinations in more than 175 countries and operates more than 14,500 daily flights .",18.0,3,B2,3,B2,True,0.6641,2026-08-28T08:04:32.334940+00:00,2026-08-28T08:04:34.730848+00:00
1472,"s of 2019 these are the only known Fermat primes , and conjecturally the only Fermat primes .",15.0,4,C1,4,C1,True,0.7187,2026-08-28T08:04:32.334940+00:00,2026-08-28T08:04:34.730848+00:00
1473,!,1.0,0,A1,0,A1,True,0.811,2026-08-28T08:04:32.334940+00:00,2026-08-28T08:04:34.730848+00:00
1474,"""Has the damage to my brain already been done? Do I have CTE? I hope I don’t.""",17.0,2,B1,1,A2,False,0.6847,2026-08-28T08:04:32.334940+00:00,2026-08-28T08:04:34.730848+00:00
1475,"""He plays the game like a young kid, like a kid's supposed to play it.""",15.0,1,A2,1,A2,True,0.6823,2026-08-28T08:04:32.334940+00:00,2026-08-28T08:04:34.730848+00:00
1476,"""I cannot imagine myself blurbing a book ... the tone of which is so self-contentedly, exclusively male, like a club, or a locker room.""",25.0,4,C1,4,C1,True,0.5901,2026-08-28T08:04:32.334940+00:00,2026-08-28T08:04:34.730848+00:00
1477,"""We must not give [him] our fear.""",7.0,1,A2,1,A2,True,0.6802,2026-08-28T08:04:32.334940+00:00,2026-08-28T08:04:34.730848+00:00
1478,"A 10-year strategic plan and framework to enhance the implementation of the Convention (2008-2018) was adopted at the eighth session of the Conference of the Parties, in 2007 (decision 3/COP.8).",27.0,3,B2,3,B2,True,0.6806,2026-08-28T08:04:32.334940+00:00,2026-08-28T08:04:34.730848+00:00
1479,"A broad coalition of 45 signatories, including civil liberties, racial justice, human rights, and privacy organizations, published",16.0,3,B2,3,B2,True,0.8169,2026-08-28T08:04:32.334940+00:00,2026-08-28T08:04:34.730848+00:00
1480,A coach’s first priority is the health and safety of the athlete.,12.0,0,A1,2,B1,False,0.4788,2026-08-28T08:04:32.334940+00:00,2026-08-28T08:04:34.730848+00:00
1481,"A crowd flowed over London Bridge, so many",8.0,1,A2,1,A2,True,0.4876,2026-08-28T08:04:32.334940+00:00,2026-08-28T08:04:34.730848+00:00
1482,"A crucible into which destiny casts a man, whenever it desires a scoundrel or a demi-god.",17.0,4,C1,4,C1,True,0.7487,2026-08-28T08:04:32.334940+00:00,2026-08-28T08:04:34.730848+00:00
1483,A girl with long hair wearing flip-flops is swinging on a swing .,13.0,0,A1,1,A2,False,0.8032,2026-08-28T08:04:32.334940+00:00,2026-08-28T08:04:34.730848+00:00
1484,A group of men in a dance studio watch as a man in red pants performs a break dancing solo.,20.0,1,A2,1,A2,True,0.971,2026-08-28T08:04:32.334940+00:00,2026-08-28T08:04:34.730848+00:00
1485,"A group of people, horses and mules are on a mountain side.",12.0,1,A2,1,A2,True,0.7749,2026-08-28T08:04:32.334940+00:00,2026-08-28T08:04:34.730848+00:00
1486,A guy wearing a helmet and red shirt is doing an air stunt on a bicycle .,16.0,1,A2,2,B1,False,0.539,2026-08-28T08:04:32.334940+00:00,2026-08-28T08:04:34.730848+00:00
1487,"A heap of broken images, where the sun beats",9.0,3,B2,2,B1,False,0.5286,2026-08-28T08:04:32.334940+00:00,2026-08-28T08:04:34.730848+00:00
1488,A limitation of this work is the limited amount of feedback we were able to obtain from the students.,19.0,2,B1,3,B2,False,0.5303,2026-08-28T08:04:32.334940+00:00,2026-08-28T08:04:34.730848+00:00
1489,A little girl cutting up paper .,6.0,1,A2,1,A2,True,0.7244,2026-08-28T08:04:32.334940+00:00,2026-08-28T08:04:34.730848+00:00
1490,A man in a blue jacket is walking passed a blue pay phone .,13.0,1,A2,0,A1,False,0.591,2026-08-28T08:04:32.334940+00:00,2026-08-28T08:04:34.730848+00:00
1491,A man in all white painting a black wall white .,10.0,1,A2,2,B1,False,0.4664,2026-08-28T08:04:32.334940+00:00,2026-08-28T08:04:34.730848+00:00
1492,A man is sitting down and getting his hair cut while a woman is talking about it.,17.0,1,A2,1,A2,True,0.8321,2026-08-28T08:04:32.334940+00:00,2026-08-28T08:04:34.730848+00:00
1493,A person is massaging their own arms while sitting on a bed.,12.0,1,A2,1,A2,True,0.8051,2026-08-28T08:04:32.334940+00:00,2026-08-28T08:04:34.730848+00:00
1494,A projective2d object encapsulates a 2-D projective geometric transformation.,8.0,4,C1,4,C1,True,0.5167,2026-08-28T08:04:32.334940+00:00,2026-08-28T08:04:34.730848+00:00
1495,A woman is like a tea bag; you never know how strong it is until it's in hot water.,19.0,1,A2,1,A2,True,0.9206,2026-08-28T08:04:32.334940+00:00,2026-08-28T08:04:34.730848+00:00
1496,A woman with dark hair wearing a bikini is sitting on a beach .,13.0,1,A2,1,A2,True,0.7012,2026-08-28T08:04:32.334940+00:00,2026-08-28T08:04:34.730848+00:00
1497,"A years-long project in Philadelphia called Monument Lab asks, ""What monuments would we build to reflect our values as a city?""",22.0,3,B2,3,B2,True,0.494,2026-08-28T08:04:32.334940+00:00,2026-08-28T08:04:34.730848+00:00
1498,"A “politics-centric” view, even in studies that foreground media as a salient consideration, would critique the news as being overly interpretive, intrusive, cynical, or negative.",26.0,3,B2,4,C1,False,0.8904,2026-08-28T08:04:32.334940+00:00,2026-08-28T08:04:34.730848+00:00
1499,"According to Alexander J. Motyl, an American historian and political scientist, Russian fascism has the following characteristics:",16.0,2,B1,3,B2,False,0.4524,2026-08-28T08:04:32.334940+00:00,2026-08-28T08:04:34.730848+00:00
1500,"Acid-free, archival quality paper keeps its color and texture far longer than wood pulp based paper such as newsprint, which turns yellow and becomes brittle much sooner.",28.0,3,B2,3,B2,True,0.5593,2026-08-28T08:04:32.334940+00:00,2026-08-28T08:04:34.730848+00:00
1501,"Aesthetics: Artistic people often form a subculture of their own associated with their common interests, such as art, music, dance, drama, and folklore",23.0,3,B2,3,B2,True,0.5256,2026-08-28T08:04:32.334940+00:00,2026-08-28T08:04:34.730848+00:00
1502,Afghanistan has more hectares of opium poppies planted today than they had before we started this war.,17.0,3,B2,3,B2,True,0.5369,2026-08-28T08:04:32.334940+00:00,2026-08-28T08:04:34.730848+00:00
1503,"After the nodes are in place we create our point-to-point links, using the PointToPointHelper class",17.0,3,B2,4,C1,False,0.399,2026-08-28T08:04:32.334940+00:00,2026-08-28T08:04:34.730848+00:00
1504,"After the way they've acted in recent years, LeBron James might want to take a pass on coming back to Cleveland. However, it seems that LeBron has shown more maturity than the people who cursed his name four years ago.",40.0,3,B2,2,B1,False,0.5137,2026-08-28T08:04:32.334940+00:00,2026-08-28T08:04:34.730848+00:00
1505,"After time, some of these stimuli become adapted and we seize to remark on their significance",16.0,4,C1,3,B2,False,0.6907,2026-08-28T08:04:32.334940+00:00,2026-08-28T08:04:34.730848+00:00
1506,Aging spans cover the nation as delayed maintenance may threaten drivers.,11.0,3,B2,3,B2,True,0.6062,2026-08-28T08:04:32.334940+00:00,2026-08-28T08:04:34.730848+00:00
1507,"All Debts contracted and Engagements entered into, before the Adoption of this Constitution, shall be as valid against the United States under this Constitution, as under the Confederation",28.0,3,B2,4,C1,False,0.7507,2026-08-28T08:04:32.334940+00:00,2026-08-28T08:04:34.730848+00:00
1508,All travel can be arranged by clients per specifications of Consultant or arranged by Consultant with agreement of payment invoiced.,20.0,3,B2,3,B2,True,0.7357,2026-08-28T08:04:32.334940+00:00,2026-08-28T08:04:34.730848+00:00
1509,"Alternatively, the glottis can lower, sucking more air into the mouth, which results in an implosive consonant.",17.0,3,B2,4,C1,False,0.8524,2026-08-28T08:04:32.334940+00:00,2026-08-28T08:04:34.730848+00:00
1510,Altogether women occupy approximately 19 per cent of the higher level posts.,11.0,1,A2,2,B1,False,0.5174,2026-08-28T08:04:32.334940+00:00,2026-08-28T08:04:34.730848+00:00
1511,"An affine2d object stores information about a 2-D affine geometric transformation using the postmultiply convention, and enables forward and inverse transformations.",20.0,4,C1,4,C1,True,0.9322,2026-08-28T08:04:32.334940+00:00,2026-08-28T08:04:34.730848+00:00
1512,"And I especially want to thank the young people of this nation, who — I’m told; I haven’t seen the numbers — voted in historic numbers again and — just as they did two years ago.",33.0,3,B2,2,B1,False,0.6684,2026-08-28T08:04:32.334940+00:00,2026-08-28T08:04:34.730848+00:00
1513,"And after this decision came down — the Dobbs decision — you know, these so-called — I call them extremists, so-called leaders — they’d say, “Well, you know, we — we think that maybe the states should be making these decisions.” Right?",39.0,3,B2,3,B2,True,0.514,2026-08-28T08:04:32.334940+00:00,2026-08-28T08:04:34.730848+00:00
1514,"And finally, greatly as I respect and admire Mr. Eugene O’Curry, unquestionable as is the sagacity, the moderation, which he in general unites with his immense learning, I must say that he, too, like his brother Celt-lovers, sometimes lays himself dangerously open.",41.0,4,C1,3,B2,False,0.5751,2026-08-28T08:04:32.334940+00:00,2026-08-28T08:04:34.730848+00:00
1515,"And here is the one-eyed merchant, and this card",10.0,1,A2,1,A2,True,0.6459,2026-08-28T08:04:32.334940+00:00,2026-08-28T08:04:34.730848+00:00
1516,"And medical bills are a big piece of that, particularly in the African American community and the poor — and poorer communities.",21.0,2,B1,2,B1,True,0.5619,2026-08-28T08:04:32.334940+00:00,2026-08-28T08:04:34.730848+00:00
1517,And that tool is moral clarity.,6.0,2,B1,1,A2,False,0.4352,2026-08-28T08:04:32.334940+00:00,2026-08-28T08:04:34.730848+00:00
1518,"And that’s the context in which I think that they’re looking at: Are we back to a place where we are going to accept decisions made by the Court, by the Congress, by the government, et cetera?",37.0,3,B2,3,B2,True,0.6111,2026-08-28T08:04:32.334940+00:00,2026-08-28T08:04:34.730848+00:00
1519,"And when he’s President and they say, “Joe Biden is out in the outer office,” I don’t want him to say, “Joe who?”",23.0,2,B1,2,B1,True,0.4005,2026-08-28T08:04:32.334940+00:00,2026-08-28T08:04:34.730848+00:00
1520,"And, by the way, a significant number of those jobs are going to be jobs that pay an average of $126-, $127,000.",20.0,2,B1,2,B1,True,0.6598,2026-08-28T08:04:32.334940+00:00,2026-08-28T08:04:34.730848+00:00
1521,"And, clearly, the Commission’s encoding exercise crystallised and forged new concepts and clarified others.",14.0,3,B2,3,B2,True,0.4288,2026-08-28T08:04:32.334940+00:00,2026-08-28T08:04:34.730848+00:00
1522,Any authorized SNMP manager can read all the etherStatsTable records; there is no requirement that only the creator of a row can read that row,25.0,3,B2,4,C1,False,0.6807,2026-08-28T08:04:32.334940+00:00,2026-08-28T08:04:34.730848+00:00
1523,Any time of year is a great time to visit Whistler and the Hilton can cater to all your needs.,20.0,2,B1,2,B1,True,0.3919,2026-08-28T08:04:32.334940+00:00,2026-08-28T08:04:34.730848+00:00
1524,"Archaeologists of the late 19th and early 20th centuries CE, who adapted the three-age system to their ideas, hoped to combine cultural anthropology and archaeology in such a way that a specific contemporaneous tribe can be used to illustrate the way of life and beliefs of the people exercising a particular Stone-Age technology.",53.0,4,C1,4,C1,True,0.9137,2026-08-28T08:04:32.334940+00:00,2026-08-28T08:04:34.730848+00:00
1525,Are ... are you my conscience ?,5.0,1,A2,1,A2,True,0.6826,2026-08-28T08:04:32.334940+00:00,2026-08-28T08:04:34.730848+00:00
1526,"As Betsy Myers says in Take the Lead, leaders aren't fearless but have the courage to confront and push through their fears",22.0,2,B1,3,B2,False,0.6029,2026-08-28T08:04:32.334940+00:00,2026-08-28T08:04:34.730848+00:00
1527,"As for Jean Valjean, a beautiful chamber in the Gillenormand house had been furnished expressly for him, and Cosette had said to him in such an irresistible manner: “Father, I entreat you,” that she had almost persuaded him to promise that he would come and occupy it.",47.0,4,C1,4,C1,True,0.7929,2026-08-28T08:04:32.334940+00:00,2026-08-28T08:04:34.730848+00:00
1528,As historians have documented—and as we conﬁrmed—the course was plotted based on available economic data from the 1860 census.,20.0,3,B2,3,B2,True,0.5177,2026-08-28T08:04:32.334940+00:00,2026-08-28T08:04:34.730848+00:00
1529,"At dinner that evening in Ackroyd's home of Fernly Park, his guests include his sister-in-law Mrs Cecil Ackroyd and her daughter Flora, big-game hunter Major Blunt, Ackroyd's personal secretary Geoffrey Raymond, and Dr James Sheppard, whom Ackroyd invited earlier that day.",44.0,3,B2,3,B2,True,0.5948,2026-08-28T08:04:32.334940+00:00,2026-08-28T08:04:34.730848+00:00
1530,"At each step, an RGBD image of the environment is captured by a Kinect2 sensor and converted into a point cloud given the camera extrinsics and intrinsics.",26.0,3,B2,4,C1,False,0.6539,2026-08-28T08:04:32.334940+00:00,2026-08-28T08:04:34.730848+00:00
1531,Bailey will undergo surgery after reportedly being shot in the head twice.,12.0,2,B1,2,B1,True,0.4081,2026-08-28T08:04:32.334940+00:00,2026-08-28T08:04:34.730848+00:00
1532,Balance theory Fritz Heider's Balance Theory is a framework that can predict attitude and behavioural change.,16.0,3,B2,3,B2,True,0.431,2026-08-28T08:04:32.334940+00:00,2026-08-28T08:04:34.730848+00:00
1533,Basal metabolic rates can be measured based on an animal's rate of heat production.,14.0,3,B2,4,C1,False,0.4749,2026-08-28T08:04:32.334940+00:00,2026-08-28T08:04:34.730848+00:00
1534,Be yourself; everyone else is already taken.,7.0,1,A2,1,A2,True,0.4971,2026-08-28T08:04:32.334940+00:00,2026-08-28T08:04:34.730848+00:00
1535,Beat egg in a small bowl.,6.0,0,A1,1,A2,False,0.8028,2026-08-28T08:04:32.334940+00:00,2026-08-28T08:04:34.730848+00:00
1536,"Because space and place affect a variety of topics, such as economics, health, climate, plants, and animals, geography is highly interdisciplinary.",21.0,2,B1,3,B2,False,0.74,2026-08-28T08:04:32.334940+00:00,2026-08-28T08:04:34.730848+00:00
1537,Because you voted.,3.0,0,A1,0,A1,True,0.9576,2026-08-28T08:04:32.334940+00:00,2026-08-28T08:04:34.730848+00:00
1538,Before I go in to why I gave a 1 star rating please know that this was my third time eating at Bachi burger before writing a review.,27.0,1,A2,3,B2,False,0.6608,2026-08-28T08:04:32.334940+00:00,2026-08-28T08:04:34.730848+00:00
1539,"Before recent advances in digital photography, transparencies were widely used by professionals because of their sharpness and accuracy of color rendition.",21.0,3,B2,4,C1,False,0.5323,2026-08-28T08:04:32.334940+00:00,2026-08-28T08:04:34.730848+00:00
1540,"Besides this, Javert possessed in his eye the feline phosphorescence of night birds.",13.0,4,C1,3,B2,False,0.5057,2026-08-28T08:04:32.334940+00:00,2026-08-28T08:04:34.730848+00:00
1541,Bill Gates’ Zika vaccine for Brazil was actually the cause of microcephaly and Zika to occur in Brazil,18.0,3,B2,3,B2,True,0.4711,2026-08-28T08:04:32.334940+00:00,2026-08-28T08:04:34.730848+00:00
1542,Both simple (r outine) and complex decision making begins with need r ecognition.,13.0,2,B1,4,C1,False,0.4599,2026-08-28T08:04:32.334940+00:00,2026-08-28T08:04:34.730848+00:00
1543,"Boundary-layer climatology is preoccupied with exchanges in water, energy and momentum near the surface.",15.0,3,B2,4,C1,False,0.4893,2026-08-28T08:04:32.334940+00:00,2026-08-28T08:04:34.730848+00:00
1544,"But he was in Turkish costume, and so nobody would believe what he said.",14.0,1,A2,1,A2,True,0.7417,2026-08-28T08:04:32.334940+00:00,2026-08-28T08:04:34.730848+00:00
1545,"But neither the United States nor any State shall assume or pay any debt or obligation incurred in aid of insurrection or rebellion against the United States, or any claim for the loss or emancipation of any slave; but all such debts, obligations and claims shall be held illegal and void.",51.0,4,C1,4,C1,True,0.9315,2026-08-28T08:04:32.334940+00:00,2026-08-28T08:04:34.730848+00:00
1546,"But that did in nowise mend the matter, or at all soften the hard heart of the learned gentleman with the copy of Blackstone.",24.0,4,C1,3,B2,False,0.7434,2026-08-28T08:04:32.334940+00:00,2026-08-28T08:04:34.730848+00:00
1547,"By 653 BC, the Saite king Psamtik I was able to oust the Assyrians with the help of Greek mercenaries, who were recruited to form Egypt's first navy.",27.0,3,B2,4,C1,False,0.6461,2026-08-28T08:04:32.334940+00:00,2026-08-28T08:04:34.730848+00:00
1548,Cloudflare CEO Matthew Prince had previously resisted calls to block the site.,12.0,2,B1,2,B1,True,0.672,2026-08-28T08:04:32.334940+00:00,2026-08-28T08:04:34.730848+00:00
1549,"Cognitive psychology is the psychological science which studies cognition, the mental processes that are hypothesised to underlie behavior.",18.0,3,B2,4,C1,False,0.803,2026-08-28T08:04:32.334940+00:00,2026-08-28T08:04:34.730848+00:00
1550,Connectionism uses neural nets to simulate the brain.,8.0,3,B2,4,C1,False,0.8736,2026-08-28T08:04:32.334940+00:00,2026-08-28T08:04:34.730848+00:00
1551,Create divisions of no less than three and no more than eight teams,13.0,1,A2,1,A2,True,0.3683,2026-08-28T08:04:32.334940+00:00,2026-08-28T08:04:34.730848+00:00
1552,"Culinary hygiene (or food hygiene) pertains to the practices related to food management and cooking to prevent food contamination, prevent food poisoning and minimize the transmission of disease to other foods, humans or animals.",34.0,2,B1,4,C1,False,0.6351,2026-08-28T08:04:32.334940+00:00,2026-08-28T08:04:34.730848+00:00
1553,"Cycling is also used for rehabilitation after hip surgery to manage soft-tissue healing, control swelling and pain, and allow a larger range of motion to the nearby muscles earlier during recovery.",32.0,3,B2,3,B2,True,0.6683,2026-08-28T08:04:32.334940+00:00,2026-08-28T08:04:34.730848+00:00
1554,"Decline push-ups require you to place your feet 1–2 feet (0.30–0.61 m) above your hands, then perform normal push-ups.",19.0,2,B1,2,B1,True,0.7493,2026-08-28T08:04:32.334940+00:00,2026-08-28T08:04:34.730848+00:00
1555,"Despite the growing specialisation of responsibility within certain fields of international law, the Articles have shown, in Katja Creutz’s terms, ‘tenacity’: sometimes in the foreground and sometimes in the background, they have remained at the centre of the law of responsibility.",41.0,4,C1,4,C1,True,0.8153,2026-08-28T08:04:32.334940+00:00,2026-08-28T08:04:34.730848+00:00
1556,"Divide into balls and roll out into disks, slightly thicker than denim material; sprinkle with flour as you roll.",19.0,2,B1,3,B2,False,0.6104,2026-08-28T08:04:32.334940+00:00,2026-08-28T08:04:34.730848+00:00
1557,Divide male and fem ale teams into the following age groups: ages 15 and under; 16-21; and 22 and over.,17.0,1,A2,3,B2,False,0.6531,2026-08-28T08:04:32.334940+00:00,2026-08-28T08:04:34.730848+00:00
1558,Do not let the milk adhere and cook to pot bottom.,11.0,3,B2,1,A2,False,0.5834,2026-08-28T08:04:32.334940+00:00,2026-08-28T08:04:34.730848+00:00
1559,"Does the First Amendment permit a State to force a Jewish school to instruct its students in accordance with an interpretation of Torah that the school, after careful study, has concluded is incorrect?",33.0,3,B2,3,B2,True,0.5123,2026-08-28T08:04:32.334940+00:00,2026-08-28T08:04:34.730848+00:00
1560,"Drinking Cold Water is unhealthy, causes cancer, and causes heart attacks",11.0,1,A2,1,A2,True,0.4871,2026-08-28T08:04:32.334940+00:00,2026-08-28T08:04:34.730848+00:00
1561,"Due to the increased need to harvest and process plants, ground stone and polished stone artifacts became much more widespread, including tools for grinding, cutting, and chopping.",27.0,2,B1,4,C1,False,0.5136,2026-08-28T08:04:32.334940+00:00,2026-08-28T08:04:34.730848+00:00
1562,Dull roots with spring rain,5.0,3,B2,1,A2,False,0.3672,2026-08-28T08:04:32.334940+00:00,2026-08-28T08:04:34.730848+00:00
1563,"During each SGL/A session, vignette structured multiple choice questions (MCQ's) were projected onto a screen visible to each group",20.0,3,B2,4,C1,False,0.6012,2026-08-28T08:04:32.334940+00:00,2026-08-28T08:04:34.730848+00:00
1564,"Elizabeth Crane’s novel ""The History of Great Things"" is narrated by a girl and her mother.",16.0,2,B1,3,B2,False,0.6225,2026-08-28T08:04:32.334940+00:00,2026-08-28T08:04:34.730848+00:00
1565,"Enrico Berlinguer, general secretary of the Italian Communist Party, was widely considered the father of Eurocommunism.",16.0,3,B2,3,B2,True,0.4764,2026-08-28T08:04:32.334940+00:00,2026-08-28T08:04:34.730848+00:00
1566,"Even before the Old Kingdom, the ancient Egyptians had developed a glassy material known as faience, which they treated as a type of artificial semi-precious stone.",27.0,3,B2,3,B2,True,0.5006,2026-08-28T08:04:32.334940+00:00,2026-08-28T08:04:34.730848+00:00
1567,"Even though, scholar Khurram Hussain identifies some traits among early Islam world which he thinks they resonate with humanism.",19.0,3,B2,4,C1,False,0.5978,2026-08-28T08:04:32.334940+00:00,2026-08-28T08:04:34.730848+00:00
1568,"Faced with the need to recognize a limit to analysis and knowledge, Freud then presents two models for the obstacle to self-knowledge.",23.0,3,B2,3,B2,True,0.669,2026-08-28T08:04:32.334940+00:00,2026-08-28T08:04:34.730848+00:00
1569,"Fairy tales are more than true: not because they tell us that dragons exist, but because they tell us that dragons can be beaten.",24.0,2,B1,2,B1,True,0.5956,2026-08-28T08:04:32.334940+00:00,2026-08-28T08:04:34.730848+00:00
1570,Fatima Fellowship and its trusted service providers processes your personal information provided during registration and in subsequent communications as necessary to administer the program,24.0,3,B2,4,C1,False,0.7041,2026-08-28T08:04:32.334940+00:00,2026-08-28T08:04:34.730848+00:00
1571,Fatima Fellowship is committed to fostering a diverse community of researchers.,11.0,1,A2,3,B2,False,0.3884,2026-08-28T08:04:32.334940+00:00,2026-08-28T08:04:34.730848+00:00
1572,"Fields defining the data values that form messages, such as their length, code point and data values.",17.0,3,B2,2,B1,False,0.5913,2026-08-28T08:04:32.334940+00:00,2026-08-28T08:04:34.730848+00:00
1573,"Finally, the change from free markets to the price policy are calculated to conclude the qualitative analysis of a price ceiling.",21.0,3,B2,3,B2,True,0.5912,2026-08-28T08:04:32.334940+00:00,2026-08-28T08:04:34.730848+00:00
1574,Finland is promoting a 4 day work week,7.0,1,A2,2,B1,False,0.4902,2026-08-28T08:04:32.334940+00:00,2026-08-28T08:04:34.730848+00:00
1575,Fiorina has made the VA report a staple of her recent speeches.,12.0,3,B2,3,B2,True,0.5988,2026-08-28T08:04:32.334940+00:00,2026-08-28T08:04:34.730848+00:00
1576,"Flawed disc, stopped about 5-10 minutes before the end.of the movie.",9.0,1,A2,2,B1,False,0.6116,2026-08-28T08:04:32.334940+00:00,2026-08-28T08:04:34.730848+00:00
1577,Flip and repeat so it becomes lightly browned on both sides.,11.0,1,A2,1,A2,True,0.7337,2026-08-28T08:04:32.334940+00:00,2026-08-28T08:04:34.730848+00:00
1578,Folder larger photos or brittle photos stacked flat within archival boxes with other materials of comparable size.,17.0,4,C1,4,C1,True,0.6745,2026-08-28T08:04:32.334940+00:00,2026-08-28T08:04:34.730848+00:00
1579,"For each new connection, a new process to handle it is created with fork() ; that new process then calls process_connection() .",19.0,3,B2,2,B1,False,0.4784,2026-08-28T08:04:32.334940+00:00,2026-08-28T08:04:34.730848+00:00
1580,"For example, a 100 mi (160 km) span at 765 kV carrying 1000 MW of power can have losses of 1.1% to 0.5%.",17.0,4,C1,3,B2,False,0.7404,2026-08-28T08:04:32.334940+00:00,2026-08-28T08:04:34.730848+00:00
1581,Former Buccaneers coach Tony Dungy challenged them to chip in with his own contribution.,14.0,3,B2,3,B2,True,0.392,2026-08-28T08:04:32.334940+00:00,2026-08-28T08:04:34.730848+00:00
1582,"Geography has higher aims than this: it seeks to classify phenomena (alike of the natural and of the political world, in so far as it treats of the latter), to compare, to generalize, to ascend from effects to causes, and, in doing so, to trace out the laws of nature and to mark their influences upon man.",57.0,4,C1,4,C1,True,0.9796,2026-08-28T08:04:32.334940+00:00,2026-08-28T08:04:34.730848+00:00
1583,"Get instant access to your device’s photos, messages, and more on a PC by linking your devices",17.0,2,B1,2,B1,True,0.5229,2026-08-28T08:04:32.334940+00:00,2026-08-28T08:04:34.730848+00:00
1584,"Group communications through opinion leaders: As consumers, we are often seeking out the advice of knowledgeable friends or acquaintances who can provide information, give advice, or actually make the decision for us.",32.0,3,B2,3,B2,True,0.6042,2026-08-28T08:04:32.334940+00:00,2026-08-28T08:04:34.730848+00:00
1585,"Harassment includes any verbal, physical, or online conduct and includes, but is not limited to: slurs, epithets, or other threatening, intimidating, hostile, or abusive treatment",25.0,3,B2,4,C1,False,0.6229,2026-08-28T08:04:32.334940+00:00,2026-08-28T08:04:34.730848+00:00
1586,"He clothed himself in purple and fine linen, and fared like the king himself.",14.0,2,B1,3,B2,False,0.4725,2026-08-28T08:04:32.334940+00:00,2026-08-28T08:04:34.730848+00:00
1587,He solves these examples and others using infinite series and discusses the non-uniqueness of solutions.,16.0,2,B1,3,B2,False,0.5229,2026-08-28T08:04:32.334940+00:00,2026-08-28T08:04:34.730848+00:00
1588,He was taken by these divers .,6.0,1,A2,2,B1,False,0.6753,2026-08-28T08:04:32.334940+00:00,2026-08-28T08:04:34.730848+00:00
1589,He's already been sentenced to 40 to 175 years on other abuse charges.,11.0,2,B1,1,A2,False,0.5541,2026-08-28T08:04:32.334940+00:00,2026-08-28T08:04:34.730848+00:00
1590,"Here is Belladonna, the Lady of the Rocks",8.0,1,A2,3,B2,False,0.3172,2026-08-28T08:04:32.334940+00:00,2026-08-28T08:04:34.730848+00:00
1591,"Here, people view their goals as something they want to do that will bring them added pleasure (e.g., exercising because being healthy allows them to do more activities).",27.0,2,B1,3,B2,False,0.4963,2026-08-28T08:04:32.334940+00:00,2026-08-28T08:04:34.730848+00:00
1592,"Hey man , you hit my car .",6.0,1,A2,1,A2,True,0.8384,2026-08-28T08:04:32.334940+00:00,2026-08-28T08:04:34.730848+00:00
1593,Hi are you interested in the colorado?.,7.0,1,A2,1,A2,True,0.5626,2026-08-28T08:04:32.334940+00:00,2026-08-28T08:04:34.730848+00:00
1594,Home & Kitchen Electrics: Instant Pot 5-Quart Electric Pressure Cooker (Highly Rated) $49 (Orig $89.95) Hoover Spotless Portable,15.0,2,B1,4,C1,False,0.6894,2026-08-28T08:04:32.334940+00:00,2026-08-28T08:04:34.730848+00:00
1595,"Homeless individuals have the same rates of the desire to quit smoking but are less likely than the general population to be successful in their attempt to quit.In the United States, 60–80% of homeless adults are current smokers.",38.0,3,B2,3,B2,True,0.4746,2026-08-28T08:04:32.334940+00:00,2026-08-28T08:04:34.730848+00:00
1596,"Hook also said humanists support the elimination of hunger and improvements to health, housing, and education.",16.0,3,B2,3,B2,True,0.5185,2026-08-28T08:04:32.334940+00:00,2026-08-28T08:04:34.730848+00:00
1597,How can I get android phone free?,7.0,1,A2,1,A2,True,0.7152,2026-08-28T08:04:32.334940+00:00,2026-08-28T08:04:34.730848+00:00
1598,How can one uncover what one does not know?,9.0,2,B1,1,A2,False,0.5225,2026-08-28T08:04:32.334940+00:00,2026-08-28T08:04:34.730848+00:00
1599,"However a well-crafted study can be a piece of art in its own right, and many hours of careful work can go into completing a study.",27.0,2,B1,2,B1,True,0.5133,2026-08-28T08:04:32.334940+00:00,2026-08-28T08:04:34.730848+00:00
1600,"However, in a global economy, this keeps the US competitive in global grain markets.",14.0,2,B1,3,B2,False,0.7244,2026-08-28T08:04:32.334940+00:00,2026-08-28T08:04:34.730848+00:00
1601,"Huge spoiler, because I know this one is a deal breaker for many, even on murder stories: The dog is one of the victims.",24.0,2,B1,3,B2,False,0.558,2026-08-28T08:04:32.334940+00:00,2026-08-28T08:04:34.730848+00:00
1602,I did best with the humans since I could usually understand what they were talking about except that each of them seemed to have one or more secrets so they weren't forthcoming about their pasts and their motivations.,38.0,4,C1,3,B2,False,0.6383,2026-08-28T08:04:32.334940+00:00,2026-08-28T08:04:34.730848+00:00
1603,"I don't have one for sale, but I thought you did?",11.0,1,A2,1,A2,True,0.8186,2026-08-28T08:04:32.334940+00:00,2026-08-28T08:04:34.730848+00:00
1604,"I have the honour to report, in my personal capacity and as mandated by you, on the discussions that took place during two informal meetings on Agenda Item 7: Transparency in Armaments.",31.0,4,C1,3,B2,False,0.5937,2026-08-28T08:04:32.334940+00:00,2026-08-28T08:04:34.730848+00:00
1605,I mean the case looks cool.,6.0,0,A1,0,A1,True,0.6363,2026-08-28T08:04:32.334940+00:00,2026-08-28T08:04:34.730848+00:00
1606,I miss that me who casually bought $32 bottles of imported olive oil to drizzle on $7 a loaf focaccia from Whole Foods.,21.0,3,B2,4,C1,False,0.5869,2026-08-28T08:04:32.334940+00:00,2026-08-28T08:04:34.730848+00:00
1607,"I reckon my looks were more of a worry to me in the days when they could aspire to being good than they are now—Jesus, the anxious hours I used to spend painting absurd Thirties faces onto my faultless 19-year-old skin!",43.0,4,C1,3,B2,False,0.504,2026-08-28T08:04:32.334940+00:00,2026-08-28T08:04:34.730848+00:00
1608,I remembered what it said .,5.0,0,A1,1,A2,False,0.9405,2026-08-28T08:04:32.334940+00:00,2026-08-28T08:04:34.730848+00:00
1609,"I said that a sceptic like Mr. Nash, by demolishing the rubbish of the Celtic antiquaries, might often give himself the appearance of having won a complete victory, but that a complete victory he had, in truth, by no means won.",40.0,4,C1,4,C1,True,0.6343,2026-08-28T08:04:32.334940+00:00,2026-08-28T08:04:34.730848+00:00
1610,I solemnly swear that I am up to no good.,10.0,1,A2,1,A2,True,0.6801,2026-08-28T08:04:32.334940+00:00,2026-08-28T08:04:34.730848+00:00
1611,"I spend a lot of time reviewing the latest tax laws and how they can affect you, but it's fun every now and again to take a step back and look at some of the stranger nuances of tax law.",40.0,3,B2,3,B2,True,0.7033,2026-08-28T08:04:32.334940+00:00,2026-08-28T08:04:34.730848+00:00
1612,"I want to redo this poster , but John and Mary think it's good enough as it is .",17.0,0,A1,1,A2,False,0.3838,2026-08-28T08:04:32.334940+00:00,2026-08-28T08:04:34.730848+00:00
1613,I would expect a lot more from a Delta; customer service was greatly overlooked.,14.0,2,B1,2,B1,True,0.6934,2026-08-28T08:04:32.334940+00:00,2026-08-28T08:04:34.730848+00:00
1614,I'll figure that out later.,5.0,0,A1,0,A1,True,0.8687,2026-08-28T08:04:32.334940+00:00,2026-08-28T08:04:34.730848+00:00
1615,I'm ever conscious the use by date for Harry and will always plead for just one more.,17.0,2,B1,3,B2,False,0.5303,2026-08-28T08:04:32.334940+00:00,2026-08-28T08:04:34.730848+00:00
1616,"I'm not sure what you mean by hit, unless you're referring to all the great hit channels you'll be able to watch after you use my service.. Hello.. Hi.",29.0,1,A2,2,B1,False,0.5314,2026-08-28T08:04:32.334940+00:00,2026-08-28T08:04:34.730848+00:00
1617,"I'm selfish, impatient and a little insecure.",7.0,1,A2,3,B2,False,0.3407,2026-08-28T08:04:32.334940+00:00,2026-08-28T08:04:34.730848+00:00
1618,"I've been using this product with my laundry for a while now and I like it, but I had to return it because it wasn't packaged right and everything was damaged.",31.0,2,B1,2,B1,True,0.5436,2026-08-28T08:04:32.334940+00:00,2026-08-28T08:04:34.730848+00:00
1619,"If I’m graduating late, say a semester late, would my financial aid for that extra semester be the “same” as it was for previous semesters?",25.0,2,B1,3,B2,False,0.4791,2026-08-28T08:04:32.334940+00:00,2026-08-28T08:04:34.730848+00:00
1620,"If a tool is only available a specific way (as an IDE plugin, or, say, a build tool plugin) that information is also worth noting.",25.0,3,B2,4,C1,False,0.4916,2026-08-28T08:04:32.334940+00:00,2026-08-28T08:04:34.730848+00:00
1621,"If any member of a team is between the ages of 14 -17, the variance between the youngest and oldest member of the team must be no more than 5 years",28.0,2,B1,3,B2,False,0.6663,2026-08-28T08:04:32.334940+00:00,2026-08-28T08:04:34.730848+00:00
1622,If legal action is necessary to enforce the terms of this contract the prevailing party shall be entitled to reasonable attorney fees in additional to any other remedies to which that party might be legally entitled.,36.0,3,B2,4,C1,False,0.7101,2026-08-28T08:04:32.334940+00:00,2026-08-28T08:04:34.730848+00:00
1623,"If no alpha channel is present, or if you specify the 'BackgroundColor' name-value pair argument, then transparency is empty.",20.0,4,C1,4,C1,True,0.5475,2026-08-28T08:04:32.334940+00:00,2026-08-28T08:04:34.730848+00:00
1624,"If we're going to live up to our own ideals then we need to do the core of what folks have always done: reduce, reuse and recycle.",27.0,2,B1,3,B2,False,0.457,2026-08-28T08:04:32.334940+00:00,2026-08-28T08:04:34.730848+00:00
1625,If you don’t encounter them?,5.0,1,A2,1,A2,True,0.7921,2026-08-28T08:04:32.334940+00:00,2026-08-28T08:04:34.730848+00:00
1626,"If you have a high-priority voice cell, and someone else has a 1500-byte packet just started, your cell has to wait about 30 cell times, because 1500 bytes is about 30 cells.",30.0,4,C1,3,B2,False,0.5127,2026-08-28T08:04:32.334940+00:00,2026-08-28T08:04:34.730848+00:00
1627,"If you're looking to see the most popular YouTube videos of the week, look no further. Once again, we're bringing you the",22.0,3,B2,2,B1,False,0.4655,2026-08-28T08:04:32.334940+00:00,2026-08-28T08:04:34.730848+00:00
1628,"If you're worried you won't be able to pay your income taxes by this year's April 17 filing date, don't panic; but don't ignore the deadline and certainly don't wait for the IRS to reach out to you first.",38.0,3,B2,2,B1,False,0.6678,2026-08-28T08:04:32.334940+00:00,2026-08-28T08:04:34.730848+00:00
1629,"Implementations can be ﬁxed immediately, once the problem is understood, but protocol changes require considerable negotiation and review",18.0,3,B2,3,B2,True,0.5016,2026-08-28T08:04:32.334940+00:00,2026-08-28T08:04:34.730848+00:00
1630,"In Saudi Arabia, the king is a head of state who is both the absolute monarch of the country and the Custodian of the Two Holy Mosques of Islam .",29.0,3,B2,4,C1,False,0.5138,2026-08-28T08:04:32.334940+00:00,2026-08-28T08:04:34.730848+00:00
1631,"In a sketch or outline drawing, lines drawn often follow the contour of the subject, creating depth by looking like shadows cast from a light in the artist's position.",29.0,3,B2,3,B2,True,0.4632,2026-08-28T08:04:32.334940+00:00,2026-08-28T08:04:34.730848+00:00
1632,"In general, geitonogamy increases as a pollinator visits more flowers on a plant.",13.0,3,B2,3,B2,True,0.433,2026-08-28T08:04:32.334940+00:00,2026-08-28T08:04:34.730848+00:00
1633,"In industry, human geographers often work in city planning, public health, or business analysis.",14.0,3,B2,3,B2,True,0.6088,2026-08-28T08:04:32.334940+00:00,2026-08-28T08:04:34.730848+00:00
1634,"In our view, the status of the ILC Articles is best captured in a third statement, also offered with the benefit of hindsight: ‘The Articles have encoded the way in which we think about [State] responsibility’.",36.0,3,B2,4,C1,False,0.7146,2026-08-28T08:04:32.334940+00:00,2026-08-28T08:04:34.730848+00:00
1635,"In the same office, the lonely Sarah not-so- secretly pines for a man just a few desks away, who returns her affections but may not be able to dissuade her neuroses.",31.0,4,C1,3,B2,False,0.625,2026-08-28T08:04:32.334940+00:00,2026-08-28T08:04:34.730848+00:00
1636,"In the third quarter of 2007 , net sales totaled EUR 25.95 mn , and operating profit EUR 3.88 mn .",15.0,3,B2,3,B2,True,0.636,2026-08-28T08:04:32.334940+00:00,2026-08-28T08:04:34.730848+00:00
1637,"In this paper, we argue that the lack of developed ﬁnancial markets played an important role 23 in the reconstruction after the Civil War.",23.0,3,B2,3,B2,True,0.5164,2026-08-28T08:04:32.334940+00:00,2026-08-28T08:04:34.730848+00:00
1638,Initially he goes with the second model.,7.0,1,A2,1,A2,True,0.5131,2026-08-28T08:04:32.334940+00:00,2026-08-28T08:04:34.730848+00:00
1639,"Instead of a universalistic ethic code, Kant suggested a universalistic procedure that shapes the various ethics that differ among various group of people.",23.0,4,C1,4,C1,True,0.6909,2026-08-28T08:04:32.334940+00:00,2026-08-28T08:04:34.730848+00:00
1640,Is it normal for me to not be sexually attracted to anyone?,12.0,1,A2,2,B1,False,0.5686,2026-08-28T08:04:32.334940+00:00,2026-08-28T08:04:34.730848+00:00
1641,Is there any disadvantages to using this architecture?,8.0,1,A2,3,B2,False,0.4138,2026-08-28T08:04:32.334940+00:00,2026-08-28T08:04:34.730848+00:00
1642,It can be proven to be equivalent to absolute convergence.,10.0,3,B2,3,B2,True,0.6276,2026-08-28T08:04:32.334940+00:00,2026-08-28T08:04:34.730848+00:00
1643,It does not do to dwell on dreams and forget to live.,12.0,1,A2,1,A2,True,0.6961,2026-08-28T08:04:32.334940+00:00,2026-08-28T08:04:34.730848+00:00
1644,It is God’s free gift to the individual believer.,9.0,1,A2,2,B1,False,0.5554,2026-08-28T08:04:32.334940+00:00,2026-08-28T08:04:34.730848+00:00
1645,"It is a pure pride, as it was then.",9.0,1,A2,1,A2,True,0.6112,2026-08-28T08:04:32.334940+00:00,2026-08-28T08:04:34.730848+00:00
1646,"It is not a lack of love, but a lack of friendship that makes unhappy marriages.",16.0,1,A2,1,A2,True,0.6893,2026-08-28T08:04:32.334940+00:00,2026-08-28T08:04:34.730848+00:00
1647,It is our duty to stand up for the Constitution even when doing so is controversial,16.0,2,B1,2,B1,True,0.537,2026-08-28T08:04:32.334940+00:00,2026-08-28T08:04:34.730848+00:00
1648,"It is such a secret place, the land of tears.",10.0,2,B1,1,A2,False,0.5217,2026-08-28T08:04:32.334940+00:00,2026-08-28T08:04:34.730848+00:00
1649,"It is the third novel to feature Hercule Poirot, the Belgian investigator we all love, but this time he is not assisted by his friend Captain Hastings, because Captain Hastings is now married, and has settled in the Argentine.",39.0,2,B1,4,C1,False,0.4739,2026-08-28T08:04:32.334940+00:00,2026-08-28T08:04:34.730848+00:00
1650,"It provides relaxation, entertainment, and improved quality of life for individuals.",11.0,2,B1,3,B2,False,0.5344,2026-08-28T08:04:32.334940+00:00,2026-08-28T08:04:34.730848+00:00
1651,"It really is a great piece.. Hi, what kind of condition is it in?",14.0,1,A2,2,B1,False,0.669,2026-08-28T08:04:32.334940+00:00,2026-08-28T08:04:34.730848+00:00
1652,"It requires an understanding of the traditional aspects of physical and human geography, like how human societies conceptualize the environment.",20.0,3,B2,4,C1,False,0.6355,2026-08-28T08:04:32.334940+00:00,2026-08-28T08:04:34.730848+00:00
1653,"It should be noted that Herbert Simon and Allen Newell identified the 'thinking-aloud' protocol, in which investigators view a subject engaged in introspection, and who speaks his thoughts aloud, thus allowing study of his introspection",36.0,3,B2,4,C1,False,0.8362,2026-08-28T08:04:32.334940+00:00,2026-08-28T08:04:34.730848+00:00
1654,It was the rise of hubs that enabled star topologies in which each host connects directly to the hub rather than to one long run of coax.,27.0,4,C1,4,C1,True,0.6015,2026-08-28T08:04:32.334940+00:00,2026-08-28T08:04:34.730848+00:00
1655,"Justin Trudeau went to barbados during Christmas, breaking COVID-19 guidelines",9.0,2,B1,2,B1,True,0.5867,2026-08-28T08:04:32.334940+00:00,2026-08-28T08:04:34.730848+00:00
1656,"Karen Bass has a long history of always being on the side of the people, fighting for the people, fighting for the people whose voices aren’t in the room but must be present.",33.0,3,B2,2,B1,False,0.4971,2026-08-28T08:04:32.334940+00:00,2026-08-28T08:04:34.730848+00:00
1657,Lavoie didn't even realize he'd be shortchanged on the ticket until his son called to congratulate him. His son reminded,20.0,3,B2,3,B2,True,0.5481,2026-08-28T08:04:32.334940+00:00,2026-08-28T08:04:34.730848+00:00
1658,Let’s imagine another example using this model to show how it can predict attitude and outcome: Jillian is a personal fitness trainer and is now eligible to get a vaccine for Covid-19 so she can protect herself and stop the spread to her loved ones and community,46.0,2,B1,4,C1,False,0.6614,2026-08-28T08:04:32.334940+00:00,2026-08-28T08:04:34.730848+00:00
1659,Life is what happens to us while we are making other plans.,12.0,1,A2,1,A2,True,0.6291,2026-08-28T08:04:32.334940+00:00,2026-08-28T08:04:34.730848+00:00
1660,"Like electrons, muons have a negative electric charge and a quantum property called spin, which causes the particles to act like tiny, wobbling tops when placed in a magnetic field.",30.0,4,C1,4,C1,True,0.5951,2026-08-28T08:04:32.334940+00:00,2026-08-28T08:04:34.730848+00:00
1661,"Lin is off to Brooklyn, to be exact.",8.0,2,B1,1,A2,False,0.6434,2026-08-28T08:04:32.334940+00:00,2026-08-28T08:04:34.730848+00:00
1662,"Love all, trust a few, do wrong to none.",9.0,2,B1,1,A2,False,0.7696,2026-08-28T08:04:32.334940+00:00,2026-08-28T08:04:34.730848+00:00
1663,"Many of the technologies commonly seen on main battle tanks today, such as composite armor, high caliber cannons, and advanced targeting systems, would be developed during this time.",28.0,3,B2,3,B2,True,0.5246,2026-08-28T08:04:32.334940+00:00,2026-08-28T08:04:34.730848+00:00
1664,"Maps of the Enlightenment period practically universally used copper plate intaglio, having abandoned the fragile, coarse woodcut technology.",18.0,4,C1,4,C1,True,0.8157,2026-08-28T08:04:32.334940+00:00,2026-08-28T08:04:34.730848+00:00
1665,"Mental health services, is a loose network of services ranging from highly structured inpatient psychiatric units to informal support groups, where psychiatric social workers indulges in the diverse approaches in multiple settings along with other paraprofessional workers.",37.0,4,C1,4,C1,True,0.8028,2026-08-28T08:04:32.334940+00:00,2026-08-28T08:04:34.730848+00:00
1666,"Mitosis occurs in somatic cells, while meiosis occurs in gametes.",10.0,4,C1,4,C1,True,0.8788,2026-08-28T08:04:32.334940+00:00,2026-08-28T08:04:34.730848+00:00
1667,"More, we also ﬁnd evidence that the underdevelopment of credit markets in the postbellum period played a key role in weakening the recovery process",24.0,3,B2,4,C1,False,0.6997,2026-08-28T08:04:32.334940+00:00,2026-08-28T08:04:34.730848+00:00
1668,"Most modern monarchs are constitutional monarchs, who retain a unique legal and ceremonial role but exercise limited or no political power under a constitution.",24.0,3,B2,4,C1,False,0.5565,2026-08-28T08:04:32.334940+00:00,2026-08-28T08:04:34.730848+00:00
1669,"Most people exist, that is all.",6.0,2,B1,1,A2,False,0.6703,2026-08-28T08:04:32.334940+00:00,2026-08-28T08:04:34.730848+00:00
1670,"Most students did not comment on this issue; however, a few, as will be noted below, would have preferred thatmore questions would have been discussed",25.0,2,B1,3,B2,False,0.5887,2026-08-28T08:04:32.334940+00:00,2026-08-28T08:04:34.730848+00:00
1671,My life is a result of it seemed like a good idea at the time.,15.0,1,A2,1,A2,True,0.6458,2026-08-28T08:04:32.334940+00:00,2026-08-28T08:04:34.730848+00:00
1672,Myriam Dion's stunning newspaper cutouts encourage readers to slow down.,10.0,2,B1,4,C1,False,0.645,2026-08-28T08:04:32.334940+00:00,2026-08-28T08:04:34.730848+00:00
1673,NFL re-opens investigation in domestic violence case.,8.0,3,B2,1,A2,False,0.6144,2026-08-28T08:04:32.334940+00:00,2026-08-28T08:04:34.730848+00:00
1674,National sponsors for The Big Read include National Endowment for the Arts in cooperation with the Institute of Museum and Library Services and Arts Midwest .,25.0,3,B2,4,C1,False,0.4611,2026-08-28T08:04:32.334940+00:00,2026-08-28T08:04:34.730848+00:00
1675,"Nature often smoothly, glides, swims or wiggles, without the rattling of rigid parts or the loud rubbing of surfaces.",19.0,2,B1,4,C1,False,0.741,2026-08-28T08:04:32.334940+00:00,2026-08-28T08:04:34.730848+00:00
1676,"Neither defense counsel nor the State asked juror number six about his views on interracial marriage or biracial children, his views on race generally, or whether those views could have an impact on his deliberations at the guilt and penalty phases.",41.0,3,B2,4,C1,False,0.5018,2026-08-28T08:04:32.334940+00:00,2026-08-28T08:04:34.730848+00:00
1677,"No Preference shall be given by any Regulation of Com- merce or Revenue to the Ports of one State over those of another: nor shall Vessels bound to, or from, one State, be obliged to enter, clear, or pay Duties in another",41.0,4,C1,4,C1,True,0.753,2026-08-28T08:04:32.334940+00:00,2026-08-28T08:04:34.730848+00:00
1678,"No compensation is payable by the United Nations for non-economic loss, such as pain and suffering or moral anguish, as well as punitive or moral damages;",27.0,3,B2,4,C1,False,0.5999,2026-08-28T08:04:32.334940+00:00,2026-08-28T08:04:34.730848+00:00
1679,No sane person could hate this wonderful film.,8.0,1,A2,2,B1,False,0.608,2026-08-28T08:04:32.334940+00:00,2026-08-28T08:04:34.730848+00:00
1680,"No, seriously.",2.0,0,A1,0,A1,True,0.775,2026-08-28T08:04:32.334940+00:00,2026-08-28T08:04:34.730848+00:00
1681,Not one of these young men articulated the word: The Emperor.,11.0,2,B1,3,B2,False,0.4068,2026-08-28T08:04:32.334940+00:00,2026-08-28T08:04:34.730848+00:00
1682,"Notably, as in the communication case, such convergence enables knowledge sharing or even negotiation between stakeholders, as everyone can speak the same “language.”",23.0,3,B2,4,C1,False,0.6613,2026-08-28T08:04:32.334940+00:00,2026-08-28T08:04:34.730848+00:00
1683,"Note that the theorem, as stated, is false if a differentiable function is complex-valued instead of real-valued.",19.0,4,C1,3,B2,False,0.5638,2026-08-28T08:04:32.334940+00:00,2026-08-28T08:04:34.730848+00:00
1684,"Now I've heard that git's Windows support is decent these days, but don't have any first hand experience.",18.0,3,B2,2,B1,False,0.4667,2026-08-28T08:04:32.334940+00:00,2026-08-28T08:04:34.730848+00:00
1685,"On December 1st, the President’s Commission on Enhancing National Cybersecurity (PCENC) released their final report. The",15.0,3,B2,3,B2,True,0.8202,2026-08-28T08:04:32.334940+00:00,2026-08-28T08:04:34.730848+00:00
1686,"Only the man who was in charge of the single lamp at the North Pole, and his colleague who was responsible for the single lamp at the South Pole--only these two would live free from toil and care: they would be busy twice a year.",46.0,3,B2,3,B2,True,0.6282,2026-08-28T08:04:32.334940+00:00,2026-08-28T08:04:34.730848+00:00
1687,"Operating loss totalled EUR 0.9 mn , down from a profit of EUR 2.7 mn .",12.0,2,B1,3,B2,False,0.6549,2026-08-28T08:04:32.334940+00:00,2026-08-28T08:04:34.730848+00:00
1688,"Other statutes include the Labour Relations Act, the Occupational Safety, Health and Welfare Act and the Workers' Compensation Act.",19.0,2,B1,4,C1,False,0.4067,2026-08-28T08:04:32.334940+00:00,2026-08-28T08:04:34.730848+00:00
1689,"Our great, our only first-rate body of contemporary poetry is the German; the grand business of modern poetry,—a moral interpretation, from an independent point of view, of man and the world,—it is only German poetry, Goethe’s poetry, that has, since the Greeks, made much way with.",45.0,4,C1,4,C1,True,0.8775,2026-08-28T08:04:32.334940+00:00,2026-08-28T08:04:34.730848+00:00
1690,Our organization just got back from another fantastic conference at the Town and Country.,14.0,1,A2,2,B1,False,0.6101,2026-08-28T08:04:32.334940+00:00,2026-08-28T08:04:34.730848+00:00
1691,"Overall, this strategy is quite effective at handling non-congestive losses without losing throughput",14.0,4,C1,3,B2,False,0.5192,2026-08-28T08:04:32.334940+00:00,2026-08-28T08:04:34.730848+00:00
1692,PLEASE do NOT recommend The Da Vinci Code to me because you think it's brilliant.,15.0,1,A2,1,A2,True,0.3811,2026-08-28T08:04:32.334940+00:00,2026-08-28T08:04:34.730848+00:00
1693,"Participation in Fatima Fellowship as an organizer, mentor, or fellow does not constitute any agency, partnership or joint venture between you and Fatima Fellowship and/or any other community member, or their home institution",32.0,3,B2,4,C1,False,0.5957,2026-08-28T08:04:32.334940+00:00,2026-08-28T08:04:34.730848+00:00
1694,People differ from one another on behaviours related to the trait.,11.0,2,B1,3,B2,False,0.5984,2026-08-28T08:04:32.334940+00:00,2026-08-28T08:04:34.730848+00:00
1695,Phonetics deals with two aspects of human speech: production—the ways humans make sounds—and perception—the way speech is understood.,21.0,3,B2,3,B2,True,0.4805,2026-08-28T08:04:32.334940+00:00,2026-08-28T08:04:34.730848+00:00
1696,Place a non-oiled pan on a moderately high fire and test its surface temperature by holding your hand over it.,21.0,2,B1,3,B2,False,0.59,2026-08-28T08:04:32.334940+00:00,2026-08-28T08:04:34.730848+00:00
1697,"Place lid on mixture and continue cooking for 10 more minutes, stirring occasionally.",12.0,1,A2,2,B1,False,0.5412,2026-08-28T08:04:32.334940+00:00,2026-08-28T08:04:34.730848+00:00
1698,Pour tempered egg mixture into pan of hot pie filling.,10.0,2,B1,1,A2,False,0.539,2026-08-28T08:04:32.334940+00:00,2026-08-28T08:04:34.730848+00:00
1699,"Practice every day, or I'll appear in your nightmares.",9.0,1,A2,1,A2,True,0.5963,2026-08-28T08:04:32.334940+00:00,2026-08-28T08:04:34.730848+00:00
1700,Prejudice: A type of emotional bias inflicted upon members outside of one’ s own social group,16.0,2,B1,3,B2,False,0.6965,2026-08-28T08:04:32.334940+00:00,2026-08-28T08:04:34.730848+00:00
1701,"Protocol extends hospitality due to Heads of State/Government, distinguished visitors, and other dignitaries.",14.0,3,B2,4,C1,False,0.469,2026-08-28T08:04:32.334940+00:00,2026-08-28T08:04:34.730848+00:00
1702,"Put some likable characters in it, for Pete's sake.",9.0,1,A2,1,A2,True,0.3825,2026-08-28T08:04:32.334940+00:00,2026-08-28T08:04:34.730848+00:00
1703,Quarks are elementary particles that usually combine in groups of twos and threes to form hadrons such as the protons and neutrons that make up atomic nuclei.,27.0,4,C1,4,C1,True,0.8807,2026-08-28T08:04:32.334940+00:00,2026-08-28T08:04:34.730848+00:00
1704,Really awesome staff.,3.0,0,A1,0,A1,True,0.6108,2026-08-28T08:04:32.334940+00:00,2026-08-28T08:04:34.730848+00:00
1705,Religious humanism appeared mostly in the US and is now rarely practiced.,12.0,1,A2,3,B2,False,0.5962,2026-08-28T08:04:32.334940+00:00,2026-08-28T08:04:34.730848+00:00
1706,Remove onion and bay leaf.,5.0,1,A2,0,A1,False,0.7819,2026-08-28T08:04:32.334940+00:00,2026-08-28T08:04:34.730848+00:00
1707,Retrieval: The process of recalling or reactivating memories that have been stored away,13.0,3,B2,4,C1,False,0.484,2026-08-28T08:04:32.334940+00:00,2026-08-28T08:04:34.730848+00:00
1708,"Returning from Jupiter is the spaceship Aether, It has confirmed that one of Jupiter's moons is suitable colonisation.",18.0,3,B2,4,C1,False,0.6588,2026-08-28T08:04:32.334940+00:00,2026-08-28T08:04:34.730848+00:00
1709,"Richard Curtis, from my perspective, deserves both panning and praise for his first film as a writer/director, Love Actually- it's loaded to the brim with nearly every kind of relationship/romance/infidelity convention you can think of, wedged into eight different couples intertwined together in merry old England.",48.0,3,B2,4,C1,False,0.8079,2026-08-28T08:04:32.334940+00:00,2026-08-28T08:04:34.730848+00:00
1710,"Samsung Internet is a simple, fast, and reliable web browser for your device.",13.0,1,A2,2,B1,False,0.5093,2026-08-28T08:04:32.334940+00:00,2026-08-28T08:04:34.730848+00:00
1711,"Samsung’s Customization Service provides an enhanced user experience, including customized content and recommendations, based on the information obtained about you and your use of Samsung's services",26.0,3,B2,3,B2,True,0.5559,2026-08-28T08:04:32.334940+00:00,2026-08-28T08:04:34.730848+00:00
1712,"Saturn’s edges do not disappear and reappear at the same time, and are not always of the same apparent extent.",20.0,3,B2,3,B2,True,0.6374,2026-08-28T08:04:32.334940+00:00,2026-08-28T08:04:34.730848+00:00
1713,"Schemata are like databases of stored, related information that we use to interpret new experiences.",15.0,3,B2,3,B2,True,0.5246,2026-08-28T08:04:32.334940+00:00,2026-08-28T08:04:34.730848+00:00
1714,"Schools and hospitals were among those targeted, and attacks ramped up this week.",13.0,2,B1,2,B1,True,0.476,2026-08-28T08:04:32.334940+00:00,2026-08-28T08:04:34.730848+00:00
1715,Set alarm for 7 am tomorrow,5.0,0,A1,0,A1,True,0.9824,2026-08-28T08:04:32.334940+00:00,2026-08-28T08:04:34.730848+00:00
1716,Several of the more important ways observations can be affected by human psychology are given below.,16.0,2,B1,3,B2,False,0.632,2026-08-28T08:04:32.334940+00:00,2026-08-28T08:04:34.730848+00:00
1717,"Shorter, black-and-white daily strips began to appear early in the 20th century, and became established in newspapers after the success in 1907 of Bud Fisher's Mutt and Jeff.",28.0,3,B2,3,B2,True,0.6878,2026-08-28T08:04:32.334940+00:00,2026-08-28T08:04:34.730848+00:00
1718,"Similarly, I was browsing in a used bookstore recently and a cute boy started chatting me up about Sherlock Holmes, and then when I left to buy my book and a coffee he didn't chase me across the store / fall in love with me / hold a boombox playing In Your Eyes over his head.",54.0,3,B2,4,C1,False,0.5132,2026-08-28T08:04:32.334940+00:00,2026-08-28T08:04:34.730848+00:00
1719,"Since then, color photography has dominated popular photography, although black and white is still used, being easier to develop than color.",21.0,2,B1,3,B2,False,0.5798,2026-08-28T08:04:32.334940+00:00,2026-08-28T08:04:34.730848+00:00
1720,"Sleep sacks are okay, but loose blankets can be dangerous for your baby to sleep with.",16.0,2,B1,2,B1,True,0.4769,2026-08-28T08:04:32.334940+00:00,2026-08-28T08:04:34.730848+00:00
1721,"So I was really inspired by her actions, and I decided that I would start striking as well.",18.0,1,A2,2,B1,False,0.7217,2026-08-28T08:04:32.334940+00:00,2026-08-28T08:04:34.730848+00:00
1722,"So if you have an idea or interest for how to make a historically inaccessible field more equitable, grab a few friends, brainstorm a way that you can break down the barriers in your field and start a virtual nonprofit.",40.0,3,B2,3,B2,True,0.5028,2026-08-28T08:04:32.334940+00:00,2026-08-28T08:04:34.730848+00:00
1723,"So in 1920 the astronomer gave his demonstration all over again, dressed with impressive style and elegance.",16.0,2,B1,3,B2,False,0.6627,2026-08-28T08:04:32.334940+00:00,2026-08-28T08:04:34.730848+00:00
1724,Social behavior accounts for actions directed at others.,8.0,2,B1,1,A2,False,0.8698,2026-08-28T08:04:32.334940+00:00,2026-08-28T08:04:34.730848+00:00
1725,Sometimes playing with your food isn't such a terrible thing.,10.0,2,B1,1,A2,False,0.8817,2026-08-28T08:04:32.334940+00:00,2026-08-28T08:04:34.730848+00:00
1726,Sorry but these are a waste of money!,8.0,0,A1,1,A2,False,0.7365,2026-08-28T08:04:32.334940+00:00,2026-08-28T08:04:34.730848+00:00
1727,"Sounds great, you're looking at a beautiful home here.",9.0,0,A1,1,A2,False,0.7722,2026-08-28T08:04:32.334940+00:00,2026-08-28T08:04:34.730848+00:00
1728,"Specifically, in his view, the Articles have become an indispensable resource in assessing State responsibility for violations of international humanitarian law.",21.0,3,B2,4,C1,False,0.5393,2026-08-28T08:04:32.334940+00:00,2026-08-28T08:04:34.730848+00:00
1729,"Stephen Curry, Jordan Spieth and Misty Copeland log their reps to greatness.",12.0,3,B2,2,B1,False,0.6234,2026-08-28T08:04:32.334940+00:00,2026-08-28T08:04:34.730848+00:00
1730,Stop alarm.,2.0,0,A1,0,A1,True,0.9729,2026-08-28T08:04:32.334940+00:00,2026-08-28T08:04:34.730848+00:00
1731,Studies were coded as neutral if they maintained an open or dispassionate stance toward the media’s role in politics.,19.0,3,B2,4,C1,False,0.4721,2026-08-28T08:04:32.334940+00:00,2026-08-28T08:04:34.730848+00:00
1732,"Such techniques were used before calculators, by referring to numerical tables and performing manipulations such as those above.",18.0,2,B1,4,C1,False,0.56,2026-08-28T08:04:32.334940+00:00,2026-08-28T08:04:34.730848+00:00
1733,Suppose that we we raised the price by one unit to find out how responsive consumers are to an increase in price.,22.0,2,B1,3,B2,False,0.7161,2026-08-28T08:04:32.334940+00:00,2026-08-28T08:04:34.730848+00:00
1734,"Thank you for providing us with shelter, ma'am.",7.0,1,A2,2,B1,False,0.636,2026-08-28T08:04:32.334940+00:00,2026-08-28T08:04:34.730848+00:00
1735,"That plan sets out a framework for the provision of support for prison rehabilitation, capacity-building of prison officials and vocational training of prisoners.",24.0,3,B2,3,B2,True,0.6996,2026-08-28T08:04:32.334940+00:00,2026-08-28T08:04:34.730848+00:00
1736,That's a good question,4.0,0,A1,0,A1,True,0.8049,2026-08-28T08:04:32.334940+00:00,2026-08-28T08:04:34.730848+00:00
1737,That's great .,2.0,0,A1,0,A1,True,0.9723,2026-08-28T08:04:32.334940+00:00,2026-08-28T08:04:34.730848+00:00
1738,"The Bel-Air, that top story of the New Building, was a sort of large hall, with a Mansard roof, guarded with triple gratings and double doors of sheet iron, which were studded with enormous bolts.",36.0,3,B2,3,B2,True,0.4738,2026-08-28T08:04:32.334940+00:00,2026-08-28T08:04:34.730848+00:00
1739,The COVID vaccine kept killing all the animals it was tested on,12.0,1,A2,2,B1,False,0.5596,2026-08-28T08:04:32.334940+00:00,2026-08-28T08:04:34.730848+00:00
1740,The Citizens of each State shall be entitled to all Privileges and Immunities of Citizens in the several States,19.0,3,B2,3,B2,True,0.4678,2026-08-28T08:04:32.334940+00:00,2026-08-28T08:04:34.730848+00:00
1741,"The Easy mode layout has larger text and icons, making for a more straightforward visual experience.",16.0,2,B1,3,B2,False,0.4947,2026-08-28T08:04:32.334940+00:00,2026-08-28T08:04:34.730848+00:00
1742,The Edge panels feature a variety of customizable panels that can be accessed from the edge of the screen.,19.0,1,A2,3,B2,False,0.5069,2026-08-28T08:04:32.334940+00:00,2026-08-28T08:04:34.730848+00:00
1743,"The Fascist regime created a corporatist economic system in 1925 with creation of the Palazzo Vidoni Pact, in which the Italian employers' association Confindustria and fascist trade unions agreed to recognize each other as the sole representatives of Italy's employers and employees, excluding non-fascist trade unions.",46.0,3,B2,4,C1,False,0.8512,2026-08-28T08:04:32.334940+00:00,2026-08-28T08:04:34.730848+00:00
1744,"The President, Vice President and all civil Officers of the United States, shall be removed from Office on Impeachment for, and Conviction of, Treason, Bribery, or other high Crimes and Misdemeanors",31.0,4,C1,4,C1,True,0.6549,2026-08-28T08:04:32.334940+00:00,2026-08-28T08:04:34.730848+00:00
1745,"The Senate of the United States shall be composed of two Senators from each State, [chosen by the Legislature there- of,]* for six Years; and each Senator shall have one Vote",30.0,3,B2,3,B2,True,0.5595,2026-08-28T08:04:32.334940+00:00,2026-08-28T08:04:34.730848+00:00
1746,"The Transmission of the Signal The transmission of the signal is basically the same in all cells, the signal is sent across the synapse by the axon and the dendrite of the next cell picks up the signal",38.0,4,C1,4,C1,True,0.7618,2026-08-28T08:04:32.334940+00:00,2026-08-28T08:04:34.730848+00:00
1747,The app Muslim Pro is selling user data to the US military,12.0,1,A2,2,B1,False,0.7599,2026-08-28T08:04:32.334940+00:00,2026-08-28T08:04:34.730848+00:00
1748,The basis of fascism's support of violent action in politics is connected to social Darwinism.,15.0,3,B2,3,B2,True,0.5509,2026-08-28T08:04:32.334940+00:00,2026-08-28T08:04:34.730848+00:00
1749,The battery covers screw stripped out the first day on both cars I purchased for Christmas.,16.0,1,A2,3,B2,False,0.4627,2026-08-28T08:04:32.334940+00:00,2026-08-28T08:04:34.730848+00:00
1750,The company reiterates its outlook for 2009 .,6.0,3,B2,3,B2,True,0.4896,2026-08-28T08:04:32.334940+00:00,2026-08-28T08:04:34.730848+00:00
1751,The contrary judgment of the Fifth Circuit should be summarily reversed,11.0,4,C1,3,B2,False,0.5545,2026-08-28T08:04:32.334940+00:00,2026-08-28T08:04:34.730848+00:00
1752,The dialogue was sharp and fun.,6.0,1,A2,2,B1,False,0.6275,2026-08-28T08:04:32.334940+00:00,2026-08-28T08:04:34.730848+00:00
1753,The drivetrain components of the bike should also be considered.,10.0,2,B1,3,B2,False,0.4278,2026-08-28T08:04:32.334940+00:00,2026-08-28T08:04:34.730848+00:00
1754,The eagle hasn't landed.,4.0,1,A2,1,A2,True,0.4981,2026-08-28T08:04:32.334940+00:00,2026-08-28T08:04:34.730848+00:00
1755,"The exterior is termed the negative space, and can be as important in the representation as the figure.",18.0,3,B2,3,B2,True,0.6589,2026-08-28T08:04:32.334940+00:00,2026-08-28T08:04:34.730848+00:00
1756,"The first property reflects the Law of Demand, which states that if the price of a good increases, the quantity demanded of that good decreases, holding all else constant.",29.0,3,B2,3,B2,True,0.5875,2026-08-28T08:04:32.334940+00:00,2026-08-28T08:04:34.730848+00:00
1757,"The first time I ever came here I had an amazing experience, I still tell people how awesome the duck was.",21.0,0,A1,2,B1,False,0.68,2026-08-28T08:04:32.334940+00:00,2026-08-28T08:04:34.730848+00:00
1758,The fourth planet belonged to a businessman.,7.0,1,A2,2,B1,False,0.4447,2026-08-28T08:04:32.334940+00:00,2026-08-28T08:04:34.730848+00:00
1759,"The last country known to maintain a regiment of bicycle troops was Switzerland, which disbanded its last unit in 2003.",19.0,2,B1,3,B2,False,0.4981,2026-08-28T08:04:32.334940+00:00,2026-08-28T08:04:34.730848+00:00
1760,"The last ended with a decisive Venetian victory, giving it almost a century to enjoy Mediterranean trade domination before other European countries began expanding into the south and west.",29.0,3,B2,4,C1,False,0.6359,2026-08-28T08:04:32.334940+00:00,2026-08-28T08:04:34.730848+00:00
1761,The late 19th century marks the start of psychology as a scientific enterprise.,12.0,1,A2,2,B1,False,0.5343,2026-08-28T08:04:32.334940+00:00,2026-08-28T08:04:34.730848+00:00
1762,The man who does not read has no advantage over the man who cannot read.,16.0,1,A2,1,A2,True,0.6033,2026-08-28T08:04:32.334940+00:00,2026-08-28T08:04:34.730848+00:00
1763,"The map image must be placed on the page (whether paper, web, or other media), along with related elements, such as the title, legend, additional maps, text, images, and so on.",31.0,2,B1,3,B2,False,0.805,2026-08-28T08:04:32.334940+00:00,2026-08-28T08:04:34.730848+00:00
1764,The market mechanism is a useful and powerful analytical tool.,10.0,2,B1,3,B2,False,0.4598,2026-08-28T08:04:32.334940+00:00,2026-08-28T08:04:34.730848+00:00
1765,"The new Kroksberg railway tunnel will be built on a new section of track between Harnosand and Veda , forming part of the line that follows the coast of the Gulf of Bothnia .",32.0,3,B2,4,C1,False,0.7601,2026-08-28T08:04:32.334940+00:00,2026-08-28T08:04:34.730848+00:00
1766,"The numbers used here are simple, but can be replaced with actual estimates of supply and demand to yield important and interesting quantitative results to market events.",27.0,3,B2,3,B2,True,0.5566,2026-08-28T08:04:32.334940+00:00,2026-08-28T08:04:34.730848+00:00
1767,The only reason to eat here would be to fill up before a night of binge drinking just to get some carbs in your stomach.,25.0,2,B1,2,B1,True,0.5348,2026-08-28T08:04:32.334940+00:00,2026-08-28T08:04:34.730848+00:00
1768,"The other seats would go to Edgar Edmonds , an American with experience of the clothing and retail industry , and Christian Fischer , an Austrian with experience in the winter sports goods business .",31.0,2,B1,3,B2,False,0.6626,2026-08-28T08:04:32.334940+00:00,2026-08-28T08:04:34.730848+00:00
1769,"The packets are numbered the same as in the table above up through packet 8, containing the string “foobar”",18.0,3,B2,4,C1,False,0.4976,2026-08-28T08:04:32.334940+00:00,2026-08-28T08:04:34.730848+00:00
1770,The pan cakes everyone are raving about taste like a sugary disaster tailored to the palate of a six year old.,21.0,3,B2,3,B2,True,0.5591,2026-08-28T08:04:32.334940+00:00,2026-08-28T08:04:34.730848+00:00
1771,"The perspective was implicit in the original sociological positivism of Comte but was theorized in full by Durkheim, again with respect to observable, structural laws.",25.0,4,C1,4,C1,True,0.712,2026-08-28T08:04:32.334940+00:00,2026-08-28T08:04:34.730848+00:00
1772,"The population of Rome, the excessive increase of which had been the principal aliment of seditions, was called to labour and a country life; the greater part of the countries of Italy, which had lost their inhabitants, were re-peopled.",40.0,4,C1,4,C1,True,0.8845,2026-08-28T08:04:32.334940+00:00,2026-08-28T08:04:34.730848+00:00
1773,The practice of bundling is that of selling two or more goods together as a package.,16.0,1,A2,2,B1,False,0.4112,2026-08-28T08:04:32.334940+00:00,2026-08-28T08:04:34.730848+00:00
1774,"The previous literature in this area has devoted little attention to understanding factors that might make capital destruction more or less devastating to a local economy in the short- or medium- run, or to how such underlying heterogeneity might aﬀect the recovery process.",41.0,4,C1,4,C1,True,0.7591,2026-08-28T08:04:32.334940+00:00,2026-08-28T08:04:34.730848+00:00
1775,"The profit-maximizing level of output and price have been found in three ways: verbal, graphical, and mathematical.",18.0,3,B2,4,C1,False,0.6437,2026-08-28T08:04:32.334940+00:00,2026-08-28T08:04:34.730848+00:00
1776,The question of the adaptability of this learning activity to larger classes is a challenging one.,16.0,3,B2,3,B2,True,0.5226,2026-08-28T08:04:32.334940+00:00,2026-08-28T08:04:34.730848+00:00
1777,"The right of citizens of the United States to vote shall not be denied or abridged by the United States or by any State on account of race, color, or previous condition of servitude.",34.0,3,B2,4,C1,False,0.5001,2026-08-28T08:04:32.334940+00:00,2026-08-28T08:04:34.730848+00:00
1778,"The room was bright, light and very clean as were the shared bathrooms.",13.0,2,B1,1,A2,False,0.5535,2026-08-28T08:04:32.334940+00:00,2026-08-28T08:04:34.730848+00:00
1779,"The same holds for agricultural investments, but in this case the eﬀect is weaker statistically",15.0,1,A2,3,B2,False,0.5546,2026-08-28T08:04:32.334940+00:00,2026-08-28T08:04:34.730848+00:00
1780,"The second order statistics of non-stationary channels vary across timefrequency and delay-Doppler (4-dimensions) and therefore, such channels can be represented as atomic channels with 4-dimensional asymmetric coefficients.",29.0,4,C1,4,C1,True,0.833,2026-08-28T08:04:32.334940+00:00,2026-08-28T08:04:34.730848+00:00
1781,"The service was a little slow , considering that were served by 3 people servers so the food was coming in a slow pace.",22.0,2,B1,3,B2,False,0.5264,2026-08-28T08:04:32.334940+00:00,2026-08-28T08:04:34.730848+00:00
1782,"The slumping U.S. ski star will leave the Beijing Winter Olympics without a medal but is ""optimistic.""",16.0,3,B2,3,B2,True,0.4387,2026-08-28T08:04:32.334940+00:00,2026-08-28T08:04:34.730848+00:00
1783,"The sociology of communications and information technologies includes ""the social aspects of computing, the Internet, new media, computer networks, and other communication and information technologies.""",25.0,3,B2,4,C1,False,0.6619,2026-08-28T08:04:32.334940+00:00,2026-08-28T08:04:34.730848+00:00
1784,The sprinting phenom shocked the world when he lost the 100-meter dash to two Americans.,15.0,3,B2,3,B2,True,0.5394,2026-08-28T08:04:32.334940+00:00,2026-08-28T08:04:34.730848+00:00
1785,"The study of individualand social-level processes at the media/politics interface has been a core concern of communication research since the founding of the field, but the more traditional discipline of political science has been comparatively slow to embrace media as integral to political theorizing and empirical testing.",49.0,4,C1,4,C1,True,0.9092,2026-08-28T08:04:32.334940+00:00,2026-08-28T08:04:34.730848+00:00
1786,The system produced up to 1 kW of power at the receiver end.,12.0,2,B1,2,B1,True,0.4776,2026-08-28T08:04:32.334940+00:00,2026-08-28T08:04:34.730848+00:00
1787,The ugly Christmas sweaters went fast.,6.0,1,A2,2,B1,False,0.4505,2026-08-28T08:04:32.334940+00:00,2026-08-28T08:04:34.730848+00:00
1788,"The use of the term ""Iron Age"" in the archaeology of South, East, and Southeast Asia is more recent and less common than for Western Eurasia.",26.0,2,B1,3,B2,False,0.6184,2026-08-28T08:04:32.334940+00:00,2026-08-28T08:04:34.730848+00:00
1789,The useless must be mingled with happiness.,7.0,3,B2,3,B2,True,0.392,2026-08-28T08:04:32.334940+00:00,2026-08-28T08:04:34.730848+00:00
1790,"The word ""monarch"" (Late Latin: monarchia) comes from the Ancient Greek word μονάρχης (monárkhēs), derived from μόνος (mónos, ""one, single"") and ἄρχω (árkhō, ""to rule""): compare ἄρχων (árkhōn, ""ruler, chief"").",30.0,4,C1,4,C1,True,0.7306,2026-08-28T08:04:32.334940+00:00,2026-08-28T08:04:34.730848+00:00
1791,"The word photograph was coined in 1839 by Sir John Herschel and is based on the Greek φῶς (phos), meaning ""light,"" and γραφή (graphê), meaning ""drawing, writing,"" together meaning ""drawing with light.""",31.0,3,B2,4,C1,False,0.7341,2026-08-28T08:04:32.334940+00:00,2026-08-28T08:04:34.730848+00:00
1792,"The ﬁlter for both connections is host 10.0.3.10 andtcp andportrange 5430-5431 The host is, of course, h3; packets are captured if either source host or destination host is h3.",25.0,4,C1,4,C1,True,0.5679,2026-08-28T08:04:32.334940+00:00,2026-08-28T08:04:34.730848+00:00
1793,"Then, pass the egg through a flame as you say a prayer.",12.0,2,B1,1,A2,False,0.7418,2026-08-28T08:04:32.334940+00:00,2026-08-28T08:04:34.730848+00:00
1794,"There are two speciﬁc link-state protocols: the IETF’s Open Shortest Path First ( OSPF ,RFC 2328 ), and OSI’s Intermediate Systems to Intermediate Systems ( IS-IS , documented unofﬁcially in RFC 1142 )",28.0,4,C1,4,C1,True,0.8172,2026-08-28T08:04:32.334940+00:00,2026-08-28T08:04:34.730848+00:00
1795,There has been no net warming of the planet in the past 22 years,13.0,1,A2,2,B1,False,0.5439,2026-08-28T08:04:32.334940+00:00,2026-08-28T08:04:34.730848+00:00
1796,There were no mass shootings under Trump,7.0,1,A2,2,B1,False,0.743,2026-08-28T08:04:32.334940+00:00,2026-08-28T08:04:34.730848+00:00
1797,There's nothing to worry about .,5.0,0,A1,1,A2,False,0.9319,2026-08-28T08:04:32.334940+00:00,2026-08-28T08:04:34.730848+00:00
1798,"These COVID-19 testing trucks have the logo Anubis, the Egyptian God of Death",12.0,1,A2,3,B2,False,0.5025,2026-08-28T08:04:32.334940+00:00,2026-08-28T08:04:34.730848+00:00
1799,These are known as convergence tests.,6.0,2,B1,1,A2,False,0.6661,2026-08-28T08:04:32.334940+00:00,2026-08-28T08:04:34.730848+00:00
1800,They are the basic tissue and element of the nervous system,11.0,3,B2,2,B1,False,0.5727,2026-08-28T08:04:32.334940+00:00,2026-08-28T08:04:34.730848+00:00
1801,"They are working great, I can have you try them when you get here, but I cannot let them go for less than the listed price.",27.0,2,B1,2,B1,True,0.7851,2026-08-28T08:04:32.334940+00:00,2026-08-28T08:04:34.730848+00:00
1802,"They don't really check ur ticket, you just hop on with no questions asked... seemed odd but the bus was clean and it was cheap so whatever.",27.0,2,B1,2,B1,True,0.5569,2026-08-28T08:04:32.334940+00:00,2026-08-28T08:04:34.730848+00:00
1803,They had only one ring of petals; they took up no room at all; they were a trouble to nobody.,20.0,2,B1,1,A2,False,0.4706,2026-08-28T08:04:32.334940+00:00,2026-08-28T08:04:34.730848+00:00
1804,"They were generally agriculturists, excluded originally from all military and civil office.",12.0,3,B2,4,C1,False,0.5048,2026-08-28T08:04:32.334940+00:00,2026-08-28T08:04:34.730848+00:00
1805,"They're great, fully complete and in good condition.",8.0,0,A1,2,B1,False,0.6203,2026-08-28T08:04:32.334940+00:00,2026-08-28T08:04:34.730848+00:00
1806,"This belongs in a section titled ""Attributions"" of the README file for the relevant code",15.0,1,A2,3,B2,False,0.5827,2026-08-28T08:04:32.334940+00:00,2026-08-28T08:04:34.730848+00:00
1807,"This book compelled me to read through in a rush, huddled under blankets to stave off the chill from the winter setting and the characters, each seemingly darker than the previous one.",32.0,3,B2,3,B2,True,0.7311,2026-08-28T08:04:32.334940+00:00,2026-08-28T08:04:34.730848+00:00
1808,This deficient performance prejudiced Thomas by depriving him of a fair trial.,12.0,3,B2,3,B2,True,0.5857,2026-08-28T08:04:32.334940+00:00,2026-08-28T08:04:34.730848+00:00
1809,This is an older hotel though our building had been refurbished.,11.0,2,B1,2,B1,True,0.4947,2026-08-28T08:04:32.334940+00:00,2026-08-28T08:04:34.730848+00:00
1810,"This meant that students like Samuel Igbo, a 14-year-old violinist from a small town in Texas who dreams of pursuing a career as a concert violinist, could receive personalized musical mentorship from Nikki Naghavi, a prize-winning violinist at the New England Conservatory.",44.0,3,B2,3,B2,True,0.5658,2026-08-28T08:04:32.334940+00:00,2026-08-28T08:04:34.730848+00:00
1811,"This officer actively supported me by helping me find a hiding place in the attic of the German general command of Warsaw, and by providing me with a blanket, a coat; supplying me with food over a lengthy period; as well as extending moral and personal support until his departure from Warsaw in mid December 1944.",55.0,3,B2,4,C1,False,0.612,2026-08-28T08:04:32.334940+00:00,2026-08-28T08:04:34.730848+00:00
1812,"This place is a jewel in Las Vegas, and exactly what I've been hoping to find in nearly ten years living here.",22.0,2,B1,2,B1,True,0.477,2026-08-28T08:04:32.334940+00:00,2026-08-28T08:04:34.730848+00:00
1813,"This practice has been instituted in line with General Assembly resolution 64/263, following the recommendation of the Independent Audit Advisory Committee.",20.0,3,B2,3,B2,True,0.8553,2026-08-28T08:04:32.334940+00:00,2026-08-28T08:04:34.730848+00:00
1814,This punishment is still pretty excessive.,6.0,2,B1,1,A2,False,0.4624,2026-08-28T08:04:32.334940+00:00,2026-08-28T08:04:34.730848+00:00
1815,This was originally intended to provide a check on political power.,11.0,1,A2,2,B1,False,0.6695,2026-08-28T08:04:32.334940+00:00,2026-08-28T08:04:34.730848+00:00
1816,"To implement MPLS, we start with a set of participating routers, called label-switching routers or LSRs",17.0,3,B2,4,C1,False,0.7701,2026-08-28T08:04:32.334940+00:00,2026-08-28T08:04:34.730848+00:00
1817,"To read stories from underwater homeowners about how the experience has affected them, check out this blog, which is a collection",21.0,3,B2,3,B2,True,0.474,2026-08-28T08:04:32.334940+00:00,2026-08-28T08:04:34.730848+00:00
1818,To where Saint Mary Woolnoth kept the hours,8.0,3,B2,2,B1,False,0.5006,2026-08-28T08:04:32.334940+00:00,2026-08-28T08:04:34.730848+00:00
1819,"Torrid weather gripped large parts of western and central Europe on Wednesday, setting new June temperature records in Germany and the Czech Republic and forcing drivers to slow down on some sections of the famously speedy German autobahns.",38.0,3,B2,3,B2,True,0.5699,2026-08-28T08:04:32.334940+00:00,2026-08-28T08:04:34.730848+00:00
1820,"Traditional retailers have been pushing into e-commerce, but their efforts have fallen short.",14.0,2,B1,2,B1,True,0.5324,2026-08-28T08:04:32.334940+00:00,2026-08-28T08:04:34.730848+00:00
1821,Training and competition must be in the same sport the athlete will participate in at the next level of competition,20.0,3,B2,3,B2,True,0.606,2026-08-28T08:04:32.334940+00:00,2026-08-28T08:04:34.730848+00:00
1822,"Tried it again several more times, and it caught and kicked every time.",13.0,1,A2,1,A2,True,0.5634,2026-08-28T08:04:32.334940+00:00,2026-08-28T08:04:34.730848+00:00
1823,Trump to launch speaking tour with Bill O'Reilly,7.0,1,A2,1,A2,True,0.6499,2026-08-28T08:04:32.334940+00:00,2026-08-28T08:04:34.730848+00:00
1824,"Try essential oils like eucalyptus, lavender, rose, or rosemary.",9.0,1,A2,1,A2,True,0.4679,2026-08-28T08:04:32.334940+00:00,2026-08-28T08:04:34.730848+00:00
1825,Two things are infinite: the universe and human stupidity; and I'm not sure about the universe.,16.0,1,A2,2,B1,False,0.3845,2026-08-28T08:04:32.334940+00:00,2026-08-28T08:04:34.730848+00:00
1826,Under the brown fog of a winter dawn,8.0,2,B1,1,A2,False,0.4279,2026-08-28T08:04:32.334940+00:00,2026-08-28T08:04:34.730848+00:00
1827,Vanessa Kirby is a bit indelicate for Margaret - maybe a bit large.,12.0,2,B1,4,C1,False,0.5024,2026-08-28T08:04:32.334940+00:00,2026-08-28T08:04:34.730848+00:00
1828,"Vine, Twitter’s micro-video social network, is perhaps the best form of entertainment for Generation Distraction. With a",18.0,3,B2,3,B2,True,0.661,2026-08-28T08:04:32.334940+00:00,2026-08-28T08:04:34.730848+00:00
1829,"Visual Clustering achieves a very fast computation time that is almost identical to Gaussian Mixture, which was the fastest classical algorithm among the ones tested, and faster performance than K-Means clustering.",32.0,4,C1,4,C1,True,0.6004,2026-08-28T08:04:32.334940+00:00,2026-08-28T08:04:34.730848+00:00
1830,"Vq = interp2(X,Y,V,Xq,Yq) returns interpolated values of a function of two variables at specific query points using linear interpolation.",21.0,4,C1,4,C1,True,0.9156,2026-08-28T08:04:32.334940+00:00,2026-08-28T08:04:34.730848+00:00
1831,We accept the love we think we deserve.,8.0,1,A2,1,A2,True,0.5879,2026-08-28T08:04:32.334940+00:00,2026-08-28T08:04:34.730848+00:00
1832,We deﬁne the intensity in cotton production as the dollar value of ginned cotton production per total farming acres; a plantation farm as a farm with more than one hundred slaves in 1860; and slave intensity as the average number of slave per farm.,43.0,3,B2,4,C1,False,0.8953,2026-08-28T08:04:32.334940+00:00,2026-08-28T08:04:34.730848+00:00
1833,"We do not provide personal information to non-service provider third parties except with your consent, or as required by subpoena, warrant, or as otherwise directed or permitted by law",30.0,4,C1,3,B2,False,0.4626,2026-08-28T08:04:32.334940+00:00,2026-08-28T08:04:34.730848+00:00
1834,"We expect all community members to respect the intellectual rights of other community members, as well as any external parties",20.0,3,B2,3,B2,True,0.6827,2026-08-28T08:04:32.334940+00:00,2026-08-28T08:04:34.730848+00:00
1835,We have to do whatever it takes to get back.,10.0,1,A2,1,A2,True,0.7141,2026-08-28T08:04:32.334940+00:00,2026-08-28T08:04:34.730848+00:00
1836,We have to maintain the pace and progress of the Council's work.,12.0,1,A2,2,B1,False,0.4822,2026-08-28T08:04:32.334940+00:00,2026-08-28T08:04:34.730848+00:00
1837,We have to rethink what the machine should do and what it should not do.,15.0,2,B1,1,A2,False,0.5042,2026-08-28T08:04:32.334940+00:00,2026-08-28T08:04:34.730848+00:00
1838,"We saw, in contrast, how Leiris concretely encounters an obstacle to his ideal of self-understanding.",16.0,4,C1,3,B2,False,0.5088,2026-08-28T08:04:32.334940+00:00,2026-08-28T08:04:34.730848+00:00
1839,We're never taking Amtrak again.,5.0,1,A2,1,A2,True,0.6661,2026-08-28T08:04:32.334940+00:00,2026-08-28T08:04:34.730848+00:00
1840,What a waste of my time waiting for this to arrive.,11.0,1,A2,1,A2,True,0.6561,2026-08-28T08:04:32.334940+00:00,2026-08-28T08:04:34.730848+00:00
1841,What an amazing spot!,4.0,0,A1,1,A2,False,0.6021,2026-08-28T08:04:32.334940+00:00,2026-08-28T08:04:34.730848+00:00
1842,What are the best services to payments on your website?,10.0,1,A2,1,A2,True,0.6127,2026-08-28T08:04:32.334940+00:00,2026-08-28T08:04:34.730848+00:00
1843,What can cause someone to hear can't that aren't there? How can this be treated?,15.0,2,B1,2,B1,True,0.6578,2026-08-28T08:04:32.334940+00:00,2026-08-28T08:04:34.730848+00:00
1844,What chandigarh that one thing that you want to change in your life?,13.0,3,B2,1,A2,False,0.5326,2026-08-28T08:04:32.334940+00:00,2026-08-28T08:04:34.730848+00:00
1845,What the best apps for Philips Hue?,7.0,1,A2,1,A2,True,0.4173,2026-08-28T08:04:32.334940+00:00,2026-08-28T08:04:34.730848+00:00
1846,"What's wrong , Bob ?",3.0,0,A1,0,A1,True,0.9295,2026-08-28T08:04:32.334940+00:00,2026-08-28T08:04:34.730848+00:00
1847,What's wrong with you ?,4.0,1,A2,1,A2,True,0.5484,2026-08-28T08:04:32.334940+00:00,2026-08-28T08:04:34.730848+00:00
1848,"Whenever you find yourself on the side of the majority, it is time to reform (or pause and reflect).",19.0,3,B2,3,B2,True,0.3822,2026-08-28T08:04:32.334940+00:00,2026-08-28T08:04:34.730848+00:00
1849,Where's the butter ?,3.0,0,A1,0,A1,True,0.8437,2026-08-28T08:04:32.334940+00:00,2026-08-28T08:04:34.730848+00:00
1850,"While at that stage, not a union, the British Association of Social Workers operated a professional advice and representation service from the early 1990s.",23.0,2,B1,3,B2,False,0.7748,2026-08-28T08:04:32.334940+00:00,2026-08-28T08:04:34.730848+00:00
1851,"While there are specific rules governing the number of Unified Sports athletes and partners required during competition, coaches should also maintain an approximately equal number of athletes and partners on the overall roster (as close to half the total number as possible).",42.0,3,B2,3,B2,True,0.5591,2026-08-28T08:04:32.334940+00:00,2026-08-28T08:04:34.730848+00:00
1852,"While they were yet a good distance away, the man in the brattice saw them and shouted loudly, “Enemy approaching! Enemy approaching!”",22.0,3,B2,3,B2,True,0.4347,2026-08-28T08:04:32.334940+00:00,2026-08-28T08:04:34.730848+00:00
1853,"While visually it would be intuitive to identify the three main lines shown more clearly after denoising as three different clusters, the algorithm instead considers them as one cluster.",29.0,4,C1,4,C1,True,0.6433,2026-08-28T08:04:32.334940+00:00,2026-08-28T08:04:34.730848+00:00
1854,Wi-Fi is designed to interoperate freely with Ethernet at the logical LAN layer.,14.0,3,B2,4,C1,False,0.8849,2026-08-28T08:04:32.334940+00:00,2026-08-28T08:04:34.730848+00:00
1855,"With the increasing activity in space flight, nowadays aeronautics and astronautics are often combined as aerospace engineering.",17.0,3,B2,3,B2,True,0.4826,2026-08-28T08:04:32.334940+00:00,2026-08-28T08:04:34.730848+00:00
1856,"Within 1 year, the risk of coronary heart disease is cut in half",12.0,3,B2,3,B2,True,0.5641,2026-08-28T08:04:32.334940+00:00,2026-08-28T08:04:34.730848+00:00
1857,Yayoi culture flourished in a geographic area from southern Kyūshū to northern Honshū.,13.0,3,B2,4,C1,False,0.9532,2026-08-28T08:04:32.334940+00:00,2026-08-28T08:04:34.730848+00:00
1858,"Yes, it is not a sheer advantage to have several strings to one’s bow!",14.0,3,B2,2,B1,False,0.4822,2026-08-28T08:04:32.334940+00:00,2026-08-28T08:04:34.730848+00:00
1859,"Yes, we successfully managed to build a robot that swims like a fish, but... Sophie requires a motor and a pump to properly work.",24.0,2,B1,3,B2,False,0.5149,2026-08-28T08:04:32.334940+00:00,2026-08-28T08:04:34.730848+00:00
1860,"You can configure connections to various types of Wi-Fi networks and hotspots, manage saved networks and look up your device's network addresses",23.0,3,B2,3,B2,True,0.4152,2026-08-28T08:04:32.334940+00:00,2026-08-28T08:04:34.730848+00:00
1861,You have my forever and forever support!,7.0,1,A2,1,A2,True,0.7173,2026-08-28T08:04:32.334940+00:00,2026-08-28T08:04:34.730848+00:00
1862,"You've gotta dance like there's nobody watching, Love like you'll never be hurt, Sing like there's nobody listening, And live like it's heaven on earth.",26.0,2,B1,2,B1,True,0.4638,2026-08-28T08:04:32.334940+00:00,2026-08-28T08:04:34.730848+00:00
1863,"You, and many American taxpayers, may be in danger of leaving some of your hard-earned money on the table and otherwise losing some tax benefits you otherwise deserve and can get quite easily.",34.0,4,C1,3,B2,False,0.6758,2026-08-28T08:04:32.334940+00:00,2026-08-28T08:04:34.730848+00:00
1864,"Your personal information, including your name, contact information, resume and other application material may be shared with mentors as necessary to administer the program",24.0,3,B2,4,C1,False,0.5718,2026-08-28T08:04:32.334940+00:00,2026-08-28T08:04:34.730848+00:00
1865,Your reply is utterly inappropriate.,5.0,1,A2,1,A2,True,0.3712,2026-08-28T08:04:32.334940+00:00,2026-08-28T08:04:34.730848+00:00
1866,"Zeuss proceeds neither as a Celt-lover nor as a Celt-hater; not the slightest trace of a wish to glorify Teutonism or to abase Celtism, appears in his book.",30.0,4,C1,4,C1,True,0.7111,2026-08-28T08:04:32.334940+00:00,2026-08-28T08:04:34.730848+00:00
1867,california civil rights attorney calls for immediate resignation of county health officer and school board superintendent for planning to vaccinate children without parental consent,24.0,3,B2,4,C1,False,0.7091,2026-08-28T08:04:32.334940+00:00,2026-08-28T08:04:34.730848+00:00
1868,cancel all alarms this week while I'm on vacation,9.0,1,A2,1,A2,True,0.5673,2026-08-28T08:04:32.334940+00:00,2026-08-28T08:04:34.730848+00:00
1869,how many alarms do I have,6.0,0,A1,1,A2,False,0.6403,2026-08-28T08:04:32.334940+00:00,2026-08-28T08:04:34.730848+00:00
1870,how much longer until my alarm goes off,8.0,0,A1,0,A1,True,0.6309,2026-08-28T08:04:32.334940+00:00,2026-08-28T08:04:34.730848+00:00
1871,most of us have heard of this controverisal book.,9.0,1,A2,1,A2,True,0.5303,2026-08-28T08:04:32.334940+00:00,2026-08-28T08:04:34.730848+00:00
1872,set alarm for 8:45am tomorrow,4.0,1,A2,0,A1,False,0.967,2026-08-28T08:04:32.334940+00:00,2026-08-28T08:04:34.730848+00:00
1873,"yep, pretty tropical over there in europe right now solar panels covered in snow doing wonders in germany...",18.0,2,B1,2,B1,True,0.6216,2026-08-28T08:04:32.334940+00:00,2026-08-28T08:04:34.730848+00:00
1874,"‘At the time the Mabinogion and the Taliesin ballads were composed, no tradition or popular recollection of the Druids or the Druidical mythology existed in Wales.",26.0,4,C1,4,C1,True,0.7518,2026-08-28T08:04:32.334940+00:00,2026-08-28T08:04:34.730848+00:00
1875,“Big Little Lies” is an honest portrayal of domestic abuse that also happens to be a thriller.,17.0,3,B2,3,B2,True,0.5515,2026-08-28T08:04:32.334940+00:00,2026-08-28T08:04:34.730848+00:00
1876,"“That is very lucky,” said the old man, in a reproachful tone.",12.0,3,B2,1,A2,False,0.5867,2026-08-28T08:04:32.334940+00:00,2026-08-28T08:04:34.730848+00:00
1877,"“We’ve been locked in a classroom. We have seen our friends text their parents goodbye. We are the experts.""",19.0,2,B1,1,A2,False,0.4638,2026-08-28T08:04:32.334940+00:00,2026-08-28T08:04:34.730848+00:00
