essay_id,word_count,ridge_vocabulary,ridge_grammar,random_forest_vocabulary,random_forest_grammar,disagreement_vocabulary,disagreement_grammar,disagreement,median_ridge_vocabulary,median_ridge_grammar,ridge_extremity,shortest_rank,ridge_extremity_rank,disagreement_rank
0022683E9EA5,535,3.10464077759,2.84282893538,3.0675595469,2.72730781203,0.03708123069,0.11552112335,0.11552112335,3.26941940241,3.12422572695,0.281396791573,590,385,439
009F4E9310CB,399,3.26192200869,3.05518733681,3.24869059061,3.0269185364,0.01323141808,0.02826880041,0.02826880041,3.26941940241,3.12422572695,0.0690383901428,371,724,728
011AAA636F11,684,3.45441287745,3.14400274877,3.46175025651,3.02809541594,0.00733737906,0.11590733283,0.11590733283,3.26941940241,3.12422572695,0.184993475041,693,551,433
032EA4B76BF5,249,3.2910303254,3.31859828962,3.12142063492,3.0305694633,0.16960969048,0.28802882632,0.28802882632,3.26941940241,3.12422572695,0.194372562667,110,528,66
038480498E5A,319,3.49795050484,3.56056955027,3.39328237281,3.53872640884,0.10466813203,0.02184314143,0.10466813203,3.26941940241,3.12422572695,0.436343823317,226,220,471
03A3B40D651B,285,3.29887156374,3.3094090124,3.26534254608,3.40037663817,0.03352901766,0.09096762577,0.09096762577,3.26941940241,3.12422572695,0.185183285447,171,550,524
043B9F48FDC2,1080,3.55652639653,3.07925663399,3.35697243709,2.984473562,0.19955395944,0.09478307199,0.19955395944,3.26941940241,3.12422572695,0.287106994121,756,376,169
04788D56AC58,403,2.83907913387,2.55399669646,2.9387044629,2.53436332857,0.09962532903,0.01963336789,0.09962532903,3.26941940241,3.12422572695,0.570229030493,378,120,486
047BD3CB80B4,603,3.71256021954,3.53031021331,3.76256850927,3.4826030745,0.05000828973,0.04770713881,0.05000828973,3.26941940241,3.12422572695,0.443140817131,654,213,671
05021F4CA528,420,2.77447387849,2.2444831059,2.80780002742,2.38436970133,0.03332614893,0.13988659543,0.13988659543,3.26941940241,3.12422572695,0.879742621053,412,36,352
0506BAC596A7,228,2.90871988768,2.81779119744,2.9180279561,2.77365393552,0.00930806842,0.04413726192,0.04413726192,3.26941940241,3.12422572695,0.360699514729,94,290,690
050BFA60C6AF,392,3.07820133255,2.90262974242,2.98928438825,2.73890568171,0.0889169443,0.16372406071,0.16372406071,3.26941940241,3.12422572695,0.221595984533,357,474,273
0514D25768A0,328,3.40380866403,2.94967533736,3.20586398507,2.74984626383,0.19794467896,0.19982907353,0.19982907353,3.26941940241,3.12422572695,0.174550389593,244,572,167
057E81E19740,366,2.9813533497,2.70845256511,3.08791912393,2.54266983092,0.10656577423,0.16578273419,0.16578273419,3.26941940241,3.12422572695,0.415773161843,317,234,268
05903AA4540F,182,3.31295116721,3.30064608753,3.22462150644,3.18657097322,0.08832966077,0.11407511431,0.11407511431,3.26941940241,3.12422572695,0.176420360577,43,567,443
05F54CEC774B,374,3.34510551061,3.07844742021,3.37190404127,2.97372758267,0.02679853066,0.10471983754,0.10471983754,3.26941940241,3.12422572695,0.0756861082008,330,716,470
061AF57CB05C,254,3.01721773747,2.89384371202,2.93961936042,2.76110436986,0.07759837705,0.13273934216,0.13273934216,3.26941940241,3.12422572695,0.252201664939,119,431,385
063F809DE304,508,3.47834364552,3.37009301639,3.61679894624,3.49259955251,0.13845530072,0.12250653612,0.13845530072,3.26941940241,3.12422572695,0.245867289437,554,441,359
06C9FC1267BB,415,3.36014638508,3.12678820014,3.12749484612,3.05627328163,0.23265153896,0.07051491851,0.23265153896,3.26941940241,3.12422572695,0.0907269826708,399,700,113
06E81109FE92,262,2.77418748653,2.60763066625,2.86062731205,2.68050979513,0.08643982552,0.07287912888,0.08643982552,3.26941940241,3.12422572695,0.516595060703,138,156,539
07DFD9A0986B,391,2.99573526376,2.8298572436,3.06277511385,2.83076652859,0.06703985009,0.00090928499,0.06703985009,3.26941940241,3.12422572695,0.294368483353,355,364,617
07E1633CC87A,266,3.16729883161,3.17673656259,3.11125581081,3.20312401145,0.0560430208,0.02638744886,0.0560430208,3.26941940241,3.12422572695,0.102120570799,144,683,657
08B72DCFD859,382,3.2541866333,3.02649367185,3.22988356513,3.01270362742,0.02430306817,0.01379004443,0.02430306817,3.26941940241,3.12422572695,0.0977320551028,340,692,737
08FAE6E0BDCC,302,3.01334549764,3.1620396441,3.12921370199,3.24924487905,0.11586820435,0.08720523495,0.11586820435,3.26941940241,3.12422572695,0.256073904769,201,426,434
0943E322C195,322,3.22341051705,3.11452878347,3.27933110162,3.06172635695,0.05592058457,0.05280242652,0.05592058457,3.26941940241,3.12422572695,0.0460088853592,229,745,658
0A324290AFE7,482,3.23723104961,3.10040131738,3.21139938579,3.03698859117,0.02583166382,0.06341272621,0.06341272621,3.26941940241,3.12422572695,0.0321883527992,511,755,636
0ACB3F8B9DF8,221,3.00923958593,2.82372509423,3.05638648963,2.83724199532,0.0471469037,0.01351690109,0.0471469037,3.26941940241,3.12422572695,0.300500632723,83,354,680
0AF4F757FBEA,298,2.93644854978,2.58202532702,2.74587679501,2.45188509135,0.19057175477,0.13014023567,0.19057175477,3.26941940241,3.12422572695,0.542200399933,193,139,192
0AFAD06336F3,707,3.63057951759,3.4812162419,3.75566179889,3.62377373804,0.1250822813,0.14255749614,0.14255749614,3.26941940241,3.12422572695,0.361160115181,700,289,337
0AFC8CE27321,353,3.33830446724,3.38068851411,3.2694680035,3.26048448117,0.06883646374,0.12020403294,0.12020403294,3.26941940241,3.12422572695,0.256462787157,289,424,418
0AFEC3CC53B5,504,2.72095371305,2.16402324911,2.88385496711,2.30293760041,0.16290125406,0.1389143513,0.16290125406,3.26941940241,3.12422572695,0.960202477843,552,24,277
0B1599B11FCF,350,2.87732512545,2.88992957409,3.1613440616,3.05212318592,0.28401893615,0.16219361183,0.28401893615,3.26941940241,3.12422572695,0.392094276959,286,255,68
0B6316123881,275,2.78872715377,2.72246836348,2.80773952465,2.793849436,0.01901237088,0.07138107252,0.07138107252,3.26941940241,3.12422572695,0.480692248639,153,179,594
0BB7AF7A448C,542,3.2994339569,2.88033073483,3.34951781806,2.83719657107,0.05008386116,0.04313416376,0.05008386116,3.26941940241,3.12422572695,0.243894992123,597,444,670
0C91926E2BC6,559,3.33667916755,3.16724604304,3.25399155093,3.32310969156,0.08268761662,0.15586364852,0.15586364852,3.26941940241,3.12422572695,0.0672597651408,614,725,300
0D9288F0A6C9,357,2.82737362038,2.62626181505,3.01581513579,2.62572261925,0.18844151541,0.0005391958,0.18844151541,3.26941940241,3.12422572695,0.497963911903,295,167,199
0DB44DDF91E6,49,2.65856948887,2.75461558473,2.81112132946,2.82538269238,0.15255184059,0.07076710765,0.15255184059,3.26941940241,3.12422572695,0.610849913539,1,99,309
0E03218FDD2F,521,3.76179626699,3.67366899023,4.0272294035,3.76103415181,0.26543313651,0.08736516158,0.26543313651,3.26941940241,3.12422572695,0.549443263277,572,137,82
0E14B9D24898,190,3.00821724651,2.55444436848,2.79541799277,2.43101031663,0.21279925374,0.12343405185,0.21279925374,3.26941940241,3.12422572695,0.569781358473,50,121,142
0E26C20CFBBE,520,3.46446490337,3.3357094067,3.44248120568,3.2181628118,0.02198369769,0.1175465949,0.1175465949,3.26941940241,3.12422572695,0.211483679747,570,489,430
0E4FA5AC1EC1,582,3.5300789938,3.30954622369,3.59524747733,3.45128521801,0.06516848353,0.14173899432,0.14173899432,3.26941940241,3.12422572695,0.260659591391,634,418,342
0F8436260047,429,3.49382508165,3.39332458053,3.40040797439,3.19632466187,0.09341710726,0.19699991866,0.19699991866,3.26941940241,3.12422572695,0.269098853577,424,400,177
0FFB44B5D0C2,318,2.98104898137,2.64840731143,2.97138470677,2.56575201503,0.0096642746,0.0826552964,0.0826552964,3.26941940241,3.12422572695,0.475818415523,225,182,555
101576652D3B,503,3.73797966081,3.61669111051,3.82334533616,3.66539835067,0.08536567535,0.04870724016,0.08536567535,3.26941940241,3.12422572695,0.492465383557,549,170,542
1087B6C7FB98,344,3.040547646,2.74219644024,3.04166207338,2.86834515587,0.00111442738,0.12614871563,0.12614871563,3.26941940241,3.12422572695,0.382029286713,276,264,403
10AC7944DC4A,334,3.11351966865,3.02207893473,3.05801303486,2.96248304299,0.05550663379,0.05959589174,0.05959589174,3.26941940241,3.12422572695,0.155899733759,250,601,645
10D2D1173D36,178,3.32711356896,3.2729443252,3.24057057361,3.22632176725,0.08654299535,0.04662255795,0.08654299535,3.26941940241,3.12422572695,0.148718598247,37,615,537
10D3A9E5E79E,369,3.40461105249,3.23655716057,3.43543069079,3.46692069399,0.0308196383,0.23036353342,0.23036353342,3.26941940241,3.12422572695,0.135191650081,323,636,116
113436EC45E2,548,3.12535283218,2.68172628676,3.02465269195,2.57964906501,0.10070014023,0.10207722175,0.10207722175,3.26941940241,3.12422572695,0.442499440193,603,215,480
113B1543C433,492,3.12263384411,3.03694123946,3.03909679174,2.76394435591,0.08353705237,0.27299688355,0.27299688355,3.26941940241,3.12422572695,0.146785558299,530,616,76
11E5C01714C5,340,3.33859378927,3.30699628734,3.35463552635,3.39050824216,0.01604173708,0.08351195482,0.08351195482,3.26941940241,3.12422572695,0.182770560387,264,556,550
120FE0B76D5C,430,3.44396874696,3.35638349029,3.43887688524,3.09334344074,0.00509186172,0.26304004955,0.26304004955,3.26941940241,3.12422572695,0.232157763337,429,458,85
13450D581EC9,1058,3.71677375418,3.01180266431,3.06480401932,2.57430911287,0.65196973486,0.43749355144,0.65196973486,3.26941940241,3.12422572695,0.447354351771,753,210,5
136B3124BE79,295,3.10337001835,2.83652982637,2.98324962522,2.74902705477,0.12012039313,0.0875027716,0.12012039313,3.26941940241,3.12422572695,0.287695900583,186,373,419
14D2867090F2,314,3.40159021186,3.41501131722,3.13027776264,3.23562120611,0.27131244922,0.17939011111,0.27131244922,3.26941940241,3.12422572695,0.290785590267,219,368,77
15125AF6CB82,886,3.5424854097,3.16272983414,3.37452271944,2.85174056988,0.16796269026,0.31098926426,0.31098926426,3.26941940241,3.12422572695,0.273066007291,738,395,52
15BDA0989B56,1104,3.4005563931,2.61905596397,2.99391048919,2.52634628186,0.40664590391,0.09270968211,0.40664590391,3.26941940241,3.12422572695,0.505169762983,757,164,19
16005A45A20A,1069,3.82291428253,3.44039337905,3.63582191963,3.38703843045,0.1870923629,0.0533549486,0.1870923629,3.26941940241,3.12422572695,0.553494880121,755,133,201
168958FC7315,208,2.98650821693,3.14487003986,2.99699223488,3.22922253466,0.01048401795,0.0843524948,0.0843524948,3.26941940241,3.12422572695,0.282911185479,67,382,547
168C858F93A3,411,3.596979176,3.49073666883,3.61414927918,3.59237943469,0.01717010318,0.10164276586,0.10164276586,3.26941940241,3.12422572695,0.366510941877,392,281,481
16DEF72E220A,575,3.37117869566,2.98986225302,3.29616787711,2.95526602529,0.07501081855,0.03459622773,0.07501081855,3.26941940241,3.12422572695,0.134363473933,629,638,586
1703E46B4DC9,512,3.42849916309,3.1962633278,3.51165658773,3.05543836115,0.08315742464,0.14082496665,0.14082496665,3.26941940241,3.12422572695,0.159079760681,561,595,346
1721F085F81E,342,3.66357896716,3.57931132241,3.50298903268,3.47057362518,0.16058993448,0.10873769723,0.16058993448,3.26941940241,3.12422572695,0.455085595457,270,203,281
18EA27A2E333,398,3.12936345676,2.94837024675,3.08011293985,2.8037040429,0.04925051691,0.14466620385,0.14466620385,3.26941940241,3.12422572695,0.175855480203,367,568,334
1928846BB272,342,3.37534207148,3.25745229727,3.32552680449,3.05100037093,0.04981526699,0.20645192634,0.20645192634,3.26941940241,3.12422572695,0.133226570317,271,640,155
192D02CF8C9E,610,3.03340519437,2.76634798813,3.05788747139,2.71137716589,0.02448227702,0.05497082224,0.05497082224,3.26941940241,3.12422572695,0.357877738823,661,292,661
19D55405175F,366,3.37465410819,3.11361910883,3.38817635327,3.05640163586,0.01352224508,0.05721747297,0.05721747297,3.26941940241,3.12422572695,0.105234705781,318,677,652
19DDF17CA4DC,529,3.51321640639,3.44876588159,3.63605895848,3.46243962804,0.12284255209,0.01367374645,0.12284255209,3.26941940241,3.12422572695,0.324540154637,578,327,406
1A17F32415FD,390,3.05817813248,3.10790273967,2.9897978975,2.80550326592,0.06838023498,0.30239947375,0.30239947375,3.26941940241,3.12422572695,0.211241269929,353,492,55
1AA55FB101FD,466,3.03483095138,2.54343468899,3.09016588375,2.60621423054,0.05533493237,0.06277954155,0.06277954155,3.26941940241,3.12422572695,0.580791037963,484,113,639
1AD12415C4DB,255,3.10006657936,3.05304216062,3.16802189888,3.24440714771,0.06795531952,0.19136498709,0.19136498709,3.26941940241,3.12422572695,0.169352823049,122,579,191
1B056DE0E856,764,3.23273467444,2.79244431676,3.15073492663,2.79912366114,0.08199974781,0.00667934438,0.08199974781,3.26941940241,3.12422572695,0.331781410193,719,319,558
1B981E7E59C5,481,3.27646794538,2.86206434177,3.26090702434,2.79414594087,0.01556092104,0.0679184009,0.0679184009,3.26941940241,3.12422572695,0.262161385183,509,414,614
1BAD681F72CB,419,3.18115714194,2.94702015948,3.14120620015,2.85178967534,0.03995094179,0.09523048414,0.09523048414,3.26941940241,3.12422572695,0.177205567473,409,564,508
1C0E34879BB0,278,2.9647400239,2.95222684874,2.97784158011,2.73304355945,0.01310155621,0.21918328929,0.21918328929,3.26941940241,3.12422572695,0.304679378509,161,346,130
1DB195AA7BE3,599,2.81824775595,2.37314370473,2.84143192554,2.43925672757,0.02318416959,0.06611302284,0.06611302284,3.26941940241,3.12422572695,0.751082022223,651,63,622
1DDA34D8E4D3,573,3.02801336495,2.72277266513,2.9546682042,2.58237160098,0.07334516075,0.14040106415,0.14040106415,3.26941940241,3.12422572695,0.401453061823,626,246,349
1DFACB5D0C9E,324,3.08634076911,3.10201007223,3.2247932841,3.07061665476,0.13845251499,0.03139341747,0.13845251499,3.26941940241,3.12422572695,0.183078633299,233,553,360
1F3620A2965E,414,3.42755785909,3.33159402783,3.51789409653,3.45877128231,0.09033623744,0.12717725448,0.12717725448,3.26941940241,3.12422572695,0.207368300877,398,498,398
1F4961D46D29,928,4.09422890578,3.5832975919,3.81169337133,3.5998518207,0.28253553445,0.0165542288,0.28253553445,3.26941940241,3.12422572695,0.824809503371,743,47,69
1F9C0492FB8A,244,3.06749019567,2.98645567241,3.07615178736,2.94619587387,0.00866159169,0.04025979854,0.04025979854,3.26941940241,3.12422572695,0.201929206739,102,509,706
1FAC31F5C8DC,325,3.03507204255,2.80271665397,2.93975855777,2.6166303285,0.09531348478,0.18608632547,0.18608632547,3.26941940241,3.12422572695,0.321509072983,237,331,207
1FACF7E8D0A7,148,3.05217867298,2.95497182585,2.98619126736,2.87170694759,0.06598740562,0.08326487826,0.08326487826,3.26941940241,3.12422572695,0.217240729429,16,483,552
1FC46D4B9D8C,170,2.91130194092,2.80605725743,2.844415065,2.62591535467,0.06688687592,0.18014190276,0.18014190276,3.26941940241,3.12422572695,0.358117461489,29,291,226
1FE3EE0E16A8,490,3.08344943279,2.71458318722,3.10262515781,2.5857515333,0.01917572502,0.12883165392,0.12883165392,3.26941940241,3.12422572695,0.409642539733,524,242,393
2003BF2E6DD0,428,3.59292094717,3.48829106151,3.62802259495,3.62671961397,0.03510164778,0.13842855246,0.13842855246,3.26941940241,3.12422572695,0.364065334557,422,284,361
2010889A6522,404,3.13555582185,2.8262615196,3.18319627952,2.91415982662,0.04764045767,0.08789830702,0.08789830702,3.26941940241,3.12422572695,0.297964207353,379,361,532
205069BE2E53,227,3.06036082548,2.87442888328,3.09130029217,2.89542559608,0.03093946669,0.0209967128,0.03093946669,3.26941940241,3.12422572695,0.249796843673,91,436,723
205D590BCBB1,384,3.23402267773,3.21811917447,3.38203575979,3.42462510553,0.14801308206,0.20650593106,0.20650593106,3.26941940241,3.12422572695,0.0938934475172,344,695,154
209A6BC99DB9,475,3.5719456255,3.50485840722,3.60446771614,3.50288709227,0.03252209064,0.00197131495,0.03252209064,3.26941940241,3.12422572695,0.380632680267,495,266,720
20E2B07931F3,604,3.54210057591,3.11965888068,3.32451811247,2.97922526468,0.21758246344,0.140433616,0.21758246344,3.26941940241,3.12422572695,0.272681173501,656,397,132
211699D25472,342,3.03178845952,2.74541725984,3.04357660862,2.71397482145,0.0117881491,0.03144243839,0.03144243839,3.26941940241,3.12422572695,0.378808467113,272,269,722
214EC21D1403,552,3.47795954225,3.2445119255,3.5064091334,3.09251201061,0.02844959115,0.15199991489,0.15199991489,3.26941940241,3.12422572695,0.208540139841,607,496,311
2157AE4AFAA6,415,3.51861970575,3.47765749228,3.55889524857,3.50442487852,0.04027554282,0.02676738624,0.04027554282,3.26941940241,3.12422572695,0.353431765327,400,299,705
21737947650E,572,3.21489381182,2.8987571999,3.17935741783,2.82469832264,0.03553639399,0.07405887726,0.07405887726,3.26941940241,3.12422572695,0.225468527053,625,463,590
22D02123C65D,194,3.14693581048,3.16175987937,3.03927043064,3.12940515553,0.10766537984,0.03235472384,0.10766537984,3.26941940241,3.12422572695,0.122483591929,54,656,462
22F16C83DE10,600,3.45693064741,3.18569569298,3.56830752748,3.0857869367,0.11137688007,0.09990875628,0.11137688007,3.26941940241,3.12422572695,0.187511245001,653,541,454
2327EC67A339,416,3.21042531792,3.18296619172,3.31414899489,3.18052638862,0.10372367697,0.0024398031,0.10372367697,3.26941940241,3.12422572695,0.0589940844892,402,736,474
2358C2CE9966,181,2.40122465729,1.97737023465,2.51448265341,2.21670265057,0.11325799612,0.23933241592,0.23933241592,3.26941940241,3.12422572695,1.1468554923,41,12,108
23958A3106EA,703,3.70803566834,3.39818571985,3.64177264442,3.21673246357,0.06626302392,0.18145325628,0.18145325628,3.26941940241,3.12422572695,0.438616265931,698,218,220
239A72DE1E35,436,3.25894317821,3.18971642654,3.17109684784,2.8482498968,0.08784633037,0.34146652974,0.34146652974,3.26941940241,3.12422572695,0.0654906995872,436,728,37
23F0ABEF8370,449,3.16321646887,3.03563941962,3.15632323383,2.84288136862,0.00689323504,0.192758051,0.192758051,3.26941940241,3.12422572695,0.106202933539,459,675,189
25130AAA9552,310,2.46632384796,2.14463753524,2.66255251638,2.26484011876,0.19622866842,0.12020258352,0.19622866842,3.26941940241,3.12422572695,0.979588191713,212,20,178
253108CDC69F,522,3.16155115791,2.82549551589,3.02633942415,2.80964946889,0.13521173376,0.015846047,0.13521173376,3.26941940241,3.12422572695,0.298730211063,573,360,374
26788FA4ED04,502,3.25702140827,3.07720538277,3.19529470072,2.90340390693,0.06172670755,0.17380147584,0.17380147584,3.26941940241,3.12422572695,0.0470203441828,547,744,244
269101ABF266,366,2.98011717842,2.82455306491,3.1526419901,2.95189330472,0.17252481168,0.12734023981,0.17252481168,3.26941940241,3.12422572695,0.299672662043,319,358,248
277A95AC0190,613,3.03981028014,2.66811861271,2.9582428652,2.60996335329,0.08156741494,0.05815525942,0.08156741494,3.26941940241,3.12422572695,0.456107114243,665,201,562
279245CFCCF4,218,3.26091410819,3.28206320366,3.17193305435,3.26358667937,0.08898105384,0.01847652429,0.08898105384,3.26941940241,3.12422572695,0.157837476707,80,598,529
27D80E5F87B1,364,3.07124770326,3.02243275805,3.13831040405,2.95387886919,0.06706270079,0.06855388886,0.06855388886,3.26941940241,3.12422572695,0.198171699149,310,519,612
28930E0B8820,584,2.83789667953,2.17598883543,2.64606343697,2.29501932067,0.19183324256,0.11903048524,0.19183324256,3.26941940241,3.12422572695,0.948236891523,636,28,190
293A93F037A7,748,3.52654950296,3.32054550138,3.50799850003,3.41488019594,0.01855100293,0.09433469456,0.09433469456,3.26941940241,3.12422572695,0.257130100551,716,423,512
29BB45AA907C,449,3.27753669942,3.31343818495,3.33808383082,3.39503710024,0.0605471314,0.08159891529,0.08159891529,3.26941940241,3.12422572695,0.189212457997,460,537,561
2A18E2265D9E,317,3.04823106269,3.05056301141,3.09862286053,2.85550004957,0.05039179784,0.19506296184,0.19506296184,3.26941940241,3.12422572695,0.221188339719,223,475,180
2B62F285FD21,313,3.57746884519,3.49768934195,3.41193197694,3.5412759232,0.16553686825,0.04358658125,0.16553686825,3.26941940241,3.12422572695,0.373463614997,216,277,271
2B9C5C3BB7B9,716,3.7802994068,3.4649958265,3.86669327952,3.85417790541,0.08639387272,0.38918207891,0.38918207891,3.26941940241,3.12422572695,0.510880004391,702,157,22
2BE11993FB5F,286,3.29293215347,3.16983595951,3.22573418562,3.14052668147,0.06719796785,0.02930927804,0.06719796785,3.26941940241,3.12422572695,0.0456102325572,174,746,616
2BFB0A8F50E1,620,3.41593997909,3.24511565942,3.39961044793,3.27167762725,0.01632953116,0.02656196783,0.02656196783,3.26941940241,3.12422572695,0.146520576681,670,617,731
2C4DE9FD3734,364,3.54448443047,3.29352196984,3.36698966721,3.08328957731,0.17749476326,0.21023239253,0.21023239253,3.26941940241,3.12422572695,0.275065028061,311,393,151
2C8802241F51,429,2.95811598808,2.84045308438,3.00413415217,2.74307097833,0.04601816409,0.09738210605,0.09738210605,3.26941940241,3.12422572695,0.311303414329,425,342,497
2D508127DEF1,492,3.80997800967,3.45323103557,3.88779295139,3.3571777748,0.07781494172,0.09605326077,0.09605326077,3.26941940241,3.12422572695,0.540558607261,531,143,504
2D8464A3BD5B,836,3.46978147396,3.04026210933,3.15645306274,2.8468749574,0.31332841122,0.19338715193,0.31332841122,3.26941940241,3.12422572695,0.200362071551,732,515,50
2D940E7F240C,267,3.41494000754,3.52034139761,3.2986476136,3.44849617601,0.11629239394,0.0718452216,0.11629239394,3.26941940241,3.12422572695,0.396115670657,146,251,432
2DAA07621328,646,3.24628825488,2.82096166915,3.24762468114,2.83879612904,0.00133642626,0.01783445989,0.01783445989,3.26941940241,3.12422572695,0.303264057803,679,349,747
2E5A3E5FD179,393,3.11500344817,3.07031533885,3.21756689092,3.17765194062,0.10256344275,0.10733660177,0.10733660177,3.26941940241,3.12422572695,0.154415954239,358,603,464
2F268BE28055,717,3.46851003775,3.08250767066,3.30804524656,2.94901314337,0.16046479119,0.13349452729,0.16046479119,3.26941940241,3.12422572695,0.199090635341,704,517,282
2F7B0CE01B4B,537,3.79105226538,3.6577678673,3.80838766187,3.67434260342,0.01733539649,0.01657473612,0.01733539649,3.26941940241,3.12422572695,0.533542140347,595,145,749
2F81111E7831,341,3.13092406259,2.97979354761,3.10166469752,2.79320261692,0.02925936507,0.18659093069,0.18659093069,3.26941940241,3.12422572695,0.144432179343,267,619,204
30DDC17D2986,359,3.4983861331,3.49963940688,3.60553848632,3.68530125672,0.10715235322,0.18566184984,0.18566184984,3.26941940241,3.12422572695,0.375413679927,300,275,209
310CDA45739E,579,3.46804423268,3.23519586001,3.56105048313,3.37730855206,0.09300625045,0.14211269205,0.14211269205,3.26941940241,3.12422572695,0.198624830271,631,518,341
314E6ED40C6A,372,2.69758904517,2.45163581021,2.77254006725,2.46338194625,0.07495102208,0.01174613604,0.07495102208,3.26941940241,3.12422572695,0.672589916743,327,78,587
327AAC23CF5D,299,2.91331597025,2.89983120193,3.03301149559,2.89948379226,0.11969552534,0.00034740967,0.11969552534,3.26941940241,3.12422572695,0.356103432159,196,295,422
327EB11122D0,612,3.28084990974,2.82427744721,3.27398630392,2.79902210844,0.00686360582,0.02525533877,0.02525533877,3.26941940241,3.12422572695,0.299948279743,664,356,733
33113B7D1125,733,2.84526549416,2.34699223064,2.8095398797,2.37026068721,0.03572561446,0.02326845657,0.03572561446,3.26941940241,3.12422572695,0.777233496313,711,54,714
33DEFCDAD05F,405,3.63280964168,3.49014859324,3.69680704027,3.62510589576,0.06399739859,0.13495730252,0.13495730252,3.26941940241,3.12422572695,0.365922866287,382,282,375
33F18D5D8867,591,3.68971548105,3.37856951965,3.80372473054,3.25748245328,0.11400924949,0.12108706637,0.12108706637,3.26941940241,3.12422572695,0.420296078641,643,233,413
340BCFE7E249,574,3.2532064915,3.08081552145,3.20187618378,2.93504865297,0.05133030772,0.14576686848,0.14576686848,3.26941940241,3.12422572695,0.0434102055028,627,747,330
34317A7F1262,451,2.87136818599,2.67155133263,2.90833940217,2.59124694427,0.03697121618,0.08030438836,0.08030438836,3.26941940241,3.12422572695,0.452674394323,462,205,566
343A80DD6FB3,407,3.53238743052,3.23001551862,3.54008313057,3.18760905628,0.00769570005,0.04240646234,0.04240646234,3.26941940241,3.12422572695,0.262968028111,383,411,696
34716B652420,284,2.36484065206,2.076004809,2.56046770541,2.2888817124,0.19562705335,0.2128769034,0.2128769034,3.26941940241,3.12422572695,1.04822091795,168,17,141
34A066E69905,508,3.42290710205,3.0393751373,3.46974445638,3.08466683354,0.04683735433,0.04529169624,0.04683735433,3.26941940241,3.12422572695,0.153487699641,555,606,683
34F016931102,407,3.35712592115,3.24702743075,3.25560212285,2.95764815908,0.1015237983,0.28937927167,0.28937927167,3.26941940241,3.12422572695,0.122801703797,384,654,64
3550660EE2EC,447,2.81999549712,2.7286155847,3.11616029975,2.8330432206,0.29616480263,0.1044276359,0.29616480263,3.26941940241,3.12422572695,0.449423905289,455,209,61
35E552843ADF,288,3.39372654522,3.2951156064,3.380310578,3.21291348896,0.01341596722,0.08220211744,0.08220211744,3.26941940241,3.12422572695,0.170889879447,179,577,557
36A74F4F050A,360,2.79705684192,2.5471825471,2.94597397322,2.5018383099,0.1489171313,0.0453442372,0.1489171313,3.26941940241,3.12422572695,0.577043179853,301,116,319
37DD80EFE4D4,231,3.41850056691,3.21882804621,3.31361192286,3.03777710968,0.10488864405,0.18105093653,0.18105093653,3.26941940241,3.12422572695,0.149081164501,96,614,221
380164B1BAB5,347,3.55348748745,3.34962756431,3.50503730859,3.21573721918,0.04845017886,0.13389034513,0.13389034513,3.26941940241,3.12422572695,0.284068085041,281,379,382
3814F9116CD1,1205,3.21041760057,2.40805392787,2.88889781133,2.50422012678,0.32151978924,0.09616619891,0.32151978924,3.26941940241,3.12422572695,0.716171799083,761,70,44
38452CB371C9,780,3.72519084462,3.50286808712,3.78846018096,3.65223759197,0.06326933634,0.14936950485,0.14936950485,3.26941940241,3.12422572695,0.455771442211,721,202,318
3898358B58BB,280,3.24621125626,3.21330755091,3.32910505481,3.17942066504,0.08289379855,0.03388688587,0.08289379855,3.26941940241,3.12422572695,0.0890818239572,165,703,554
394F5867B7EC,341,3.38427475332,3.16764687745,3.21874041793,2.91049106175,0.16553433539,0.2571558157,0.2571558157,3.26941940241,3.12422572695,0.114855350911,268,663,90
39BB85E5CB5A,203,3.16892572258,3.15038984552,3.12617607256,3.16226157781,0.04274965002,0.01187173229,0.04274965002,3.26941940241,3.12422572695,0.100493679829,62,687,693
3A38B9DD6723,289,3.41205307056,3.32227965299,3.29112044992,3.42212655059,0.12093262064,0.0998468976,0.12093262064,3.26941940241,3.12422572695,0.198053926037,181,520,414
3A71C888CE45,270,2.65376771902,2.47215606445,2.67588156497,2.4148135157,0.02211384595,0.05734254875,0.05734254875,3.26941940241,3.12422572695,0.652069662503,150,87,650
3B81809AA132,398,3.00548263587,2.7424896425,3.05769884301,2.67381556579,0.05221620714,0.06867407671,0.06867407671,3.26941940241,3.12422572695,0.381736084453,368,265,611
3B93AE972238,401,3.14571445282,3.32816597479,3.17861191631,3.22948757996,0.03289746349,0.09867839483,0.09867839483,3.26941940241,3.12422572695,0.203940247837,374,505,490
3BDF36560245,311,2.56725547841,2.16182574034,2.73836555637,2.41697434028,0.17111007796,0.25514859994,0.25514859994,3.26941940241,3.12422572695,0.962399986613,213,23,92
3BFECA0F8470,496,3.43425364179,3.21983690155,3.16733938595,2.89612215624,0.26691425584,0.32371474531,0.32371474531,3.26941940241,3.12422572695,0.164834239381,536,586,43
3C56844D4CF0,523,3.4663548191,2.93408824265,3.13153454243,2.67181791161,0.33482027667,0.26227033104,0.33482027667,3.26941940241,3.12422572695,0.196935416691,575,523,38
3CD660D1E7BB,363,3.57912243643,3.51167257403,3.56472439777,3.56838013606,0.01439803866,0.05670756203,0.05670756203,3.26941940241,3.12422572695,0.387446847077,309,260,654
3D739817CC30,224,3.23792276751,3.17412583758,3.12972692809,3.003576015,0.10819583942,0.17054982258,0.17054982258,3.26941940241,3.12422572695,0.0499001106272,84,743,254
3E7DE9C1C160,798,3.49603600279,2.97928286681,3.35745971897,2.92903769015,0.13857628382,0.05024517666,0.13857628382,3.26941940241,3.12422572695,0.226616600381,724,461,358
3EC60741B7BF,462,2.57103804123,2.29464336373,2.66207496062,2.32020921425,0.09103691939,0.02556585052,0.09103691939,3.26941940241,3.12422572695,0.829582363223,476,43,523
3F2941C11D95,535,3.66687619578,3.67413787512,3.73505030768,3.67478097884,0.0681741119,0.00064310372,0.0681741119,3.26941940241,3.12422572695,0.549912148167,591,136,613
3F4D8262235A,383,3.30783530838,3.18539769118,3.32391432844,3.10605886514,0.01607902006,0.07933882604,0.07933882604,3.26941940241,3.12422572695,0.0611719642272,343,733,570
4032ED0063E4,276,3.012559712,2.77654587912,3.04078723731,2.84191058701,0.02822752531,0.06536470789,0.06536470789,3.26941940241,3.12422572695,0.347679847833,156,304,627
40AF66A621E0,416,2.56277525848,2.06992615737,2.80822185185,2.28793106013,0.24544659337,0.21800490276,0.24544659337,3.26941940241,3.12422572695,1.05429956958,403,16,103
410D72D3CCE8,398,3.53708156972,3.19816528699,3.46445359993,3.11353833157,0.07262796979,0.08462695542,0.08462695542,3.26941940241,3.12422572695,0.267662167311,369,404,544
41D9F5D10332,490,3.16095602343,2.82393448292,3.05363579083,2.65103663594,0.1073202326,0.17289784698,0.17289784698,3.26941940241,3.12422572695,0.300291244033,525,355,247
4288F88C8D15,203,2.74739956714,2.73700165327,2.88807770076,2.79800593608,0.14067813362,0.06100428281,0.14067813362,3.26941940241,3.12422572695,0.522019835269,63,151,348
42BF43BF8DBE,456,3.21742969905,2.91455422324,3.16812463344,2.87860823249,0.04930506561,0.03594599075,0.04930506561,3.26941940241,3.12422572695,0.209671503713,471,494,674
4351657CEC2F,456,3.55016561854,3.52330730434,3.49122025032,3.52618012913,0.05894536822,0.00287282479,0.05894536822,3.26941940241,3.12422572695,0.399081577387,472,247,646
447221C3FA00,453,3.06066454153,2.60569574055,3.08233142632,2.44010997874,0.02166688479,0.16558576181,0.16558576181,3.26941940241,3.12422572695,0.518529986403,465,155,270
4477C08B4960,324,3.19446641473,3.11700903397,3.09896699441,2.88943044962,0.09549942032,0.22757858435,0.22757858435,3.26941940241,3.12422572695,0.0749529876792,234,719,123
44C1594D0950,552,3.30443998428,3.22449240202,3.44945592111,3.33120129352,0.14501593683,0.1067088915,0.14501593683,3.26941940241,3.12422572695,0.100266675067,608,688,332
451A840C382E,249,3.33311683722,3.21100929992,3.21369370691,3.09473375496,0.11942313031,0.11627554496,0.11942313031,3.26941940241,3.12422572695,0.0867835729672,111,708,424
451E8369BB76,894,3.00134327156,2.48491327464,2.956587136,2.59761150425,0.04475613556,0.11269822961,0.11269822961,3.26941940241,3.12422572695,0.639312452313,741,92,447
453F18C3C8BD,258,2.21467674798,1.60777935961,2.51745246796,2.24980893633,0.30277571998,0.64202957672,0.64202957672,3.26941940241,3.12422572695,1.51644636734,129,4,6
45DF17CF4937,467,3.4683295085,3.38638561731,3.5695773653,3.53604787351,0.1012478568,0.1496622562,0.1496622562,3.26941940241,3.12422572695,0.262159890357,487,415,317
4608287E9B30,225,2.966067484,2.77508178097,2.86289440994,2.68306180578,0.10317307406,0.09201997519,0.10317307406,3.26941940241,3.12422572695,0.349143945983,86,302,476
462769ABDD5B,212,3.09473961426,2.90341695956,2.78140226155,2.59206733623,0.31333735271,0.31134962333,0.31333735271,3.26941940241,3.12422572695,0.220808767393,71,477,49
462832DCD932,443,3.19485293009,2.87331456747,3.25265525626,2.87231605274,0.05780232617,0.00099851473,0.05780232617,3.26941940241,3.12422572695,0.250911159483,448,433,649
4665A1D77D6C,670,3.24748971623,2.97048022574,3.17125448747,2.78646921234,0.07623522876,0.1840110134,0.1840110134,3.26941940241,3.12422572695,0.153745501213,686,604,216
4744A861D13F,209,3.32552647208,3.38987951842,3.19434580186,3.45306472927,0.13118067022,0.06318521085,0.13118067022,3.26941940241,3.12422572695,0.265653791467,70,405,389
483EE18C996B,315,3.63178393739,3.23688975487,3.47625114604,3.07698272244,0.15553279135,0.15990703243,0.15990703243,3.26941940241,3.12422572695,0.362364534981,221,288,285
48940AA0656E,186,3.13519121913,3.02575608908,3.05299703991,3.20377098995,0.08219417922,0.17801490087,0.17801490087,3.26941940241,3.12422572695,0.134228183279,46,639,233
48ADCBFC8376,542,3.66918680563,3.61000688894,3.78189162805,3.62635552435,0.11270482242,0.01634863541,0.11270482242,3.26941940241,3.12422572695,0.485781161987,598,176,446
48EA282A4EAF,255,2.54406663456,2.53651779723,3.1001994178,3.1736933038,0.55613278324,0.63717550657,0.63717550657,3.26941940241,3.12422572695,0.725352767849,123,66,7
4906FE42D823,337,3.46046017545,3.47446117803,3.33301679063,3.36020855409,0.12744338482,0.11425262394,0.12744338482,3.26941940241,3.12422572695,0.350235451077,259,301,395
4967076F4E7F,542,3.06994592958,2.55016330916,3.09169253822,2.50797221312,0.02174660864,0.04219109604,0.04219109604,3.26941940241,3.12422572695,0.574062417793,599,118,697
49C5BCE4CD28,475,2.94505331039,2.73807072629,2.91767162288,2.7617955094,0.02738168751,0.02372478311,0.02738168751,3.26941940241,3.12422572695,0.386155000663,496,262,730
4A38761A2CBB,386,3.22750420795,2.8628099193,3.17927172365,2.77384477977,0.0482324843,0.08896513953,0.08896513953,3.26941940241,3.12422572695,0.261415807653,347,417,530
4A4B45273A9D,480,2.93587241754,2.466223167,3.06252404984,2.51395583154,0.1266516323,0.04773266454,0.1266516323,3.26941940241,3.12422572695,0.658002559953,505,85,400
4AF3A09B2EF7,344,3.35711269758,3.33640547261,3.44096341685,3.37762441303,0.08385071927,0.04121894042,0.08385071927,3.26941940241,3.12422572695,0.212179745657,277,488,548
4BF17A253013,169,2.58624837431,2.4850340394,2.57583545567,2.46482554012,0.01041291864,0.02020849928,0.02020849928,3.26941940241,3.12422572695,0.683171028099,28,75,743
4C3AFB55C4F7,502,3.51235917427,3.36923573524,3.41063152765,3.2562029592,0.10172764662,0.11303277604,0.11303277604,3.26941940241,3.12422572695,0.245010008287,548,442,445
4D35A86F4929,334,3.38897516242,3.28879076225,3.31738704042,3.10177831772,0.071588122,0.18701244453,0.18701244453,3.26941940241,3.12422572695,0.164565035297,251,587,202
4D377B163021,197,2.92171139503,2.64035808573,2.86927200379,2.61105270888,0.05243939124,0.02930537685,0.05243939124,3.26941940241,3.12422572695,0.483867641223,58,177,665
4D65BE0B15B8,290,3.01626686304,2.71434931056,2.93954820036,2.66035527637,0.07671866268,0.05399403419,0.07671866268,3.26941940241,3.12422572695,0.409876416393,182,241,577
4DBC5B5272FF,480,3.70964369988,3.60433804489,3.84196693822,3.80250416212,0.13232323834,0.19816611723,0.19816611723,3.26941940241,3.12422572695,0.480112317937,506,181,173
4E22E3143561,737,3.04297318445,2.60563246851,2.97747147048,2.56983181024,0.06550171397,0.03580065827,0.06550171397,3.26941940241,3.12422572695,0.518593258443,712,154,625
4E7DD441DAC8,194,2.6263724955,2.4760452239,2.742359094,2.65212648163,0.1159865985,0.17608125773,0.17608125773,3.26941940241,3.12422572695,0.648180503053,55,89,238
4E8ED336CF7E,219,2.72676307591,2.54253757573,2.70336536785,2.39733191115,0.02339770806,0.14520566458,0.14520566458,3.26941940241,3.12422572695,0.581688151223,81,111,331
4EE0B81B9133,404,3.33163417997,3.21671434461,3.51676229554,3.43380358298,0.18512811557,0.21708923837,0.21708923837,3.26941940241,3.12422572695,0.0924886176572,380,698,134
4EECC9B3CF7F,225,3.67642999109,3.56266870006,3.3775350015,3.51786961119,0.29889498959,0.04479908887,0.29889498959,3.26941940241,3.12422572695,0.438442973107,87,219,58
508A9EC12C44,336,3.28725189401,3.13912235787,3.13974907469,2.90718414476,0.14750281932,0.23193821311,0.23193821311,3.26941940241,3.12422572695,0.0178324916008,254,758,114
5098F28A2EF3,490,3.77641565641,3.64492773383,3.88772125346,3.73926417399,0.11130559705,0.09433644016,0.11130559705,3.26941940241,3.12422572695,0.520702006877,526,153,455
50E361CD561E,208,3.3977274388,3.41181150956,3.22428312106,3.19934005174,0.17344431774,0.21247145782,0.21247145782,3.26941940241,3.12422572695,0.287585782607,68,374,143
510CA49B78BB,387,3.44848727621,3.37667444888,3.41195417927,3.39496050446,0.03653309694,0.01828605558,0.03653309694,3.26941940241,3.12422572695,0.252448721927,350,430,712
51DA4BA94C7C,776,3.23126852603,2.6148320555,3.01225348978,2.56698319644,0.21901503625,0.04784885906,0.21901503625,3.26941940241,3.12422572695,0.509393671453,720,160,131
52DC3B7C3952,509,3.63660550745,3.58824513089,3.67641025852,3.53029747544,0.03980475107,0.05794765545,0.05794765545,3.26941940241,3.12422572695,0.464019403937,557,192,648
5384378F1AC2,451,3.38284639612,3.17431399484,3.54290873576,3.42919053983,0.16006233964,0.25487654499,0.25487654499,3.26941940241,3.12422572695,0.113426993711,463,665,93
53CF6D801CAF,334,3.54578202982,3.37612228625,3.55971125075,3.40943301367,0.01392922093,0.03331072742,0.03331072742,3.26941940241,3.12422572695,0.276362627411,252,388,718
53D17839AAC0,362,3.61141149697,3.61353848095,3.54200181656,3.5852761468,0.06940968041,0.02826233415,0.06940968041,3.26941940241,3.12422572695,0.489312753997,306,174,604
55C7EC027A88,881,3.85028917623,3.48390952232,3.61447644864,3.11189098832,0.23581272759,0.372018534,0.372018534,3.26941940241,3.12422572695,0.580869773821,736,112,27
5661280443,435,2.9820836245,2.73182546904,2.9712849401,2.72144953769,0.0107986844,0.01037593135,0.0107986844,3.26941940241,3.12422572695,0.392400257913,432,254,755
56E32CEEB127,489,3.18691308618,2.79245690707,3.11508101685,2.67289514423,0.07183206933,0.11956176284,0.11956176284,3.26941940241,3.12422572695,0.331768819883,523,320,423
56F9E8427D97,500,3.67420269887,3.3725086117,3.60039789961,3.01216914831,0.07380479926,0.36033946339,0.36033946339,3.26941940241,3.12422572695,0.404783296461,544,245,30
57A750437C3A,416,3.04988105748,2.5468330634,3.03660392471,2.54902635454,0.01327713277,0.00219329114,0.01327713277,3.26941940241,3.12422572695,0.577392663553,404,115,752
58F6D70A2DC7,227,3.08024384308,3.07036869486,3.14930562193,3.25978390841,0.06906177885,0.18941521355,0.18941521355,3.26941940241,3.12422572695,0.189175559329,92,538,194
597618D3F66C,402,3.31722657188,3.2691130491,3.30844445646,3.33989162378,0.00878211542,0.07077857468,0.07077857468,3.26941940241,3.12422572695,0.144887322147,375,618,600
599128B82FF0,347,3.40964137846,3.31993354759,3.35677598909,3.15582048943,0.05286538937,0.16411305816,0.16411305816,3.26941940241,3.12422572695,0.195707820637,282,524,272
59ADAA4D04E5,110,2.38014679419,2.45373846805,2.94755593236,2.92451614859,0.56740913817,0.47077768054,0.56740913817,3.26941940241,3.12422572695,0.889272608219,6,33,8
5A89482533D9,255,3.18353571567,3.05504933668,3.19627810122,3.11893128697,0.01274238555,0.06388195029,0.06388195029,3.26941940241,3.12422572695,0.0858836867392,124,710,634
5AA45740A848,116,3.29857612131,3.38837164939,3.17314895086,3.21120524407,0.12542717045,0.17716640532,0.17716640532,3.26941940241,3.12422572695,0.264145922437,8,407,235
5AAD796F4D6B,234,3.26486127661,3.34599768937,3.09947290095,3.1311225298,0.16538837566,0.21487515957,0.21487515957,3.26941940241,3.12422572695,0.221771962417,99,473,138
5B2FC963E89D,729,3.53471463403,3.21484430765,3.47604162498,3.06479138998,0.05867300905,0.15005291767,0.15005291767,3.26941940241,3.12422572695,0.265295231621,708,406,313
5BE99F2E4030,427,3.68305585308,3.67509332906,3.68058088784,3.78301700449,0.00247496524,0.10792367543,0.10792367543,3.26941940241,3.12422572695,0.550867602107,419,134,461
5C05D79FE75A,203,3.17318676018,2.89975458725,3.01885195105,2.7440008003,0.15433480913,0.15575378695,0.15575378695,3.26941940241,3.12422572695,0.224471139703,64,467,302
5C3A7990C870,477,3.63358483235,3.35394020608,3.63941116928,3.09906506645,0.00582633693,0.25487513963,0.25487513963,3.26941940241,3.12422572695,0.364165429941,498,283,94
5C72AB0B1232,586,3.61968422972,3.44751579948,3.80973869334,3.68967414084,0.19005446362,0.24215834136,0.24215834136,3.26941940241,3.12422572695,0.350264827311,638,300,105
5CB186BF742C,291,3.20008596955,2.90336254639,2.96411918932,2.67626383465,0.23596678023,0.22709871174,0.23596678023,3.26941940241,3.12422572695,0.220863180563,184,476,111
5D2B8506EC4F,350,2.45834479658,1.84453536663,2.76632254243,2.30960179107,0.30797774585,0.46506642444,0.46506642444,3.26941940241,3.12422572695,1.27969036032,287,8,12
5D693DD9978D,670,3.32312688826,3.02485242885,3.29943025037,2.92267739105,0.02369663789,0.1021750378,0.1021750378,3.26941940241,3.12422572695,0.0993732981028,687,689,479
5D7D1445A7CF,716,3.86627919666,3.52266897685,3.78594758462,3.80296098121,0.08033161204,0.28029200436,0.28029200436,3.26941940241,3.12422572695,0.596859794251,703,104,72
5E49CEB56FB3,177,2.90254773191,2.66223913204,2.81338096794,2.74822876497,0.08916676397,0.08598963293,0.08916676397,3.26941940241,3.12422572695,0.461986594913,36,195,528
5EA71157D48F,165,3.15304335442,3.1199704706,2.94761455346,2.98985513769,0.20542880096,0.13011533291,0.20542880096,3.26941940241,3.12422572695,0.116376047989,23,662,158
5EFD8FA4133A,500,3.11549640069,2.91820609002,3.0403105791,2.88078839839,0.07518582159,0.03741769163,0.07518582159,3.26941940241,3.12422572695,0.206019636933,545,501,584
5F370D929BA7,477,3.0523784252,2.85181720986,2.95048528618,2.61565607937,0.10189313902,0.23616113049,0.23616113049,3.26941940241,3.12422572695,0.272408517093,499,398,110
5F5E1817CCA0,329,2.97333354738,2.66237585264,3.02426151503,2.51481356172,0.05092796765,0.14756229092,0.14756229092,3.26941940241,3.12422572695,0.461849874313,246,196,328
5FBDFD6DB173,339,2.94059193554,2.98942015391,3.03864153012,2.90313901592,0.09804959458,0.08628113799,0.09804959458,3.26941940241,3.12422572695,0.328827466869,261,324,495
5FE4F223CEA8,175,2.98657480046,3.00650262609,2.98732696221,2.996010577,0.00075216175,0.01049204909,0.01049204909,3.26941940241,3.12422572695,0.282844601949,33,383,757
603863409B06,609,3.34051732477,2.99270534543,3.26468546023,2.84232282684,0.07583186454,0.15038251859,0.15038251859,3.26941940241,3.12422572695,0.131520381523,660,642,312
605BF3B67175,249,3.42012969861,3.3442862841,3.29089454265,3.4038411294,0.12923515596,0.0595548453,0.12923515596,3.26941940241,3.12422572695,0.220060557147,112,479,392
60FD2E2FB768,428,3.54040407952,3.44874067582,3.4963763978,3.44746418199,0.04402768172,0.00127649383,0.04402768172,3.26941940241,3.12422572695,0.324514948867,423,328,691
610FA0016255,570,3.42115753051,3.11874806182,3.4095029479,3.16245202633,0.01165458261,0.04370396451,0.04370396451,3.26941940241,3.12422572695,0.151738128101,622,610,692
6141DB282925,284,3.01977173204,2.74645120557,2.9904157458,2.75659958921,0.02935598624,0.01014838364,0.02935598624,3.26941940241,3.12422572695,0.377774521383,169,271,726
616C3D5795E8,176,2.81443781519,2.713898864,2.80645132831,2.71447985807,0.00798648688,0.00058099407,0.00798648688,3.26941940241,3.12422572695,0.454981587219,34,204,762
62B3C9C3398E,1162,3.86537826325,3.32840035749,3.60253688988,3.38580697142,0.26284137337,0.05740661393,0.26284137337,3.26941940241,3.12422572695,0.595958860841,760,105,86
62F7911DE51F,284,3.09395674191,3.07295547809,3.1087278055,3.15455486906,0.01477106359,0.08159939097,0.08159939097,3.26941940241,3.12422572695,0.175462660499,170,570,560
64A8183557F7,386,3.24991207376,3.12470899527,3.2149505572,2.9530507588,0.03496151656,0.17165823647,0.17165823647,3.26941940241,3.12422572695,0.0195073286492,348,757,251
65975436BE5C,464,3.6758173712,3.5464338564,3.71325051992,3.5237033191,0.03743314872,0.0227305373,0.03743314872,3.26941940241,3.12422572695,0.422208129447,480,230,710
66FF0907BF26,424,3.67730231511,3.57020048611,3.64440950709,3.52095547801,0.03289280802,0.0492450081,0.0492450081,3.26941940241,3.12422572695,0.445974759157,416,211,675
6712BD512DB7,666,3.5702654954,3.25387469489,3.48280037609,3.05893542988,0.08746511931,0.19493926501,0.19493926501,3.26941940241,3.12422572695,0.300846092991,684,353,181
681B9CD21B07,188,2.9738636057,2.8245314295,2.91741053443,2.83324669579,0.05645307127,0.00871526629,0.05645307127,3.26941940241,3.12422572695,0.299694297453,48,357,656
685ABA004ADB,574,3.39381068189,3.1316109772,3.24640228682,2.92549245717,0.14740839507,0.20611852003,0.20611852003,3.26941940241,3.12422572695,0.124391279481,628,650,156
6867A6767D25,820,3.57723093767,3.18457335787,3.6616116606,3.16428231567,0.08438072293,0.0202910422,0.08438072293,3.26941940241,3.12422572695,0.307811535261,728,344,546
69241D10E69A,262,3.52061393962,3.57533750219,3.53150719453,3.60841134823,0.01089325491,0.03307384604,0.03307384604,3.26941940241,3.12422572695,0.451111775237,139,206,719
696B864AED8C,336,3.07652525042,2.85592478924,3.04859764716,2.85737782705,0.02792760326,0.00145303781,0.02792760326,3.26941940241,3.12422572695,0.268300937713,255,402,729
698A3F2B43B9,649,3.58146692027,3.44623991634,3.60401442985,3.50862782072,0.02254750958,0.06238790438,0.06238790438,3.26941940241,3.12422572695,0.322014189387,680,330,641
6AB122D640E1,287,3.31037355088,3.36739501061,3.43475795542,3.56494059757,0.12438440454,0.19754558696,0.19754558696,3.26941940241,3.12422572695,0.243169283657,177,445,175
6B850987631D,248,3.29244254261,3.1587283917,3.12912782417,3.00333601419,0.16331471844,0.15539237751,0.16331471844,3.26941940241,3.12422572695,0.0345026647472,108,752,275
6BB4BEB51A80,548,3.39374940448,3.03840319943,3.38210461746,2.9756181044,0.01164478702,0.06278509503,0.06278509503,3.26941940241,3.12422572695,0.124330002071,604,651,638
6BC83A3F4934,246,2.6369046958,2.38701852666,2.72023762258,2.52771872417,0.08333292678,0.14070019751,0.14070019751,3.26941940241,3.12422572695,0.737207200293,105,65,347
6BE1E93612AE,470,2.91651665999,2.57406747525,2.89339875509,2.59208137762,0.0231179049,0.01801390237,0.0231179049,3.26941940241,3.12422572695,0.550158251703,490,135,740
6C16FC9FE7A4,305,2.88952282111,2.5833218964,2.92817092822,2.58990102804,0.03864810711,0.00657913164,0.03864810711,3.26941940241,3.12422572695,0.540903830553,206,142,708
6C802D3F5F2A,552,3.44780706525,3.32491301546,3.52659294458,3.46476113691,0.07878587933,0.13984812145,0.13984812145,3.26941940241,3.12422572695,0.200687288507,609,512,353
6C98327DA084,496,3.32255199323,3.13927144189,3.22343046293,3.11733140265,0.0991215303,0.02194003924,0.0991215303,3.26941940241,3.12422572695,0.0531325908208,537,740,489
6D06DAD5446C,446,3.03419862112,2.77701842566,3.0545387499,2.5910869691,0.02034012878,0.18593145656,0.18593145656,3.26941940241,3.12422572695,0.347207301293,452,306,208
6DB65C457200,1126,3.40712058675,2.73463404357,3.10840719198,2.61002139434,0.29871339477,0.12461264923,0.29871339477,3.26941940241,3.12422572695,0.389591683383,759,259,59
6EE4A9C8F158,321,3.31520086509,3.37489460293,3.32350789061,3.46657099479,0.00830702552,0.09167639186,0.09167639186,3.26941940241,3.12422572695,0.250668875977,228,435,522
6FDAD6124B9E,668,3.56563387444,3.3852041035,3.70880562684,3.57866583055,0.1431717524,0.19346172705,0.19346172705,3.26941940241,3.12422572695,0.296214472031,685,363,186
70041E13A0CC,497,3.69078432818,3.2437480757,3.6733633163,3.16821930789,0.01742101188,0.07552876781,0.07552876781,3.26941940241,3.12422572695,0.421364925771,538,231,581
7007EB8E265D,429,3.62475551286,3.55894053518,3.63713358791,3.53603740803,0.01237807505,0.02290312715,0.02290312715,3.26941940241,3.12422572695,0.434714808227,426,221,741
70E490A83717,326,3.63038590901,3.62045107147,3.65396584945,3.67031357944,0.02357994044,0.04986250797,0.04986250797,3.26941940241,3.12422572695,0.496225344517,239,168,672
71A9098715EB,456,3.42251289753,3.3007922166,3.37560401504,3.25711098025,0.04690888249,0.04368123635,0.04690888249,3.26941940241,3.12422572695,0.176566489647,473,565,682
7203112033A1,568,3.44917061399,3.30658166669,3.62791324922,3.53458427502,0.17874263523,0.22800260833,0.22800260833,3.26941940241,3.12422572695,0.182355939737,619,558,122
7231635A63C8,306,2.76333921492,2.25058676605,2.91413096176,2.52860508436,0.15079174684,0.27801831831,0.27801831831,3.26941940241,3.12422572695,0.873638960903,207,38,74
72766FE38307,77,2.33886787479,2.15238357815,2.52773478784,2.27119054309,0.18886691305,0.11880696494,0.18886691305,3.26941940241,3.12422572695,0.971842148803,3,21,198
72913948CDAA,487,3.15256004702,2.8009193944,3.16369201228,2.79397499672,0.01113196526,0.00694439768,0.01113196526,3.26941940241,3.12422572695,0.323306332553,520,329,754
7370AB0DDC7F,603,3.0784601772,2.81094057444,3.1752114865,2.88597470585,0.0967513093,0.07503413141,0.0967513093,3.26941940241,3.12422572695,0.313285152513,655,339,499
7382F8B16AAF,345,3.17625760355,2.9603318454,3.10199183952,2.81819410188,0.07426576403,0.14213774352,0.14213774352,3.26941940241,3.12422572695,0.163893881553,279,588,340
73851AC4551C,349,3.55846517775,3.39792027867,3.36835746565,3.39346776505,0.1901077121,0.00445251362,0.1901077121,3.26941940241,3.12422572695,0.289045775341,284,372,193
73930228893B,298,2.87571332897,2.82203645757,2.92373685649,2.66309482391,0.04802352752,0.15894163366,0.15894163366,3.26941940241,3.12422572695,0.393706073439,194,253,289
73A997703BC3,481,3.33654245004,3.26142093761,3.60255819115,3.50344715067,0.26601574111,0.24202621306,0.26601574111,3.26941940241,3.12422572695,0.137195210657,510,632,81
73D2B941F40F,398,3.27204998556,3.11204273554,3.35983934171,3.02740082648,0.08778935615,0.08464190906,0.08778935615,3.26941940241,3.12422572695,0.0121829914128,370,761,534
73D69658CF95,543,3.55946819202,3.3171081588,3.62821826236,3.1949920004,0.06875007034,0.1221161584,0.1221161584,3.26941940241,3.12422572695,0.290048789611,600,369,410
7445CD7E0985,593,2.79169630025,2.17005402153,2.92387262028,2.48278513149,0.13217632003,0.31273110996,0.31273110996,3.26941940241,3.12422572695,0.954171705423,645,27,51
74CDAF3BB9EF,379,2.86337205172,2.58253472603,2.84963063908,2.45517808783,0.01374141264,0.1273566382,0.1273566382,3.26941940241,3.12422572695,0.541691000923,337,141,397
753E320B186B,167,3.16297324983,3.26240672813,2.94606064318,2.94229450936,0.21691260665,0.32011221877,0.32011221877,3.26941940241,3.12422572695,0.138181001177,26,628,45
757C5E55BA96,171,3.19667608956,3.32577228102,3.15570619268,3.34709614982,0.04096989688,0.0213238688,0.04096989688,3.26941940241,3.12422572695,0.201546554067,30,510,703
763EF698F56B,511,2.86859101167,2.52152425785,2.87898503381,2.30842440316,0.01039402214,0.21309985469,0.21309985469,3.26941940241,3.12422572695,0.602701469103,560,100,140
772D27D400BB,416,2.57673610575,2.26569955632,2.69497826195,2.30732679863,0.1182421562,0.04162724231,0.1182421562,3.26941940241,3.12422572695,0.858526170633,405,39,426
7797541CF0A6,945,3.4303287897,2.95162229165,3.28264482237,2.90831031602,0.14768396733,0.04331197563,0.14768396733,3.26941940241,3.12422572695,0.172603435303,745,576,327
77A31D0A07A8,588,3.15298690661,2.69469102372,3.12544176404,2.64807311156,0.02754514257,0.04661791216,0.04661791216,3.26941940241,3.12422572695,0.429534703233,640,227,685
78201045481,622,3.50223276623,3.13315250895,3.23186927752,2.98773780427,0.27036348871,0.14541470468,0.27036348871,3.26941940241,3.12422572695,0.232813363821,671,455,79
785DBAB78957,469,3.36664016505,3.31766341637,3.4699377878,3.42418344547,0.10329762275,0.1065200291,0.1065200291,3.26941940241,3.12422572695,0.193437689417,488,530,466
78B6F383CD30,466,3.18873042582,2.83470857684,3.08733632642,2.6967510943,0.1013940994,0.13795748254,0.13795748254,3.26941940241,3.12422572695,0.289517150113,485,370,365
78E8970D0C13,302,3.21559658621,3.28545234145,3.22393843633,3.29412810241,0.00834185012,0.00867576096,0.00867576096,3.26941940241,3.12422572695,0.161226614497,202,592,761
790891A35047,102,3.30496477885,3.3828336808,3.13618384304,3.32809604684,0.16878093581,0.05473763396,0.16878093581,3.26941940241,3.12422572695,0.258607953847,5,421,259
79098D096CB8,145,2.59418236199,2.19714016536,2.74209542081,2.33384913143,0.14791305882,0.13670896607,0.14791305882,3.26941940241,3.12422572695,0.927085561593,14,29,324
79484682B23E,402,3.30259366314,3.09269158766,3.26193942009,2.98869399104,0.04065424305,0.10399759662,0.10399759662,3.26941940241,3.12422572695,0.0331742607308,376,754,473
7999A063F80E,353,3.82422110355,3.74225589375,3.82587191039,3.82298574787,0.00165080684,0.08072985412,0.08072985412,3.26941940241,3.12422572695,0.618030166797,290,96,565
79D634E4575F,580,3.5858670998,3.26280563135,3.65419988787,3.12788351958,0.06833278807,0.13492211177,0.13492211177,3.26941940241,3.12422572695,0.316447697391,632,337,376
7A0A80926A0D,364,2.45872087737,2.30023558082,2.85231928006,2.63543464098,0.39359840269,0.33519906016,0.39359840269,3.26941940241,3.12422572695,0.823990146133,312,48,20
7A6599531E9C,362,3.24534489875,2.953537495,3.12030465378,2.75087694415,0.12504024497,0.20266055085,0.20266055085,3.26941940241,3.12422572695,0.170688231953,307,578,162
7A66900A3812,804,2.78400035421,2.24970783768,2.86736020335,2.416067191,0.08335984914,0.16635935332,0.16635935332,3.26941940241,3.12422572695,0.874517889273,726,37,266
7A68E1FB7863,520,3.57876844763,3.32919780737,3.58207016606,3.28214188008,0.00330171843,0.04705592729,0.04705592729,3.26941940241,3.12422572695,0.309349045221,571,343,681
7B2B2910BB90,394,2.94169122952,2.76715232357,2.87987457525,2.62017049722,0.06181665427,0.14698182635,0.14698182635,3.26941940241,3.12422572695,0.357073403383,361,294,329
7B802407D629,503,3.42756487821,3.34692897875,3.55606619297,3.50716718552,0.12850131476,0.16023820677,0.16023820677,3.26941940241,3.12422572695,0.222703251797,550,470,283
7CB712FD1253,595,3.22416052057,2.86678960374,3.2071087891,2.70987315372,0.01705173147,0.15691645002,0.15691645002,3.26941940241,3.12422572695,0.257436123213,647,422,296
7D1825E2F4AD,322,3.2874824558,3.24994556052,3.26228168724,3.16548278816,0.02520076856,0.08446277236,0.08446277236,3.26941940241,3.12422572695,0.125719833567,230,648,545
7DDFB0CA2BF8,637,2.87239154825,2.28047463458,2.74483365954,2.30292090535,0.12755788871,0.02244627077,0.12755788871,3.26941940241,3.12422572695,0.843751092373,677,40,394
7E109A7AC169,553,3.60059897885,3.3610771497,3.62235168557,3.302896179,0.02175270672,0.0581809707,0.0581809707,3.26941940241,3.12422572695,0.331179576441,612,322,647
7E29ACA46157,1049,3.50959112691,2.96266121087,3.20157052899,2.83259900879,0.30802059792,0.13006220208,0.30802059792,3.26941940241,3.12422572695,0.240171724501,752,446,54
7E530A20DA68,485,3.33484787417,3.19728278015,3.49324892228,3.3519926668,0.15840104811,0.15470988665,0.15840104811,3.26941940241,3.12422572695,0.0730570531972,514,721,292
7E669FF93EB9,745,3.41340412568,2.9929540983,3.38784748938,2.95902533271,0.0255566363,0.03392876559,0.03392876559,3.26941940241,3.12422572695,0.143984723271,715,620,717
7F0703CF058E,626,3.70393156161,3.45279553633,3.61149314294,3.51425369835,0.09243841867,0.06145816202,0.09243841867,3.26941940241,3.12422572695,0.434512159201,676,222,520
7F1E8663BAE8,483,2.86673331184,2.33619880501,2.87910033702,2.38503911697,0.01236702518,0.04884031196,0.04884031196,3.26941940241,3.12422572695,0.788026921943,512,52,676
806672A60686,268,3.17207459096,3.10806449596,3.21664378116,3.26139657758,0.0445691902,0.15333208162,0.15333208162,3.26941940241,3.12422572695,0.0973448114492,149,693,307
80AD3F379BD1,301,2.89254047068,2.96358677647,3.02706447976,3.04209919713,0.13452400908,0.07851242066,0.13452400908,3.26941940241,3.12422572695,0.376878931729,199,273,378
80DD7EE85BF7,283,3.03484062684,3.03435013365,3.18747914055,3.04899665718,0.15263851371,0.01464652353,0.15263851371,3.26941940241,3.12422572695,0.234578775569,167,451,308
80F9E6D6503C,179,3.11825462921,3.23143419337,3.10735257727,3.29610889747,0.01090205194,0.0646747041,0.0646747041,3.26941940241,3.12422572695,0.151164773199,38,612,631
81218F777A2F,797,3.80618814821,3.50315381567,3.61005928804,3.45549095617,0.19612886017,0.0476628595,0.19612886017,3.26941940241,3.12422572695,0.536768745801,723,144,179
8149E792E505,478,3.03122981828,2.67356062379,3.03826366097,2.64780851085,0.00703384269,0.02575211294,0.02575211294,3.26941940241,3.12422572695,0.450665103163,502,207,732
81946793B89A,493,3.87509955903,3.76955100382,3.85191644917,3.80205206713,0.02318310986,0.03250106331,0.03250106331,3.26941940241,3.12422572695,0.645325276867,533,90,721
81D266D94D6D,683,3.89839829823,3.59014202759,3.82867286124,3.67376192831,0.06972543699,0.08361990072,0.08361990072,3.26941940241,3.12422572695,0.628978895821,691,93,549
82294A32E3E3,214,3.05889653074,2.73286497855,3.04917857056,2.78588459889,0.00971796018,0.05301962034,0.05301962034,3.26941940241,3.12422572695,0.391360748403,75,257,662
82722CEBCAB3,316,3.17556256214,2.92927506336,3.15333724687,2.78038531901,0.02222531527,0.14888974435,0.14888974435,3.26941940241,3.12422572695,0.194950663593,222,527,320
82BA3E4396CC,950,3.73734142969,3.37529506286,3.72671332608,3.56060100733,0.01062810361,0.18530594447,0.18530594447,3.26941940241,3.12422572695,0.467922027281,747,188,211
82F7210163B5,867,3.68477360748,3.33240693579,3.71456344678,3.34869345241,0.0297898393,0.01628651662,0.0297898393,3.26941940241,3.12422572695,0.415354205071,735,235,725
833F25175AFC,143,2.73835181704,2.5465347847,2.80238668019,2.7050005027,0.06403486315,0.158465718,0.158465718,3.26941940241,3.12422572695,0.577690942253,13,114,291
83C48C5697AE,960,3.64803301872,3.05366405052,3.43642741115,2.94143366518,0.21160560757,0.11223038534,0.21160560757,3.26941940241,3.12422572695,0.378613616311,749,270,145
852C90E3FA05,181,2.69304231676,2.44706776929,2.66499800135,2.55707595509,0.02804431541,0.1100081858,0.1100081858,3.26941940241,3.12422572695,0.677157957663,42,76,457
857B7FB712ED,368,2.56923832544,2.08208999171,2.87808095522,2.38518493074,0.30884262978,0.30309493903,0.30884262978,3.26941940241,3.12422572695,1.04213573524,322,18,53
858DFA7A9980,372,3.25461359227,3.1295986999,3.26725232542,3.23999803051,0.01263873315,0.11039933061,0.11039933061,3.26941940241,3.12422572695,0.0148058101392,328,760,456
85C71A1E0117,245,2.94076386589,2.5027190297,2.96244243056,2.57258204805,0.02167856467,0.06986301835,0.06986301835,3.26941940241,3.12422572695,0.621506697253,104,95,603
862ACD748291,194,2.61902171868,2.59843529141,2.66897717028,2.48674947522,0.0499554516,0.11168581619,0.11168581619,3.26941940241,3.12422572695,0.650397683729,56,88,453
869CC4EDD3B5,622,3.07442185816,2.82166251965,2.87437666458,2.6997209782,0.20004519358,0.12194154145,0.20004519358,3.26941940241,3.12422572695,0.302563207303,672,350,166
86B2AFB816D5,336,3.03239117431,2.47924861653,2.84690589667,2.38467310165,0.18548527764,0.09457551488,0.18548527764,3.26941940241,3.12422572695,0.644977110423,256,91,210
8772F74F5EE0,525,3.42210571375,3.14991646693,3.21152481189,2.85490148008,0.21058090186,0.29501498685,0.29501498685,3.26941940241,3.12422572695,0.152686311341,576,607,62
87A8B315A26E,342,2.96998116969,2.90043541658,2.85425764114,2.70582741949,0.11572352855,0.19460799709,0.19460799709,3.26941940241,3.12422572695,0.299438232719,273,359,183
8836B8EFCE5A,196,2.98220380258,2.84296804823,2.91584911104,2.80187635784,0.06635469154,0.04109169039,0.06635469154,3.26941940241,3.12422572695,0.287215599829,57,375,621
883C1EF358F6,257,3.47085623459,3.44283005077,3.4246727492,3.47541910402,0.04618348539,0.03258905325,0.04618348539,3.26941940241,3.12422572695,0.318604323817,127,334,686
88ECDCC89475,413,3.30149901438,2.8914791018,3.16646005442,2.74895809738,0.13503895996,0.14252100442,0.14252100442,3.26941940241,3.12422572695,0.232746625153,395,456,338
88FCD4D35128,545,3.35297885131,2.96150803712,3.19394304657,2.5911504291,0.15903580474,0.37035760802,0.37035760802,3.26941940241,3.12422572695,0.162717689833,601,589,28
88FD7FAAFA90,409,3.57470751926,3.4718537218,3.65377609413,3.66674967571,0.07906857487,0.19489595391,0.19489595391,3.26941940241,3.12422572695,0.347627994847,389,305,182
89ADE1CC1BEC,433,3.4932686473,3.25824197184,3.5535222628,3.17864784077,0.0602536155,0.07959413107,0.07959413107,3.26941940241,3.12422572695,0.223849244891,431,468,568
8A216BEDA4C2,391,3.06950119792,3.11106779501,3.30248999643,3.38177020031,0.23298879851,0.2707024053,0.2707024053,3.26941940241,3.12422572695,0.199918204489,356,516,78
8A80B525C75D,277,2.71691383073,2.32371391834,2.73990556673,2.35212753984,0.022991736,0.0284136215,0.0284136215,3.26941940241,3.12422572695,0.800511808613,158,50,727
8AF043C98622,266,3.06435037738,2.76845067597,2.98136595471,2.74603056506,0.08298442267,0.02242011091,0.08298442267,3.26941940241,3.12422572695,0.355775050983,145,298,553
8B1EB1890F9B,614,2.88395577024,2.29939487306,2.98868212177,2.49728629036,0.10472635153,0.1978914173,0.1978914173,3.26941940241,3.12422572695,0.824830853893,666,46,174
8C0C5CED34D5,340,3.04985748234,3.03706943572,2.98681482631,2.8440213481,0.06304265603,0.19304808762,0.19304808762,3.26941940241,3.12422572695,0.219561920069,265,480,188
8C3993109983,358,3.33944613949,3.43557419346,3.37722101072,3.44071452595,0.03777487123,0.00514033249,0.03777487123,3.26941940241,3.12422572695,0.311348466507,296,341,709
8D14BC33208D,214,2.81678785463,2.56486884732,2.810825064,2.43022815113,0.00596279063,0.13464069619,0.13464069619,3.26941940241,3.12422572695,0.559356879633,76,129,377
8D1CD79C0F8D,442,3.49540903737,3.28185204314,3.61307509696,3.46352811848,0.11766605959,0.18167607534,0.18167607534,3.26941940241,3.12422572695,0.225989634961,445,462,219
8D734AF72931,314,3.16025185796,3.18952905731,3.14292509873,3.01227979246,0.01732675923,0.17724926485,0.17724926485,3.26941940241,3.12422572695,0.109167544449,220,668,234
8DD09D4FCD4F,724,3.83453811495,3.54966192745,3.95118643967,3.74683993373,0.11664832472,0.19717800628,0.19717800628,3.26941940241,3.12422572695,0.565118712541,706,126,176
8DF5D7CF4085,654,3.58448385683,3.36744254001,3.67595243841,3.48819362011,0.09146858158,0.1207510801,0.1207510801,3.26941940241,3.12422572695,0.315064454421,681,338,416
8E10A6D2B272,327,3.25926951808,3.27690791266,3.32327185706,3.41123820611,0.06400233898,0.13433029345,0.13433029345,3.26941940241,3.12422572695,0.152682185707,241,608,379
8E5E6211E4D6,280,3.00949286662,3.15095980579,3.10931827499,3.08149447832,0.09982540837,0.06946532747,0.09982540837,3.26941940241,3.12422572695,0.259926535789,166,420,485
8E6F35BA3EE6,201,2.92409175233,3.09587736788,2.93089324775,3.08618129343,0.00680149542,0.00969607445,0.00969607445,3.26941940241,3.12422572695,0.345327650079,60,308,759
8E764A2C7266,233,2.78921253019,2.82676692834,3.16294205996,3.24587912712,0.37372952977,0.41911219878,0.41911219878,3.26941940241,3.12422572695,0.480206872219,98,180,18
8EE0540E163D,166,2.44337875585,2.34773401403,2.57092060415,2.52660970213,0.1275418483,0.1788756881,0.1788756881,3.26941940241,3.12422572695,0.826040646559,25,44,232
8EF9BE158AD3,513,3.05690991257,2.42278512296,3.09800465989,2.59102795687,0.04109474732,0.16824283391,0.16824283391,3.26941940241,3.12422572695,0.701440603993,562,72,260
8F16365E363D,207,3.08692404375,2.86154995525,2.94182534431,2.68556381164,0.14509869944,0.17598614361,0.17598614361,3.26941940241,3.12422572695,0.262675771703,65,412,239
8F6DFE02DF75,180,2.7600651394,2.59201862666,2.71929370631,2.52663781501,0.04077143309,0.06538081165,0.06538081165,3.26941940241,3.12422572695,0.532207100293,40,146,626
8FE04E30F621,447,3.41860187546,3.44167081124,3.48955301541,3.46779295104,0.07095113995,0.0261221398,0.07095113995,3.26941940241,3.12422572695,0.317445084287,456,336,598
9000217714BE,260,3.2779970817,3.38673838617,3.18266704864,3.35840932328,0.09533003306,0.02832906289,0.09533003306,3.26941940241,3.12422572695,0.262512659217,132,413,507
90526CA48E47,455,3.42619765175,3.26104806616,3.39615892283,3.13804619251,0.03003872892,0.12300187365,0.12300187365,3.26941940241,3.12422572695,0.156778249341,469,600,405
9086C0A2BF10,259,2.76293573082,2.42959243665,2.64840049586,2.33801435466,0.11453523496,0.09157808199,0.11453523496,3.26941940241,3.12422572695,0.694633290303,130,74,441
918C1880FCD8,447,3.75007974736,3.61321011003,3.9057932668,3.78559008026,0.15571351944,0.17237997023,0.17237997023,3.26941940241,3.12422572695,0.488984383077,457,175,249
92B418CEA06E,437,3.25556789497,2.97266472479,3.18532816461,2.91685831412,0.07023973036,0.05580641067,0.07023973036,3.26941940241,3.12422572695,0.151561002163,439,611,602
92CD1BD0C18F,761,3.07350604052,2.46507907522,2.88925817018,2.372627379,0.18424787034,0.09245169622,0.18424787034,3.26941940241,3.12422572695,0.659146651733,717,83,214
9392E2E0AA1E,534,2.99555901547,2.75320330025,3.12298703683,2.73328019916,0.12742802136,0.01992310109,0.12742802136,3.26941940241,3.12422572695,0.371022426703,588,278,396
93B8C8DAFE20,372,3.51075836314,3.46677559475,3.44173576892,3.44752625005,0.06902259422,0.0192493447,0.06902259422,3.26941940241,3.12422572695,0.342549867797,329,309,608
93DF867BE1C5,371,3.21651430788,2.89969965005,3.13140931248,2.67834970671,0.0851049954,0.22134994334,0.22134994334,3.26941940241,3.12422572695,0.224526076903,324,466,128
940441D4CF9C,509,3.10348361697,2.65276633678,3.06803363807,2.60318290215,0.0354499789,0.04958343463,0.04958343463,3.26941940241,3.12422572695,0.471459390173,558,186,673
95540EBC3FC9,421,3.58095682467,3.25810571676,3.4331944451,3.02947052088,0.14776237957,0.22863519588,0.22863519588,3.26941940241,3.12422572695,0.311537422261,413,340,121
95FD6DF25420,625,3.11716874834,2.78273525411,3.00346204357,2.75480030036,0.11370670477,0.02793495375,0.11370670477,3.26941940241,3.12422572695,0.341490472843,675,312,444
9613CEAFE86E,727,3.61103321636,3.26870629074,3.55119699102,3.34436909782,0.05983622534,0.07566280708,0.07566280708,3.26941940241,3.12422572695,0.341613813951,707,311,580
96220F2863D1,333,3.38959423047,3.22960201609,3.39425904314,3.17856955781,0.00466481267,0.05103245828,0.05103245828,3.26941940241,3.12422572695,0.120174828061,247,658,668
963AD357A595,382,2.61584787857,2.35661182938,2.72443036894,2.32754799219,0.10858249037,0.02906383719,0.10858249037,3.26941940241,3.12422572695,0.767613897573,341,57,460
9715AAF5B952,367,3.32042272235,3.29129814073,3.2888831825,3.40608180536,0.03153953985,0.11478366463,0.11478366463,3.26941940241,3.12422572695,0.167072413777,321,582,440
976E2E05C4EB,498,3.05151621123,2.79346619293,3.12679156238,2.74733774501,0.07527535115,0.04612844792,0.07527535115,3.26941940241,3.12422572695,0.330759534023,541,323,583
97A0FFE91A3E,471,3.29518304576,3.38050408006,3.35773629562,3.33619225835,0.06255324986,0.04431182171,0.06255324986,3.26941940241,3.12422572695,0.256278353107,493,425,640
9801CF414927,416,2.9484466442,2.59428022629,3.10824360584,2.64658157733,0.15979696164,0.05230135104,0.15979696164,3.26941940241,3.12422572695,0.529945500663,406,149,286
988BFF516FA0,535,3.70346198624,3.61547675395,3.70421366538,3.59806702998,0.00075167914,0.01740972397,0.01740972397,3.26941940241,3.12422572695,0.491251026997,592,171,748
98CD7819C7EF,459,3.2641007203,3.06150115712,3.33095888104,3.03011440647,0.06685816074,0.03138675065,0.06685816074,3.26941940241,3.12422572695,0.0627245698328,474,730,619
98D8723E86D0,472,3.19946830534,3.1042423626,3.31496818732,3.31456476584,0.11549988198,0.21032240324,0.21032240324,3.26941940241,3.12422572695,0.0699510970692,494,723,149
98D8FF9E3C56,604,3.64906075498,3.37079521715,3.5522055527,3.12898077195,0.09685520228,0.2418144452,0.2418144452,3.26941940241,3.12422572695,0.379641352571,657,268,106
992DB55B9726,637,2.72622187381,2.16668204015,3.00434270537,2.43038618991,0.27812083156,0.26370414976,0.27812083156,3.26941940241,3.12422572695,0.957543686803,678,25,73
997589EE26E6,393,2.40329928622,1.89388529469,2.67144871772,2.25326012923,0.2681494315,0.35937483454,0.35937483454,3.26941940241,3.12422572695,1.23034043226,359,9,31
99A3641592CA,595,3.3763069295,3.19617150393,3.34996006101,3.09988779005,0.02634686849,0.09628371388,0.09628371388,3.26941940241,3.12422572695,0.106887527091,648,674,502
99CAD0AF3560,379,3.31478292173,3.30948824572,3.33364189788,3.62380441026,0.01885897615,0.31431616454,0.31431616454,3.26941940241,3.12422572695,0.185262518767,338,548,48
9A5193D1C19B,559,3.66091411304,3.40668455257,3.72676500748,3.49016941802,0.06585089444,0.08348486545,0.08348486545,3.26941940241,3.12422572695,0.391494710631,615,256,551
9ABF7B48B802,447,3.23654151052,3.06677080364,3.17427622836,2.94454675335,0.06226528216,0.12222405029,0.12222405029,3.26941940241,3.12422572695,0.0574549233128,458,737,409
9AC32EA4050B,347,3.36219850264,3.28610487279,3.39564929466,3.24099987145,0.03345079202,0.04510500134,0.04510500134,3.26941940241,3.12422572695,0.161879145837,283,590,687
9AC838864995,592,3.43478404328,3.31670652057,3.29752313016,3.19072694155,0.13726091312,0.12597957902,0.13726091312,3.26941940241,3.12422572695,0.192480793617,644,531,367
9ADC4A3BFDD0,387,3.39130397437,3.06721727402,3.22137465591,2.88021492714,0.16992931846,0.18700234688,0.18700234688,3.26941940241,3.12422572695,0.121884571961,351,657,203
9B4C52064991,251,3.46845372705,3.39693303986,3.37028407851,3.49350119598,0.09816964854,0.09656815612,0.09816964854,3.26941940241,3.12422572695,0.272707312907,116,396,494
9B5E878ED861,299,3.30841598883,3.24702243181,3.18706646437,3.06791948574,0.12134952446,0.17910294607,0.17910294607,3.26941940241,3.12422572695,0.122796704857,197,655,229
9BF717F45D68,358,3.08658489467,3.02557498663,3.10577598105,3.02351847443,0.01919108638,0.0020565122,0.01919108638,3.26941940241,3.12422572695,0.182834507739,297,555,745
9C1B60E737FB,395,3.46039497015,3.27316365276,3.48349348992,3.02027876549,0.02309851977,0.25288488727,0.25288488727,3.26941940241,3.12422572695,0.190975567741,362,534,97
9C57307D58A5,400,2.91482842062,2.61629202725,2.97948847047,2.62698391441,0.06466004985,0.01069188716,0.06466004985,3.26941940241,3.12422572695,0.507933699703,373,161,632
9C601D9FCB5F,693,3.47274987033,3.0614824635,3.24280727929,2.91123630899,0.22994259104,0.15024615451,0.22994259104,3.26941940241,3.12422572695,0.203330467921,695,506,119
9C6132E41DDE,413,3.29964958345,3.30481214073,3.37169289436,3.43660509578,0.07204331091,0.13179295505,0.13179295505,3.26941940241,3.12422572695,0.180586413777,396,561,386
9CB69011AE54,184,2.71530749228,2.6412118793,2.72318333716,2.56619869326,0.00787584488,0.07501318604,0.07501318604,3.26941940241,3.12422572695,0.554111910129,45,132,585
9DA131E0F720,619,3.51464876889,3.44492063496,3.65814998813,3.48481151114,0.14350121924,0.03989087618,0.14350121924,3.26941940241,3.12422572695,0.320694908007,669,332,335
9E478C982AD0,146,3.06707996091,3.2376039529,2.9340462802,3.06444471793,0.13303368071,0.17315923497,0.17315923497,3.26941940241,3.12422572695,0.202339441499,15,508,246
9E817DB62497,324,3.18010037328,3.18579126299,3.32085298088,3.40241760899,0.1407526076,0.216626346,0.216626346,3.26941940241,3.12422572695,0.0893190291292,235,702,135
9EAB766AF4BE,435,3.65099165948,3.65639631648,3.65267620231,3.72211394354,0.00168454283,0.06571762706,0.06571762706,3.26941940241,3.12422572695,0.532170589527,433,147,624
9EADCECA2FB8,225,2.58631663732,2.23936543098,2.67947990013,2.32526851361,0.09316326281,0.08590308263,0.09316326281,3.26941940241,3.12422572695,0.884860295973,88,34,516
9EBA120196BC,163,3.20356912649,3.16323187776,3.02341293829,3.09543256135,0.1801561882,0.06779931641,0.1801561882,3.26941940241,3.12422572695,0.0658502759192,20,727,225
9EC4A16802BF,339,3.51661161492,3.32665112811,3.47215946381,3.48457578483,0.04445215111,0.15792465672,0.15792465672,3.26941940241,3.12422572695,0.247192212511,262,438,293
9F27EAC1E27D,437,3.55511314106,3.51990952274,3.61540723217,3.5722848105,0.06029409111,0.05237528776,0.06029409111,3.26941940241,3.12422572695,0.395683795787,440,252,644
9F401E75755A,508,3.17716390717,2.94133955359,3.08315473654,2.65905980037,0.09400917063,0.28227975322,0.28227975322,3.26941940241,3.12422572695,0.182886173363,556,554,70
9FD1F622BAC3,327,3.07196698732,3.03853560868,3.14415578714,2.97606660645,0.07218879982,0.06246900223,0.07218879982,3.26941940241,3.12422572695,0.197452415089,242,522,593
9FDD8A146288,250,2.61501765573,2.52352445369,2.66990166412,2.40354973387,0.05488400839,0.11997471982,0.11997471982,3.26941940241,3.12422572695,0.654401746679,115,86,420
A094036DE672,333,3.10413627197,2.71850581046,3.02687607521,2.69549802782,0.07726019676,0.02300778264,0.07726019676,3.26941940241,3.12422572695,0.405719916493,248,243,576
A0A2D6856B0E,374,3.11063940965,3.11567655614,3.33292816184,3.27639335804,0.22228875219,0.1607168019,0.22228875219,3.26941940241,3.12422572695,0.158779992759,331,597,126
A0E95D8119F7,463,3.22039694524,2.62205892668,3.18572510092,2.77968456874,0.03467184432,0.15762564206,0.15762564206,3.26941940241,3.12422572695,0.502166800273,478,166,294
A10755158FEF,395,3.25982814314,3.06159132708,3.24678054565,2.99466568613,0.01304759749,0.06692564095,0.06692564095,3.26941940241,3.12422572695,0.0626343998728,363,732,618
A10E91E49973,464,3.65937023672,3.43261455093,3.73377448906,3.49153516263,0.07440425234,0.0589206117,0.07440425234,3.26941940241,3.12422572695,0.389950834311,481,258,588
A11969208401,286,3.21284563751,3.16235527951,3.32194182666,3.42655851105,0.10909618915,0.26420323154,0.26420323154,3.26941940241,3.12422572695,0.0565737648992,175,738,84
A18B82F7407B,464,3.2720292911,3.08260625277,3.19650271613,2.88896365194,0.07552657497,0.19364260083,0.19364260083,3.26941940241,3.12422572695,0.0416194741828,482,749,185
A1D0490FD324,390,3.47286450325,3.5115896979,3.5074792351,3.62370019154,0.03461473185,0.11211049364,0.11211049364,3.26941940241,3.12422572695,0.387363970947,354,261,451
A1DE235AFFC8,442,3.32550961923,3.20529937833,3.0472862453,2.83238841664,0.27822337393,0.37291096169,0.37291096169,3.26941940241,3.12422572695,0.0810736513772,446,713,26
A336FB5F2623,260,3.04958892215,2.61354054501,3.05099488634,2.59358287179,0.00140596419,0.01995767322,0.01995767322,3.26941940241,3.12422572695,0.510685181943,133,159,744
A38A3B76558A,501,3.34392922471,3.19319929627,3.49380705288,3.10022235274,0.14987782817,0.09297694353,0.14987782817,3.26941940241,3.12422572695,0.0745098223008,546,720,315
A3A0AB366927,533,3.61950695939,3.52096719949,3.82979467843,3.65854892253,0.21028771904,0.13758172304,0.21028771904,3.26941940241,3.12422572695,0.396741472537,585,249,150
A3E6A572C6E5,1017,3.61185430809,2.95874657899,3.23576795362,2.76704921222,0.37608635447,0.19169736677,0.37608635447,3.26941940241,3.12422572695,0.342434905681,751,310,24
A47106D7B784,427,3.24082075581,3.27611464956,3.27864393863,3.0638124395,0.03782318282,0.21230221006,0.21230221006,3.26941940241,3.12422572695,0.151888922607,420,609,144
A4C46FEBBCC4,212,3.20259206038,3.12024555202,3.13274117198,2.91855446911,0.0698508884,0.20169108291,0.20169108291,3.26941940241,3.12422572695,0.0668273420292,72,726,163
A4DA4201903F,168,2.49449942663,2.13225872375,2.58812907371,2.32655609266,0.09362964708,0.19429736891,0.19429736891,3.26941940241,3.12422572695,0.991967003203,27,19,184
A6745A8EE7AF,264,3.04496124801,2.833231522,2.94400623618,2.60433018662,0.10095501183,0.22890133538,0.22890133538,3.26941940241,3.12422572695,0.290994204953,142,367,120
A6A6C7852F05,399,3.24455830991,3.18688198504,3.36571563271,3.32365929373,0.1211573228,0.13677730869,0.13677730869,3.26941940241,3.12422572695,0.0626562580872,372,731,369
A6BE0FAFA04B,309,3.2051194732,2.92001541988,3.16283062916,2.82509394553,0.04228884404,0.09492147435,0.09492147435,3.26941940241,3.12422572695,0.204210307073,208,504,510
A72F4E50ED92,342,3.3932097535,3.2144079176,3.1869177688,2.91216847798,0.2062919847,0.30223943962,0.30223943962,3.26941940241,3.12422572695,0.123790351091,274,653,56
A764E2DFDDD7,410,2.9424016954,2.71906822691,2.90892189996,2.62396113488,0.03347979544,0.09510709203,0.09510709203,3.26941940241,3.12422572695,0.405157500043,391,244,509
A84FFDD09442,470,3.19842963062,2.98876990749,3.07595260807,2.81305767412,0.12247702255,0.17571223337,0.17571223337,3.26941940241,3.12422572695,0.135455819463,491,635,241
A87C80DEAB08,720,3.30131214017,3.0126960185,3.29746723087,2.91826178024,0.0038449093,0.09443423826,0.09443423826,3.26941940241,3.12422572695,0.111529708453,705,666,511
A88FB1D1C8BD,438,3.10013653429,2.62952573704,3.06324830854,2.62815048944,0.03688822575,0.0013752476,0.03688822575,3.26941940241,3.12422572695,0.494699989913,441,169,711
A98482015F5A,575,3.74336902732,3.57297093024,3.81730977869,3.61700792542,0.07394075137,0.04403699518,0.07394075137,3.26941940241,3.12422572695,0.473949624911,630,183,591
AA0919FCDEDC,526,3.09383168549,2.69029261604,3.07447364583,2.6191700527,0.01935803966,0.07112256334,0.07112256334,3.26941940241,3.12422572695,0.433933110913,577,223,595
AA8DA5629CBC,429,3.1871937734,3.2109551404,3.2899761263,3.23554045517,0.1027823529,0.02458531477,0.1027823529,3.26941940241,3.12422572695,0.0867294134472,427,709,478
AAF42F8A396F,415,2.78324409531,2.50687419149,2.8075163386,2.54932737786,0.02427224329,0.04245318637,0.04245318637,3.26941940241,3.12422572695,0.617351535463,401,97,695
AB2FD69DBACF,336,3.21794980993,3.02253819851,3.12699290437,2.84181774649,0.09095690556,0.18072045202,0.18072045202,3.26941940241,3.12422572695,0.101687528443,257,685,222
AB6284069E18,550,3.49165587527,3.34638153969,3.56221132488,3.43721995832,0.07055544961,0.09083841863,0.09083841863,3.26941940241,3.12422572695,0.222236472861,605,471,526
ABC59FCA6150,551,3.06399505323,2.56511387304,3.11927422777,2.55147664461,0.05527917454,0.01363722843,0.05527917454,3.26941940241,3.12422572695,0.559111853913,606,130,660
ABFEE879153D,435,3.32246967114,3.08769471943,3.25021735993,3.0561385789,0.07225231121,0.03155614053,0.07225231121,3.26941940241,3.12422572695,0.0530502687308,434,741,592
AC1F60D0F85D,419,3.34674681266,3.24074441255,3.20924837842,3.01075431044,0.13749843424,0.22999010211,0.22999010211,3.26941940241,3.12422572695,0.116518685597,410,661,118
AC3111702C95,446,3.64177006296,3.60530692873,3.67616779472,3.59930994412,0.03439773176,0.00599698461,0.03439773176,3.26941940241,3.12422572695,0.481081201777,453,178,716
AC9719A6A375,597,3.40144366729,3.1529177601,3.56237493417,3.20736362015,0.16093126688,0.05444586005,0.16093126688,3.26941940241,3.12422572695,0.132024264881,649,641,279
AD175892EC1C,844,3.71123579482,3.37722579899,3.62111395432,3.43228282861,0.0901218405,0.05505702962,0.0901218405,3.26941940241,3.12422572695,0.441816392411,733,216,527
AD5F7E8C127F,729,3.32611484265,2.93589045227,3.28937839529,2.87292690044,0.03673644736,0.06296355183,0.06296355183,3.26941940241,3.12422572695,0.188335274683,709,540,637
AE2E6B3472DB,346,3.1389902952,2.94149384798,3.06050318239,2.89632355393,0.07848711281,0.04517029405,0.07848711281,3.26941940241,3.12422572695,0.182731878973,280,557,573
AE8A9585640A,303,2.97790660112,3.17905593871,3.21161882524,3.32213119368,0.23371222412,0.14307525497,0.23371222412,3.26941940241,3.12422572695,0.291512801289,203,366,112
AECE763751DB,326,3.05184893733,3.08006511658,3.08060210456,2.91316509904,0.02875316723,0.16690001754,0.16690001754,3.26941940241,3.12422572695,0.217570465079,240,482,263
AEDDD593BF0F,226,3.14943910098,3.2228676821,3.14729532899,3.31885865888,0.00214377199,0.09599097678,0.09599097678,3.26941940241,3.12422572695,0.119980301429,90,659,505
AFB5CC3E27EB,700,3.39226068078,2.90760189641,3.22713847922,2.67658269408,0.16512220156,0.23101920233,0.23101920233,3.26941940241,3.12422572695,0.216623830543,697,484,115
AFC600D922F6,461,2.99523236601,2.55785556292,3.083945101,2.59439500196,0.08871273499,0.03653943904,0.08871273499,3.26941940241,3.12422572695,0.566370164033,475,124,531
AFE6CAE937D8,890,2.80137054027,1.96357154534,2.8722484244,2.45541710936,0.07087788413,0.49184556402,0.49184556402,3.26941940241,3.12422572695,1.16065418161,740,11,10
B0DFC5E93591,111,2.0007914604,1.27902812161,2.34976766793,2.22063033949,0.34897620753,0.94160221788,0.94160221788,3.26941940241,3.12422572695,1.84519760534,7,2,3
B18BEE398BAD,202,2.3478264892,1.99934021367,2.5981725407,2.31908228251,0.2503460515,0.31974206884,0.31974206884,3.26941940241,3.12422572695,1.12488551328,61,13,46
B1BF25C4C28B,529,3.64388381336,3.35650334034,3.71824830923,3.30233340936,0.07436449587,0.05416993098,0.07436449587,3.26941940241,3.12422572695,0.374464410951,579,276,589
B2123357B114,322,3.20460535058,3.09152830591,3.26414269056,2.99899545855,0.05953733998,0.09253284736,0.09253284736,3.26941940241,3.12422572695,0.0648140518292,231,729,519
B23BDDB4B5FA,325,3.2604909722,3.31070194916,3.29435537743,3.35523889582,0.03386440523,0.04453694666,0.04453694666,3.26941940241,3.12422572695,0.186476222207,238,543,688
B261F438E0DA,328,3.11790847443,2.91398898242,3.09040302634,2.87210318682,0.02750544809,0.0418857956,0.0418857956,3.26941940241,3.12422572695,0.210236744533,245,493,701
B2D03F892B0D,444,3.22747884582,2.99313359822,3.15008622843,2.84455236592,0.07739261739,0.1485812323,0.1485812323,3.26941940241,3.12422572695,0.131092128733,450,643,321
B3AB4E6C5678,407,2.97228437985,2.90294665337,3.04027005753,2.82475017084,0.06798567768,0.07819648253,0.07819648253,3.26941940241,3.12422572695,0.297135022559,385,362,575
B469122B9ACB,485,3.13851580051,2.98070552028,3.38442710684,3.06338352215,0.24591130633,0.08267800187,0.24591130633,3.26941940241,3.12422572695,0.143520206673,515,622,102
B46E31AA2653,286,3.36517454132,3.35757320571,3.26695347893,3.38878139691,0.09822106239,0.0312081912,0.09822106239,3.26941940241,3.12422572695,0.233347478757,176,453,493
B50C9D328FAD,498,3.45865456848,3.30253534595,3.42831277082,3.12312609501,0.03034179766,0.17940925094,0.17940925094,3.26941940241,3.12422572695,0.189235166071,542,536,227
B5106AB5C81C,364,2.86748094467,2.65216008228,2.95465678031,2.62714829194,0.08717583564,0.02501179034,0.08717583564,3.26941940241,3.12422572695,0.472065644673,313,185,535
B543953F757A,826,3.49415043494,3.05948694403,3.27769371008,2.80472521543,0.21645672486,0.2547617286,0.2547617286,3.26941940241,3.12422572695,0.224731032531,729,464,95
B5AE26EEE247,361,3.0448543235,2.94685504645,3.06021882252,2.88957843059,0.01536449902,0.05727661586,0.05727661586,3.26941940241,3.12422572695,0.224565078909,304,465,651
B5FFED1536FE,393,2.74116012708,2.28961854928,2.83998874875,2.45538453675,0.09882862167,0.16576598747,0.16576598747,3.26941940241,3.12422572695,0.834607177673,360,41,269
B68C62AB1515,729,3.64541860954,3.45745783062,3.68543705312,3.57890170097,0.04001844358,0.12144387035,0.12144387035,3.26941940241,3.12422572695,0.375999207131,710,274,412
B6D958C73D90,355,3.32137867615,3.32482871876,3.52509512733,3.44417818645,0.20371645118,0.11934946769,0.20371645118,3.26941940241,3.12422572695,0.200602991807,292,513,159
B7626C8D1FAB,611,3.36111079047,3.16527570893,3.48177184637,3.14484304769,0.1206610559,0.02043266124,0.1206610559,3.26941940241,3.12422572695,0.0916913880608,663,699,417
B794B3C07254,938,3.44252111565,2.55699941536,3.10006226248,2.66239203142,0.34245885317,0.10539261606,0.34245885317,3.26941940241,3.12422572695,0.567226311593,744,122,36
B7FABBC13A0F,1114,3.87054667001,3.3027383027,3.60884746626,3.04476660878,0.26169920375,0.25797169392,0.26169920375,3.26941940241,3.12422572695,0.601127267601,758,102,87
B7FCFC6A7011,515,2.61344015678,2.2260485262,2.89686681844,2.51451915602,0.28342666166,0.28847062982,0.28847062982,3.26941940241,3.12422572695,0.898177200753,564,32,65
B83DD09D3129,164,3.28953116328,3.02946982311,3.19466824037,2.91372475533,0.09486292291,0.11574506778,0.11574506778,3.26941940241,3.12422572695,0.0947559038428,21,694,435
B8656754E9EB,567,3.57279406324,3.35232242998,3.35899335015,3.20488368374,0.21380071309,0.14743874624,0.21380071309,3.26941940241,3.12422572695,0.303374660831,618,348,139
B9A542B2C36C,183,3.25229433951,3.12065772761,3.01340362874,2.87404064819,0.23889071077,0.24661707942,0.24661707942,3.26941940241,3.12422572695,0.0171250628992,44,759,101
B9DABCFD687D,487,3.24104432049,2.996443773,3.19728708052,2.85162530392,0.04375723997,0.14481846908,0.14481846908,3.26941940241,3.12422572695,0.127781953953,521,646,333
BA9DA5122C58,441,3.42064592688,3.30972449564,3.37425584632,3.18323358361,0.04639008056,0.12649091203,0.12649091203,3.26941940241,3.12422572695,0.185498768687,443,546,401
BAD99FB704BB,397,3.14437687851,2.93818668733,3.13600480259,2.78589111695,0.00837207592,0.15229557038,0.15229557038,3.26941940241,3.12422572695,0.186039039623,366,545,310
BB18A75AC035,427,3.4039186149,3.22064969555,3.38597861228,3.16907158555,0.01794000262,0.05157811,0.05157811,3.26941940241,3.12422572695,0.134499212491,421,637,666
BB5D6C14712D,444,3.11593056859,3.00874682107,3.26112520366,3.21158167871,0.14519463507,0.20283485764,0.20283485764,3.26941940241,3.12422572695,0.153488833819,451,605,161
BBB9D66F934C,418,3.19015686653,3.13040440603,3.16979923017,3.14508307524,0.02035763636,0.01467866921,0.02035763636,3.26941940241,3.12422572695,0.0792625358792,408,714,742
BC1F1C37721E,313,3.44393218981,3.26558068651,3.34265251069,3.37807065926,0.10127967912,0.11248997275,0.11248997275,3.26941940241,3.12422572695,0.174512787401,217,573,448
BC8115EEB029,541,3.53271983171,3.29797969065,3.28334505009,3.18318674018,0.24937478162,0.11479295047,0.24937478162,3.26941940241,3.12422572695,0.263300429301,596,410,100
BDAE1D4B6C20,850,3.99289520986,3.63788707153,4.0186011253,3.79183834442,0.02570591544,0.15395127289,0.15395127289,3.26941940241,3.12422572695,0.723475807451,734,67,306
BE1752DCF09C,404,2.81981730814,2.45023703439,2.84769827866,2.49242407785,0.02788097052,0.04218704346,0.04218704346,3.26941940241,3.12422572695,0.673988692563,381,77,698
BE4764F7BFF1,696,3.86152054153,3.62312225701,4.12273613959,3.92214704316,0.26121559806,0.29902478615,0.29902478615,3.26941940241,3.12422572695,0.592101139121,696,108,57
BEFA85A6134B,514,2.93883046973,2.52963834893,3.10848408255,2.55201288734,0.16965361282,0.02237453841,0.16965361282,3.26941940241,3.12422572695,0.594587378023,563,106,255
BF0AF86DFDE1,364,3.40890855537,3.30768032501,3.45771739816,3.45029411271,0.04880884279,0.1426137877,0.1426137877,3.26941940241,3.12422572695,0.183454598057,314,552,336
BF267B42A2A4,491,3.18594376754,2.84149442697,3.1289310975,2.71143465894,0.05701267004,0.13005976803,0.13005976803,3.26941940241,3.12422572695,0.282731299983,528,384,390
BF580042A644,834,3.77464639686,3.49660696153,3.86049971547,3.719990191,0.08585331861,0.22338322947,0.22338322947,3.26941940241,3.12422572695,0.505226994451,730,163,125
BFAEA615906C,356,3.51709656748,3.3928398263,3.52204669555,3.54954453381,0.00495012807,0.15670470751,0.15670470751,3.26941940241,3.12422572695,0.268614099347,294,401,298
BFB07811C92D,571,3.05349629813,2.66585403984,3.06410373176,2.65681847876,0.01060743363,0.00903556108,0.01060743363,3.26941940241,3.12422572695,0.458371687113,623,200,756
C01AC1CDDD65,256,2.65838066815,2.46260268454,2.83456336011,2.44782509847,0.17618269196,0.01477758607,0.17618269196,3.26941940241,3.12422572695,0.661623042413,125,81,237
C0643251A96A,261,2.6445316338,2.35592691948,2.81090589719,2.50089024893,0.16637426339,0.14496332945,0.16637426339,3.26941940241,3.12422572695,0.768298807473,135,56,265
C0B30026B439,300,3.21291405705,2.84872383445,3.08830974001,2.8165055566,0.12460431704,0.03221827785,0.12460431704,3.26941940241,3.12422572695,0.275501892503,198,392,404
C15EC5707409,455,3.38673492345,3.34449237334,3.53641606352,3.4300836355,0.14968114007,0.08559126216,0.14968114007,3.26941940241,3.12422572695,0.220266646387,470,478,316
C277BE295A41,246,3.88549382965,3.72444403781,3.70888470805,3.60710308675,0.1766091216,0.11734095106,0.1766091216,3.26941940241,3.12422572695,0.616074427241,106,98,236
C2D061782462,322,3.37384654467,3.41722942182,3.36026017803,3.42645608061,0.01358636664,0.00922665879,0.01358636664,3.26941940241,3.12422572695,0.293003694867,232,365,751
C31C0ED2A05C,257,2.95779617792,2.63359586994,2.8262690983,2.40634545521,0.13152707962,0.22725041473,0.22725041473,3.26941940241,3.12422572695,0.490629857013,128,173,124
C37F09E24836,679,3.55468970098,3.26135544604,3.61220463395,3.34806047282,0.05751493297,0.08670502678,0.08670502678,3.26941940241,3.12422572695,0.285270298571,690,378,536
C40BB9E0BC6C,901,3.33717331381,2.91946745141,3.24095805786,2.86468090578,0.09621525595,0.05478654563,0.09621525595,3.26941940241,3.12422572695,0.204758275543,742,503,503
C465964DA6D5,396,3.04568270288,2.87289116243,3.04947682074,2.73253832714,0.00379411786,0.14035283529,0.14035283529,3.26941940241,3.12422572695,0.251334564523,364,432,350
C4A874260D21,531,3.23143562871,3.08928591893,3.2187259603,2.97494715664,0.01270966841,0.11433876229,0.11433876229,3.26941940241,3.12422572695,0.0379837736992,583,751,442
C548AD0C706C,580,2.94428820419,2.55323344203,2.93232648142,2.59985725789,0.01196172277,0.04662381586,0.04662381586,3.26941940241,3.12422572695,0.570992284923,633,119,684
C5DE10EA489B,362,3.23034138072,3.04498837439,3.28324335313,2.99574674058,0.05290197241,0.04924163381,0.05290197241,3.26941940241,3.12422572695,0.0792373525628,308,715,663
C616CFDBCA6A,361,3.71775904842,3.6992541647,3.45165756735,3.46222164157,0.26610148107,0.23703252313,0.26610148107,3.26941940241,3.12422572695,0.575028437747,305,117,80
C662BDD50395,336,3.21082308935,3.28317843737,3.31011516451,3.53258039379,0.09929207516,0.24940195642,0.24940195642,3.26941940241,3.12422572695,0.158952710417,258,596,99
C6A047494477,296,2.34338600506,1.6727204854,2.81624120805,2.42921295259,0.47285520299,0.75649246719,0.75649246719,3.26941940241,3.12422572695,1.45150524155,188,5,4
C6DDD966C9FC,358,3.72966308872,3.58058053512,3.84742626893,3.78341622341,0.11776318021,0.20283568829,0.20283568829,3.26941940241,3.12422572695,0.460243686311,298,198,160
C70AEFA3CD16,675,3.19573383938,2.68528164258,3.04751137157,2.58150644978,0.14822246781,0.1037751928,0.14822246781,3.26941940241,3.12422572695,0.438944084373,688,217,322
C76DBCE18AF0,277,3.12586932123,2.96352419961,3.0136691771,2.80908646257,0.11220014413,0.15443773704,0.15443773704,3.26941940241,3.12422572695,0.160701527343,159,593,304
C7CE778367F6,610,3.63234975087,3.2888835039,3.74059576035,3.4259031912,0.10824600948,0.1370196873,0.1370196873,3.26941940241,3.12422572695,0.362930348461,662,286,368
C82037D6072F,446,3.32701871653,3.2169451575,3.23065740401,2.90139325516,0.09636131252,0.31555190234,0.31555190234,3.26941940241,3.12422572695,0.0927194305472,454,696,47
C858F547F2AD,477,3.39331421062,3.26476360428,3.45486178093,3.43832570245,0.06154757031,0.17356209817,0.17356209817,3.26941940241,3.12422572695,0.140537877327,500,625,245
C8620D9D22DC,382,3.34064493901,3.3027205389,3.30922410485,3.44490481844,0.03142083416,0.14218427954,0.14218427954,3.26941940241,3.12422572695,0.178494811947,342,562,339
C87D8E9C6248,425,2.86400756629,2.66334059203,2.9305763196,2.61368303495,0.06656875331,0.04965755708,0.06656875331,3.26941940241,3.12422572695,0.460885134923,417,197,620
C8EF7048C03F,422,3.46559791487,3.42550617349,3.63677768503,3.59329935283,0.17117977016,0.16779317934,0.17117977016,3.26941940241,3.12422572695,0.301280446537,415,352,252
C954A6D0B707,172,3.26004181354,3.31952735002,3.16445832524,3.33109976461,0.0955834883,0.01157241459,0.0955834883,3.26941940241,3.12422572695,0.195301623067,32,526,506
C972C565A819,462,3.20957296989,3.13443994571,3.31448114611,3.13036601969,0.10490817622,0.00407392602,0.10490817622,3.26941940241,3.12422572695,0.0598464325192,477,734,468
CA3EB3AA11FC,431,1.69423491123,0.774876419825,2.55214383091,2.17308677824,0.85790891968,1.39821035842,1.39821035842,3.26941940241,3.12422572695,2.34934930713,430,1,1
CA4941643D09,453,3.16400169921,3.04244552901,3.18330927076,2.9389557873,0.01930757155,0.10348974171,0.10348974171,3.26941940241,3.12422572695,0.105417703199,466,676,475
CA58CF3D8943,408,2.98870262527,2.69613704899,3.04266419704,2.58972159061,0.05396157177,0.10641545838,0.10641545838,3.26941940241,3.12422572695,0.428088677963,387,228,467
CA64C82B0F26,479,2.85601601455,2.76778705603,2.8519611233,2.433552914,0.00405489125,0.33423414203,0.33423414203,3.26941940241,3.12422572695,0.413403387859,504,237,39
CA7CE4CE7ED3,490,3.30109499999,3.23140629049,3.46778300785,3.2934742505,0.16668800786,0.06206796001,0.16668800786,3.26941940241,3.12422572695,0.107180563537,527,673,264
CB120B25B46E,263,3.45053878353,3.28899337991,3.29292684447,3.33440197717,0.15761193906,0.04540859726,0.15761193906,3.26941940241,3.12422572695,0.181119381121,140,559,295
CB2F9A2B612B,454,3.36754477206,3.26181583561,3.39116683563,3.37355848623,0.02362206357,0.11174265062,0.11174265062,3.26941940241,3.12422572695,0.137590108657,468,630,452
CBA73A4D5C18,568,2.95896502914,2.4583818549,2.98338212979,2.49425054005,0.02441710065,0.03586868515,0.03586868515,3.26941940241,3.12422572695,0.665843872053,620,79,713
CBDE3C526D05,92,3.05078706379,3.13514734383,2.99445525625,2.93503679951,0.05633180754,0.20011054432,0.20011054432,3.26941940241,3.12422572695,0.218632338619,4,481,165
CBF103FE58DD,207,2.84043112639,2.5020133874,2.72051462702,2.47437777498,0.11991649937,0.02763561242,0.11991649937,3.26941940241,3.12422572695,0.622212339553,66,94,421
CC11E4C2FE01,212,3.46677384234,3.58973841455,3.22821874856,3.41335150549,0.23855509378,0.17638690906,0.23855509378,3.26941940241,3.12422572695,0.465512687597,73,190,109
CC149CD4B584,598,3.19144888166,2.98657660266,3.10846494498,2.86575660008,0.08298393668,0.12082000258,0.12082000258,3.26941940241,3.12422572695,0.137649124293,650,629,415
CCA58535073C,303,3.29743604056,3.2501675915,3.2329691318,3.27238508173,0.06446690876,0.02221749023,0.06446690876,3.26941940241,3.12422572695,0.125941864547,204,647,633
CCB13E22A439,388,3.34973023627,2.98045145714,3.17084461006,2.84437118599,0.17888562621,0.13608027115,0.17888562621,3.26941940241,3.12422572695,0.143774269813,352,621,231
CCDD77656701,1205,3.61001466275,3.06785809113,3.17888693439,2.80157081679,0.43112772836,0.26628727434,0.43112772836,3.26941940241,3.12422572695,0.340595260341,762,313,16
CD9AF89E5CA1,450,3.34288505185,2.88927826862,3.35986476077,3.05131641428,0.01697970892,0.16203814566,0.16203814566,3.26941940241,3.12422572695,0.234947458333,461,450,278
CDDAB6C29BF8,247,2.76927952347,2.56511756816,2.82135103612,2.70465749744,0.05207151265,0.13953992928,0.13953992928,3.26941940241,3.12422572695,0.559108158793,107,131,355
CDE661A599F5,478,3.52232548464,3.18934293954,3.54313528644,3.07285123091,0.0208098018,0.11649170863,0.11649170863,3.26941940241,3.12422572695,0.252906082231,503,429,431
CEC5B40D1688,787,3.79082199971,3.39016754276,3.67167971354,3.25585035557,0.11914228617,0.13431718719,0.13431718719,3.26941940241,3.12422572695,0.521402597301,722,152,380
CEC6870D564F,215,2.92067988155,2.75391022964,2.9450256074,2.70146170684,0.02434572585,0.0524485228,0.0524485228,3.26941940241,3.12422572695,0.370315497313,77,279,664
CEE41F7526FA,557,3.38771618272,3.26524243847,3.40182366786,3.35850371227,0.01410748514,0.0932612738,0.0932612738,3.26941940241,3.12422572695,0.141016711517,613,624,515
CEFDC545C24F,313,3.17685323665,3.15382432648,3.26611940139,3.58537734088,0.08926616474,0.4315530144,0.4315530144,3.26941940241,3.12422572695,0.0925661657592,218,697,15
CF3DC2587708,290,2.91800509563,2.4052238634,2.97665108398,2.58439389789,0.05864598835,0.17917003449,0.17917003449,3.26941940241,3.12422572695,0.719001863553,183,69,228
CFD454F55693,411,2.69070330876,2.52155239919,2.82238532592,2.45687928385,0.13168201716,0.06467311534,0.13168201716,3.26941940241,3.12422572695,0.602673327763,393,101,387
D001F6D3A0D0,607,3.27596298422,3.13135810806,3.44541482378,3.24837314005,0.16945183956,0.11701503199,0.16945183956,3.26941940241,3.12422572695,0.00713238110722,659,762,256
D01F88C1F2A0,522,3.37694855019,3.14919815294,3.29568011589,2.9189112476,0.0812684343,0.23028690534,0.23028690534,3.26941940241,3.12422572695,0.107529147781,574,671,117
D03AC4A82463,295,2.75327678005,2.59227097644,2.84415447589,2.6583081001,0.09087769584,0.06603712366,0.09087769584,3.26941940241,3.12422572695,0.531954750513,187,148,525
D06EDF336392,656,3.51418604934,3.0593581137,3.37515912462,2.87867192638,0.13902692472,0.18068618732,0.18068618732,3.26941940241,3.12422572695,0.244766646931,683,443,223
D14413B502FD,349,3.65304626356,3.49829484212,3.6527792228,3.40404890373,0.00026704076,0.09424593839,0.09424593839,3.26941940241,3.12422572695,0.383626861151,285,263,513
D175411080CC,532,3.48076466589,3.02848301402,3.43107067718,2.87237052917,0.04969398871,0.15611248485,0.15611248485,3.26941940241,3.12422572695,0.211345263481,584,490,299
D1769512AB23,374,2.66369893243,2.33674759205,2.7286490714,2.29399454086,0.06495013897,0.04275305119,0.06495013897,3.26941940241,3.12422572695,0.787478134903,332,53,628
D184EDBFB3B8,259,3.3162262175,3.33829199703,3.17618868368,3.28396807015,0.14003753382,0.05432392688,0.14003753382,3.26941940241,3.12422572695,0.214066270077,131,487,351
D1A682106D3C,429,3.34632171616,3.21409433701,3.23130298445,3.07318764148,0.11501873171,0.14090669553,0.14090669553,3.26941940241,3.12422572695,0.0898686100572,428,701,344
D1B9A2A7BEDA,534,3.16112574658,2.84698675189,3.15907381716,2.8043120943,0.00205192942,0.04267465759,0.04267465759,3.26941940241,3.12422572695,0.277238975063,589,387,694
D1D770AF6855,385,3.59028900774,3.56673290458,3.5343874469,3.51283430578,0.05590156084,0.0538985988,0.05590156084,3.26941940241,3.12422572695,0.442507177627,345,214,659
D2517350CB3A,469,3.2868049477,3.00706547266,3.17935876294,2.84625677882,0.10744618476,0.16080869384,0.16080869384,3.26941940241,3.12422572695,0.117160254293,489,660,280
D25868F1C5C3,122,3.13554534953,3.35714180517,2.96750437903,3.19496856555,0.1680409705,0.16217323962,0.1680409705,3.26941940241,3.12422572695,0.232916078217,10,454,261
D2FB14A7C43B,530,3.30319049258,3.09338163096,3.37414395232,2.97525264465,0.07095345974,0.11812898631,0.11812898631,3.26941940241,3.12422572695,0.0337710901708,581,753,428
D326DB3F4FCF,213,2.52220155036,2.36641801145,2.62139071661,2.57643359189,0.09918916625,0.21001558044,0.21001558044,3.26941940241,3.12422572695,0.757807715503,74,59,152
D344D0003B84,958,3.71992288724,3.39827882345,3.56496001331,3.44316896381,0.15496287393,0.04489014036,0.15496287393,3.26941940241,3.12422572695,0.450503484831,748,208,303
D3612C6F0653,497,3.1192729198,2.93760735314,3.21629494153,3.09432959679,0.09702202173,0.15672224365,0.15672224365,3.26941940241,3.12422572695,0.186618373813,539,542,297
D3F44CC7EC17,278,3.27192864884,3.22820097571,3.12212603951,3.01080832602,0.14980260933,0.21739264969,0.21739264969,3.26941940241,3.12422572695,0.103975248757,162,679,133
D41787486DA6,402,2.7015271979,2.19718234605,2.68686397196,2.25897326692,0.01466322594,0.06179092087,0.06179092087,3.26941940241,3.12422572695,0.927043380903,377,30,642
D42B6354404D,311,3.19022941772,3.28907175528,3.17024720906,3.33669751253,0.01998220866,0.04762575725,0.04762575725,3.26941940241,3.12422572695,0.164846028327,214,585,679
D5AC4A35BAF8,371,3.07607908285,2.68003489571,3.14541159457,2.7265590405,0.06933251172,0.04652414479,0.06933251172,3.26941940241,3.12422572695,0.444190831243,325,212,605
D5C7212A31FD,566,2.95832718785,2.46170259159,3.04673705278,2.56015181095,0.08840986493,0.09844921936,0.09844921936,3.26941940241,3.12422572695,0.662523135363,617,80,491
D5C7AA1266CC,337,3.41940292387,3.24264782577,3.35774043648,3.04389700326,0.06166248739,0.19875082251,0.19875082251,3.26941940241,3.12422572695,0.149983521461,260,613,170
D5E3716C5E49,277,3.40127831315,3.35171058402,3.40728964873,3.52567597798,0.00601133558,0.17396539396,0.17396539396,3.26941940241,3.12422572695,0.227484857067,160,460,243
D6278021E119,219,2.64968438242,2.3705567568,2.63124191216,2.463640295,0.01844247026,0.0930835382,0.0930835382,3.26941940241,3.12422572695,0.753668970153,82,62,517
D6407F1D3515,378,3.34584070088,3.28983582281,3.34371824987,3.40555279665,0.00212245101,0.11571697384,0.11571697384,3.26941940241,3.12422572695,0.165610095857,336,584,436
D669349412FB,364,3.0534248297,3.04985642957,3.34141880102,3.25689054775,0.28799397132,0.20703411818,0.28799397132,3.26941940241,3.12422572695,0.215994572709,315,485,67
D7301CAAFAB0,499,2.86708454642,2.63326001896,2.96006774853,2.57721739265,0.09298320211,0.05604262631,0.09298320211,3.26941940241,3.12422572695,0.490965707993,543,172,518
D760EF65B80C,396,3.45034269991,3.28527393161,3.53039280658,3.42634925054,0.08005010667,0.14107531893,0.14107531893,3.26941940241,3.12422572695,0.180923297501,365,560,343
D779EEB6F8BC,411,3.32289531044,3.35594207837,3.38560111701,3.54229687272,0.06270580657,0.18635479435,0.18635479435,3.26941940241,3.12422572695,0.231716351417,394,459,205
D81AEDF6E262,710,3.70004979611,3.13910266397,3.63103889368,3.08095301551,0.06901090243,0.05814964846,0.06901090243,3.26941940241,3.12422572695,0.430630393701,701,226,609
D840D9ED669C,333,2.68041287231,2.34874941598,2.76986011108,2.4674664786,0.08944723877,0.11871706262,0.11871706262,3.26941940241,3.12422572695,0.775476310973,249,55,425
D9018539576D,683,3.92786702304,3.60569015004,4.19139255676,4.04583621775,0.26352553372,0.44014606771,0.44014606771,3.26941940241,3.12422572695,0.658447620631,692,84,13
D91D25F55AD9,409,3.6254588541,3.4505530785,3.50504080854,3.23985414622,0.12041804556,0.21069893228,0.21069893228,3.26941940241,3.12422572695,0.356039451691,390,296,147
D92BFF2AC7FD,248,3.40621335577,3.26265693051,3.36705924241,3.05693135374,0.03915411336,0.20572557677,0.20572557677,3.26941940241,3.12422572695,0.138431203557,109,627,157
D96EF27304E5,426,3.37164587043,3.16392965279,3.44800009287,3.15486655478,0.07635422244,0.00906309801,0.07635422244,3.26941940241,3.12422572695,0.102226468021,418,682,578
D9FC1CDE9B10,121,2.92420794774,2.74688885521,2.88003664765,2.7673276995,0.04417130009,0.02043884429,0.04417130009,3.26941940241,3.12422572695,0.377336871743,9,272,689
DA228B928B61,256,3.40687635749,3.25893334757,3.33347896982,3.42621239758,0.07339738767,0.16727905001,0.16727905001,3.26941940241,3.12422572695,0.137456955081,126,631,262
DA674E9EB26C,355,3.10379659763,3.02350994117,3.16753544284,3.01783037503,0.06373884521,0.00567956614,0.06373884521,3.26941940241,3.12422572695,0.165622804779,293,583,635
DA86BC9B9FB6,599,3.31058964778,2.94768544443,3.22854138944,2.78418183764,0.08204825834,0.16350360679,0.16350360679,3.26941940241,3.12422572695,0.176540282523,652,566,274
DA8E64EC1304,179,2.52336929956,2.23957378571,2.64689957915,2.37687215031,0.12353027959,0.1372983646,0.1372983646,3.26941940241,3.12422572695,0.884651941243,39,35,366
DB050381035B,486,3.13381724541,2.83811441548,3.11911205079,2.7382864744,0.01470519462,0.09982794108,0.09982794108,3.26941940241,3.12422572695,0.286111311473,517,377,484
DB2E935F461F,503,3.49150229455,3.24696182446,3.54646824834,3.17771024963,0.05496595379,0.06925157483,0.06925157483,3.26941940241,3.12422572695,0.222082892141,551,472,606
DB69B98973B6,358,3.39492319547,3.19090054893,3.28258760843,3.12517692991,0.11233558704,0.06572361902,0.11233558704,3.26941940241,3.12422572695,0.125503793061,299,649,450
DB85B6DDB462,335,2.95975920907,2.62130466306,2.90135151118,2.47312845592,0.05840769789,0.14817620714,0.14817620714,3.26941940241,3.12422572695,0.502921063893,253,165,323
DBAB680CBC5D,74,2.96271055128,3.18594525842,2.96355592299,3.11566406822,0.00084537171,0.0702811902,0.0702811902,3.26941940241,3.12422572695,0.306708851129,2,345,601
DC1271D1294D,304,3.44514123266,3.23434914374,3.40501622475,3.1074349609,0.04012500791,0.12691418284,0.12691418284,3.26941940241,3.12422572695,0.175721830251,205,569,399
DC391957FF10,190,2.76167887982,2.56348631191,2.85991866776,2.6214852332,0.09823978794,0.05799892129,0.09823978794,3.26941940241,3.12422572695,0.560739415043,51,127,492
DC467256CD82,533,3.79910587719,3.54984706787,4.1468670668,3.90857895405,0.34776118961,0.35873188618,0.35873188618,3.26941940241,3.12422572695,0.529686474781,586,150,32
DC56EF65D59D,535,3.2592662195,2.7914534987,3.21755491283,2.76125263578,0.04171130667,0.03020086292,0.04171130667,3.26941940241,3.12422572695,0.332772228253,593,318,702
DC7F27315FCF,443,3.3675582395,3.17107497806,3.36438315046,2.9545288999,0.00317508904,0.21654607816,0.21654607816,3.26941940241,3.12422572695,0.0981388370908,449,691,136
DCCA609D1212,408,3.43983825814,3.40825349599,3.58902946972,3.59754134822,0.14919121158,0.18928785223,0.18928785223,3.26941940241,3.12422572695,0.284027769037,388,380,195
DCED139D2C03,475,3.25435280851,3.07322145587,3.29427163018,2.91743616773,0.03991882167,0.15578528814,0.15578528814,3.26941940241,3.12422572695,0.0510042710828,497,742,301
DCF9F70FBA91,375,3.29641047106,3.44427413619,3.31150759863,3.37680620495,0.01509712757,0.06746793124,0.06746793124,3.26941940241,3.12422572695,0.320048409237,333,333,615
DCFBEEAC3AA8,189,2.82779548976,2.61348903296,2.60771728397,2.53175154598,0.22007820579,0.08173748698,0.22007820579,3.26941940241,3.12422572695,0.510736693993,49,158,129
DD96F81877AF,190,2.80070903927,2.79120976613,2.70147502672,2.60221931342,0.09923401255,0.18899045271,0.18899045271,3.26941940241,3.12422572695,0.468710363139,52,187,196
DDB673D3627D,552,3.42799601912,2.84067686795,3.3412938673,2.92852482517,0.08670215182,0.08784795722,0.08784795722,3.26941940241,3.12422572695,0.283548859003,610,381,533
DDD24AF9146F,487,3.45996674141,3.21570129105,3.50742298776,3.05625648672,0.04745624635,0.15944480433,0.15944480433,3.26941940241,3.12422572695,0.190547339001,522,535,287
DE54F3466948,529,3.06052093,2.66434497066,3.02186880481,2.62345916337,0.03865212519,0.04088580729,0.04088580729,3.26941940241,3.12422572695,0.459880756293,580,199,704
DE8162CAC353,309,3.09146176408,3.13149451763,3.18460495406,3.34081699816,0.09314318998,0.20932248053,0.20932248053,3.26941940241,3.12422572695,0.177957638329,209,563,153
DE841BF24A2F,377,3.46387294205,3.40012576307,3.38518839317,3.36682944581,0.07868454888,0.03329631726,0.07868454888,3.26941940241,3.12422572695,0.275900036117,334,389,572
DEB7816C7CAF,272,2.65620797518,2.46362410697,2.70773398122,2.48575536542,0.05152600604,0.02213125845,0.05152600604,3.26941940241,3.12422572695,0.660601619983,151,82,667
DEC50B420484,249,3.21358878899,3.3748972025,3.11057659257,3.34491111356,0.10301219642,0.02998608894,0.10301219642,3.26941940241,3.12422572695,0.250671475547,113,434,477
DEDCC703F6FC,491,3.63758628983,3.4600405611,3.70346586335,3.51269665035,0.06587957352,0.05265608925,0.06587957352,3.26941940241,3.12422572695,0.368166887421,529,280,623
DF328FBE5029,296,2.74004484661,2.36978945722,2.7258329408,2.40434068367,0.01421190581,0.03455122645,0.03455122645,3.26941940241,3.12422572695,0.754436269733,189,61,715
DFD93C26F453,276,2.99389128624,3.03653378494,3.15198510955,3.22169570479,0.15809382331,0.18516191985,0.18516191985,3.26941940241,3.12422572695,0.275528116169,157,391,213
E04208981449,654,3.37853084551,3.05670834168,3.24523859391,2.83469482409,0.1332922516,0.22201351759,0.22201351759,3.26941940241,3.12422572695,0.109111443101,682,669,127
E0BDF62838F7,158,2.96491843151,2.91816252556,2.86974342791,2.81888387251,0.0951750036,0.09927865305,0.09927865305,3.26941940241,3.12422572695,0.304500970899,18,347,488
E1EC4869981F,292,3.46983064638,3.31961042087,3.40582608111,3.13708004432,0.06400456527,0.18253037655,0.18253037655,3.26941940241,3.12422572695,0.200411243971,185,514,217
E21BAA47A9F4,881,3.68158610442,3.42134332362,3.58505377373,3.50701106244,0.09653233069,0.08566773882,0.09653233069,3.26941940241,3.12422572695,0.412166702011,737,238,500
E24ADB91F6D3,706,3.23465156821,2.96678718835,3.35032263695,3.03725110415,0.11567106874,0.0704639158,0.11567106874,3.26941940241,3.12422572695,0.157438538603,699,599,437
E2A60C034849,365,3.06003647685,2.95405953994,3.02911295544,2.69659101709,0.03092352141,0.25746852285,0.25746852285,3.26941940241,3.12422572695,0.209382925559,316,495,89
E2C3F26AB94D,288,3.07740867887,3.1405838549,3.24718797613,3.42106320591,0.16977929726,0.28047935101,0.28047935101,3.26941940241,3.12422572695,0.192010723539,180,532,71
E2E6984894BC,208,2.5255301034,2.16157100342,2.6093425184,2.33565930317,0.083812415,0.17408829975,0.17408829975,3.26941940241,3.12422572695,0.962654723533,69,22,242
E2FC55BF5005,225,3.31851369391,3.38779497188,3.18146252379,3.18946393953,0.13705117012,0.19833103235,0.19833103235,3.26941940241,3.12422572695,0.263569244927,89,409,172
E3096B04916A,407,3.66598834399,3.41689781988,3.50595532375,3.37562677452,0.16003302024,0.04127104536,0.16003302024,3.26941940241,3.12422572695,0.396568941581,386,250,284
E312449DF480,275,3.16661344515,3.12368251339,3.2528722768,3.4490679189,0.08625883165,0.32538540551,0.32538540551,3.26941940241,3.12422572695,0.102805957259,154,680,42
E31B2A06C28C,517,3.40945067654,3.20823650706,3.28683079473,3.13019751301,0.12261988181,0.07803899405,0.12261988181,3.26941940241,3.12422572695,0.140031274131,568,626,407
E353A05E7C8C,186,3.20969202973,3.13054892159,3.07487394961,2.98053242032,0.13481808012,0.15001650127,0.15001650127,3.26941940241,3.12422572695,0.0597273726792,47,735,314
E3CCA8712549,217,3.29544626531,3.22291792697,3.24099689604,3.29392996945,0.05444936927,0.07101204248,0.07101204248,3.26941940241,3.12422572695,0.0986922000172,78,690,597
E429DAB69106,421,3.32369835413,3.23496215562,3.35339191654,3.31393000496,0.02969356241,0.07896784934,0.07896784934,3.26941940241,3.12422572695,0.110736428667,414,667,571
E43EB471951D,354,2.83227681653,2.42527856045,2.83974953901,2.43505019445,0.00747272248,0.009771634,0.009771634,3.26941940241,3.12422572695,0.698947166503,291,73,758
E47A7E497F78,217,3.2018370713,3.29905813868,3.12027652896,3.22172699429,0.08156054234,0.07733114439,0.08156054234,3.26941940241,3.12422572695,0.174832411727,79,571,563
E4F813D54870,309,3.42393210425,3.16243902155,3.33986934671,3.06102356864,0.08406275754,0.10141545291,0.10141545291,3.26941940241,3.12422572695,0.154512701841,210,602,482
E55289EA6492,296,2.77239365995,2.32656385032,2.63320118727,2.3401701659,0.13919247268,0.01360631558,0.13919247268,3.26941940241,3.12422572695,0.797661876633,190,51,357
E5621447B675,148,2.44397439678,2.68991351822,2.78721990365,2.82147687037,0.34324550687,0.13156335215,0.34324550687,3.26941940241,3.12422572695,0.825445005629,17,45,35
E5F1CCC31762,480,3.04960239636,2.65920454402,2.86730920119,2.61164677649,0.18229319517,0.04755776753,0.18229319517,3.26941940241,3.12422572695,0.465021182933,507,191,218
E6122E9ABFA3,327,3.28425697748,3.17852001885,3.3057483388,3.23537488047,0.02149136132,0.05685486162,0.05685486162,3.26941940241,3.12422572695,0.0542942918972,243,739,653
E71DABB44645,582,3.47069252494,3.04585157312,3.29804022404,2.86689903908,0.1726523009,0.17895253404,0.17895253404,3.26941940241,3.12422572695,0.201273122531,635,511,230
E73CF852AC12,515,3.52286055371,3.22783645199,3.48131971626,3.04763951801,0.04154083745,0.18019693398,0.18019693398,3.26941940241,3.12422572695,0.253441151301,565,428,224
E7EFD51B632F,593,3.73718712796,3.49175123951,4.11410103439,3.88396240289,0.37691390643,0.39221116338,0.39221116338,3.26941940241,3.12422572695,0.467767725551,646,189,21
E7F9A77683D2,199,3.02280105484,3.18486968323,3.01407262264,3.19296333317,0.0087284322,0.00809364994,0.0087284322,3.26941940241,3.12422572695,0.246618347569,59,440,760
E8257C027079,254,3.16532415387,3.05374566765,3.04243999264,2.9173558715,0.12288416123,0.13638979615,0.13638979615,3.26941940241,3.12422572695,0.104095248539,120,678,370
E877D5AD16DA,165,3.16666665412,3.18916277759,3.07319885789,3.12683093307,0.09346779623,0.06233184452,0.09346779623,3.26941940241,3.12422572695,0.102752748289,24,681,514
E89C57CE37A6,298,2.83209716878,2.53183601219,2.74689977271,2.40063008404,0.08519739607,0.13120592815,0.13120592815,3.26941940241,3.12422572695,0.592389714763,195,107,388
E8C3FA5907B0,140,3.43968947676,3.39203449125,3.34284903579,3.37566749647,0.09684044097,0.01636699478,0.09684044097,3.26941940241,3.12422572695,0.267808764297,12,403,498
E8E07D453C9B,547,3.44237689501,3.15125782481,3.36440665202,3.01297989455,0.07797024299,0.13827793026,0.13827793026,3.26941940241,3.12422572695,0.172957492601,602,575,363
E8F77B7EB4D9,492,3.15968706839,2.99470203779,3.22453905161,3.00638366898,0.06485198322,0.01168163119,0.06485198322,3.26941940241,3.12422572695,0.129523689163,532,645,630
E952F0EB5083,324,3.35428901278,3.347746025,3.5944045867,3.55938434546,0.24011557392,0.21163832046,0.24011557392,3.26941940241,3.12422572695,0.223520298047,236,469,107
E974548BFD00,737,3.68458539846,3.45408017054,3.65408052191,3.50203983788,0.03050487655,0.04795966734,0.04795966734,3.26941940241,3.12422572695,0.415165996051,713,236,678
EA105A8B8699,319,3.24817306432,3.31035908549,3.24749108726,3.23095748011,0.00068197706,0.07940160538,0.07940160538,3.26941940241,3.12422572695,0.186133358537,227,544,569
EA42A6028804,515,3.59600493145,3.36735865807,3.6824347259,3.36746737897,0.08642979445,0.0001087209,0.08642979445,3.26941940241,3.12422572695,0.326585529041,566,326,540
EA5B3C8E09D1,265,3.31114582285,3.2855791453,3.18477240387,3.26771892656,0.12637341898,0.01786021874,0.12637341898,3.26941940241,3.12422572695,0.161353418347,143,591,402
EAE71A9E0247,285,3.06332797294,3.16713402897,3.1300226017,3.35119398008,0.06669462876,0.18405995111,0.18405995111,3.26941940241,3.12422572695,0.206091429469,172,500,215
EB5924FBD25C,688,3.29608602884,2.88634046611,3.27600129307,2.91078855792,0.02008473577,0.02444809181,0.02444809181,3.26941940241,3.12422572695,0.237885260843,694,448,736
EB8030177678,510,3.11704199072,2.69260120051,3.0865234922,2.69907659402,0.03051849852,0.00647539351,0.03051849852,3.26941940241,3.12422572695,0.431624526443,559,225,724
EC2758A5B74E,740,3.9783300604,3.66887216789,4.13671052501,3.92316750871,0.15838046461,0.25429534082,0.25429534082,3.26941940241,3.12422572695,0.708910657991,714,71,96
EC35456D4E07,237,3.19877701451,3.37084841456,3.17725735661,3.26388106151,0.0215196579,0.10696735305,0.10696735305,3.26941940241,3.12422572695,0.246622687607,100,439,465
EC5138D8C9D6,477,2.07613398233,1.28339039011,2.57323164541,2.29071221258,0.49709766308,1.00732182247,1.00732182247,3.26941940241,3.12422572695,1.84083533684,501,3,2
ECC9E84CD3D1,287,3.22202239699,3.30966069816,3.11545890048,3.01923910906,0.10656349651,0.2904215891,0.2904215891,3.26941940241,3.12422572695,0.185434971207,178,547,63
ED0A8E614649,516,3.70300183494,3.41265168976,3.9806094661,3.76767325189,0.27760763116,0.35502156213,0.35502156213,3.26941940241,3.12422572695,0.433582432531,567,224,34
ED35A1FF5ACC,360,3.46101044349,3.46134030422,3.38941695871,3.37934513664,0.07159348478,0.08199516758,0.08199516758,3.26941940241,3.12422572695,0.337114577267,302,315,559
EDA3FF6D2DCA,176,3.29982625262,3.42640987208,3.13085849395,3.33694142076,0.16896775867,0.08946845132,0.16896775867,3.26941940241,3.12422572695,0.302184145127,35,351,258
EDE0A58B0B47,301,3.20884142984,3.04911163484,3.20655300866,2.91502266966,0.00228842118,0.13408896518,0.13408896518,3.26941940241,3.12422572695,0.0751140921128,200,718,381
EE3E133A2D55,835,3.85958054094,3.19989140507,3.56137563275,3.04076171158,0.29820490819,0.15912969349,0.29820490819,3.26941940241,3.12422572695,0.590161138531,731,109,60
EE855A723FE0,887,3.47542760551,3.0260091949,3.34198662287,2.92494518689,0.13344098264,0.10106400801,0.13344098264,3.26941940241,3.12422572695,0.206008203101,739,502,383
EE9EA950AAE1,252,2.92156849766,2.79607461295,3.00005524572,2.75620152888,0.07848674806,0.03987308407,0.07848674806,3.26941940241,3.12422572695,0.347850904749,117,303,574
EEB113169637,227,3.27140167475,3.21177202244,3.1885126766,3.02285195313,0.08288899815,0.18892006931,0.18892006931,3.26941940241,3.12422572695,0.0875462954872,93,707,197
EF2E939F92B2,571,3.25798965037,2.70383186263,3.34452989064,2.76907514721,0.08654024027,0.06524328458,0.08654024027,3.26941940241,3.12422572695,0.420393864323,624,232,538
EF4966D17FFB,317,3.29408273076,3.23796654329,3.39591750423,3.03961398009,0.10183477347,0.1983525632,0.1983525632,3.26941940241,3.12422572695,0.113740816337,224,664,171
EF7E0CBD62D2,267,2.7735326223,2.40507919019,2.74902297266,2.40614227024,0.02450964964,0.00106308005,0.02450964964,3.26941940241,3.12422572695,0.719146536763,147,68,735
EFBF293CC2AF,1061,3.59613979872,3.05329825231,3.46044714829,3.18588447394,0.13569265043,0.13258622163,0.13569265043,3.26941940241,3.12422572695,0.326720396311,754,325,372
EFD7D87EF4C9,297,3.37674827575,3.19997800892,3.50375018916,3.47456771008,0.12700191341,0.27458970116,0.27458970116,3.26941940241,3.12422572695,0.107328873341,191,672,75
EFDC396D9F7A,340,2.66443438957,2.20948691174,2.75808302379,2.38046253468,0.09364863422,0.17097562294,0.17097562294,3.26941940241,3.12422572695,0.914738815213,266,31,253
EFF1803E4B81,438,3.45777436015,3.28381967896,3.40507406489,3.18735233881,0.05270029526,0.09646734015,0.09646734015,3.26941940241,3.12422572695,0.188354957741,442,539,501
F0116D8BA334,761,3.63232802022,3.10101582963,3.44716074302,2.98679606556,0.1851672772,0.11421976407,0.1851672772,3.26941940241,3.12422572695,0.362908617811,718,287,212
F0524CAE23DC,435,2.92978100257,2.72610381867,2.88901676878,2.61615520318,0.04076423379,0.10994861549,0.10994861549,3.26941940241,3.12422572695,0.398121908283,435,248,458
F074C2FEC1AF,261,3.44743984922,3.48014413004,3.49784052316,3.51268631135,0.05040067394,0.03254218131,0.05040067394,3.26941940241,3.12422572695,0.355918403087,136,297,669
F075F9AD2AA4,604,3.30868010287,3.02322597571,3.2834280804,3.00081738849,0.02525202247,0.02240858722,0.02525202247,3.26941940241,3.12422572695,0.100999751243,658,686,734
F07EB7B6F40E,480,3.44257693437,3.22092217199,3.51196600397,3.06667523782,0.0693890696,0.15424693417,0.15424693417,3.26941940241,3.12422572695,0.173157531961,508,574,305
F12FEB0FE5B6,413,3.08160430907,2.92640817476,3.16762126086,2.97466931835,0.08601695179,0.04826114359,0.08601695179,3.26941940241,3.12422572695,0.197817552193,397,521,541
F1596AB60E72,568,3.29322879081,2.99413172437,3.30590569717,2.87595434313,0.01267690636,0.11817738124,0.11817738124,3.26941940241,3.12422572695,0.130094002583,621,644,427
F160E7B1FD96,385,3.44174075129,3.47041668661,3.48384213033,3.56784516564,0.04210137904,0.09742847903,0.09742847903,3.26941940241,3.12422572695,0.346190959657,346,307,496
F17F4DF6095D,386,3.53349449657,3.27431987438,3.51214605947,3.12651765933,0.0213484371,0.14780221505,0.14780221505,3.26941940241,3.12422572695,0.264075094161,349,408,325
F1883C3A8C1E,238,3.21550491093,3.26141672308,3.14458402102,3.21973322406,0.07092088991,0.04168349902,0.07092088991,3.26941940241,3.12422572695,0.137190996127,101,633,599
F1B1760AD63F,190,3.15226500052,2.76695224239,3.02237226468,2.71344793507,0.12989273584,0.05350430732,0.12989273584,3.26941940241,3.12422572695,0.357273484563,53,293,391
F1B4412674FE,585,3.35839896319,3.16294395229,3.41504673235,3.15697257197,0.05664776916,0.00597138032,0.05664776916,3.26941940241,3.12422572695,0.0889795607808,637,704,655
F1DF4F89F70D,565,3.51857717194,3.31734141664,3.55546539801,3.38227562566,0.03688822607,0.06493420902,0.06493420902,3.26941940241,3.12422572695,0.249157769531,616,437,629
F2A721819364,360,3.27937453326,3.02214493549,3.2733868716,3.09093946069,0.00598766166,0.0687945252,0.0687945252,3.26941940241,3.12422572695,0.102080791463,303,684,610
F2C012ECBF9C,162,2.88211219207,2.71285139156,2.77262216956,2.60427367688,0.10949002251,0.10857771468,0.10949002251,3.26941940241,3.12422572695,0.411374335393,19,239,459
F30AD5A2B74A,484,3.12508850209,2.8621955823,3.23249127029,2.87713314083,0.1074027682,0.01493755853,0.1074027682,3.26941940241,3.12422572695,0.262030144653,513,416,463
F347A054A1AF,530,3.37808327874,3.21006422631,3.25103614773,3.05151957605,0.12704713101,0.15854465026,0.15854465026,3.26941940241,3.12422572695,0.108663876331,582,670,290
F3996EB91406,352,2.52274300896,1.93022795168,2.72264698902,2.30332908836,0.19990398006,0.37310113668,0.37310113668,3.26941940241,3.12422572695,1.19399777527,288,10,25
F39FFFB63840,377,2.38723145859,2.02063439748,2.81128660067,2.3968488023,0.42405514208,0.37621440482,0.42405514208,3.26941940241,3.12422572695,1.10359132947,335,14,17
F3B7C2480747,587,3.15350964823,2.98279470049,3.12243183407,2.89795896969,0.03107781416,0.0848357308,0.0848357308,3.26941940241,3.12422572695,0.141431026463,639,623,543
F3BFC265844A,341,2.79654389448,2.68935268867,2.7498359532,2.51702999456,0.04670794128,0.17232269411,0.17232269411,3.26941940241,3.12422572695,0.472875507929,269,184,250
F44D5A636C2F,344,2.90464756412,2.58034980124,2.95938962017,2.73949148846,0.05474205605,0.15914168722,0.15914168722,3.26941940241,3.12422572695,0.543875925713,278,138,288
F49521C3494B,224,3.34222091069,3.1447551601,3.06685428533,2.81586330592,0.27536662536,0.32889185418,0.32889185418,3.26941940241,3.12422572695,0.0728015082808,85,722,41
F4B3B2CAB030,947,3.47884454479,2.7898267417,3.22795625666,2.65146650507,0.25088828813,0.13836023663,0.25088828813,3.26941940241,3.12422572695,0.334398985253,746,316,98
F4C52358CE03,232,3.1202920519,2.83482866614,3.02289135155,2.64867367048,0.09740070035,0.18615499566,0.18615499566,3.26941940241,3.12422572695,0.289397060813,97,371,206
F4D07B2A60F9,267,2.76158579894,2.56398124776,2.75040178206,2.48846015562,0.01118401688,0.07552109214,0.07552109214,3.26941940241,3.12422572695,0.560244479193,148,128,582
F53E50C57938,463,3.40504942637,3.21562984186,3.38553336554,3.0463098852,0.01951606083,0.16931995666,0.16931995666,3.26941940241,3.12422572695,0.135630023961,479,634,257
F58106266977,261,3.28956996413,3.03591058023,3.22831297075,2.93115817288,0.06125699338,0.10475240735,0.10475240735,3.26941940241,3.12422572695,0.0883151467228,137,706,469
F5EFA67354E6,552,3.19014358674,3.03582504516,3.32339071131,3.17503943085,0.13324712457,0.13921438569,0.13921438569,3.26941940241,3.12422572695,0.0884006817928,611,705,356
F66B2BAB7E4C,441,3.37059382762,3.32735799402,3.38054936102,3.39658089762,0.0099555334,0.0692229036,0.0692229036,3.26941940241,3.12422572695,0.203132267067,444,507,607
F6886170FAA3,486,3.06704795651,2.55909484844,2.9340477726,2.47649939391,0.13300018391,0.08259545453,0.13300018391,3.26941940241,3.12422572695,0.565130878513,518,125,384
F6B1E10F02C8,244,2.76365051462,2.64521804041,2.79324533463,2.43475948112,0.02959482001,0.21045855929,0.21045855929,3.26941940241,3.12422572695,0.505768887789,103,162,148
F6DEF203DCD1,799,3.35415393944,2.89182213086,2.91897297185,2.63674094906,0.43518096759,0.2550811818,0.43518096759,3.26941940241,3.12422572695,0.232403596093,725,457,14
F72B0C4DB804,442,3.63328820864,3.41973881345,3.64225421832,3.43134922033,0.00896600968,0.01161040688,0.01161040688,3.26941940241,3.12422572695,0.363868806231,447,285,753
F75D6E5CCE78,616,3.42988918279,3.19301983376,3.38770466366,3.22956688605,0.04218451913,0.03654705229,0.04218451913,3.26941940241,3.12422572695,0.160469780381,668,594,699
F771A9924D56,497,3.22317271438,2.84850838711,3.00698885384,2.58848044386,0.21618386054,0.26002794325,0.26002794325,3.26941940241,3.12422572695,0.275717339843,540,390,88
F78366DD5A31,371,3.69103181297,3.69109507482,3.71970478672,3.83194814987,0.02867297375,0.14085307505,0.14085307505,3.26941940241,3.12422572695,0.566869347867,326,123,345
F79EB8CBE0FE,285,3.08130045776,2.84411509718,2.8930825685,2.67967183612,0.18821788926,0.16444326106,0.18821788926,3.26941940241,3.12422572695,0.280110629773,173,386,200
F7CC31D47F06,309,3.22804910256,3.38440156429,3.34967725218,3.47787298911,0.12162814962,0.09347142482,0.12162814962,3.26941940241,3.12422572695,0.260175837337,211,419,411
F7CF6202A7FA,464,3.25651934729,3.08133794271,3.19908455184,2.70459532088,0.05743479545,0.37674262183,0.37674262183,3.26941940241,3.12422572695,0.0428877842428,483,748,23
F7DF6ABE8573,486,4.07247537495,3.86894034429,4.01147510058,3.809166852,0.06100027437,0.05977349229,0.06100027437,3.26941940241,3.12422572695,0.803055972541,519,49,643
F7FD0CB34BBC,677,3.47671484885,3.2568325498,3.54012318233,3.17683954555,0.06340833348,0.07999300425,0.07999300425,3.26941940241,3.12422572695,0.207295446441,689,499,567
F83702EEB830,339,3.28848794089,3.03921926991,3.17172608637,2.8914893348,0.11676185452,0.14772993511,0.14772993511,3.26941940241,3.12422572695,0.0850064570428,263,712,326
F8F7785B285B,252,2.6793169332,2.52575504712,2.80177041094,2.57037954633,0.12245347774,0.04462449921,0.12245347774,3.26941940241,3.12422572695,0.598470679833,118,103,408
F8FE459205F4,970,3.48067134803,2.94225192086,3.31474358732,2.99959264815,0.16592776071,0.05734072729,0.16592776071,3.26941940241,3.12422572695,0.211251945621,750,491,267
F90A25704212,466,3.69565463096,3.58731430346,3.73301353186,3.69134289149,0.0373589009,0.10402858803,0.10402858803,3.26941940241,3.12422572695,0.463088576507,486,193,472
F9111CF0A009,495,3.23312147044,3.03881602496,3.2046086098,2.8992584739,0.02851286064,0.13955755106,0.13955755106,3.26941940241,3.12422572695,0.0854097019928,535,711,354
F91EFD0443E6,436,3.67949147108,3.4304290225,3.62800574862,3.21511441758,0.05148572246,0.21531460492,0.21531460492,3.26941940241,3.12422572695,0.410072068671,437,240,137
F95CE6B81C75,518,3.36628712541,3.31588606366,3.46475010493,3.45416424639,0.09846297952,0.13827818273,0.13827818273,3.26941940241,3.12422572695,0.191660336707,569,533,362
F998E8BD71CF,278,2.93620551695,2.94376424942,3.1358121029,3.0071210684,0.19960658595,0.06335681898,0.19960658595,3.26941940241,3.12422572695,0.333213885459,163,317,168
F9DDE725DB74,436,3.13350442228,2.84961058187,3.14578538911,2.82617857196,0.01228096683,0.02343200991,0.02343200991,3.26941940241,3.12422572695,0.274615145083,438,394,738
F9FEE5DC1640,343,3.10234174556,2.92995799239,3.07245569786,2.85884424484,0.0298860477,0.07111374755,0.07111374755,3.26941940241,3.12422572695,0.194267734563,275,529,596
FA0A22FE957A,416,3.27903722402,3.04874517034,3.26139208179,2.80381659104,0.01764514223,0.2449285793,0.2449285793,3.26941940241,3.12422572695,0.0754805566128,407,717,104
FA145FA7B678,133,2.23528952467,1.83947123069,2.51512532962,2.19795538998,0.27983580495,0.35848415929,0.35848415929,3.26941940241,3.12422572695,1.28475449626,11,7,33
FA38957FCAF6,164,2.43595376185,2.34220686226,2.53768631773,2.54299237217,0.10173255588,0.20078550991,0.20078550991,3.26941940241,3.12422572695,0.833465640559,22,42,164
FA43581AD6D1,260,3.03028095967,3.16221381394,3.16652347392,3.27073922095,0.13624251425,0.10852540701,0.13624251425,3.26941940241,3.12422572695,0.239138442739,134,447,371
FA5BCD4CBF5A,275,3.07089405802,2.74378776231,2.74107555112,2.56929597104,0.3298185069,0.17449179127,0.3298185069,3.26941940241,3.12422572695,0.380437964643,155,267,40
FA63EE28501A,366,3.30740567787,3.10078681728,3.31696193509,3.08455449895,0.00955625722,0.01623231833,0.01623231833,3.26941940241,3.12422572695,0.0379862754608,320,750,750
FA87416EF173,278,2.38721692866,2.03199901541,2.75108169515,2.3944350024,0.36386476649,0.36243598699,0.36386476649,3.26941940241,3.12422572695,1.09222671154,164,15,29
FAAFFC983E47,588,3.43869943228,3.13935816221,3.40482801145,2.97627801772,0.03387142083,0.16308014449,0.16308014449,3.26941940241,3.12422572695,0.169280029871,641,580,276
FAF2897C9B65,381,2.9973512381,2.89205042188,3.11294063809,2.86377163494,0.11558939999,0.02827878694,0.11558939999,3.26941940241,3.12422572695,0.272068164309,339,399,438
FB4D3D883D49,588,3.43856350542,3.06918230587,3.36287877857,3.01358619663,0.07568472685,0.05559610924,0.07568472685,3.26941940241,3.12422572695,0.169144103011,642,581,579
FB68439D9CBA,311,3.05643538694,2.80597298612,3.11495868665,2.71424485811,0.05852329971,0.09172812801,0.09172812801,3.26941940241,3.12422572695,0.318252740833,215,335,521
FB70FE5B31A8,535,3.56277834239,3.45579953554,3.5812553414,3.46364674306,0.01847699901,0.00784720752,0.01847699901,3.26941940241,3.12422572695,0.331573808587,594,321,746
FC2D44D20533,419,3.00636240143,2.58207561047,3.02738561476,2.48095689358,0.02102321333,0.10111871689,0.10111871689,3.26941940241,3.12422572695,0.542150116483,411,140,483
FC343CFBE807,485,3.47750571696,3.31120293632,3.50073389785,3.3105528609,0.02322818089,0.00065007542,0.02322818089,3.26941940241,3.12422572695,0.208086314551,516,497,739
FC69DC957116,533,2.92324558606,2.36021690609,2.96969282358,2.53605858366,0.04644723752,0.17584167757,0.17584167757,3.26941940241,3.12422572695,0.764008820863,587,58,240
FC831CB27E25,249,2.77141098304,2.36922967174,2.96447787308,2.52312681331,0.19306689004,0.15389714157,0.19306689004,3.26941940241,3.12422572695,0.754996055213,114,60,187
FC86782120D3,274,3.01517633107,3.16500696763,3.05482748721,3.05264395621,0.03965115614,0.11236301142,0.11236301142,3.26941940241,3.12422572695,0.254243071339,152,427,449
FCD0FB7FE622,171,3.07371626936,3.17348768107,2.56480211725,2.85837100592,0.50891415211,0.31511667515,0.50891415211,3.26941940241,3.12422572695,0.195703133049,31,525,9
FD22ECF287BD,451,3.43047249571,3.30944377166,3.46128305938,3.35136025335,0.03081056367,0.04191648169,0.04191648169,3.26941940241,3.12422572695,0.185218044707,464,549,700
FD48D4BB6F06,470,3.69237167622,3.5139352351,3.77466455082,3.57491391186,0.0822928746,0.06097867676,0.0822928746,3.26941940241,3.12422572695,0.422952273811,492,229,556
FDE0B653AD74,817,3.73146587585,3.4753963493,3.73657967729,3.55670173814,0.00511380144,0.08130538884,0.08130538884,3.26941940241,3.12422572695,0.462046473441,727,194,564
FE1D0E5EA2EB,297,3.26903271256,3.15186507275,3.15135476176,3.17829335058,0.1176779508,0.02642827783,0.1176779508,3.26941940241,3.12422572695,0.0276393457972,192,756,429
FE31D12E44FE,254,2.52967679627,2.41867722616,2.66492233799,2.4908879482,0.13524554172,0.07221072204,0.13524554172,3.26941940241,3.12422572695,0.739742606139,121,64,373
FE60E597467E,614,3.60867411859,3.36552771663,3.61633357989,3.50378123186,0.0076594613,0.13825351523,0.13825351523,3.26941940241,3.12422572695,0.339254716181,667,314,364
FE6D9B200002,263,2.68449681549,2.59459755577,2.78379522024,2.64186628375,0.09929840475,0.04726872798,0.09929840475,3.26941940241,3.12422572695,0.584922586919,141,110,487
FED42BB10805,230,2.11265828432,1.72728240592,2.48579557876,2.20836594081,0.37313729444,0.48108353489,0.48108353489,3.26941940241,3.12422572695,1.39694332103,95,6,11
FF190BD8380B,505,3.3240294086,2.8907853252,3.20411713393,2.62540322839,0.11991227467,0.26538209681,0.26538209681,3.26941940241,3.12422572695,0.233440401753,553,452,83
FF6F91DC4170,453,3.35345185441,3.00031764156,3.3053207621,2.95841361591,0.04813109231,0.04190402565,0.04813109231,3.26941940241,3.12422572695,0.123908085393,467,652,677
FF7FE6BD8509,622,3.48456491238,3.19615399464,3.37204769553,2.9403347337,0.11251721685,0.25581926094,0.25581926094,3.26941940241,3.12422572695,0.215145509971,673,486,91
FFA6690BC309,624,3.5071335517,3.30249422145,3.48405011638,3.34272673712,0.02308343532,0.04023251567,0.04023251567,3.26941940241,3.12422572695,0.237714149291,674,449,707
FFAEAF8D0C90,494,2.46952174395,2.16991810403,2.59382809946,2.38062030518,0.12430635551,0.21070220115,0.21070220115,3.26941940241,3.12422572695,0.954307622923,534,26,146
