error_threshold,review_budget,repetition,selected_count,large_error_count,captured_count,large_error_prevalence,capture_rate,precision,lift
0.5,0.1,1,77,402,39,0.527559055118,0.0970149253731,0.506493506494,0.960069780965
0.5,0.1,2,77,402,44,0.527559055118,0.109452736318,0.571428571429,1.08315565032
0.5,0.1,3,77,402,44,0.527559055118,0.109452736318,0.571428571429,1.08315565032
0.5,0.1,4,77,402,41,0.527559055118,0.101990049751,0.532467532468,1.00930412871
0.5,0.1,5,77,402,27,0.527559055118,0.0671641791045,0.350649350649,0.664663694514
0.5,0.1,6,77,402,46,0.527559055118,0.114427860697,0.597402597403,1.13238999806
0.5,0.1,7,77,402,44,0.527559055118,0.109452736318,0.571428571429,1.08315565032
0.5,0.1,8,77,402,38,0.527559055118,0.0945273631841,0.493506493506,0.935452607094
0.5,0.1,9,77,402,43,0.527559055118,0.106965174129,0.558441558442,1.05853847645
0.5,0.1,10,77,402,46,0.527559055118,0.114427860697,0.597402597403,1.13238999806
0.5,0.1,11,77,402,35,0.527559055118,0.0870646766169,0.454545454545,0.861601085482
0.5,0.1,12,77,402,36,0.527559055118,0.089552238806,0.467532467532,0.886218259353
0.5,0.1,13,77,402,39,0.527559055118,0.0970149253731,0.506493506494,0.960069780965
0.5,0.1,14,77,402,36,0.527559055118,0.089552238806,0.467532467532,0.886218259353
0.5,0.1,15,77,402,42,0.527559055118,0.10447761194,0.545454545455,1.03392130258
0.5,0.1,16,77,402,43,0.527559055118,0.106965174129,0.558441558442,1.05853847645
0.5,0.1,17,77,402,40,0.527559055118,0.0995024875622,0.519480519481,0.984686954836
0.5,0.1,18,77,402,45,0.527559055118,0.111940298507,0.584415584416,1.10777282419
0.5,0.1,19,77,402,40,0.527559055118,0.0995024875622,0.519480519481,0.984686954836
0.5,0.1,20,77,402,40,0.527559055118,0.0995024875622,0.519480519481,0.984686954836
0.5,0.1,21,77,402,48,0.527559055118,0.119402985075,0.623376623377,1.1816243458
0.5,0.1,22,77,402,29,0.527559055118,0.0721393034826,0.376623376623,0.713898042256
0.5,0.1,23,77,402,35,0.527559055118,0.0870646766169,0.454545454545,0.861601085482
0.5,0.1,24,77,402,44,0.527559055118,0.109452736318,0.571428571429,1.08315565032
0.5,0.1,25,77,402,37,0.527559055118,0.092039800995,0.480519480519,0.910835433223
0.5,0.1,26,77,402,43,0.527559055118,0.106965174129,0.558441558442,1.05853847645
0.5,0.1,27,77,402,40,0.527559055118,0.0995024875622,0.519480519481,0.984686954836
0.5,0.1,28,77,402,41,0.527559055118,0.101990049751,0.532467532468,1.00930412871
0.5,0.1,29,77,402,36,0.527559055118,0.089552238806,0.467532467532,0.886218259353
0.5,0.1,30,77,402,34,0.527559055118,0.0845771144279,0.441558441558,0.836983911611
0.5,0.1,31,77,402,41,0.527559055118,0.101990049751,0.532467532468,1.00930412871
0.5,0.1,32,77,402,46,0.527559055118,0.114427860697,0.597402597403,1.13238999806
0.5,0.1,33,77,402,40,0.527559055118,0.0995024875622,0.519480519481,0.984686954836
0.5,0.1,34,77,402,37,0.527559055118,0.092039800995,0.480519480519,0.910835433223
0.5,0.1,35,77,402,38,0.527559055118,0.0945273631841,0.493506493506,0.935452607094
0.5,0.1,36,77,402,36,0.527559055118,0.089552238806,0.467532467532,0.886218259353
0.5,0.1,37,77,402,41,0.527559055118,0.101990049751,0.532467532468,1.00930412871
0.5,0.1,38,77,402,41,0.527559055118,0.101990049751,0.532467532468,1.00930412871
0.5,0.1,39,77,402,45,0.527559055118,0.111940298507,0.584415584416,1.10777282419
0.5,0.1,40,77,402,38,0.527559055118,0.0945273631841,0.493506493506,0.935452607094
0.5,0.1,41,77,402,40,0.527559055118,0.0995024875622,0.519480519481,0.984686954836
0.5,0.1,42,77,402,44,0.527559055118,0.109452736318,0.571428571429,1.08315565032
0.5,0.1,43,77,402,35,0.527559055118,0.0870646766169,0.454545454545,0.861601085482
0.5,0.1,44,77,402,42,0.527559055118,0.10447761194,0.545454545455,1.03392130258
0.5,0.1,45,77,402,41,0.527559055118,0.101990049751,0.532467532468,1.00930412871
0.5,0.1,46,77,402,41,0.527559055118,0.101990049751,0.532467532468,1.00930412871
0.5,0.1,47,77,402,46,0.527559055118,0.114427860697,0.597402597403,1.13238999806
0.5,0.1,48,77,402,41,0.527559055118,0.101990049751,0.532467532468,1.00930412871
0.5,0.1,49,77,402,46,0.527559055118,0.114427860697,0.597402597403,1.13238999806
0.5,0.1,50,77,402,38,0.527559055118,0.0945273631841,0.493506493506,0.935452607094
0.5,0.1,51,77,402,36,0.527559055118,0.089552238806,0.467532467532,0.886218259353
0.5,0.1,52,77,402,36,0.527559055118,0.089552238806,0.467532467532,0.886218259353
0.5,0.1,53,77,402,39,0.527559055118,0.0970149253731,0.506493506494,0.960069780965
0.5,0.1,54,77,402,46,0.527559055118,0.114427860697,0.597402597403,1.13238999806
0.5,0.1,55,77,402,40,0.527559055118,0.0995024875622,0.519480519481,0.984686954836
0.5,0.1,56,77,402,36,0.527559055118,0.089552238806,0.467532467532,0.886218259353
0.5,0.1,57,77,402,45,0.527559055118,0.111940298507,0.584415584416,1.10777282419
0.5,0.1,58,77,402,37,0.527559055118,0.092039800995,0.480519480519,0.910835433223
0.5,0.1,59,77,402,40,0.527559055118,0.0995024875622,0.519480519481,0.984686954836
0.5,0.1,60,77,402,43,0.527559055118,0.106965174129,0.558441558442,1.05853847645
0.5,0.1,61,77,402,38,0.527559055118,0.0945273631841,0.493506493506,0.935452607094
0.5,0.1,62,77,402,46,0.527559055118,0.114427860697,0.597402597403,1.13238999806
0.5,0.1,63,77,402,40,0.527559055118,0.0995024875622,0.519480519481,0.984686954836
0.5,0.1,64,77,402,43,0.527559055118,0.106965174129,0.558441558442,1.05853847645
0.5,0.1,65,77,402,34,0.527559055118,0.0845771144279,0.441558441558,0.836983911611
0.5,0.1,66,77,402,40,0.527559055118,0.0995024875622,0.519480519481,0.984686954836
0.5,0.1,67,77,402,45,0.527559055118,0.111940298507,0.584415584416,1.10777282419
0.5,0.1,68,77,402,41,0.527559055118,0.101990049751,0.532467532468,1.00930412871
0.5,0.1,69,77,402,36,0.527559055118,0.089552238806,0.467532467532,0.886218259353
0.5,0.1,70,77,402,41,0.527559055118,0.101990049751,0.532467532468,1.00930412871
0.5,0.1,71,77,402,44,0.527559055118,0.109452736318,0.571428571429,1.08315565032
0.5,0.1,72,77,402,39,0.527559055118,0.0970149253731,0.506493506494,0.960069780965
0.5,0.1,73,77,402,34,0.527559055118,0.0845771144279,0.441558441558,0.836983911611
0.5,0.1,74,77,402,44,0.527559055118,0.109452736318,0.571428571429,1.08315565032
0.5,0.1,75,77,402,45,0.527559055118,0.111940298507,0.584415584416,1.10777282419
0.5,0.1,76,77,402,48,0.527559055118,0.119402985075,0.623376623377,1.1816243458
0.5,0.1,77,77,402,33,0.527559055118,0.0820895522388,0.428571428571,0.81236673774
0.5,0.1,78,77,402,45,0.527559055118,0.111940298507,0.584415584416,1.10777282419
0.5,0.1,79,77,402,42,0.527559055118,0.10447761194,0.545454545455,1.03392130258
0.5,0.1,80,77,402,42,0.527559055118,0.10447761194,0.545454545455,1.03392130258
0.5,0.1,81,77,402,38,0.527559055118,0.0945273631841,0.493506493506,0.935452607094
0.5,0.1,82,77,402,37,0.527559055118,0.092039800995,0.480519480519,0.910835433223
0.5,0.1,83,77,402,40,0.527559055118,0.0995024875622,0.519480519481,0.984686954836
0.5,0.1,84,77,402,36,0.527559055118,0.089552238806,0.467532467532,0.886218259353
0.5,0.1,85,77,402,44,0.527559055118,0.109452736318,0.571428571429,1.08315565032
0.5,0.1,86,77,402,44,0.527559055118,0.109452736318,0.571428571429,1.08315565032
0.5,0.1,87,77,402,34,0.527559055118,0.0845771144279,0.441558441558,0.836983911611
0.5,0.1,88,77,402,42,0.527559055118,0.10447761194,0.545454545455,1.03392130258
0.5,0.1,89,77,402,48,0.527559055118,0.119402985075,0.623376623377,1.1816243458
0.5,0.1,90,77,402,38,0.527559055118,0.0945273631841,0.493506493506,0.935452607094
0.5,0.1,91,77,402,42,0.527559055118,0.10447761194,0.545454545455,1.03392130258
0.5,0.1,92,77,402,42,0.527559055118,0.10447761194,0.545454545455,1.03392130258
0.5,0.1,93,77,402,43,0.527559055118,0.106965174129,0.558441558442,1.05853847645
0.5,0.1,94,77,402,47,0.527559055118,0.116915422886,0.61038961039,1.15700717193
0.5,0.1,95,77,402,41,0.527559055118,0.101990049751,0.532467532468,1.00930412871
0.5,0.1,96,77,402,41,0.527559055118,0.101990049751,0.532467532468,1.00930412871
0.5,0.1,97,77,402,41,0.527559055118,0.101990049751,0.532467532468,1.00930412871
0.5,0.1,98,77,402,39,0.527559055118,0.0970149253731,0.506493506494,0.960069780965
0.5,0.1,99,77,402,41,0.527559055118,0.101990049751,0.532467532468,1.00930412871
0.5,0.1,100,77,402,35,0.527559055118,0.0870646766169,0.454545454545,0.861601085482
0.5,0.1,101,77,402,37,0.527559055118,0.092039800995,0.480519480519,0.910835433223
0.5,0.1,102,77,402,37,0.527559055118,0.092039800995,0.480519480519,0.910835433223
0.5,0.1,103,77,402,36,0.527559055118,0.089552238806,0.467532467532,0.886218259353
0.5,0.1,104,77,402,36,0.527559055118,0.089552238806,0.467532467532,0.886218259353
0.5,0.1,105,77,402,42,0.527559055118,0.10447761194,0.545454545455,1.03392130258
0.5,0.1,106,77,402,40,0.527559055118,0.0995024875622,0.519480519481,0.984686954836
0.5,0.1,107,77,402,43,0.527559055118,0.106965174129,0.558441558442,1.05853847645
0.5,0.1,108,77,402,48,0.527559055118,0.119402985075,0.623376623377,1.1816243458
0.5,0.1,109,77,402,48,0.527559055118,0.119402985075,0.623376623377,1.1816243458
0.5,0.1,110,77,402,38,0.527559055118,0.0945273631841,0.493506493506,0.935452607094
0.5,0.1,111,77,402,30,0.527559055118,0.0746268656716,0.38961038961,0.738515216127
0.5,0.1,112,77,402,42,0.527559055118,0.10447761194,0.545454545455,1.03392130258
0.5,0.1,113,77,402,38,0.527559055118,0.0945273631841,0.493506493506,0.935452607094
0.5,0.1,114,77,402,38,0.527559055118,0.0945273631841,0.493506493506,0.935452607094
0.5,0.1,115,77,402,36,0.527559055118,0.089552238806,0.467532467532,0.886218259353
0.5,0.1,116,77,402,44,0.527559055118,0.109452736318,0.571428571429,1.08315565032
0.5,0.1,117,77,402,46,0.527559055118,0.114427860697,0.597402597403,1.13238999806
0.5,0.1,118,77,402,28,0.527559055118,0.0696517412935,0.363636363636,0.689280868385
0.5,0.1,119,77,402,37,0.527559055118,0.092039800995,0.480519480519,0.910835433223
0.5,0.1,120,77,402,43,0.527559055118,0.106965174129,0.558441558442,1.05853847645
0.5,0.1,121,77,402,35,0.527559055118,0.0870646766169,0.454545454545,0.861601085482
0.5,0.1,122,77,402,39,0.527559055118,0.0970149253731,0.506493506494,0.960069780965
0.5,0.1,123,77,402,40,0.527559055118,0.0995024875622,0.519480519481,0.984686954836
0.5,0.1,124,77,402,46,0.527559055118,0.114427860697,0.597402597403,1.13238999806
0.5,0.1,125,77,402,36,0.527559055118,0.089552238806,0.467532467532,0.886218259353
0.5,0.1,126,77,402,47,0.527559055118,0.116915422886,0.61038961039,1.15700717193
0.5,0.1,127,77,402,43,0.527559055118,0.106965174129,0.558441558442,1.05853847645
0.5,0.1,128,77,402,44,0.527559055118,0.109452736318,0.571428571429,1.08315565032
0.5,0.1,129,77,402,36,0.527559055118,0.089552238806,0.467532467532,0.886218259353
0.5,0.1,130,77,402,40,0.527559055118,0.0995024875622,0.519480519481,0.984686954836
0.5,0.1,131,77,402,45,0.527559055118,0.111940298507,0.584415584416,1.10777282419
0.5,0.1,132,77,402,51,0.527559055118,0.126865671642,0.662337662338,1.25547586742
0.5,0.1,133,77,402,38,0.527559055118,0.0945273631841,0.493506493506,0.935452607094
0.5,0.1,134,77,402,45,0.527559055118,0.111940298507,0.584415584416,1.10777282419
0.5,0.1,135,77,402,31,0.527559055118,0.0771144278607,0.402597402597,0.763132389998
0.5,0.1,136,77,402,38,0.527559055118,0.0945273631841,0.493506493506,0.935452607094
0.5,0.1,137,77,402,42,0.527559055118,0.10447761194,0.545454545455,1.03392130258
0.5,0.1,138,77,402,44,0.527559055118,0.109452736318,0.571428571429,1.08315565032
0.5,0.1,139,77,402,47,0.527559055118,0.116915422886,0.61038961039,1.15700717193
0.5,0.1,140,77,402,41,0.527559055118,0.101990049751,0.532467532468,1.00930412871
0.5,0.1,141,77,402,34,0.527559055118,0.0845771144279,0.441558441558,0.836983911611
0.5,0.1,142,77,402,43,0.527559055118,0.106965174129,0.558441558442,1.05853847645
0.5,0.1,143,77,402,35,0.527559055118,0.0870646766169,0.454545454545,0.861601085482
0.5,0.1,144,77,402,45,0.527559055118,0.111940298507,0.584415584416,1.10777282419
0.5,0.1,145,77,402,38,0.527559055118,0.0945273631841,0.493506493506,0.935452607094
0.5,0.1,146,77,402,39,0.527559055118,0.0970149253731,0.506493506494,0.960069780965
0.5,0.1,147,77,402,40,0.527559055118,0.0995024875622,0.519480519481,0.984686954836
0.5,0.1,148,77,402,39,0.527559055118,0.0970149253731,0.506493506494,0.960069780965
0.5,0.1,149,77,402,41,0.527559055118,0.101990049751,0.532467532468,1.00930412871
0.5,0.1,150,77,402,38,0.527559055118,0.0945273631841,0.493506493506,0.935452607094
0.5,0.1,151,77,402,34,0.527559055118,0.0845771144279,0.441558441558,0.836983911611
0.5,0.1,152,77,402,44,0.527559055118,0.109452736318,0.571428571429,1.08315565032
0.5,0.1,153,77,402,41,0.527559055118,0.101990049751,0.532467532468,1.00930412871
0.5,0.1,154,77,402,40,0.527559055118,0.0995024875622,0.519480519481,0.984686954836
0.5,0.1,155,77,402,43,0.527559055118,0.106965174129,0.558441558442,1.05853847645
0.5,0.1,156,77,402,42,0.527559055118,0.10447761194,0.545454545455,1.03392130258
0.5,0.1,157,77,402,43,0.527559055118,0.106965174129,0.558441558442,1.05853847645
0.5,0.1,158,77,402,35,0.527559055118,0.0870646766169,0.454545454545,0.861601085482
0.5,0.1,159,77,402,38,0.527559055118,0.0945273631841,0.493506493506,0.935452607094
0.5,0.1,160,77,402,39,0.527559055118,0.0970149253731,0.506493506494,0.960069780965
0.5,0.1,161,77,402,40,0.527559055118,0.0995024875622,0.519480519481,0.984686954836
0.5,0.1,162,77,402,43,0.527559055118,0.106965174129,0.558441558442,1.05853847645
0.5,0.1,163,77,402,40,0.527559055118,0.0995024875622,0.519480519481,0.984686954836
0.5,0.1,164,77,402,36,0.527559055118,0.089552238806,0.467532467532,0.886218259353
0.5,0.1,165,77,402,37,0.527559055118,0.092039800995,0.480519480519,0.910835433223
0.5,0.1,166,77,402,36,0.527559055118,0.089552238806,0.467532467532,0.886218259353
0.5,0.1,167,77,402,37,0.527559055118,0.092039800995,0.480519480519,0.910835433223
0.5,0.1,168,77,402,37,0.527559055118,0.092039800995,0.480519480519,0.910835433223
0.5,0.1,169,77,402,39,0.527559055118,0.0970149253731,0.506493506494,0.960069780965
0.5,0.1,170,77,402,41,0.527559055118,0.101990049751,0.532467532468,1.00930412871
0.5,0.1,171,77,402,46,0.527559055118,0.114427860697,0.597402597403,1.13238999806
0.5,0.1,172,77,402,35,0.527559055118,0.0870646766169,0.454545454545,0.861601085482
0.5,0.1,173,77,402,46,0.527559055118,0.114427860697,0.597402597403,1.13238999806
0.5,0.1,174,77,402,33,0.527559055118,0.0820895522388,0.428571428571,0.81236673774
0.5,0.1,175,77,402,44,0.527559055118,0.109452736318,0.571428571429,1.08315565032
0.5,0.1,176,77,402,41,0.527559055118,0.101990049751,0.532467532468,1.00930412871
0.5,0.1,177,77,402,41,0.527559055118,0.101990049751,0.532467532468,1.00930412871
0.5,0.1,178,77,402,43,0.527559055118,0.106965174129,0.558441558442,1.05853847645
0.5,0.1,179,77,402,35,0.527559055118,0.0870646766169,0.454545454545,0.861601085482
0.5,0.1,180,77,402,43,0.527559055118,0.106965174129,0.558441558442,1.05853847645
0.5,0.1,181,77,402,38,0.527559055118,0.0945273631841,0.493506493506,0.935452607094
0.5,0.1,182,77,402,42,0.527559055118,0.10447761194,0.545454545455,1.03392130258
0.5,0.1,183,77,402,45,0.527559055118,0.111940298507,0.584415584416,1.10777282419
0.5,0.1,184,77,402,48,0.527559055118,0.119402985075,0.623376623377,1.1816243458
0.5,0.1,185,77,402,43,0.527559055118,0.106965174129,0.558441558442,1.05853847645
0.5,0.1,186,77,402,37,0.527559055118,0.092039800995,0.480519480519,0.910835433223
0.5,0.1,187,77,402,41,0.527559055118,0.101990049751,0.532467532468,1.00930412871
0.5,0.1,188,77,402,32,0.527559055118,0.0796019900498,0.415584415584,0.787749563869
0.5,0.1,189,77,402,48,0.527559055118,0.119402985075,0.623376623377,1.1816243458
0.5,0.1,190,77,402,37,0.527559055118,0.092039800995,0.480519480519,0.910835433223
0.5,0.1,191,77,402,43,0.527559055118,0.106965174129,0.558441558442,1.05853847645
0.5,0.1,192,77,402,45,0.527559055118,0.111940298507,0.584415584416,1.10777282419
0.5,0.1,193,77,402,43,0.527559055118,0.106965174129,0.558441558442,1.05853847645
0.5,0.1,194,77,402,40,0.527559055118,0.0995024875622,0.519480519481,0.984686954836
0.5,0.1,195,77,402,51,0.527559055118,0.126865671642,0.662337662338,1.25547586742
0.5,0.1,196,77,402,37,0.527559055118,0.092039800995,0.480519480519,0.910835433223
0.5,0.1,197,77,402,41,0.527559055118,0.101990049751,0.532467532468,1.00930412871
0.5,0.1,198,77,402,43,0.527559055118,0.106965174129,0.558441558442,1.05853847645
0.5,0.1,199,77,402,35,0.527559055118,0.0870646766169,0.454545454545,0.861601085482
0.5,0.1,200,77,402,43,0.527559055118,0.106965174129,0.558441558442,1.05853847645
0.5,0.1,201,77,402,35,0.527559055118,0.0870646766169,0.454545454545,0.861601085482
0.5,0.1,202,77,402,40,0.527559055118,0.0995024875622,0.519480519481,0.984686954836
0.5,0.1,203,77,402,37,0.527559055118,0.092039800995,0.480519480519,0.910835433223
0.5,0.1,204,77,402,43,0.527559055118,0.106965174129,0.558441558442,1.05853847645
0.5,0.1,205,77,402,37,0.527559055118,0.092039800995,0.480519480519,0.910835433223
0.5,0.1,206,77,402,38,0.527559055118,0.0945273631841,0.493506493506,0.935452607094
0.5,0.1,207,77,402,35,0.527559055118,0.0870646766169,0.454545454545,0.861601085482
0.5,0.1,208,77,402,43,0.527559055118,0.106965174129,0.558441558442,1.05853847645
0.5,0.1,209,77,402,35,0.527559055118,0.0870646766169,0.454545454545,0.861601085482
0.5,0.1,210,77,402,37,0.527559055118,0.092039800995,0.480519480519,0.910835433223
0.5,0.1,211,77,402,33,0.527559055118,0.0820895522388,0.428571428571,0.81236673774
0.5,0.1,212,77,402,42,0.527559055118,0.10447761194,0.545454545455,1.03392130258
0.5,0.1,213,77,402,41,0.527559055118,0.101990049751,0.532467532468,1.00930412871
0.5,0.1,214,77,402,36,0.527559055118,0.089552238806,0.467532467532,0.886218259353
0.5,0.1,215,77,402,44,0.527559055118,0.109452736318,0.571428571429,1.08315565032
0.5,0.1,216,77,402,46,0.527559055118,0.114427860697,0.597402597403,1.13238999806
0.5,0.1,217,77,402,40,0.527559055118,0.0995024875622,0.519480519481,0.984686954836
0.5,0.1,218,77,402,47,0.527559055118,0.116915422886,0.61038961039,1.15700717193
0.5,0.1,219,77,402,45,0.527559055118,0.111940298507,0.584415584416,1.10777282419
0.5,0.1,220,77,402,45,0.527559055118,0.111940298507,0.584415584416,1.10777282419
0.5,0.1,221,77,402,42,0.527559055118,0.10447761194,0.545454545455,1.03392130258
0.5,0.1,222,77,402,47,0.527559055118,0.116915422886,0.61038961039,1.15700717193
0.5,0.1,223,77,402,38,0.527559055118,0.0945273631841,0.493506493506,0.935452607094
0.5,0.1,224,77,402,47,0.527559055118,0.116915422886,0.61038961039,1.15700717193
0.5,0.1,225,77,402,44,0.527559055118,0.109452736318,0.571428571429,1.08315565032
0.5,0.1,226,77,402,45,0.527559055118,0.111940298507,0.584415584416,1.10777282419
0.5,0.1,227,77,402,42,0.527559055118,0.10447761194,0.545454545455,1.03392130258
0.5,0.1,228,77,402,36,0.527559055118,0.089552238806,0.467532467532,0.886218259353
0.5,0.1,229,77,402,40,0.527559055118,0.0995024875622,0.519480519481,0.984686954836
0.5,0.1,230,77,402,39,0.527559055118,0.0970149253731,0.506493506494,0.960069780965
0.5,0.1,231,77,402,41,0.527559055118,0.101990049751,0.532467532468,1.00930412871
0.5,0.1,232,77,402,34,0.527559055118,0.0845771144279,0.441558441558,0.836983911611
0.5,0.1,233,77,402,40,0.527559055118,0.0995024875622,0.519480519481,0.984686954836
0.5,0.1,234,77,402,44,0.527559055118,0.109452736318,0.571428571429,1.08315565032
0.5,0.1,235,77,402,34,0.527559055118,0.0845771144279,0.441558441558,0.836983911611
0.5,0.1,236,77,402,44,0.527559055118,0.109452736318,0.571428571429,1.08315565032
0.5,0.1,237,77,402,36,0.527559055118,0.089552238806,0.467532467532,0.886218259353
0.5,0.1,238,77,402,43,0.527559055118,0.106965174129,0.558441558442,1.05853847645
0.5,0.1,239,77,402,37,0.527559055118,0.092039800995,0.480519480519,0.910835433223
0.5,0.1,240,77,402,37,0.527559055118,0.092039800995,0.480519480519,0.910835433223
0.5,0.1,241,77,402,37,0.527559055118,0.092039800995,0.480519480519,0.910835433223
0.5,0.1,242,77,402,40,0.527559055118,0.0995024875622,0.519480519481,0.984686954836
0.5,0.1,243,77,402,39,0.527559055118,0.0970149253731,0.506493506494,0.960069780965
0.5,0.1,244,77,402,48,0.527559055118,0.119402985075,0.623376623377,1.1816243458
0.5,0.1,245,77,402,44,0.527559055118,0.109452736318,0.571428571429,1.08315565032
0.5,0.1,246,77,402,39,0.527559055118,0.0970149253731,0.506493506494,0.960069780965
0.5,0.1,247,77,402,49,0.527559055118,0.121890547264,0.636363636364,1.20624151967
0.5,0.1,248,77,402,47,0.527559055118,0.116915422886,0.61038961039,1.15700717193
0.5,0.1,249,77,402,48,0.527559055118,0.119402985075,0.623376623377,1.1816243458
0.5,0.1,250,77,402,44,0.527559055118,0.109452736318,0.571428571429,1.08315565032
0.5,0.1,251,77,402,39,0.527559055118,0.0970149253731,0.506493506494,0.960069780965
0.5,0.1,252,77,402,42,0.527559055118,0.10447761194,0.545454545455,1.03392130258
0.5,0.1,253,77,402,36,0.527559055118,0.089552238806,0.467532467532,0.886218259353
0.5,0.1,254,77,402,37,0.527559055118,0.092039800995,0.480519480519,0.910835433223
0.5,0.1,255,77,402,41,0.527559055118,0.101990049751,0.532467532468,1.00930412871
0.5,0.1,256,77,402,41,0.527559055118,0.101990049751,0.532467532468,1.00930412871
0.5,0.1,257,77,402,38,0.527559055118,0.0945273631841,0.493506493506,0.935452607094
0.5,0.1,258,77,402,38,0.527559055118,0.0945273631841,0.493506493506,0.935452607094
0.5,0.1,259,77,402,44,0.527559055118,0.109452736318,0.571428571429,1.08315565032
0.5,0.1,260,77,402,42,0.527559055118,0.10447761194,0.545454545455,1.03392130258
0.5,0.1,261,77,402,45,0.527559055118,0.111940298507,0.584415584416,1.10777282419
0.5,0.1,262,77,402,44,0.527559055118,0.109452736318,0.571428571429,1.08315565032
0.5,0.1,263,77,402,44,0.527559055118,0.109452736318,0.571428571429,1.08315565032
0.5,0.1,264,77,402,41,0.527559055118,0.101990049751,0.532467532468,1.00930412871
0.5,0.1,265,77,402,44,0.527559055118,0.109452736318,0.571428571429,1.08315565032
0.5,0.1,266,77,402,38,0.527559055118,0.0945273631841,0.493506493506,0.935452607094
0.5,0.1,267,77,402,42,0.527559055118,0.10447761194,0.545454545455,1.03392130258
0.5,0.1,268,77,402,42,0.527559055118,0.10447761194,0.545454545455,1.03392130258
0.5,0.1,269,77,402,43,0.527559055118,0.106965174129,0.558441558442,1.05853847645
0.5,0.1,270,77,402,38,0.527559055118,0.0945273631841,0.493506493506,0.935452607094
0.5,0.1,271,77,402,43,0.527559055118,0.106965174129,0.558441558442,1.05853847645
0.5,0.1,272,77,402,40,0.527559055118,0.0995024875622,0.519480519481,0.984686954836
0.5,0.1,273,77,402,43,0.527559055118,0.106965174129,0.558441558442,1.05853847645
0.5,0.1,274,77,402,40,0.527559055118,0.0995024875622,0.519480519481,0.984686954836
0.5,0.1,275,77,402,42,0.527559055118,0.10447761194,0.545454545455,1.03392130258
0.5,0.1,276,77,402,46,0.527559055118,0.114427860697,0.597402597403,1.13238999806
0.5,0.1,277,77,402,39,0.527559055118,0.0970149253731,0.506493506494,0.960069780965
0.5,0.1,278,77,402,46,0.527559055118,0.114427860697,0.597402597403,1.13238999806
0.5,0.1,279,77,402,33,0.527559055118,0.0820895522388,0.428571428571,0.81236673774
0.5,0.1,280,77,402,31,0.527559055118,0.0771144278607,0.402597402597,0.763132389998
0.5,0.1,281,77,402,42,0.527559055118,0.10447761194,0.545454545455,1.03392130258
0.5,0.1,282,77,402,39,0.527559055118,0.0970149253731,0.506493506494,0.960069780965
0.5,0.1,283,77,402,33,0.527559055118,0.0820895522388,0.428571428571,0.81236673774
0.5,0.1,284,77,402,38,0.527559055118,0.0945273631841,0.493506493506,0.935452607094
0.5,0.1,285,77,402,35,0.527559055118,0.0870646766169,0.454545454545,0.861601085482
0.5,0.1,286,77,402,43,0.527559055118,0.106965174129,0.558441558442,1.05853847645
0.5,0.1,287,77,402,43,0.527559055118,0.106965174129,0.558441558442,1.05853847645
0.5,0.1,288,77,402,42,0.527559055118,0.10447761194,0.545454545455,1.03392130258
0.5,0.1,289,77,402,46,0.527559055118,0.114427860697,0.597402597403,1.13238999806
0.5,0.1,290,77,402,39,0.527559055118,0.0970149253731,0.506493506494,0.960069780965
0.5,0.1,291,77,402,43,0.527559055118,0.106965174129,0.558441558442,1.05853847645
0.5,0.1,292,77,402,39,0.527559055118,0.0970149253731,0.506493506494,0.960069780965
0.5,0.1,293,77,402,38,0.527559055118,0.0945273631841,0.493506493506,0.935452607094
0.5,0.1,294,77,402,44,0.527559055118,0.109452736318,0.571428571429,1.08315565032
0.5,0.1,295,77,402,42,0.527559055118,0.10447761194,0.545454545455,1.03392130258
0.5,0.1,296,77,402,40,0.527559055118,0.0995024875622,0.519480519481,0.984686954836
0.5,0.1,297,77,402,41,0.527559055118,0.101990049751,0.532467532468,1.00930412871
0.5,0.1,298,77,402,37,0.527559055118,0.092039800995,0.480519480519,0.910835433223
0.5,0.1,299,77,402,36,0.527559055118,0.089552238806,0.467532467532,0.886218259353
0.5,0.1,300,77,402,46,0.527559055118,0.114427860697,0.597402597403,1.13238999806
0.5,0.1,301,77,402,37,0.527559055118,0.092039800995,0.480519480519,0.910835433223
0.5,0.1,302,77,402,34,0.527559055118,0.0845771144279,0.441558441558,0.836983911611
0.5,0.1,303,77,402,40,0.527559055118,0.0995024875622,0.519480519481,0.984686954836
0.5,0.1,304,77,402,40,0.527559055118,0.0995024875622,0.519480519481,0.984686954836
0.5,0.1,305,77,402,38,0.527559055118,0.0945273631841,0.493506493506,0.935452607094
0.5,0.1,306,77,402,42,0.527559055118,0.10447761194,0.545454545455,1.03392130258
0.5,0.1,307,77,402,39,0.527559055118,0.0970149253731,0.506493506494,0.960069780965
0.5,0.1,308,77,402,43,0.527559055118,0.106965174129,0.558441558442,1.05853847645
0.5,0.1,309,77,402,34,0.527559055118,0.0845771144279,0.441558441558,0.836983911611
0.5,0.1,310,77,402,40,0.527559055118,0.0995024875622,0.519480519481,0.984686954836
0.5,0.1,311,77,402,42,0.527559055118,0.10447761194,0.545454545455,1.03392130258
0.5,0.1,312,77,402,44,0.527559055118,0.109452736318,0.571428571429,1.08315565032
0.5,0.1,313,77,402,47,0.527559055118,0.116915422886,0.61038961039,1.15700717193
0.5,0.1,314,77,402,41,0.527559055118,0.101990049751,0.532467532468,1.00930412871
0.5,0.1,315,77,402,41,0.527559055118,0.101990049751,0.532467532468,1.00930412871
0.5,0.1,316,77,402,41,0.527559055118,0.101990049751,0.532467532468,1.00930412871
0.5,0.1,317,77,402,43,0.527559055118,0.106965174129,0.558441558442,1.05853847645
0.5,0.1,318,77,402,34,0.527559055118,0.0845771144279,0.441558441558,0.836983911611
0.5,0.1,319,77,402,37,0.527559055118,0.092039800995,0.480519480519,0.910835433223
0.5,0.1,320,77,402,48,0.527559055118,0.119402985075,0.623376623377,1.1816243458
0.5,0.1,321,77,402,38,0.527559055118,0.0945273631841,0.493506493506,0.935452607094
0.5,0.1,322,77,402,45,0.527559055118,0.111940298507,0.584415584416,1.10777282419
0.5,0.1,323,77,402,49,0.527559055118,0.121890547264,0.636363636364,1.20624151967
0.5,0.1,324,77,402,47,0.527559055118,0.116915422886,0.61038961039,1.15700717193
0.5,0.1,325,77,402,38,0.527559055118,0.0945273631841,0.493506493506,0.935452607094
0.5,0.1,326,77,402,46,0.527559055118,0.114427860697,0.597402597403,1.13238999806
0.5,0.1,327,77,402,41,0.527559055118,0.101990049751,0.532467532468,1.00930412871
0.5,0.1,328,77,402,39,0.527559055118,0.0970149253731,0.506493506494,0.960069780965
0.5,0.1,329,77,402,42,0.527559055118,0.10447761194,0.545454545455,1.03392130258
0.5,0.1,330,77,402,43,0.527559055118,0.106965174129,0.558441558442,1.05853847645
0.5,0.1,331,77,402,35,0.527559055118,0.0870646766169,0.454545454545,0.861601085482
0.5,0.1,332,77,402,44,0.527559055118,0.109452736318,0.571428571429,1.08315565032
0.5,0.1,333,77,402,37,0.527559055118,0.092039800995,0.480519480519,0.910835433223
0.5,0.1,334,77,402,41,0.527559055118,0.101990049751,0.532467532468,1.00930412871
0.5,0.1,335,77,402,44,0.527559055118,0.109452736318,0.571428571429,1.08315565032
0.5,0.1,336,77,402,44,0.527559055118,0.109452736318,0.571428571429,1.08315565032
0.5,0.1,337,77,402,40,0.527559055118,0.0995024875622,0.519480519481,0.984686954836
0.5,0.1,338,77,402,36,0.527559055118,0.089552238806,0.467532467532,0.886218259353
0.5,0.1,339,77,402,30,0.527559055118,0.0746268656716,0.38961038961,0.738515216127
0.5,0.1,340,77,402,38,0.527559055118,0.0945273631841,0.493506493506,0.935452607094
0.5,0.1,341,77,402,45,0.527559055118,0.111940298507,0.584415584416,1.10777282419
0.5,0.1,342,77,402,36,0.527559055118,0.089552238806,0.467532467532,0.886218259353
0.5,0.1,343,77,402,40,0.527559055118,0.0995024875622,0.519480519481,0.984686954836
0.5,0.1,344,77,402,43,0.527559055118,0.106965174129,0.558441558442,1.05853847645
0.5,0.1,345,77,402,41,0.527559055118,0.101990049751,0.532467532468,1.00930412871
0.5,0.1,346,77,402,44,0.527559055118,0.109452736318,0.571428571429,1.08315565032
0.5,0.1,347,77,402,34,0.527559055118,0.0845771144279,0.441558441558,0.836983911611
0.5,0.1,348,77,402,40,0.527559055118,0.0995024875622,0.519480519481,0.984686954836
0.5,0.1,349,77,402,46,0.527559055118,0.114427860697,0.597402597403,1.13238999806
0.5,0.1,350,77,402,43,0.527559055118,0.106965174129,0.558441558442,1.05853847645
0.5,0.1,351,77,402,39,0.527559055118,0.0970149253731,0.506493506494,0.960069780965
0.5,0.1,352,77,402,44,0.527559055118,0.109452736318,0.571428571429,1.08315565032
0.5,0.1,353,77,402,43,0.527559055118,0.106965174129,0.558441558442,1.05853847645
0.5,0.1,354,77,402,43,0.527559055118,0.106965174129,0.558441558442,1.05853847645
0.5,0.1,355,77,402,46,0.527559055118,0.114427860697,0.597402597403,1.13238999806
0.5,0.1,356,77,402,44,0.527559055118,0.109452736318,0.571428571429,1.08315565032
0.5,0.1,357,77,402,40,0.527559055118,0.0995024875622,0.519480519481,0.984686954836
0.5,0.1,358,77,402,35,0.527559055118,0.0870646766169,0.454545454545,0.861601085482
0.5,0.1,359,77,402,33,0.527559055118,0.0820895522388,0.428571428571,0.81236673774
0.5,0.1,360,77,402,45,0.527559055118,0.111940298507,0.584415584416,1.10777282419
0.5,0.1,361,77,402,48,0.527559055118,0.119402985075,0.623376623377,1.1816243458
0.5,0.1,362,77,402,44,0.527559055118,0.109452736318,0.571428571429,1.08315565032
0.5,0.1,363,77,402,37,0.527559055118,0.092039800995,0.480519480519,0.910835433223
0.5,0.1,364,77,402,40,0.527559055118,0.0995024875622,0.519480519481,0.984686954836
0.5,0.1,365,77,402,46,0.527559055118,0.114427860697,0.597402597403,1.13238999806
0.5,0.1,366,77,402,42,0.527559055118,0.10447761194,0.545454545455,1.03392130258
0.5,0.1,367,77,402,44,0.527559055118,0.109452736318,0.571428571429,1.08315565032
0.5,0.1,368,77,402,44,0.527559055118,0.109452736318,0.571428571429,1.08315565032
0.5,0.1,369,77,402,38,0.527559055118,0.0945273631841,0.493506493506,0.935452607094
0.5,0.1,370,77,402,41,0.527559055118,0.101990049751,0.532467532468,1.00930412871
0.5,0.1,371,77,402,35,0.527559055118,0.0870646766169,0.454545454545,0.861601085482
0.5,0.1,372,77,402,42,0.527559055118,0.10447761194,0.545454545455,1.03392130258
0.5,0.1,373,77,402,45,0.527559055118,0.111940298507,0.584415584416,1.10777282419
0.5,0.1,374,77,402,38,0.527559055118,0.0945273631841,0.493506493506,0.935452607094
0.5,0.1,375,77,402,41,0.527559055118,0.101990049751,0.532467532468,1.00930412871
0.5,0.1,376,77,402,43,0.527559055118,0.106965174129,0.558441558442,1.05853847645
0.5,0.1,377,77,402,39,0.527559055118,0.0970149253731,0.506493506494,0.960069780965
0.5,0.1,378,77,402,41,0.527559055118,0.101990049751,0.532467532468,1.00930412871
0.5,0.1,379,77,402,43,0.527559055118,0.106965174129,0.558441558442,1.05853847645
0.5,0.1,380,77,402,47,0.527559055118,0.116915422886,0.61038961039,1.15700717193
0.5,0.1,381,77,402,42,0.527559055118,0.10447761194,0.545454545455,1.03392130258
0.5,0.1,382,77,402,46,0.527559055118,0.114427860697,0.597402597403,1.13238999806
0.5,0.1,383,77,402,39,0.527559055118,0.0970149253731,0.506493506494,0.960069780965
0.5,0.1,384,77,402,37,0.527559055118,0.092039800995,0.480519480519,0.910835433223
0.5,0.1,385,77,402,39,0.527559055118,0.0970149253731,0.506493506494,0.960069780965
0.5,0.1,386,77,402,28,0.527559055118,0.0696517412935,0.363636363636,0.689280868385
0.5,0.1,387,77,402,40,0.527559055118,0.0995024875622,0.519480519481,0.984686954836
0.5,0.1,388,77,402,47,0.527559055118,0.116915422886,0.61038961039,1.15700717193
0.5,0.1,389,77,402,36,0.527559055118,0.089552238806,0.467532467532,0.886218259353
0.5,0.1,390,77,402,45,0.527559055118,0.111940298507,0.584415584416,1.10777282419
0.5,0.1,391,77,402,45,0.527559055118,0.111940298507,0.584415584416,1.10777282419
0.5,0.1,392,77,402,39,0.527559055118,0.0970149253731,0.506493506494,0.960069780965
0.5,0.1,393,77,402,45,0.527559055118,0.111940298507,0.584415584416,1.10777282419
0.5,0.1,394,77,402,35,0.527559055118,0.0870646766169,0.454545454545,0.861601085482
0.5,0.1,395,77,402,45,0.527559055118,0.111940298507,0.584415584416,1.10777282419
0.5,0.1,396,77,402,35,0.527559055118,0.0870646766169,0.454545454545,0.861601085482
0.5,0.1,397,77,402,46,0.527559055118,0.114427860697,0.597402597403,1.13238999806
0.5,0.1,398,77,402,40,0.527559055118,0.0995024875622,0.519480519481,0.984686954836
0.5,0.1,399,77,402,39,0.527559055118,0.0970149253731,0.506493506494,0.960069780965
0.5,0.1,400,77,402,40,0.527559055118,0.0995024875622,0.519480519481,0.984686954836
0.5,0.1,401,77,402,40,0.527559055118,0.0995024875622,0.519480519481,0.984686954836
0.5,0.1,402,77,402,45,0.527559055118,0.111940298507,0.584415584416,1.10777282419
0.5,0.1,403,77,402,40,0.527559055118,0.0995024875622,0.519480519481,0.984686954836
0.5,0.1,404,77,402,42,0.527559055118,0.10447761194,0.545454545455,1.03392130258
0.5,0.1,405,77,402,36,0.527559055118,0.089552238806,0.467532467532,0.886218259353
0.5,0.1,406,77,402,38,0.527559055118,0.0945273631841,0.493506493506,0.935452607094
0.5,0.1,407,77,402,40,0.527559055118,0.0995024875622,0.519480519481,0.984686954836
0.5,0.1,408,77,402,42,0.527559055118,0.10447761194,0.545454545455,1.03392130258
0.5,0.1,409,77,402,39,0.527559055118,0.0970149253731,0.506493506494,0.960069780965
0.5,0.1,410,77,402,46,0.527559055118,0.114427860697,0.597402597403,1.13238999806
0.5,0.1,411,77,402,41,0.527559055118,0.101990049751,0.532467532468,1.00930412871
0.5,0.1,412,77,402,35,0.527559055118,0.0870646766169,0.454545454545,0.861601085482
0.5,0.1,413,77,402,36,0.527559055118,0.089552238806,0.467532467532,0.886218259353
0.5,0.1,414,77,402,43,0.527559055118,0.106965174129,0.558441558442,1.05853847645
0.5,0.1,415,77,402,39,0.527559055118,0.0970149253731,0.506493506494,0.960069780965
0.5,0.1,416,77,402,48,0.527559055118,0.119402985075,0.623376623377,1.1816243458
0.5,0.1,417,77,402,42,0.527559055118,0.10447761194,0.545454545455,1.03392130258
0.5,0.1,418,77,402,39,0.527559055118,0.0970149253731,0.506493506494,0.960069780965
0.5,0.1,419,77,402,42,0.527559055118,0.10447761194,0.545454545455,1.03392130258
0.5,0.1,420,77,402,39,0.527559055118,0.0970149253731,0.506493506494,0.960069780965
0.5,0.1,421,77,402,43,0.527559055118,0.106965174129,0.558441558442,1.05853847645
0.5,0.1,422,77,402,40,0.527559055118,0.0995024875622,0.519480519481,0.984686954836
0.5,0.1,423,77,402,46,0.527559055118,0.114427860697,0.597402597403,1.13238999806
0.5,0.1,424,77,402,34,0.527559055118,0.0845771144279,0.441558441558,0.836983911611
0.5,0.1,425,77,402,42,0.527559055118,0.10447761194,0.545454545455,1.03392130258
0.5,0.1,426,77,402,45,0.527559055118,0.111940298507,0.584415584416,1.10777282419
0.5,0.1,427,77,402,41,0.527559055118,0.101990049751,0.532467532468,1.00930412871
0.5,0.1,428,77,402,35,0.527559055118,0.0870646766169,0.454545454545,0.861601085482
0.5,0.1,429,77,402,44,0.527559055118,0.109452736318,0.571428571429,1.08315565032
0.5,0.1,430,77,402,44,0.527559055118,0.109452736318,0.571428571429,1.08315565032
0.5,0.1,431,77,402,41,0.527559055118,0.101990049751,0.532467532468,1.00930412871
0.5,0.1,432,77,402,44,0.527559055118,0.109452736318,0.571428571429,1.08315565032
0.5,0.1,433,77,402,40,0.527559055118,0.0995024875622,0.519480519481,0.984686954836
0.5,0.1,434,77,402,45,0.527559055118,0.111940298507,0.584415584416,1.10777282419
0.5,0.1,435,77,402,41,0.527559055118,0.101990049751,0.532467532468,1.00930412871
0.5,0.1,436,77,402,44,0.527559055118,0.109452736318,0.571428571429,1.08315565032
0.5,0.1,437,77,402,37,0.527559055118,0.092039800995,0.480519480519,0.910835433223
0.5,0.1,438,77,402,41,0.527559055118,0.101990049751,0.532467532468,1.00930412871
0.5,0.1,439,77,402,46,0.527559055118,0.114427860697,0.597402597403,1.13238999806
0.5,0.1,440,77,402,47,0.527559055118,0.116915422886,0.61038961039,1.15700717193
0.5,0.1,441,77,402,37,0.527559055118,0.092039800995,0.480519480519,0.910835433223
0.5,0.1,442,77,402,37,0.527559055118,0.092039800995,0.480519480519,0.910835433223
0.5,0.1,443,77,402,35,0.527559055118,0.0870646766169,0.454545454545,0.861601085482
0.5,0.1,444,77,402,44,0.527559055118,0.109452736318,0.571428571429,1.08315565032
0.5,0.1,445,77,402,45,0.527559055118,0.111940298507,0.584415584416,1.10777282419
0.5,0.1,446,77,402,41,0.527559055118,0.101990049751,0.532467532468,1.00930412871
0.5,0.1,447,77,402,42,0.527559055118,0.10447761194,0.545454545455,1.03392130258
0.5,0.1,448,77,402,48,0.527559055118,0.119402985075,0.623376623377,1.1816243458
0.5,0.1,449,77,402,34,0.527559055118,0.0845771144279,0.441558441558,0.836983911611
0.5,0.1,450,77,402,44,0.527559055118,0.109452736318,0.571428571429,1.08315565032
0.5,0.1,451,77,402,40,0.527559055118,0.0995024875622,0.519480519481,0.984686954836
0.5,0.1,452,77,402,44,0.527559055118,0.109452736318,0.571428571429,1.08315565032
0.5,0.1,453,77,402,41,0.527559055118,0.101990049751,0.532467532468,1.00930412871
0.5,0.1,454,77,402,40,0.527559055118,0.0995024875622,0.519480519481,0.984686954836
0.5,0.1,455,77,402,34,0.527559055118,0.0845771144279,0.441558441558,0.836983911611
0.5,0.1,456,77,402,49,0.527559055118,0.121890547264,0.636363636364,1.20624151967
0.5,0.1,457,77,402,41,0.527559055118,0.101990049751,0.532467532468,1.00930412871
0.5,0.1,458,77,402,42,0.527559055118,0.10447761194,0.545454545455,1.03392130258
0.5,0.1,459,77,402,36,0.527559055118,0.089552238806,0.467532467532,0.886218259353
0.5,0.1,460,77,402,44,0.527559055118,0.109452736318,0.571428571429,1.08315565032
0.5,0.1,461,77,402,40,0.527559055118,0.0995024875622,0.519480519481,0.984686954836
0.5,0.1,462,77,402,39,0.527559055118,0.0970149253731,0.506493506494,0.960069780965
0.5,0.1,463,77,402,43,0.527559055118,0.106965174129,0.558441558442,1.05853847645
0.5,0.1,464,77,402,39,0.527559055118,0.0970149253731,0.506493506494,0.960069780965
0.5,0.1,465,77,402,37,0.527559055118,0.092039800995,0.480519480519,0.910835433223
0.5,0.1,466,77,402,38,0.527559055118,0.0945273631841,0.493506493506,0.935452607094
0.5,0.1,467,77,402,33,0.527559055118,0.0820895522388,0.428571428571,0.81236673774
0.5,0.1,468,77,402,46,0.527559055118,0.114427860697,0.597402597403,1.13238999806
0.5,0.1,469,77,402,38,0.527559055118,0.0945273631841,0.493506493506,0.935452607094
0.5,0.1,470,77,402,41,0.527559055118,0.101990049751,0.532467532468,1.00930412871
0.5,0.1,471,77,402,46,0.527559055118,0.114427860697,0.597402597403,1.13238999806
0.5,0.1,472,77,402,41,0.527559055118,0.101990049751,0.532467532468,1.00930412871
0.5,0.1,473,77,402,40,0.527559055118,0.0995024875622,0.519480519481,0.984686954836
0.5,0.1,474,77,402,35,0.527559055118,0.0870646766169,0.454545454545,0.861601085482
0.5,0.1,475,77,402,41,0.527559055118,0.101990049751,0.532467532468,1.00930412871
0.5,0.1,476,77,402,36,0.527559055118,0.089552238806,0.467532467532,0.886218259353
0.5,0.1,477,77,402,38,0.527559055118,0.0945273631841,0.493506493506,0.935452607094
0.5,0.1,478,77,402,45,0.527559055118,0.111940298507,0.584415584416,1.10777282419
0.5,0.1,479,77,402,37,0.527559055118,0.092039800995,0.480519480519,0.910835433223
0.5,0.1,480,77,402,35,0.527559055118,0.0870646766169,0.454545454545,0.861601085482
0.5,0.1,481,77,402,36,0.527559055118,0.089552238806,0.467532467532,0.886218259353
0.5,0.1,482,77,402,43,0.527559055118,0.106965174129,0.558441558442,1.05853847645
0.5,0.1,483,77,402,46,0.527559055118,0.114427860697,0.597402597403,1.13238999806
0.5,0.1,484,77,402,37,0.527559055118,0.092039800995,0.480519480519,0.910835433223
0.5,0.1,485,77,402,37,0.527559055118,0.092039800995,0.480519480519,0.910835433223
0.5,0.1,486,77,402,44,0.527559055118,0.109452736318,0.571428571429,1.08315565032
0.5,0.1,487,77,402,40,0.527559055118,0.0995024875622,0.519480519481,0.984686954836
0.5,0.1,488,77,402,40,0.527559055118,0.0995024875622,0.519480519481,0.984686954836
0.5,0.1,489,77,402,42,0.527559055118,0.10447761194,0.545454545455,1.03392130258
0.5,0.1,490,77,402,54,0.527559055118,0.134328358209,0.701298701299,1.32932738903
0.5,0.1,491,77,402,38,0.527559055118,0.0945273631841,0.493506493506,0.935452607094
0.5,0.1,492,77,402,40,0.527559055118,0.0995024875622,0.519480519481,0.984686954836
0.5,0.1,493,77,402,38,0.527559055118,0.0945273631841,0.493506493506,0.935452607094
0.5,0.1,494,77,402,46,0.527559055118,0.114427860697,0.597402597403,1.13238999806
0.5,0.1,495,77,402,48,0.527559055118,0.119402985075,0.623376623377,1.1816243458
0.5,0.1,496,77,402,41,0.527559055118,0.101990049751,0.532467532468,1.00930412871
0.5,0.1,497,77,402,31,0.527559055118,0.0771144278607,0.402597402597,0.763132389998
0.5,0.1,498,77,402,48,0.527559055118,0.119402985075,0.623376623377,1.1816243458
0.5,0.1,499,77,402,42,0.527559055118,0.10447761194,0.545454545455,1.03392130258
0.5,0.1,500,77,402,38,0.527559055118,0.0945273631841,0.493506493506,0.935452607094
0.5,0.1,501,77,402,40,0.527559055118,0.0995024875622,0.519480519481,0.984686954836
0.5,0.1,502,77,402,45,0.527559055118,0.111940298507,0.584415584416,1.10777282419
0.5,0.1,503,77,402,41,0.527559055118,0.101990049751,0.532467532468,1.00930412871
0.5,0.1,504,77,402,43,0.527559055118,0.106965174129,0.558441558442,1.05853847645
0.5,0.1,505,77,402,37,0.527559055118,0.092039800995,0.480519480519,0.910835433223
0.5,0.1,506,77,402,40,0.527559055118,0.0995024875622,0.519480519481,0.984686954836
0.5,0.1,507,77,402,41,0.527559055118,0.101990049751,0.532467532468,1.00930412871
0.5,0.1,508,77,402,45,0.527559055118,0.111940298507,0.584415584416,1.10777282419
0.5,0.1,509,77,402,40,0.527559055118,0.0995024875622,0.519480519481,0.984686954836
0.5,0.1,510,77,402,46,0.527559055118,0.114427860697,0.597402597403,1.13238999806
0.5,0.1,511,77,402,44,0.527559055118,0.109452736318,0.571428571429,1.08315565032
0.5,0.1,512,77,402,42,0.527559055118,0.10447761194,0.545454545455,1.03392130258
0.5,0.1,513,77,402,41,0.527559055118,0.101990049751,0.532467532468,1.00930412871
0.5,0.1,514,77,402,44,0.527559055118,0.109452736318,0.571428571429,1.08315565032
0.5,0.1,515,77,402,47,0.527559055118,0.116915422886,0.61038961039,1.15700717193
0.5,0.1,516,77,402,36,0.527559055118,0.089552238806,0.467532467532,0.886218259353
0.5,0.1,517,77,402,36,0.527559055118,0.089552238806,0.467532467532,0.886218259353
0.5,0.1,518,77,402,51,0.527559055118,0.126865671642,0.662337662338,1.25547586742
0.5,0.1,519,77,402,51,0.527559055118,0.126865671642,0.662337662338,1.25547586742
0.5,0.1,520,77,402,36,0.527559055118,0.089552238806,0.467532467532,0.886218259353
0.5,0.1,521,77,402,41,0.527559055118,0.101990049751,0.532467532468,1.00930412871
0.5,0.1,522,77,402,47,0.527559055118,0.116915422886,0.61038961039,1.15700717193
0.5,0.1,523,77,402,39,0.527559055118,0.0970149253731,0.506493506494,0.960069780965
0.5,0.1,524,77,402,34,0.527559055118,0.0845771144279,0.441558441558,0.836983911611
0.5,0.1,525,77,402,38,0.527559055118,0.0945273631841,0.493506493506,0.935452607094
0.5,0.1,526,77,402,43,0.527559055118,0.106965174129,0.558441558442,1.05853847645
0.5,0.1,527,77,402,41,0.527559055118,0.101990049751,0.532467532468,1.00930412871
0.5,0.1,528,77,402,40,0.527559055118,0.0995024875622,0.519480519481,0.984686954836
0.5,0.1,529,77,402,41,0.527559055118,0.101990049751,0.532467532468,1.00930412871
0.5,0.1,530,77,402,41,0.527559055118,0.101990049751,0.532467532468,1.00930412871
0.5,0.1,531,77,402,46,0.527559055118,0.114427860697,0.597402597403,1.13238999806
0.5,0.1,532,77,402,41,0.527559055118,0.101990049751,0.532467532468,1.00930412871
0.5,0.1,533,77,402,43,0.527559055118,0.106965174129,0.558441558442,1.05853847645
0.5,0.1,534,77,402,40,0.527559055118,0.0995024875622,0.519480519481,0.984686954836
0.5,0.1,535,77,402,35,0.527559055118,0.0870646766169,0.454545454545,0.861601085482
0.5,0.1,536,77,402,42,0.527559055118,0.10447761194,0.545454545455,1.03392130258
0.5,0.1,537,77,402,39,0.527559055118,0.0970149253731,0.506493506494,0.960069780965
0.5,0.1,538,77,402,41,0.527559055118,0.101990049751,0.532467532468,1.00930412871
0.5,0.1,539,77,402,42,0.527559055118,0.10447761194,0.545454545455,1.03392130258
0.5,0.1,540,77,402,39,0.527559055118,0.0970149253731,0.506493506494,0.960069780965
0.5,0.1,541,77,402,35,0.527559055118,0.0870646766169,0.454545454545,0.861601085482
0.5,0.1,542,77,402,42,0.527559055118,0.10447761194,0.545454545455,1.03392130258
0.5,0.1,543,77,402,45,0.527559055118,0.111940298507,0.584415584416,1.10777282419
0.5,0.1,544,77,402,35,0.527559055118,0.0870646766169,0.454545454545,0.861601085482
0.5,0.1,545,77,402,46,0.527559055118,0.114427860697,0.597402597403,1.13238999806
0.5,0.1,546,77,402,35,0.527559055118,0.0870646766169,0.454545454545,0.861601085482
0.5,0.1,547,77,402,44,0.527559055118,0.109452736318,0.571428571429,1.08315565032
0.5,0.1,548,77,402,42,0.527559055118,0.10447761194,0.545454545455,1.03392130258
0.5,0.1,549,77,402,33,0.527559055118,0.0820895522388,0.428571428571,0.81236673774
0.5,0.1,550,77,402,35,0.527559055118,0.0870646766169,0.454545454545,0.861601085482
0.5,0.1,551,77,402,37,0.527559055118,0.092039800995,0.480519480519,0.910835433223
0.5,0.1,552,77,402,37,0.527559055118,0.092039800995,0.480519480519,0.910835433223
0.5,0.1,553,77,402,45,0.527559055118,0.111940298507,0.584415584416,1.10777282419
0.5,0.1,554,77,402,38,0.527559055118,0.0945273631841,0.493506493506,0.935452607094
0.5,0.1,555,77,402,42,0.527559055118,0.10447761194,0.545454545455,1.03392130258
0.5,0.1,556,77,402,42,0.527559055118,0.10447761194,0.545454545455,1.03392130258
0.5,0.1,557,77,402,41,0.527559055118,0.101990049751,0.532467532468,1.00930412871
0.5,0.1,558,77,402,40,0.527559055118,0.0995024875622,0.519480519481,0.984686954836
0.5,0.1,559,77,402,35,0.527559055118,0.0870646766169,0.454545454545,0.861601085482
0.5,0.1,560,77,402,38,0.527559055118,0.0945273631841,0.493506493506,0.935452607094
0.5,0.1,561,77,402,39,0.527559055118,0.0970149253731,0.506493506494,0.960069780965
0.5,0.1,562,77,402,40,0.527559055118,0.0995024875622,0.519480519481,0.984686954836
0.5,0.1,563,77,402,36,0.527559055118,0.089552238806,0.467532467532,0.886218259353
0.5,0.1,564,77,402,36,0.527559055118,0.089552238806,0.467532467532,0.886218259353
0.5,0.1,565,77,402,42,0.527559055118,0.10447761194,0.545454545455,1.03392130258
0.5,0.1,566,77,402,38,0.527559055118,0.0945273631841,0.493506493506,0.935452607094
0.5,0.1,567,77,402,41,0.527559055118,0.101990049751,0.532467532468,1.00930412871
0.5,0.1,568,77,402,36,0.527559055118,0.089552238806,0.467532467532,0.886218259353
0.5,0.1,569,77,402,34,0.527559055118,0.0845771144279,0.441558441558,0.836983911611
0.5,0.1,570,77,402,38,0.527559055118,0.0945273631841,0.493506493506,0.935452607094
0.5,0.1,571,77,402,44,0.527559055118,0.109452736318,0.571428571429,1.08315565032
0.5,0.1,572,77,402,43,0.527559055118,0.106965174129,0.558441558442,1.05853847645
0.5,0.1,573,77,402,42,0.527559055118,0.10447761194,0.545454545455,1.03392130258
0.5,0.1,574,77,402,44,0.527559055118,0.109452736318,0.571428571429,1.08315565032
0.5,0.1,575,77,402,40,0.527559055118,0.0995024875622,0.519480519481,0.984686954836
0.5,0.1,576,77,402,46,0.527559055118,0.114427860697,0.597402597403,1.13238999806
0.5,0.1,577,77,402,37,0.527559055118,0.092039800995,0.480519480519,0.910835433223
0.5,0.1,578,77,402,40,0.527559055118,0.0995024875622,0.519480519481,0.984686954836
0.5,0.1,579,77,402,44,0.527559055118,0.109452736318,0.571428571429,1.08315565032
0.5,0.1,580,77,402,53,0.527559055118,0.13184079602,0.688311688312,1.30471021516
0.5,0.1,581,77,402,50,0.527559055118,0.124378109453,0.649350649351,1.23085869355
0.5,0.1,582,77,402,35,0.527559055118,0.0870646766169,0.454545454545,0.861601085482
0.5,0.1,583,77,402,42,0.527559055118,0.10447761194,0.545454545455,1.03392130258
0.5,0.1,584,77,402,40,0.527559055118,0.0995024875622,0.519480519481,0.984686954836
0.5,0.1,585,77,402,46,0.527559055118,0.114427860697,0.597402597403,1.13238999806
0.5,0.1,586,77,402,42,0.527559055118,0.10447761194,0.545454545455,1.03392130258
0.5,0.1,587,77,402,43,0.527559055118,0.106965174129,0.558441558442,1.05853847645
0.5,0.1,588,77,402,35,0.527559055118,0.0870646766169,0.454545454545,0.861601085482
0.5,0.1,589,77,402,45,0.527559055118,0.111940298507,0.584415584416,1.10777282419
0.5,0.1,590,77,402,38,0.527559055118,0.0945273631841,0.493506493506,0.935452607094
0.5,0.1,591,77,402,36,0.527559055118,0.089552238806,0.467532467532,0.886218259353
0.5,0.1,592,77,402,38,0.527559055118,0.0945273631841,0.493506493506,0.935452607094
0.5,0.1,593,77,402,41,0.527559055118,0.101990049751,0.532467532468,1.00930412871
0.5,0.1,594,77,402,49,0.527559055118,0.121890547264,0.636363636364,1.20624151967
0.5,0.1,595,77,402,37,0.527559055118,0.092039800995,0.480519480519,0.910835433223
0.5,0.1,596,77,402,49,0.527559055118,0.121890547264,0.636363636364,1.20624151967
0.5,0.1,597,77,402,40,0.527559055118,0.0995024875622,0.519480519481,0.984686954836
0.5,0.1,598,77,402,42,0.527559055118,0.10447761194,0.545454545455,1.03392130258
0.5,0.1,599,77,402,38,0.527559055118,0.0945273631841,0.493506493506,0.935452607094
0.5,0.1,600,77,402,39,0.527559055118,0.0970149253731,0.506493506494,0.960069780965
0.5,0.1,601,77,402,33,0.527559055118,0.0820895522388,0.428571428571,0.81236673774
0.5,0.1,602,77,402,40,0.527559055118,0.0995024875622,0.519480519481,0.984686954836
0.5,0.1,603,77,402,41,0.527559055118,0.101990049751,0.532467532468,1.00930412871
0.5,0.1,604,77,402,41,0.527559055118,0.101990049751,0.532467532468,1.00930412871
0.5,0.1,605,77,402,45,0.527559055118,0.111940298507,0.584415584416,1.10777282419
0.5,0.1,606,77,402,38,0.527559055118,0.0945273631841,0.493506493506,0.935452607094
0.5,0.1,607,77,402,35,0.527559055118,0.0870646766169,0.454545454545,0.861601085482
0.5,0.1,608,77,402,46,0.527559055118,0.114427860697,0.597402597403,1.13238999806
0.5,0.1,609,77,402,47,0.527559055118,0.116915422886,0.61038961039,1.15700717193
0.5,0.1,610,77,402,35,0.527559055118,0.0870646766169,0.454545454545,0.861601085482
0.5,0.1,611,77,402,37,0.527559055118,0.092039800995,0.480519480519,0.910835433223
0.5,0.1,612,77,402,43,0.527559055118,0.106965174129,0.558441558442,1.05853847645
0.5,0.1,613,77,402,39,0.527559055118,0.0970149253731,0.506493506494,0.960069780965
0.5,0.1,614,77,402,43,0.527559055118,0.106965174129,0.558441558442,1.05853847645
0.5,0.1,615,77,402,36,0.527559055118,0.089552238806,0.467532467532,0.886218259353
0.5,0.1,616,77,402,43,0.527559055118,0.106965174129,0.558441558442,1.05853847645
0.5,0.1,617,77,402,42,0.527559055118,0.10447761194,0.545454545455,1.03392130258
0.5,0.1,618,77,402,38,0.527559055118,0.0945273631841,0.493506493506,0.935452607094
0.5,0.1,619,77,402,41,0.527559055118,0.101990049751,0.532467532468,1.00930412871
0.5,0.1,620,77,402,49,0.527559055118,0.121890547264,0.636363636364,1.20624151967
0.5,0.1,621,77,402,38,0.527559055118,0.0945273631841,0.493506493506,0.935452607094
0.5,0.1,622,77,402,43,0.527559055118,0.106965174129,0.558441558442,1.05853847645
0.5,0.1,623,77,402,50,0.527559055118,0.124378109453,0.649350649351,1.23085869355
0.5,0.1,624,77,402,37,0.527559055118,0.092039800995,0.480519480519,0.910835433223
0.5,0.1,625,77,402,45,0.527559055118,0.111940298507,0.584415584416,1.10777282419
0.5,0.1,626,77,402,40,0.527559055118,0.0995024875622,0.519480519481,0.984686954836
0.5,0.1,627,77,402,45,0.527559055118,0.111940298507,0.584415584416,1.10777282419
0.5,0.1,628,77,402,38,0.527559055118,0.0945273631841,0.493506493506,0.935452607094
0.5,0.1,629,77,402,43,0.527559055118,0.106965174129,0.558441558442,1.05853847645
0.5,0.1,630,77,402,45,0.527559055118,0.111940298507,0.584415584416,1.10777282419
0.5,0.1,631,77,402,44,0.527559055118,0.109452736318,0.571428571429,1.08315565032
0.5,0.1,632,77,402,36,0.527559055118,0.089552238806,0.467532467532,0.886218259353
0.5,0.1,633,77,402,36,0.527559055118,0.089552238806,0.467532467532,0.886218259353
0.5,0.1,634,77,402,39,0.527559055118,0.0970149253731,0.506493506494,0.960069780965
0.5,0.1,635,77,402,41,0.527559055118,0.101990049751,0.532467532468,1.00930412871
0.5,0.1,636,77,402,50,0.527559055118,0.124378109453,0.649350649351,1.23085869355
0.5,0.1,637,77,402,36,0.527559055118,0.089552238806,0.467532467532,0.886218259353
0.5,0.1,638,77,402,47,0.527559055118,0.116915422886,0.61038961039,1.15700717193
0.5,0.1,639,77,402,50,0.527559055118,0.124378109453,0.649350649351,1.23085869355
0.5,0.1,640,77,402,40,0.527559055118,0.0995024875622,0.519480519481,0.984686954836
0.5,0.1,641,77,402,37,0.527559055118,0.092039800995,0.480519480519,0.910835433223
0.5,0.1,642,77,402,40,0.527559055118,0.0995024875622,0.519480519481,0.984686954836
0.5,0.1,643,77,402,47,0.527559055118,0.116915422886,0.61038961039,1.15700717193
0.5,0.1,644,77,402,39,0.527559055118,0.0970149253731,0.506493506494,0.960069780965
0.5,0.1,645,77,402,44,0.527559055118,0.109452736318,0.571428571429,1.08315565032
0.5,0.1,646,77,402,42,0.527559055118,0.10447761194,0.545454545455,1.03392130258
0.5,0.1,647,77,402,42,0.527559055118,0.10447761194,0.545454545455,1.03392130258
0.5,0.1,648,77,402,41,0.527559055118,0.101990049751,0.532467532468,1.00930412871
0.5,0.1,649,77,402,44,0.527559055118,0.109452736318,0.571428571429,1.08315565032
0.5,0.1,650,77,402,38,0.527559055118,0.0945273631841,0.493506493506,0.935452607094
0.5,0.1,651,77,402,39,0.527559055118,0.0970149253731,0.506493506494,0.960069780965
0.5,0.1,652,77,402,41,0.527559055118,0.101990049751,0.532467532468,1.00930412871
0.5,0.1,653,77,402,44,0.527559055118,0.109452736318,0.571428571429,1.08315565032
0.5,0.1,654,77,402,31,0.527559055118,0.0771144278607,0.402597402597,0.763132389998
0.5,0.1,655,77,402,39,0.527559055118,0.0970149253731,0.506493506494,0.960069780965
0.5,0.1,656,77,402,42,0.527559055118,0.10447761194,0.545454545455,1.03392130258
0.5,0.1,657,77,402,46,0.527559055118,0.114427860697,0.597402597403,1.13238999806
0.5,0.1,658,77,402,40,0.527559055118,0.0995024875622,0.519480519481,0.984686954836
0.5,0.1,659,77,402,32,0.527559055118,0.0796019900498,0.415584415584,0.787749563869
0.5,0.1,660,77,402,36,0.527559055118,0.089552238806,0.467532467532,0.886218259353
0.5,0.1,661,77,402,38,0.527559055118,0.0945273631841,0.493506493506,0.935452607094
0.5,0.1,662,77,402,35,0.527559055118,0.0870646766169,0.454545454545,0.861601085482
0.5,0.1,663,77,402,47,0.527559055118,0.116915422886,0.61038961039,1.15700717193
0.5,0.1,664,77,402,40,0.527559055118,0.0995024875622,0.519480519481,0.984686954836
0.5,0.1,665,77,402,40,0.527559055118,0.0995024875622,0.519480519481,0.984686954836
0.5,0.1,666,77,402,40,0.527559055118,0.0995024875622,0.519480519481,0.984686954836
0.5,0.1,667,77,402,39,0.527559055118,0.0970149253731,0.506493506494,0.960069780965
0.5,0.1,668,77,402,44,0.527559055118,0.109452736318,0.571428571429,1.08315565032
0.5,0.1,669,77,402,43,0.527559055118,0.106965174129,0.558441558442,1.05853847645
0.5,0.1,670,77,402,41,0.527559055118,0.101990049751,0.532467532468,1.00930412871
0.5,0.1,671,77,402,29,0.527559055118,0.0721393034826,0.376623376623,0.713898042256
0.5,0.1,672,77,402,46,0.527559055118,0.114427860697,0.597402597403,1.13238999806
0.5,0.1,673,77,402,37,0.527559055118,0.092039800995,0.480519480519,0.910835433223
0.5,0.1,674,77,402,36,0.527559055118,0.089552238806,0.467532467532,0.886218259353
0.5,0.1,675,77,402,40,0.527559055118,0.0995024875622,0.519480519481,0.984686954836
0.5,0.1,676,77,402,33,0.527559055118,0.0820895522388,0.428571428571,0.81236673774
0.5,0.1,677,77,402,48,0.527559055118,0.119402985075,0.623376623377,1.1816243458
0.5,0.1,678,77,402,38,0.527559055118,0.0945273631841,0.493506493506,0.935452607094
0.5,0.1,679,77,402,41,0.527559055118,0.101990049751,0.532467532468,1.00930412871
0.5,0.1,680,77,402,44,0.527559055118,0.109452736318,0.571428571429,1.08315565032
0.5,0.1,681,77,402,42,0.527559055118,0.10447761194,0.545454545455,1.03392130258
0.5,0.1,682,77,402,43,0.527559055118,0.106965174129,0.558441558442,1.05853847645
0.5,0.1,683,77,402,37,0.527559055118,0.092039800995,0.480519480519,0.910835433223
0.5,0.1,684,77,402,36,0.527559055118,0.089552238806,0.467532467532,0.886218259353
0.5,0.1,685,77,402,42,0.527559055118,0.10447761194,0.545454545455,1.03392130258
0.5,0.1,686,77,402,44,0.527559055118,0.109452736318,0.571428571429,1.08315565032
0.5,0.1,687,77,402,37,0.527559055118,0.092039800995,0.480519480519,0.910835433223
0.5,0.1,688,77,402,40,0.527559055118,0.0995024875622,0.519480519481,0.984686954836
0.5,0.1,689,77,402,39,0.527559055118,0.0970149253731,0.506493506494,0.960069780965
0.5,0.1,690,77,402,39,0.527559055118,0.0970149253731,0.506493506494,0.960069780965
0.5,0.1,691,77,402,42,0.527559055118,0.10447761194,0.545454545455,1.03392130258
0.5,0.1,692,77,402,43,0.527559055118,0.106965174129,0.558441558442,1.05853847645
0.5,0.1,693,77,402,45,0.527559055118,0.111940298507,0.584415584416,1.10777282419
0.5,0.1,694,77,402,41,0.527559055118,0.101990049751,0.532467532468,1.00930412871
0.5,0.1,695,77,402,46,0.527559055118,0.114427860697,0.597402597403,1.13238999806
0.5,0.1,696,77,402,40,0.527559055118,0.0995024875622,0.519480519481,0.984686954836
0.5,0.1,697,77,402,45,0.527559055118,0.111940298507,0.584415584416,1.10777282419
0.5,0.1,698,77,402,44,0.527559055118,0.109452736318,0.571428571429,1.08315565032
0.5,0.1,699,77,402,40,0.527559055118,0.0995024875622,0.519480519481,0.984686954836
0.5,0.1,700,77,402,28,0.527559055118,0.0696517412935,0.363636363636,0.689280868385
0.5,0.1,701,77,402,45,0.527559055118,0.111940298507,0.584415584416,1.10777282419
0.5,0.1,702,77,402,42,0.527559055118,0.10447761194,0.545454545455,1.03392130258
0.5,0.1,703,77,402,48,0.527559055118,0.119402985075,0.623376623377,1.1816243458
0.5,0.1,704,77,402,39,0.527559055118,0.0970149253731,0.506493506494,0.960069780965
0.5,0.1,705,77,402,33,0.527559055118,0.0820895522388,0.428571428571,0.81236673774
0.5,0.1,706,77,402,33,0.527559055118,0.0820895522388,0.428571428571,0.81236673774
0.5,0.1,707,77,402,45,0.527559055118,0.111940298507,0.584415584416,1.10777282419
0.5,0.1,708,77,402,45,0.527559055118,0.111940298507,0.584415584416,1.10777282419
0.5,0.1,709,77,402,36,0.527559055118,0.089552238806,0.467532467532,0.886218259353
0.5,0.1,710,77,402,45,0.527559055118,0.111940298507,0.584415584416,1.10777282419
0.5,0.1,711,77,402,45,0.527559055118,0.111940298507,0.584415584416,1.10777282419
0.5,0.1,712,77,402,40,0.527559055118,0.0995024875622,0.519480519481,0.984686954836
0.5,0.1,713,77,402,46,0.527559055118,0.114427860697,0.597402597403,1.13238999806
0.5,0.1,714,77,402,34,0.527559055118,0.0845771144279,0.441558441558,0.836983911611
0.5,0.1,715,77,402,46,0.527559055118,0.114427860697,0.597402597403,1.13238999806
0.5,0.1,716,77,402,41,0.527559055118,0.101990049751,0.532467532468,1.00930412871
0.5,0.1,717,77,402,31,0.527559055118,0.0771144278607,0.402597402597,0.763132389998
0.5,0.1,718,77,402,38,0.527559055118,0.0945273631841,0.493506493506,0.935452607094
0.5,0.1,719,77,402,42,0.527559055118,0.10447761194,0.545454545455,1.03392130258
0.5,0.1,720,77,402,35,0.527559055118,0.0870646766169,0.454545454545,0.861601085482
0.5,0.1,721,77,402,47,0.527559055118,0.116915422886,0.61038961039,1.15700717193
0.5,0.1,722,77,402,40,0.527559055118,0.0995024875622,0.519480519481,0.984686954836
0.5,0.1,723,77,402,31,0.527559055118,0.0771144278607,0.402597402597,0.763132389998
0.5,0.1,724,77,402,42,0.527559055118,0.10447761194,0.545454545455,1.03392130258
0.5,0.1,725,77,402,45,0.527559055118,0.111940298507,0.584415584416,1.10777282419
0.5,0.1,726,77,402,39,0.527559055118,0.0970149253731,0.506493506494,0.960069780965
0.5,0.1,727,77,402,29,0.527559055118,0.0721393034826,0.376623376623,0.713898042256
0.5,0.1,728,77,402,46,0.527559055118,0.114427860697,0.597402597403,1.13238999806
0.5,0.1,729,77,402,41,0.527559055118,0.101990049751,0.532467532468,1.00930412871
0.5,0.1,730,77,402,39,0.527559055118,0.0970149253731,0.506493506494,0.960069780965
0.5,0.1,731,77,402,38,0.527559055118,0.0945273631841,0.493506493506,0.935452607094
0.5,0.1,732,77,402,40,0.527559055118,0.0995024875622,0.519480519481,0.984686954836
0.5,0.1,733,77,402,46,0.527559055118,0.114427860697,0.597402597403,1.13238999806
0.5,0.1,734,77,402,36,0.527559055118,0.089552238806,0.467532467532,0.886218259353
0.5,0.1,735,77,402,38,0.527559055118,0.0945273631841,0.493506493506,0.935452607094
0.5,0.1,736,77,402,42,0.527559055118,0.10447761194,0.545454545455,1.03392130258
0.5,0.1,737,77,402,37,0.527559055118,0.092039800995,0.480519480519,0.910835433223
0.5,0.1,738,77,402,44,0.527559055118,0.109452736318,0.571428571429,1.08315565032
0.5,0.1,739,77,402,36,0.527559055118,0.089552238806,0.467532467532,0.886218259353
0.5,0.1,740,77,402,36,0.527559055118,0.089552238806,0.467532467532,0.886218259353
0.5,0.1,741,77,402,50,0.527559055118,0.124378109453,0.649350649351,1.23085869355
0.5,0.1,742,77,402,39,0.527559055118,0.0970149253731,0.506493506494,0.960069780965
0.5,0.1,743,77,402,46,0.527559055118,0.114427860697,0.597402597403,1.13238999806
0.5,0.1,744,77,402,36,0.527559055118,0.089552238806,0.467532467532,0.886218259353
0.5,0.1,745,77,402,46,0.527559055118,0.114427860697,0.597402597403,1.13238999806
0.5,0.1,746,77,402,38,0.527559055118,0.0945273631841,0.493506493506,0.935452607094
0.5,0.1,747,77,402,43,0.527559055118,0.106965174129,0.558441558442,1.05853847645
0.5,0.1,748,77,402,46,0.527559055118,0.114427860697,0.597402597403,1.13238999806
0.5,0.1,749,77,402,36,0.527559055118,0.089552238806,0.467532467532,0.886218259353
0.5,0.1,750,77,402,39,0.527559055118,0.0970149253731,0.506493506494,0.960069780965
0.5,0.1,751,77,402,39,0.527559055118,0.0970149253731,0.506493506494,0.960069780965
0.5,0.1,752,77,402,42,0.527559055118,0.10447761194,0.545454545455,1.03392130258
0.5,0.1,753,77,402,42,0.527559055118,0.10447761194,0.545454545455,1.03392130258
0.5,0.1,754,77,402,38,0.527559055118,0.0945273631841,0.493506493506,0.935452607094
0.5,0.1,755,77,402,35,0.527559055118,0.0870646766169,0.454545454545,0.861601085482
0.5,0.1,756,77,402,42,0.527559055118,0.10447761194,0.545454545455,1.03392130258
0.5,0.1,757,77,402,44,0.527559055118,0.109452736318,0.571428571429,1.08315565032
0.5,0.1,758,77,402,41,0.527559055118,0.101990049751,0.532467532468,1.00930412871
0.5,0.1,759,77,402,43,0.527559055118,0.106965174129,0.558441558442,1.05853847645
0.5,0.1,760,77,402,50,0.527559055118,0.124378109453,0.649350649351,1.23085869355
0.5,0.1,761,77,402,42,0.527559055118,0.10447761194,0.545454545455,1.03392130258
0.5,0.1,762,77,402,38,0.527559055118,0.0945273631841,0.493506493506,0.935452607094
0.5,0.1,763,77,402,35,0.527559055118,0.0870646766169,0.454545454545,0.861601085482
0.5,0.1,764,77,402,47,0.527559055118,0.116915422886,0.61038961039,1.15700717193
0.5,0.1,765,77,402,41,0.527559055118,0.101990049751,0.532467532468,1.00930412871
0.5,0.1,766,77,402,41,0.527559055118,0.101990049751,0.532467532468,1.00930412871
0.5,0.1,767,77,402,45,0.527559055118,0.111940298507,0.584415584416,1.10777282419
0.5,0.1,768,77,402,39,0.527559055118,0.0970149253731,0.506493506494,0.960069780965
0.5,0.1,769,77,402,38,0.527559055118,0.0945273631841,0.493506493506,0.935452607094
0.5,0.1,770,77,402,40,0.527559055118,0.0995024875622,0.519480519481,0.984686954836
0.5,0.1,771,77,402,44,0.527559055118,0.109452736318,0.571428571429,1.08315565032
0.5,0.1,772,77,402,39,0.527559055118,0.0970149253731,0.506493506494,0.960069780965
0.5,0.1,773,77,402,38,0.527559055118,0.0945273631841,0.493506493506,0.935452607094
0.5,0.1,774,77,402,44,0.527559055118,0.109452736318,0.571428571429,1.08315565032
0.5,0.1,775,77,402,40,0.527559055118,0.0995024875622,0.519480519481,0.984686954836
0.5,0.1,776,77,402,36,0.527559055118,0.089552238806,0.467532467532,0.886218259353
0.5,0.1,777,77,402,35,0.527559055118,0.0870646766169,0.454545454545,0.861601085482
0.5,0.1,778,77,402,36,0.527559055118,0.089552238806,0.467532467532,0.886218259353
0.5,0.1,779,77,402,40,0.527559055118,0.0995024875622,0.519480519481,0.984686954836
0.5,0.1,780,77,402,45,0.527559055118,0.111940298507,0.584415584416,1.10777282419
0.5,0.1,781,77,402,42,0.527559055118,0.10447761194,0.545454545455,1.03392130258
0.5,0.1,782,77,402,41,0.527559055118,0.101990049751,0.532467532468,1.00930412871
0.5,0.1,783,77,402,37,0.527559055118,0.092039800995,0.480519480519,0.910835433223
0.5,0.1,784,77,402,39,0.527559055118,0.0970149253731,0.506493506494,0.960069780965
0.5,0.1,785,77,402,42,0.527559055118,0.10447761194,0.545454545455,1.03392130258
0.5,0.1,786,77,402,38,0.527559055118,0.0945273631841,0.493506493506,0.935452607094
0.5,0.1,787,77,402,42,0.527559055118,0.10447761194,0.545454545455,1.03392130258
0.5,0.1,788,77,402,30,0.527559055118,0.0746268656716,0.38961038961,0.738515216127
0.5,0.1,789,77,402,40,0.527559055118,0.0995024875622,0.519480519481,0.984686954836
0.5,0.1,790,77,402,41,0.527559055118,0.101990049751,0.532467532468,1.00930412871
0.5,0.1,791,77,402,47,0.527559055118,0.116915422886,0.61038961039,1.15700717193
0.5,0.1,792,77,402,53,0.527559055118,0.13184079602,0.688311688312,1.30471021516
0.5,0.1,793,77,402,42,0.527559055118,0.10447761194,0.545454545455,1.03392130258
0.5,0.1,794,77,402,36,0.527559055118,0.089552238806,0.467532467532,0.886218259353
0.5,0.1,795,77,402,41,0.527559055118,0.101990049751,0.532467532468,1.00930412871
0.5,0.1,796,77,402,35,0.527559055118,0.0870646766169,0.454545454545,0.861601085482
0.5,0.1,797,77,402,35,0.527559055118,0.0870646766169,0.454545454545,0.861601085482
0.5,0.1,798,77,402,38,0.527559055118,0.0945273631841,0.493506493506,0.935452607094
0.5,0.1,799,77,402,42,0.527559055118,0.10447761194,0.545454545455,1.03392130258
0.5,0.1,800,77,402,33,0.527559055118,0.0820895522388,0.428571428571,0.81236673774
0.5,0.1,801,77,402,40,0.527559055118,0.0995024875622,0.519480519481,0.984686954836
0.5,0.1,802,77,402,42,0.527559055118,0.10447761194,0.545454545455,1.03392130258
0.5,0.1,803,77,402,48,0.527559055118,0.119402985075,0.623376623377,1.1816243458
0.5,0.1,804,77,402,42,0.527559055118,0.10447761194,0.545454545455,1.03392130258
0.5,0.1,805,77,402,37,0.527559055118,0.092039800995,0.480519480519,0.910835433223
0.5,0.1,806,77,402,37,0.527559055118,0.092039800995,0.480519480519,0.910835433223
0.5,0.1,807,77,402,41,0.527559055118,0.101990049751,0.532467532468,1.00930412871
0.5,0.1,808,77,402,39,0.527559055118,0.0970149253731,0.506493506494,0.960069780965
0.5,0.1,809,77,402,42,0.527559055118,0.10447761194,0.545454545455,1.03392130258
0.5,0.1,810,77,402,45,0.527559055118,0.111940298507,0.584415584416,1.10777282419
0.5,0.1,811,77,402,40,0.527559055118,0.0995024875622,0.519480519481,0.984686954836
0.5,0.1,812,77,402,33,0.527559055118,0.0820895522388,0.428571428571,0.81236673774
0.5,0.1,813,77,402,46,0.527559055118,0.114427860697,0.597402597403,1.13238999806
0.5,0.1,814,77,402,39,0.527559055118,0.0970149253731,0.506493506494,0.960069780965
0.5,0.1,815,77,402,43,0.527559055118,0.106965174129,0.558441558442,1.05853847645
0.5,0.1,816,77,402,39,0.527559055118,0.0970149253731,0.506493506494,0.960069780965
0.5,0.1,817,77,402,47,0.527559055118,0.116915422886,0.61038961039,1.15700717193
0.5,0.1,818,77,402,45,0.527559055118,0.111940298507,0.584415584416,1.10777282419
0.5,0.1,819,77,402,43,0.527559055118,0.106965174129,0.558441558442,1.05853847645
0.5,0.1,820,77,402,43,0.527559055118,0.106965174129,0.558441558442,1.05853847645
0.5,0.1,821,77,402,42,0.527559055118,0.10447761194,0.545454545455,1.03392130258
0.5,0.1,822,77,402,49,0.527559055118,0.121890547264,0.636363636364,1.20624151967
0.5,0.1,823,77,402,32,0.527559055118,0.0796019900498,0.415584415584,0.787749563869
0.5,0.1,824,77,402,48,0.527559055118,0.119402985075,0.623376623377,1.1816243458
0.5,0.1,825,77,402,37,0.527559055118,0.092039800995,0.480519480519,0.910835433223
0.5,0.1,826,77,402,42,0.527559055118,0.10447761194,0.545454545455,1.03392130258
0.5,0.1,827,77,402,40,0.527559055118,0.0995024875622,0.519480519481,0.984686954836
0.5,0.1,828,77,402,44,0.527559055118,0.109452736318,0.571428571429,1.08315565032
0.5,0.1,829,77,402,49,0.527559055118,0.121890547264,0.636363636364,1.20624151967
0.5,0.1,830,77,402,35,0.527559055118,0.0870646766169,0.454545454545,0.861601085482
0.5,0.1,831,77,402,42,0.527559055118,0.10447761194,0.545454545455,1.03392130258
0.5,0.1,832,77,402,38,0.527559055118,0.0945273631841,0.493506493506,0.935452607094
0.5,0.1,833,77,402,47,0.527559055118,0.116915422886,0.61038961039,1.15700717193
0.5,0.1,834,77,402,36,0.527559055118,0.089552238806,0.467532467532,0.886218259353
0.5,0.1,835,77,402,43,0.527559055118,0.106965174129,0.558441558442,1.05853847645
0.5,0.1,836,77,402,43,0.527559055118,0.106965174129,0.558441558442,1.05853847645
0.5,0.1,837,77,402,37,0.527559055118,0.092039800995,0.480519480519,0.910835433223
0.5,0.1,838,77,402,48,0.527559055118,0.119402985075,0.623376623377,1.1816243458
0.5,0.1,839,77,402,43,0.527559055118,0.106965174129,0.558441558442,1.05853847645
0.5,0.1,840,77,402,40,0.527559055118,0.0995024875622,0.519480519481,0.984686954836
0.5,0.1,841,77,402,43,0.527559055118,0.106965174129,0.558441558442,1.05853847645
0.5,0.1,842,77,402,46,0.527559055118,0.114427860697,0.597402597403,1.13238999806
0.5,0.1,843,77,402,51,0.527559055118,0.126865671642,0.662337662338,1.25547586742
0.5,0.1,844,77,402,44,0.527559055118,0.109452736318,0.571428571429,1.08315565032
0.5,0.1,845,77,402,39,0.527559055118,0.0970149253731,0.506493506494,0.960069780965
0.5,0.1,846,77,402,41,0.527559055118,0.101990049751,0.532467532468,1.00930412871
0.5,0.1,847,77,402,45,0.527559055118,0.111940298507,0.584415584416,1.10777282419
0.5,0.1,848,77,402,39,0.527559055118,0.0970149253731,0.506493506494,0.960069780965
0.5,0.1,849,77,402,43,0.527559055118,0.106965174129,0.558441558442,1.05853847645
0.5,0.1,850,77,402,43,0.527559055118,0.106965174129,0.558441558442,1.05853847645
0.5,0.1,851,77,402,40,0.527559055118,0.0995024875622,0.519480519481,0.984686954836
0.5,0.1,852,77,402,44,0.527559055118,0.109452736318,0.571428571429,1.08315565032
0.5,0.1,853,77,402,48,0.527559055118,0.119402985075,0.623376623377,1.1816243458
0.5,0.1,854,77,402,38,0.527559055118,0.0945273631841,0.493506493506,0.935452607094
0.5,0.1,855,77,402,42,0.527559055118,0.10447761194,0.545454545455,1.03392130258
0.5,0.1,856,77,402,46,0.527559055118,0.114427860697,0.597402597403,1.13238999806
0.5,0.1,857,77,402,37,0.527559055118,0.092039800995,0.480519480519,0.910835433223
0.5,0.1,858,77,402,40,0.527559055118,0.0995024875622,0.519480519481,0.984686954836
0.5,0.1,859,77,402,41,0.527559055118,0.101990049751,0.532467532468,1.00930412871
0.5,0.1,860,77,402,43,0.527559055118,0.106965174129,0.558441558442,1.05853847645
0.5,0.1,861,77,402,40,0.527559055118,0.0995024875622,0.519480519481,0.984686954836
0.5,0.1,862,77,402,45,0.527559055118,0.111940298507,0.584415584416,1.10777282419
0.5,0.1,863,77,402,40,0.527559055118,0.0995024875622,0.519480519481,0.984686954836
0.5,0.1,864,77,402,49,0.527559055118,0.121890547264,0.636363636364,1.20624151967
0.5,0.1,865,77,402,42,0.527559055118,0.10447761194,0.545454545455,1.03392130258
0.5,0.1,866,77,402,34,0.527559055118,0.0845771144279,0.441558441558,0.836983911611
0.5,0.1,867,77,402,41,0.527559055118,0.101990049751,0.532467532468,1.00930412871
0.5,0.1,868,77,402,39,0.527559055118,0.0970149253731,0.506493506494,0.960069780965
0.5,0.1,869,77,402,33,0.527559055118,0.0820895522388,0.428571428571,0.81236673774
0.5,0.1,870,77,402,38,0.527559055118,0.0945273631841,0.493506493506,0.935452607094
0.5,0.1,871,77,402,38,0.527559055118,0.0945273631841,0.493506493506,0.935452607094
0.5,0.1,872,77,402,43,0.527559055118,0.106965174129,0.558441558442,1.05853847645
0.5,0.1,873,77,402,46,0.527559055118,0.114427860697,0.597402597403,1.13238999806
0.5,0.1,874,77,402,46,0.527559055118,0.114427860697,0.597402597403,1.13238999806
0.5,0.1,875,77,402,38,0.527559055118,0.0945273631841,0.493506493506,0.935452607094
0.5,0.1,876,77,402,41,0.527559055118,0.101990049751,0.532467532468,1.00930412871
0.5,0.1,877,77,402,29,0.527559055118,0.0721393034826,0.376623376623,0.713898042256
0.5,0.1,878,77,402,39,0.527559055118,0.0970149253731,0.506493506494,0.960069780965
0.5,0.1,879,77,402,42,0.527559055118,0.10447761194,0.545454545455,1.03392130258
0.5,0.1,880,77,402,40,0.527559055118,0.0995024875622,0.519480519481,0.984686954836
0.5,0.1,881,77,402,39,0.527559055118,0.0970149253731,0.506493506494,0.960069780965
0.5,0.1,882,77,402,37,0.527559055118,0.092039800995,0.480519480519,0.910835433223
0.5,0.1,883,77,402,38,0.527559055118,0.0945273631841,0.493506493506,0.935452607094
0.5,0.1,884,77,402,37,0.527559055118,0.092039800995,0.480519480519,0.910835433223
0.5,0.1,885,77,402,33,0.527559055118,0.0820895522388,0.428571428571,0.81236673774
0.5,0.1,886,77,402,35,0.527559055118,0.0870646766169,0.454545454545,0.861601085482
0.5,0.1,887,77,402,42,0.527559055118,0.10447761194,0.545454545455,1.03392130258
0.5,0.1,888,77,402,47,0.527559055118,0.116915422886,0.61038961039,1.15700717193
0.5,0.1,889,77,402,30,0.527559055118,0.0746268656716,0.38961038961,0.738515216127
0.5,0.1,890,77,402,46,0.527559055118,0.114427860697,0.597402597403,1.13238999806
0.5,0.1,891,77,402,43,0.527559055118,0.106965174129,0.558441558442,1.05853847645
0.5,0.1,892,77,402,43,0.527559055118,0.106965174129,0.558441558442,1.05853847645
0.5,0.1,893,77,402,47,0.527559055118,0.116915422886,0.61038961039,1.15700717193
0.5,0.1,894,77,402,45,0.527559055118,0.111940298507,0.584415584416,1.10777282419
0.5,0.1,895,77,402,39,0.527559055118,0.0970149253731,0.506493506494,0.960069780965
0.5,0.1,896,77,402,38,0.527559055118,0.0945273631841,0.493506493506,0.935452607094
0.5,0.1,897,77,402,39,0.527559055118,0.0970149253731,0.506493506494,0.960069780965
0.5,0.1,898,77,402,42,0.527559055118,0.10447761194,0.545454545455,1.03392130258
0.5,0.1,899,77,402,46,0.527559055118,0.114427860697,0.597402597403,1.13238999806
0.5,0.1,900,77,402,44,0.527559055118,0.109452736318,0.571428571429,1.08315565032
0.5,0.1,901,77,402,38,0.527559055118,0.0945273631841,0.493506493506,0.935452607094
0.5,0.1,902,77,402,44,0.527559055118,0.109452736318,0.571428571429,1.08315565032
0.5,0.1,903,77,402,29,0.527559055118,0.0721393034826,0.376623376623,0.713898042256
0.5,0.1,904,77,402,44,0.527559055118,0.109452736318,0.571428571429,1.08315565032
0.5,0.1,905,77,402,45,0.527559055118,0.111940298507,0.584415584416,1.10777282419
0.5,0.1,906,77,402,48,0.527559055118,0.119402985075,0.623376623377,1.1816243458
0.5,0.1,907,77,402,44,0.527559055118,0.109452736318,0.571428571429,1.08315565032
0.5,0.1,908,77,402,32,0.527559055118,0.0796019900498,0.415584415584,0.787749563869
0.5,0.1,909,77,402,39,0.527559055118,0.0970149253731,0.506493506494,0.960069780965
0.5,0.1,910,77,402,37,0.527559055118,0.092039800995,0.480519480519,0.910835433223
0.5,0.1,911,77,402,48,0.527559055118,0.119402985075,0.623376623377,1.1816243458
0.5,0.1,912,77,402,44,0.527559055118,0.109452736318,0.571428571429,1.08315565032
0.5,0.1,913,77,402,37,0.527559055118,0.092039800995,0.480519480519,0.910835433223
0.5,0.1,914,77,402,33,0.527559055118,0.0820895522388,0.428571428571,0.81236673774
0.5,0.1,915,77,402,44,0.527559055118,0.109452736318,0.571428571429,1.08315565032
0.5,0.1,916,77,402,35,0.527559055118,0.0870646766169,0.454545454545,0.861601085482
0.5,0.1,917,77,402,40,0.527559055118,0.0995024875622,0.519480519481,0.984686954836
0.5,0.1,918,77,402,46,0.527559055118,0.114427860697,0.597402597403,1.13238999806
0.5,0.1,919,77,402,42,0.527559055118,0.10447761194,0.545454545455,1.03392130258
0.5,0.1,920,77,402,44,0.527559055118,0.109452736318,0.571428571429,1.08315565032
0.5,0.1,921,77,402,37,0.527559055118,0.092039800995,0.480519480519,0.910835433223
0.5,0.1,922,77,402,44,0.527559055118,0.109452736318,0.571428571429,1.08315565032
0.5,0.1,923,77,402,43,0.527559055118,0.106965174129,0.558441558442,1.05853847645
0.5,0.1,924,77,402,33,0.527559055118,0.0820895522388,0.428571428571,0.81236673774
0.5,0.1,925,77,402,38,0.527559055118,0.0945273631841,0.493506493506,0.935452607094
0.5,0.1,926,77,402,36,0.527559055118,0.089552238806,0.467532467532,0.886218259353
0.5,0.1,927,77,402,46,0.527559055118,0.114427860697,0.597402597403,1.13238999806
0.5,0.1,928,77,402,39,0.527559055118,0.0970149253731,0.506493506494,0.960069780965
0.5,0.1,929,77,402,46,0.527559055118,0.114427860697,0.597402597403,1.13238999806
0.5,0.1,930,77,402,37,0.527559055118,0.092039800995,0.480519480519,0.910835433223
0.5,0.1,931,77,402,37,0.527559055118,0.092039800995,0.480519480519,0.910835433223
0.5,0.1,932,77,402,41,0.527559055118,0.101990049751,0.532467532468,1.00930412871
0.5,0.1,933,77,402,32,0.527559055118,0.0796019900498,0.415584415584,0.787749563869
0.5,0.1,934,77,402,43,0.527559055118,0.106965174129,0.558441558442,1.05853847645
0.5,0.1,935,77,402,43,0.527559055118,0.106965174129,0.558441558442,1.05853847645
0.5,0.1,936,77,402,46,0.527559055118,0.114427860697,0.597402597403,1.13238999806
0.5,0.1,937,77,402,42,0.527559055118,0.10447761194,0.545454545455,1.03392130258
0.5,0.1,938,77,402,39,0.527559055118,0.0970149253731,0.506493506494,0.960069780965
0.5,0.1,939,77,402,40,0.527559055118,0.0995024875622,0.519480519481,0.984686954836
0.5,0.1,940,77,402,34,0.527559055118,0.0845771144279,0.441558441558,0.836983911611
0.5,0.1,941,77,402,41,0.527559055118,0.101990049751,0.532467532468,1.00930412871
0.5,0.1,942,77,402,36,0.527559055118,0.089552238806,0.467532467532,0.886218259353
0.5,0.1,943,77,402,39,0.527559055118,0.0970149253731,0.506493506494,0.960069780965
0.5,0.1,944,77,402,46,0.527559055118,0.114427860697,0.597402597403,1.13238999806
0.5,0.1,945,77,402,46,0.527559055118,0.114427860697,0.597402597403,1.13238999806
0.5,0.1,946,77,402,34,0.527559055118,0.0845771144279,0.441558441558,0.836983911611
0.5,0.1,947,77,402,48,0.527559055118,0.119402985075,0.623376623377,1.1816243458
0.5,0.1,948,77,402,35,0.527559055118,0.0870646766169,0.454545454545,0.861601085482
0.5,0.1,949,77,402,31,0.527559055118,0.0771144278607,0.402597402597,0.763132389998
0.5,0.1,950,77,402,38,0.527559055118,0.0945273631841,0.493506493506,0.935452607094
0.5,0.1,951,77,402,37,0.527559055118,0.092039800995,0.480519480519,0.910835433223
0.5,0.1,952,77,402,46,0.527559055118,0.114427860697,0.597402597403,1.13238999806
0.5,0.1,953,77,402,51,0.527559055118,0.126865671642,0.662337662338,1.25547586742
0.5,0.1,954,77,402,47,0.527559055118,0.116915422886,0.61038961039,1.15700717193
0.5,0.1,955,77,402,46,0.527559055118,0.114427860697,0.597402597403,1.13238999806
0.5,0.1,956,77,402,47,0.527559055118,0.116915422886,0.61038961039,1.15700717193
0.5,0.1,957,77,402,39,0.527559055118,0.0970149253731,0.506493506494,0.960069780965
0.5,0.1,958,77,402,47,0.527559055118,0.116915422886,0.61038961039,1.15700717193
0.5,0.1,959,77,402,40,0.527559055118,0.0995024875622,0.519480519481,0.984686954836
0.5,0.1,960,77,402,38,0.527559055118,0.0945273631841,0.493506493506,0.935452607094
0.5,0.1,961,77,402,40,0.527559055118,0.0995024875622,0.519480519481,0.984686954836
0.5,0.1,962,77,402,37,0.527559055118,0.092039800995,0.480519480519,0.910835433223
0.5,0.1,963,77,402,41,0.527559055118,0.101990049751,0.532467532468,1.00930412871
0.5,0.1,964,77,402,48,0.527559055118,0.119402985075,0.623376623377,1.1816243458
0.5,0.1,965,77,402,40,0.527559055118,0.0995024875622,0.519480519481,0.984686954836
0.5,0.1,966,77,402,33,0.527559055118,0.0820895522388,0.428571428571,0.81236673774
0.5,0.1,967,77,402,38,0.527559055118,0.0945273631841,0.493506493506,0.935452607094
0.5,0.1,968,77,402,39,0.527559055118,0.0970149253731,0.506493506494,0.960069780965
0.5,0.1,969,77,402,39,0.527559055118,0.0970149253731,0.506493506494,0.960069780965
0.5,0.1,970,77,402,40,0.527559055118,0.0995024875622,0.519480519481,0.984686954836
0.5,0.1,971,77,402,45,0.527559055118,0.111940298507,0.584415584416,1.10777282419
0.5,0.1,972,77,402,40,0.527559055118,0.0995024875622,0.519480519481,0.984686954836
0.5,0.1,973,77,402,42,0.527559055118,0.10447761194,0.545454545455,1.03392130258
0.5,0.1,974,77,402,45,0.527559055118,0.111940298507,0.584415584416,1.10777282419
0.5,0.1,975,77,402,44,0.527559055118,0.109452736318,0.571428571429,1.08315565032
0.5,0.1,976,77,402,34,0.527559055118,0.0845771144279,0.441558441558,0.836983911611
0.5,0.1,977,77,402,48,0.527559055118,0.119402985075,0.623376623377,1.1816243458
0.5,0.1,978,77,402,42,0.527559055118,0.10447761194,0.545454545455,1.03392130258
0.5,0.1,979,77,402,38,0.527559055118,0.0945273631841,0.493506493506,0.935452607094
0.5,0.1,980,77,402,45,0.527559055118,0.111940298507,0.584415584416,1.10777282419
0.5,0.1,981,77,402,40,0.527559055118,0.0995024875622,0.519480519481,0.984686954836
0.5,0.1,982,77,402,41,0.527559055118,0.101990049751,0.532467532468,1.00930412871
0.5,0.1,983,77,402,47,0.527559055118,0.116915422886,0.61038961039,1.15700717193
0.5,0.1,984,77,402,39,0.527559055118,0.0970149253731,0.506493506494,0.960069780965
0.5,0.1,985,77,402,47,0.527559055118,0.116915422886,0.61038961039,1.15700717193
0.5,0.1,986,77,402,34,0.527559055118,0.0845771144279,0.441558441558,0.836983911611
0.5,0.1,987,77,402,43,0.527559055118,0.106965174129,0.558441558442,1.05853847645
0.5,0.1,988,77,402,39,0.527559055118,0.0970149253731,0.506493506494,0.960069780965
0.5,0.1,989,77,402,38,0.527559055118,0.0945273631841,0.493506493506,0.935452607094
0.5,0.1,990,77,402,42,0.527559055118,0.10447761194,0.545454545455,1.03392130258
0.5,0.1,991,77,402,40,0.527559055118,0.0995024875622,0.519480519481,0.984686954836
0.5,0.1,992,77,402,43,0.527559055118,0.106965174129,0.558441558442,1.05853847645
0.5,0.1,993,77,402,43,0.527559055118,0.106965174129,0.558441558442,1.05853847645
0.5,0.1,994,77,402,42,0.527559055118,0.10447761194,0.545454545455,1.03392130258
0.5,0.1,995,77,402,42,0.527559055118,0.10447761194,0.545454545455,1.03392130258
0.5,0.1,996,77,402,33,0.527559055118,0.0820895522388,0.428571428571,0.81236673774
0.5,0.1,997,77,402,42,0.527559055118,0.10447761194,0.545454545455,1.03392130258
0.5,0.1,998,77,402,41,0.527559055118,0.101990049751,0.532467532468,1.00930412871
0.5,0.1,999,77,402,42,0.527559055118,0.10447761194,0.545454545455,1.03392130258
0.5,0.1,1000,77,402,33,0.527559055118,0.0820895522388,0.428571428571,0.81236673774
0.5,0.2,1,153,402,90,0.527559055118,0.223880597015,0.588235294118,1.11501316945
0.5,0.2,2,153,402,82,0.527559055118,0.203980099502,0.535947712418,1.01590088772
0.5,0.2,3,153,402,94,0.527559055118,0.233830845771,0.614379084967,1.16456931031
0.5,0.2,4,153,402,79,0.527559055118,0.196517412935,0.516339869281,0.97873378207
0.5,0.2,5,153,402,68,0.527559055118,0.169154228856,0.444444444444,0.842454394693
0.5,0.2,6,153,402,82,0.527559055118,0.203980099502,0.535947712418,1.01590088772
0.5,0.2,7,153,402,80,0.527559055118,0.199004975124,0.522875816993,0.991122817286
0.5,0.2,8,153,402,75,0.527559055118,0.186567164179,0.490196078431,0.929177641206
0.5,0.2,9,153,402,79,0.527559055118,0.196517412935,0.516339869281,0.97873378207
0.5,0.2,10,153,402,76,0.527559055118,0.189054726368,0.496732026144,0.941566676422
0.5,0.2,11,153,402,69,0.527559055118,0.171641791045,0.450980392157,0.854843429909
0.5,0.2,12,153,402,87,0.527559055118,0.216417910448,0.56862745098,1.0778460638
0.5,0.2,13,153,402,78,0.527559055118,0.194029850746,0.509803921569,0.966344746854
0.5,0.2,14,153,402,91,0.527559055118,0.226368159204,0.59477124183,1.12740220466
0.5,0.2,15,153,402,86,0.527559055118,0.213930348259,0.562091503268,1.06545702858
0.5,0.2,16,153,402,81,0.527559055118,0.201492537313,0.529411764706,1.0035118525
0.5,0.2,17,153,402,86,0.527559055118,0.213930348259,0.562091503268,1.06545702858
0.5,0.2,18,153,402,74,0.527559055118,0.18407960199,0.483660130719,0.91678860599
0.5,0.2,19,153,402,71,0.527559055118,0.176616915423,0.464052287582,0.879621500341
0.5,0.2,20,153,402,81,0.527559055118,0.201492537313,0.529411764706,1.0035118525
0.5,0.2,21,153,402,88,0.527559055118,0.218905472637,0.575163398693,1.09023509901
0.5,0.2,22,153,402,78,0.527559055118,0.194029850746,0.509803921569,0.966344746854
0.5,0.2,23,153,402,79,0.527559055118,0.196517412935,0.516339869281,0.97873378207
0.5,0.2,24,153,402,81,0.527559055118,0.201492537313,0.529411764706,1.0035118525
0.5,0.2,25,153,402,90,0.527559055118,0.223880597015,0.588235294118,1.11501316945
0.5,0.2,26,153,402,87,0.527559055118,0.216417910448,0.56862745098,1.0778460638
0.5,0.2,27,153,402,81,0.527559055118,0.201492537313,0.529411764706,1.0035118525
0.5,0.2,28,153,402,89,0.527559055118,0.221393034826,0.581699346405,1.10262413423
0.5,0.2,29,153,402,94,0.527559055118,0.233830845771,0.614379084967,1.16456931031
0.5,0.2,30,153,402,72,0.527559055118,0.179104477612,0.470588235294,0.892010535558
0.5,0.2,31,153,402,81,0.527559055118,0.201492537313,0.529411764706,1.0035118525
0.5,0.2,32,153,402,71,0.527559055118,0.176616915423,0.464052287582,0.879621500341
0.5,0.2,33,153,402,78,0.527559055118,0.194029850746,0.509803921569,0.966344746854
0.5,0.2,34,153,402,71,0.527559055118,0.176616915423,0.464052287582,0.879621500341
0.5,0.2,35,153,402,75,0.527559055118,0.186567164179,0.490196078431,0.929177641206
0.5,0.2,36,153,402,91,0.527559055118,0.226368159204,0.59477124183,1.12740220466
0.5,0.2,37,153,402,85,0.527559055118,0.21144278607,0.555555555556,1.05306799337
0.5,0.2,38,153,402,79,0.527559055118,0.196517412935,0.516339869281,0.97873378207
0.5,0.2,39,153,402,83,0.527559055118,0.206467661692,0.542483660131,1.02828992293
0.5,0.2,40,153,402,79,0.527559055118,0.196517412935,0.516339869281,0.97873378207
0.5,0.2,41,153,402,78,0.527559055118,0.194029850746,0.509803921569,0.966344746854
0.5,0.2,42,153,402,78,0.527559055118,0.194029850746,0.509803921569,0.966344746854
0.5,0.2,43,153,402,78,0.527559055118,0.194029850746,0.509803921569,0.966344746854
0.5,0.2,44,153,402,79,0.527559055118,0.196517412935,0.516339869281,0.97873378207
0.5,0.2,45,153,402,80,0.527559055118,0.199004975124,0.522875816993,0.991122817286
0.5,0.2,46,153,402,80,0.527559055118,0.199004975124,0.522875816993,0.991122817286
0.5,0.2,47,153,402,81,0.527559055118,0.201492537313,0.529411764706,1.0035118525
0.5,0.2,48,153,402,84,0.527559055118,0.208955223881,0.549019607843,1.04067895815
0.5,0.2,49,153,402,81,0.527559055118,0.201492537313,0.529411764706,1.0035118525
0.5,0.2,50,153,402,90,0.527559055118,0.223880597015,0.588235294118,1.11501316945
0.5,0.2,51,153,402,89,0.527559055118,0.221393034826,0.581699346405,1.10262413423
0.5,0.2,52,153,402,82,0.527559055118,0.203980099502,0.535947712418,1.01590088772
0.5,0.2,53,153,402,86,0.527559055118,0.213930348259,0.562091503268,1.06545702858
0.5,0.2,54,153,402,88,0.527559055118,0.218905472637,0.575163398693,1.09023509901
0.5,0.2,55,153,402,72,0.527559055118,0.179104477612,0.470588235294,0.892010535558
0.5,0.2,56,153,402,78,0.527559055118,0.194029850746,0.509803921569,0.966344746854
0.5,0.2,57,153,402,84,0.527559055118,0.208955223881,0.549019607843,1.04067895815
0.5,0.2,58,153,402,85,0.527559055118,0.21144278607,0.555555555556,1.05306799337
0.5,0.2,59,153,402,90,0.527559055118,0.223880597015,0.588235294118,1.11501316945
0.5,0.2,60,153,402,72,0.527559055118,0.179104477612,0.470588235294,0.892010535558
0.5,0.2,61,153,402,86,0.527559055118,0.213930348259,0.562091503268,1.06545702858
0.5,0.2,62,153,402,90,0.527559055118,0.223880597015,0.588235294118,1.11501316945
0.5,0.2,63,153,402,73,0.527559055118,0.181592039801,0.477124183007,0.904399570774
0.5,0.2,64,153,402,76,0.527559055118,0.189054726368,0.496732026144,0.941566676422
0.5,0.2,65,153,402,76,0.527559055118,0.189054726368,0.496732026144,0.941566676422
0.5,0.2,66,153,402,84,0.527559055118,0.208955223881,0.549019607843,1.04067895815
0.5,0.2,67,153,402,83,0.527559055118,0.206467661692,0.542483660131,1.02828992293
0.5,0.2,68,153,402,77,0.527559055118,0.191542288557,0.503267973856,0.953955711638
0.5,0.2,69,153,402,77,0.527559055118,0.191542288557,0.503267973856,0.953955711638
0.5,0.2,70,153,402,76,0.527559055118,0.189054726368,0.496732026144,0.941566676422
0.5,0.2,71,153,402,87,0.527559055118,0.216417910448,0.56862745098,1.0778460638
0.5,0.2,72,153,402,73,0.527559055118,0.181592039801,0.477124183007,0.904399570774
0.5,0.2,73,153,402,87,0.527559055118,0.216417910448,0.56862745098,1.0778460638
0.5,0.2,74,153,402,78,0.527559055118,0.194029850746,0.509803921569,0.966344746854
0.5,0.2,75,153,402,85,0.527559055118,0.21144278607,0.555555555556,1.05306799337
0.5,0.2,76,153,402,76,0.527559055118,0.189054726368,0.496732026144,0.941566676422
0.5,0.2,77,153,402,77,0.527559055118,0.191542288557,0.503267973856,0.953955711638
0.5,0.2,78,153,402,78,0.527559055118,0.194029850746,0.509803921569,0.966344746854
0.5,0.2,79,153,402,81,0.527559055118,0.201492537313,0.529411764706,1.0035118525
0.5,0.2,80,153,402,77,0.527559055118,0.191542288557,0.503267973856,0.953955711638
0.5,0.2,81,153,402,82,0.527559055118,0.203980099502,0.535947712418,1.01590088772
0.5,0.2,82,153,402,77,0.527559055118,0.191542288557,0.503267973856,0.953955711638
0.5,0.2,83,153,402,87,0.527559055118,0.216417910448,0.56862745098,1.0778460638
0.5,0.2,84,153,402,76,0.527559055118,0.189054726368,0.496732026144,0.941566676422
0.5,0.2,85,153,402,74,0.527559055118,0.18407960199,0.483660130719,0.91678860599
0.5,0.2,86,153,402,82,0.527559055118,0.203980099502,0.535947712418,1.01590088772
0.5,0.2,87,153,402,89,0.527559055118,0.221393034826,0.581699346405,1.10262413423
0.5,0.2,88,153,402,85,0.527559055118,0.21144278607,0.555555555556,1.05306799337
0.5,0.2,89,153,402,75,0.527559055118,0.186567164179,0.490196078431,0.929177641206
0.5,0.2,90,153,402,84,0.527559055118,0.208955223881,0.549019607843,1.04067895815
0.5,0.2,91,153,402,82,0.527559055118,0.203980099502,0.535947712418,1.01590088772
0.5,0.2,92,153,402,87,0.527559055118,0.216417910448,0.56862745098,1.0778460638
0.5,0.2,93,153,402,90,0.527559055118,0.223880597015,0.588235294118,1.11501316945
0.5,0.2,94,153,402,79,0.527559055118,0.196517412935,0.516339869281,0.97873378207
0.5,0.2,95,153,402,80,0.527559055118,0.199004975124,0.522875816993,0.991122817286
0.5,0.2,96,153,402,75,0.527559055118,0.186567164179,0.490196078431,0.929177641206
0.5,0.2,97,153,402,80,0.527559055118,0.199004975124,0.522875816993,0.991122817286
0.5,0.2,98,153,402,76,0.527559055118,0.189054726368,0.496732026144,0.941566676422
0.5,0.2,99,153,402,79,0.527559055118,0.196517412935,0.516339869281,0.97873378207
0.5,0.2,100,153,402,85,0.527559055118,0.21144278607,0.555555555556,1.05306799337
0.5,0.2,101,153,402,90,0.527559055118,0.223880597015,0.588235294118,1.11501316945
0.5,0.2,102,153,402,73,0.527559055118,0.181592039801,0.477124183007,0.904399570774
0.5,0.2,103,153,402,77,0.527559055118,0.191542288557,0.503267973856,0.953955711638
0.5,0.2,104,153,402,81,0.527559055118,0.201492537313,0.529411764706,1.0035118525
0.5,0.2,105,153,402,83,0.527559055118,0.206467661692,0.542483660131,1.02828992293
0.5,0.2,106,153,402,81,0.527559055118,0.201492537313,0.529411764706,1.0035118525
0.5,0.2,107,153,402,87,0.527559055118,0.216417910448,0.56862745098,1.0778460638
0.5,0.2,108,153,402,79,0.527559055118,0.196517412935,0.516339869281,0.97873378207
0.5,0.2,109,153,402,87,0.527559055118,0.216417910448,0.56862745098,1.0778460638
0.5,0.2,110,153,402,84,0.527559055118,0.208955223881,0.549019607843,1.04067895815
0.5,0.2,111,153,402,85,0.527559055118,0.21144278607,0.555555555556,1.05306799337
0.5,0.2,112,153,402,79,0.527559055118,0.196517412935,0.516339869281,0.97873378207
0.5,0.2,113,153,402,78,0.527559055118,0.194029850746,0.509803921569,0.966344746854
0.5,0.2,114,153,402,76,0.527559055118,0.189054726368,0.496732026144,0.941566676422
0.5,0.2,115,153,402,84,0.527559055118,0.208955223881,0.549019607843,1.04067895815
0.5,0.2,116,153,402,83,0.527559055118,0.206467661692,0.542483660131,1.02828992293
0.5,0.2,117,153,402,78,0.527559055118,0.194029850746,0.509803921569,0.966344746854
0.5,0.2,118,153,402,79,0.527559055118,0.196517412935,0.516339869281,0.97873378207
0.5,0.2,119,153,402,76,0.527559055118,0.189054726368,0.496732026144,0.941566676422
0.5,0.2,120,153,402,80,0.527559055118,0.199004975124,0.522875816993,0.991122817286
0.5,0.2,121,153,402,70,0.527559055118,0.174129353234,0.457516339869,0.867232465125
0.5,0.2,122,153,402,88,0.527559055118,0.218905472637,0.575163398693,1.09023509901
0.5,0.2,123,153,402,77,0.527559055118,0.191542288557,0.503267973856,0.953955711638
0.5,0.2,124,153,402,74,0.527559055118,0.18407960199,0.483660130719,0.91678860599
0.5,0.2,125,153,402,82,0.527559055118,0.203980099502,0.535947712418,1.01590088772
0.5,0.2,126,153,402,78,0.527559055118,0.194029850746,0.509803921569,0.966344746854
0.5,0.2,127,153,402,74,0.527559055118,0.18407960199,0.483660130719,0.91678860599
0.5,0.2,128,153,402,89,0.527559055118,0.221393034826,0.581699346405,1.10262413423
0.5,0.2,129,153,402,91,0.527559055118,0.226368159204,0.59477124183,1.12740220466
0.5,0.2,130,153,402,92,0.527559055118,0.228855721393,0.601307189542,1.13979123988
0.5,0.2,131,153,402,72,0.527559055118,0.179104477612,0.470588235294,0.892010535558
0.5,0.2,132,153,402,76,0.527559055118,0.189054726368,0.496732026144,0.941566676422
0.5,0.2,133,153,402,86,0.527559055118,0.213930348259,0.562091503268,1.06545702858
0.5,0.2,134,153,402,89,0.527559055118,0.221393034826,0.581699346405,1.10262413423
0.5,0.2,135,153,402,85,0.527559055118,0.21144278607,0.555555555556,1.05306799337
0.5,0.2,136,153,402,83,0.527559055118,0.206467661692,0.542483660131,1.02828992293
0.5,0.2,137,153,402,73,0.527559055118,0.181592039801,0.477124183007,0.904399570774
0.5,0.2,138,153,402,79,0.527559055118,0.196517412935,0.516339869281,0.97873378207
0.5,0.2,139,153,402,90,0.527559055118,0.223880597015,0.588235294118,1.11501316945
0.5,0.2,140,153,402,86,0.527559055118,0.213930348259,0.562091503268,1.06545702858
0.5,0.2,141,153,402,85,0.527559055118,0.21144278607,0.555555555556,1.05306799337
0.5,0.2,142,153,402,85,0.527559055118,0.21144278607,0.555555555556,1.05306799337
0.5,0.2,143,153,402,82,0.527559055118,0.203980099502,0.535947712418,1.01590088772
0.5,0.2,144,153,402,66,0.527559055118,0.164179104478,0.43137254902,0.817676324261
0.5,0.2,145,153,402,86,0.527559055118,0.213930348259,0.562091503268,1.06545702858
0.5,0.2,146,153,402,91,0.527559055118,0.226368159204,0.59477124183,1.12740220466
0.5,0.2,147,153,402,74,0.527559055118,0.18407960199,0.483660130719,0.91678860599
0.5,0.2,148,153,402,77,0.527559055118,0.191542288557,0.503267973856,0.953955711638
0.5,0.2,149,153,402,79,0.527559055118,0.196517412935,0.516339869281,0.97873378207
0.5,0.2,150,153,402,80,0.527559055118,0.199004975124,0.522875816993,0.991122817286
0.5,0.2,151,153,402,80,0.527559055118,0.199004975124,0.522875816993,0.991122817286
0.5,0.2,152,153,402,80,0.527559055118,0.199004975124,0.522875816993,0.991122817286
0.5,0.2,153,153,402,85,0.527559055118,0.21144278607,0.555555555556,1.05306799337
0.5,0.2,154,153,402,81,0.527559055118,0.201492537313,0.529411764706,1.0035118525
0.5,0.2,155,153,402,80,0.527559055118,0.199004975124,0.522875816993,0.991122817286
0.5,0.2,156,153,402,77,0.527559055118,0.191542288557,0.503267973856,0.953955711638
0.5,0.2,157,153,402,78,0.527559055118,0.194029850746,0.509803921569,0.966344746854
0.5,0.2,158,153,402,82,0.527559055118,0.203980099502,0.535947712418,1.01590088772
0.5,0.2,159,153,402,85,0.527559055118,0.21144278607,0.555555555556,1.05306799337
0.5,0.2,160,153,402,85,0.527559055118,0.21144278607,0.555555555556,1.05306799337
0.5,0.2,161,153,402,85,0.527559055118,0.21144278607,0.555555555556,1.05306799337
0.5,0.2,162,153,402,75,0.527559055118,0.186567164179,0.490196078431,0.929177641206
0.5,0.2,163,153,402,79,0.527559055118,0.196517412935,0.516339869281,0.97873378207
0.5,0.2,164,153,402,87,0.527559055118,0.216417910448,0.56862745098,1.0778460638
0.5,0.2,165,153,402,75,0.527559055118,0.186567164179,0.490196078431,0.929177641206
0.5,0.2,166,153,402,82,0.527559055118,0.203980099502,0.535947712418,1.01590088772
0.5,0.2,167,153,402,83,0.527559055118,0.206467661692,0.542483660131,1.02828992293
0.5,0.2,168,153,402,78,0.527559055118,0.194029850746,0.509803921569,0.966344746854
0.5,0.2,169,153,402,79,0.527559055118,0.196517412935,0.516339869281,0.97873378207
0.5,0.2,170,153,402,81,0.527559055118,0.201492537313,0.529411764706,1.0035118525
0.5,0.2,171,153,402,80,0.527559055118,0.199004975124,0.522875816993,0.991122817286
0.5,0.2,172,153,402,82,0.527559055118,0.203980099502,0.535947712418,1.01590088772
0.5,0.2,173,153,402,85,0.527559055118,0.21144278607,0.555555555556,1.05306799337
0.5,0.2,174,153,402,75,0.527559055118,0.186567164179,0.490196078431,0.929177641206
0.5,0.2,175,153,402,77,0.527559055118,0.191542288557,0.503267973856,0.953955711638
0.5,0.2,176,153,402,89,0.527559055118,0.221393034826,0.581699346405,1.10262413423
0.5,0.2,177,153,402,79,0.527559055118,0.196517412935,0.516339869281,0.97873378207
0.5,0.2,178,153,402,87,0.527559055118,0.216417910448,0.56862745098,1.0778460638
0.5,0.2,179,153,402,86,0.527559055118,0.213930348259,0.562091503268,1.06545702858
0.5,0.2,180,153,402,76,0.527559055118,0.189054726368,0.496732026144,0.941566676422
0.5,0.2,181,153,402,74,0.527559055118,0.18407960199,0.483660130719,0.91678860599
0.5,0.2,182,153,402,74,0.527559055118,0.18407960199,0.483660130719,0.91678860599
0.5,0.2,183,153,402,90,0.527559055118,0.223880597015,0.588235294118,1.11501316945
0.5,0.2,184,153,402,82,0.527559055118,0.203980099502,0.535947712418,1.01590088772
0.5,0.2,185,153,402,90,0.527559055118,0.223880597015,0.588235294118,1.11501316945
0.5,0.2,186,153,402,84,0.527559055118,0.208955223881,0.549019607843,1.04067895815
0.5,0.2,187,153,402,91,0.527559055118,0.226368159204,0.59477124183,1.12740220466
0.5,0.2,188,153,402,86,0.527559055118,0.213930348259,0.562091503268,1.06545702858
0.5,0.2,189,153,402,79,0.527559055118,0.196517412935,0.516339869281,0.97873378207
0.5,0.2,190,153,402,82,0.527559055118,0.203980099502,0.535947712418,1.01590088772
0.5,0.2,191,153,402,79,0.527559055118,0.196517412935,0.516339869281,0.97873378207
0.5,0.2,192,153,402,83,0.527559055118,0.206467661692,0.542483660131,1.02828992293
0.5,0.2,193,153,402,88,0.527559055118,0.218905472637,0.575163398693,1.09023509901
0.5,0.2,194,153,402,82,0.527559055118,0.203980099502,0.535947712418,1.01590088772
0.5,0.2,195,153,402,73,0.527559055118,0.181592039801,0.477124183007,0.904399570774
0.5,0.2,196,153,402,84,0.527559055118,0.208955223881,0.549019607843,1.04067895815
0.5,0.2,197,153,402,84,0.527559055118,0.208955223881,0.549019607843,1.04067895815
0.5,0.2,198,153,402,82,0.527559055118,0.203980099502,0.535947712418,1.01590088772
0.5,0.2,199,153,402,81,0.527559055118,0.201492537313,0.529411764706,1.0035118525
0.5,0.2,200,153,402,79,0.527559055118,0.196517412935,0.516339869281,0.97873378207
0.5,0.2,201,153,402,78,0.527559055118,0.194029850746,0.509803921569,0.966344746854
0.5,0.2,202,153,402,80,0.527559055118,0.199004975124,0.522875816993,0.991122817286
0.5,0.2,203,153,402,92,0.527559055118,0.228855721393,0.601307189542,1.13979123988
0.5,0.2,204,153,402,80,0.527559055118,0.199004975124,0.522875816993,0.991122817286
0.5,0.2,205,153,402,77,0.527559055118,0.191542288557,0.503267973856,0.953955711638
0.5,0.2,206,153,402,87,0.527559055118,0.216417910448,0.56862745098,1.0778460638
0.5,0.2,207,153,402,85,0.527559055118,0.21144278607,0.555555555556,1.05306799337
0.5,0.2,208,153,402,89,0.527559055118,0.221393034826,0.581699346405,1.10262413423
0.5,0.2,209,153,402,73,0.527559055118,0.181592039801,0.477124183007,0.904399570774
0.5,0.2,210,153,402,76,0.527559055118,0.189054726368,0.496732026144,0.941566676422
0.5,0.2,211,153,402,83,0.527559055118,0.206467661692,0.542483660131,1.02828992293
0.5,0.2,212,153,402,75,0.527559055118,0.186567164179,0.490196078431,0.929177641206
0.5,0.2,213,153,402,86,0.527559055118,0.213930348259,0.562091503268,1.06545702858
0.5,0.2,214,153,402,86,0.527559055118,0.213930348259,0.562091503268,1.06545702858
0.5,0.2,215,153,402,90,0.527559055118,0.223880597015,0.588235294118,1.11501316945
0.5,0.2,216,153,402,75,0.527559055118,0.186567164179,0.490196078431,0.929177641206
0.5,0.2,217,153,402,76,0.527559055118,0.189054726368,0.496732026144,0.941566676422
0.5,0.2,218,153,402,84,0.527559055118,0.208955223881,0.549019607843,1.04067895815
0.5,0.2,219,153,402,76,0.527559055118,0.189054726368,0.496732026144,0.941566676422
0.5,0.2,220,153,402,87,0.527559055118,0.216417910448,0.56862745098,1.0778460638
0.5,0.2,221,153,402,76,0.527559055118,0.189054726368,0.496732026144,0.941566676422
0.5,0.2,222,153,402,95,0.527559055118,0.23631840796,0.62091503268,1.17695834553
0.5,0.2,223,153,402,78,0.527559055118,0.194029850746,0.509803921569,0.966344746854
0.5,0.2,224,153,402,82,0.527559055118,0.203980099502,0.535947712418,1.01590088772
0.5,0.2,225,153,402,94,0.527559055118,0.233830845771,0.614379084967,1.16456931031
0.5,0.2,226,153,402,86,0.527559055118,0.213930348259,0.562091503268,1.06545702858
0.5,0.2,227,153,402,74,0.527559055118,0.18407960199,0.483660130719,0.91678860599
0.5,0.2,228,153,402,90,0.527559055118,0.223880597015,0.588235294118,1.11501316945
0.5,0.2,229,153,402,78,0.527559055118,0.194029850746,0.509803921569,0.966344746854
0.5,0.2,230,153,402,83,0.527559055118,0.206467661692,0.542483660131,1.02828992293
0.5,0.2,231,153,402,78,0.527559055118,0.194029850746,0.509803921569,0.966344746854
0.5,0.2,232,153,402,75,0.527559055118,0.186567164179,0.490196078431,0.929177641206
0.5,0.2,233,153,402,73,0.527559055118,0.181592039801,0.477124183007,0.904399570774
0.5,0.2,234,153,402,77,0.527559055118,0.191542288557,0.503267973856,0.953955711638
0.5,0.2,235,153,402,86,0.527559055118,0.213930348259,0.562091503268,1.06545702858
0.5,0.2,236,153,402,77,0.527559055118,0.191542288557,0.503267973856,0.953955711638
0.5,0.2,237,153,402,76,0.527559055118,0.189054726368,0.496732026144,0.941566676422
0.5,0.2,238,153,402,84,0.527559055118,0.208955223881,0.549019607843,1.04067895815
0.5,0.2,239,153,402,71,0.527559055118,0.176616915423,0.464052287582,0.879621500341
0.5,0.2,240,153,402,68,0.527559055118,0.169154228856,0.444444444444,0.842454394693
0.5,0.2,241,153,402,79,0.527559055118,0.196517412935,0.516339869281,0.97873378207
0.5,0.2,242,153,402,88,0.527559055118,0.218905472637,0.575163398693,1.09023509901
0.5,0.2,243,153,402,75,0.527559055118,0.186567164179,0.490196078431,0.929177641206
0.5,0.2,244,153,402,89,0.527559055118,0.221393034826,0.581699346405,1.10262413423
0.5,0.2,245,153,402,84,0.527559055118,0.208955223881,0.549019607843,1.04067895815
0.5,0.2,246,153,402,74,0.527559055118,0.18407960199,0.483660130719,0.91678860599
0.5,0.2,247,153,402,80,0.527559055118,0.199004975124,0.522875816993,0.991122817286
0.5,0.2,248,153,402,78,0.527559055118,0.194029850746,0.509803921569,0.966344746854
0.5,0.2,249,153,402,83,0.527559055118,0.206467661692,0.542483660131,1.02828992293
0.5,0.2,250,153,402,79,0.527559055118,0.196517412935,0.516339869281,0.97873378207
0.5,0.2,251,153,402,68,0.527559055118,0.169154228856,0.444444444444,0.842454394693
0.5,0.2,252,153,402,85,0.527559055118,0.21144278607,0.555555555556,1.05306799337
0.5,0.2,253,153,402,87,0.527559055118,0.216417910448,0.56862745098,1.0778460638
0.5,0.2,254,153,402,82,0.527559055118,0.203980099502,0.535947712418,1.01590088772
0.5,0.2,255,153,402,75,0.527559055118,0.186567164179,0.490196078431,0.929177641206
0.5,0.2,256,153,402,80,0.527559055118,0.199004975124,0.522875816993,0.991122817286
0.5,0.2,257,153,402,81,0.527559055118,0.201492537313,0.529411764706,1.0035118525
0.5,0.2,258,153,402,74,0.527559055118,0.18407960199,0.483660130719,0.91678860599
0.5,0.2,259,153,402,82,0.527559055118,0.203980099502,0.535947712418,1.01590088772
0.5,0.2,260,153,402,79,0.527559055118,0.196517412935,0.516339869281,0.97873378207
0.5,0.2,261,153,402,77,0.527559055118,0.191542288557,0.503267973856,0.953955711638
0.5,0.2,262,153,402,91,0.527559055118,0.226368159204,0.59477124183,1.12740220466
0.5,0.2,263,153,402,78,0.527559055118,0.194029850746,0.509803921569,0.966344746854
0.5,0.2,264,153,402,83,0.527559055118,0.206467661692,0.542483660131,1.02828992293
0.5,0.2,265,153,402,87,0.527559055118,0.216417910448,0.56862745098,1.0778460638
0.5,0.2,266,153,402,81,0.527559055118,0.201492537313,0.529411764706,1.0035118525
0.5,0.2,267,153,402,84,0.527559055118,0.208955223881,0.549019607843,1.04067895815
0.5,0.2,268,153,402,83,0.527559055118,0.206467661692,0.542483660131,1.02828992293
0.5,0.2,269,153,402,77,0.527559055118,0.191542288557,0.503267973856,0.953955711638
0.5,0.2,270,153,402,80,0.527559055118,0.199004975124,0.522875816993,0.991122817286
0.5,0.2,271,153,402,74,0.527559055118,0.18407960199,0.483660130719,0.91678860599
0.5,0.2,272,153,402,83,0.527559055118,0.206467661692,0.542483660131,1.02828992293
0.5,0.2,273,153,402,83,0.527559055118,0.206467661692,0.542483660131,1.02828992293
0.5,0.2,274,153,402,84,0.527559055118,0.208955223881,0.549019607843,1.04067895815
0.5,0.2,275,153,402,84,0.527559055118,0.208955223881,0.549019607843,1.04067895815
0.5,0.2,276,153,402,76,0.527559055118,0.189054726368,0.496732026144,0.941566676422
0.5,0.2,277,153,402,81,0.527559055118,0.201492537313,0.529411764706,1.0035118525
0.5,0.2,278,153,402,83,0.527559055118,0.206467661692,0.542483660131,1.02828992293
0.5,0.2,279,153,402,82,0.527559055118,0.203980099502,0.535947712418,1.01590088772
0.5,0.2,280,153,402,76,0.527559055118,0.189054726368,0.496732026144,0.941566676422
0.5,0.2,281,153,402,77,0.527559055118,0.191542288557,0.503267973856,0.953955711638
0.5,0.2,282,153,402,86,0.527559055118,0.213930348259,0.562091503268,1.06545702858
0.5,0.2,283,153,402,88,0.527559055118,0.218905472637,0.575163398693,1.09023509901
0.5,0.2,284,153,402,83,0.527559055118,0.206467661692,0.542483660131,1.02828992293
0.5,0.2,285,153,402,88,0.527559055118,0.218905472637,0.575163398693,1.09023509901
0.5,0.2,286,153,402,87,0.527559055118,0.216417910448,0.56862745098,1.0778460638
0.5,0.2,287,153,402,80,0.527559055118,0.199004975124,0.522875816993,0.991122817286
0.5,0.2,288,153,402,78,0.527559055118,0.194029850746,0.509803921569,0.966344746854
0.5,0.2,289,153,402,79,0.527559055118,0.196517412935,0.516339869281,0.97873378207
0.5,0.2,290,153,402,75,0.527559055118,0.186567164179,0.490196078431,0.929177641206
0.5,0.2,291,153,402,80,0.527559055118,0.199004975124,0.522875816993,0.991122817286
0.5,0.2,292,153,402,84,0.527559055118,0.208955223881,0.549019607843,1.04067895815
0.5,0.2,293,153,402,89,0.527559055118,0.221393034826,0.581699346405,1.10262413423
0.5,0.2,294,153,402,81,0.527559055118,0.201492537313,0.529411764706,1.0035118525
0.5,0.2,295,153,402,93,0.527559055118,0.231343283582,0.607843137255,1.1521802751
0.5,0.2,296,153,402,84,0.527559055118,0.208955223881,0.549019607843,1.04067895815
0.5,0.2,297,153,402,66,0.527559055118,0.164179104478,0.43137254902,0.817676324261
0.5,0.2,298,153,402,82,0.527559055118,0.203980099502,0.535947712418,1.01590088772
0.5,0.2,299,153,402,82,0.527559055118,0.203980099502,0.535947712418,1.01590088772
0.5,0.2,300,153,402,73,0.527559055118,0.181592039801,0.477124183007,0.904399570774
0.5,0.2,301,153,402,78,0.527559055118,0.194029850746,0.509803921569,0.966344746854
0.5,0.2,302,153,402,83,0.527559055118,0.206467661692,0.542483660131,1.02828992293
0.5,0.2,303,153,402,77,0.527559055118,0.191542288557,0.503267973856,0.953955711638
0.5,0.2,304,153,402,79,0.527559055118,0.196517412935,0.516339869281,0.97873378207
0.5,0.2,305,153,402,82,0.527559055118,0.203980099502,0.535947712418,1.01590088772
0.5,0.2,306,153,402,97,0.527559055118,0.241293532338,0.633986928105,1.20173641596
0.5,0.2,307,153,402,85,0.527559055118,0.21144278607,0.555555555556,1.05306799337
0.5,0.2,308,153,402,77,0.527559055118,0.191542288557,0.503267973856,0.953955711638
0.5,0.2,309,153,402,77,0.527559055118,0.191542288557,0.503267973856,0.953955711638
0.5,0.2,310,153,402,83,0.527559055118,0.206467661692,0.542483660131,1.02828992293
0.5,0.2,311,153,402,75,0.527559055118,0.186567164179,0.490196078431,0.929177641206
0.5,0.2,312,153,402,82,0.527559055118,0.203980099502,0.535947712418,1.01590088772
0.5,0.2,313,153,402,88,0.527559055118,0.218905472637,0.575163398693,1.09023509901
0.5,0.2,314,153,402,88,0.527559055118,0.218905472637,0.575163398693,1.09023509901
0.5,0.2,315,153,402,83,0.527559055118,0.206467661692,0.542483660131,1.02828992293
0.5,0.2,316,153,402,83,0.527559055118,0.206467661692,0.542483660131,1.02828992293
0.5,0.2,317,153,402,96,0.527559055118,0.238805970149,0.627450980392,1.18934738074
0.5,0.2,318,153,402,77,0.527559055118,0.191542288557,0.503267973856,0.953955711638
0.5,0.2,319,153,402,83,0.527559055118,0.206467661692,0.542483660131,1.02828992293
0.5,0.2,320,153,402,83,0.527559055118,0.206467661692,0.542483660131,1.02828992293
0.5,0.2,321,153,402,78,0.527559055118,0.194029850746,0.509803921569,0.966344746854
0.5,0.2,322,153,402,73,0.527559055118,0.181592039801,0.477124183007,0.904399570774
0.5,0.2,323,153,402,78,0.527559055118,0.194029850746,0.509803921569,0.966344746854
0.5,0.2,324,153,402,79,0.527559055118,0.196517412935,0.516339869281,0.97873378207
0.5,0.2,325,153,402,84,0.527559055118,0.208955223881,0.549019607843,1.04067895815
0.5,0.2,326,153,402,80,0.527559055118,0.199004975124,0.522875816993,0.991122817286
0.5,0.2,327,153,402,75,0.527559055118,0.186567164179,0.490196078431,0.929177641206
0.5,0.2,328,153,402,82,0.527559055118,0.203980099502,0.535947712418,1.01590088772
0.5,0.2,329,153,402,88,0.527559055118,0.218905472637,0.575163398693,1.09023509901
0.5,0.2,330,153,402,76,0.527559055118,0.189054726368,0.496732026144,0.941566676422
0.5,0.2,331,153,402,73,0.527559055118,0.181592039801,0.477124183007,0.904399570774
0.5,0.2,332,153,402,77,0.527559055118,0.191542288557,0.503267973856,0.953955711638
0.5,0.2,333,153,402,72,0.527559055118,0.179104477612,0.470588235294,0.892010535558
0.5,0.2,334,153,402,76,0.527559055118,0.189054726368,0.496732026144,0.941566676422
0.5,0.2,335,153,402,80,0.527559055118,0.199004975124,0.522875816993,0.991122817286
0.5,0.2,336,153,402,82,0.527559055118,0.203980099502,0.535947712418,1.01590088772
0.5,0.2,337,153,402,92,0.527559055118,0.228855721393,0.601307189542,1.13979123988
0.5,0.2,338,153,402,89,0.527559055118,0.221393034826,0.581699346405,1.10262413423
0.5,0.2,339,153,402,83,0.527559055118,0.206467661692,0.542483660131,1.02828992293
0.5,0.2,340,153,402,78,0.527559055118,0.194029850746,0.509803921569,0.966344746854
0.5,0.2,341,153,402,83,0.527559055118,0.206467661692,0.542483660131,1.02828992293
0.5,0.2,342,153,402,81,0.527559055118,0.201492537313,0.529411764706,1.0035118525
0.5,0.2,343,153,402,83,0.527559055118,0.206467661692,0.542483660131,1.02828992293
0.5,0.2,344,153,402,72,0.527559055118,0.179104477612,0.470588235294,0.892010535558
0.5,0.2,345,153,402,79,0.527559055118,0.196517412935,0.516339869281,0.97873378207
0.5,0.2,346,153,402,78,0.527559055118,0.194029850746,0.509803921569,0.966344746854
0.5,0.2,347,153,402,78,0.527559055118,0.194029850746,0.509803921569,0.966344746854
0.5,0.2,348,153,402,89,0.527559055118,0.221393034826,0.581699346405,1.10262413423
0.5,0.2,349,153,402,81,0.527559055118,0.201492537313,0.529411764706,1.0035118525
0.5,0.2,350,153,402,81,0.527559055118,0.201492537313,0.529411764706,1.0035118525
0.5,0.2,351,153,402,81,0.527559055118,0.201492537313,0.529411764706,1.0035118525
0.5,0.2,352,153,402,78,0.527559055118,0.194029850746,0.509803921569,0.966344746854
0.5,0.2,353,153,402,95,0.527559055118,0.23631840796,0.62091503268,1.17695834553
0.5,0.2,354,153,402,77,0.527559055118,0.191542288557,0.503267973856,0.953955711638
0.5,0.2,355,153,402,84,0.527559055118,0.208955223881,0.549019607843,1.04067895815
0.5,0.2,356,153,402,90,0.527559055118,0.223880597015,0.588235294118,1.11501316945
0.5,0.2,357,153,402,88,0.527559055118,0.218905472637,0.575163398693,1.09023509901
0.5,0.2,358,153,402,85,0.527559055118,0.21144278607,0.555555555556,1.05306799337
0.5,0.2,359,153,402,78,0.527559055118,0.194029850746,0.509803921569,0.966344746854
0.5,0.2,360,153,402,82,0.527559055118,0.203980099502,0.535947712418,1.01590088772
0.5,0.2,361,153,402,81,0.527559055118,0.201492537313,0.529411764706,1.0035118525
0.5,0.2,362,153,402,84,0.527559055118,0.208955223881,0.549019607843,1.04067895815
0.5,0.2,363,153,402,85,0.527559055118,0.21144278607,0.555555555556,1.05306799337
0.5,0.2,364,153,402,85,0.527559055118,0.21144278607,0.555555555556,1.05306799337
0.5,0.2,365,153,402,79,0.527559055118,0.196517412935,0.516339869281,0.97873378207
0.5,0.2,366,153,402,77,0.527559055118,0.191542288557,0.503267973856,0.953955711638
0.5,0.2,367,153,402,77,0.527559055118,0.191542288557,0.503267973856,0.953955711638
0.5,0.2,368,153,402,82,0.527559055118,0.203980099502,0.535947712418,1.01590088772
0.5,0.2,369,153,402,80,0.527559055118,0.199004975124,0.522875816993,0.991122817286
0.5,0.2,370,153,402,88,0.527559055118,0.218905472637,0.575163398693,1.09023509901
0.5,0.2,371,153,402,80,0.527559055118,0.199004975124,0.522875816993,0.991122817286
0.5,0.2,372,153,402,74,0.527559055118,0.18407960199,0.483660130719,0.91678860599
0.5,0.2,373,153,402,81,0.527559055118,0.201492537313,0.529411764706,1.0035118525
0.5,0.2,374,153,402,82,0.527559055118,0.203980099502,0.535947712418,1.01590088772
0.5,0.2,375,153,402,79,0.527559055118,0.196517412935,0.516339869281,0.97873378207
0.5,0.2,376,153,402,74,0.527559055118,0.18407960199,0.483660130719,0.91678860599
0.5,0.2,377,153,402,82,0.527559055118,0.203980099502,0.535947712418,1.01590088772
0.5,0.2,378,153,402,78,0.527559055118,0.194029850746,0.509803921569,0.966344746854
0.5,0.2,379,153,402,79,0.527559055118,0.196517412935,0.516339869281,0.97873378207
0.5,0.2,380,153,402,77,0.527559055118,0.191542288557,0.503267973856,0.953955711638
0.5,0.2,381,153,402,90,0.527559055118,0.223880597015,0.588235294118,1.11501316945
0.5,0.2,382,153,402,79,0.527559055118,0.196517412935,0.516339869281,0.97873378207
0.5,0.2,383,153,402,77,0.527559055118,0.191542288557,0.503267973856,0.953955711638
0.5,0.2,384,153,402,84,0.527559055118,0.208955223881,0.549019607843,1.04067895815
0.5,0.2,385,153,402,82,0.527559055118,0.203980099502,0.535947712418,1.01590088772
0.5,0.2,386,153,402,75,0.527559055118,0.186567164179,0.490196078431,0.929177641206
0.5,0.2,387,153,402,79,0.527559055118,0.196517412935,0.516339869281,0.97873378207
0.5,0.2,388,153,402,80,0.527559055118,0.199004975124,0.522875816993,0.991122817286
0.5,0.2,389,153,402,86,0.527559055118,0.213930348259,0.562091503268,1.06545702858
0.5,0.2,390,153,402,81,0.527559055118,0.201492537313,0.529411764706,1.0035118525
0.5,0.2,391,153,402,78,0.527559055118,0.194029850746,0.509803921569,0.966344746854
0.5,0.2,392,153,402,90,0.527559055118,0.223880597015,0.588235294118,1.11501316945
0.5,0.2,393,153,402,74,0.527559055118,0.18407960199,0.483660130719,0.91678860599
0.5,0.2,394,153,402,77,0.527559055118,0.191542288557,0.503267973856,0.953955711638
0.5,0.2,395,153,402,77,0.527559055118,0.191542288557,0.503267973856,0.953955711638
0.5,0.2,396,153,402,79,0.527559055118,0.196517412935,0.516339869281,0.97873378207
0.5,0.2,397,153,402,79,0.527559055118,0.196517412935,0.516339869281,0.97873378207
0.5,0.2,398,153,402,80,0.527559055118,0.199004975124,0.522875816993,0.991122817286
0.5,0.2,399,153,402,77,0.527559055118,0.191542288557,0.503267973856,0.953955711638
0.5,0.2,400,153,402,84,0.527559055118,0.208955223881,0.549019607843,1.04067895815
0.5,0.2,401,153,402,90,0.527559055118,0.223880597015,0.588235294118,1.11501316945
0.5,0.2,402,153,402,83,0.527559055118,0.206467661692,0.542483660131,1.02828992293
0.5,0.2,403,153,402,82,0.527559055118,0.203980099502,0.535947712418,1.01590088772
0.5,0.2,404,153,402,81,0.527559055118,0.201492537313,0.529411764706,1.0035118525
0.5,0.2,405,153,402,84,0.527559055118,0.208955223881,0.549019607843,1.04067895815
0.5,0.2,406,153,402,72,0.527559055118,0.179104477612,0.470588235294,0.892010535558
0.5,0.2,407,153,402,83,0.527559055118,0.206467661692,0.542483660131,1.02828992293
0.5,0.2,408,153,402,80,0.527559055118,0.199004975124,0.522875816993,0.991122817286
0.5,0.2,409,153,402,86,0.527559055118,0.213930348259,0.562091503268,1.06545702858
0.5,0.2,410,153,402,86,0.527559055118,0.213930348259,0.562091503268,1.06545702858
0.5,0.2,411,153,402,92,0.527559055118,0.228855721393,0.601307189542,1.13979123988
0.5,0.2,412,153,402,82,0.527559055118,0.203980099502,0.535947712418,1.01590088772
0.5,0.2,413,153,402,82,0.527559055118,0.203980099502,0.535947712418,1.01590088772
0.5,0.2,414,153,402,80,0.527559055118,0.199004975124,0.522875816993,0.991122817286
0.5,0.2,415,153,402,77,0.527559055118,0.191542288557,0.503267973856,0.953955711638
0.5,0.2,416,153,402,85,0.527559055118,0.21144278607,0.555555555556,1.05306799337
0.5,0.2,417,153,402,73,0.527559055118,0.181592039801,0.477124183007,0.904399570774
0.5,0.2,418,153,402,76,0.527559055118,0.189054726368,0.496732026144,0.941566676422
0.5,0.2,419,153,402,76,0.527559055118,0.189054726368,0.496732026144,0.941566676422
0.5,0.2,420,153,402,85,0.527559055118,0.21144278607,0.555555555556,1.05306799337
0.5,0.2,421,153,402,81,0.527559055118,0.201492537313,0.529411764706,1.0035118525
0.5,0.2,422,153,402,81,0.527559055118,0.201492537313,0.529411764706,1.0035118525
0.5,0.2,423,153,402,76,0.527559055118,0.189054726368,0.496732026144,0.941566676422
0.5,0.2,424,153,402,77,0.527559055118,0.191542288557,0.503267973856,0.953955711638
0.5,0.2,425,153,402,77,0.527559055118,0.191542288557,0.503267973856,0.953955711638
0.5,0.2,426,153,402,85,0.527559055118,0.21144278607,0.555555555556,1.05306799337
0.5,0.2,427,153,402,84,0.527559055118,0.208955223881,0.549019607843,1.04067895815
0.5,0.2,428,153,402,83,0.527559055118,0.206467661692,0.542483660131,1.02828992293
0.5,0.2,429,153,402,88,0.527559055118,0.218905472637,0.575163398693,1.09023509901
0.5,0.2,430,153,402,80,0.527559055118,0.199004975124,0.522875816993,0.991122817286
0.5,0.2,431,153,402,80,0.527559055118,0.199004975124,0.522875816993,0.991122817286
0.5,0.2,432,153,402,76,0.527559055118,0.189054726368,0.496732026144,0.941566676422
0.5,0.2,433,153,402,75,0.527559055118,0.186567164179,0.490196078431,0.929177641206
0.5,0.2,434,153,402,80,0.527559055118,0.199004975124,0.522875816993,0.991122817286
0.5,0.2,435,153,402,76,0.527559055118,0.189054726368,0.496732026144,0.941566676422
0.5,0.2,436,153,402,86,0.527559055118,0.213930348259,0.562091503268,1.06545702858
0.5,0.2,437,153,402,79,0.527559055118,0.196517412935,0.516339869281,0.97873378207
0.5,0.2,438,153,402,81,0.527559055118,0.201492537313,0.529411764706,1.0035118525
0.5,0.2,439,153,402,74,0.527559055118,0.18407960199,0.483660130719,0.91678860599
0.5,0.2,440,153,402,94,0.527559055118,0.233830845771,0.614379084967,1.16456931031
0.5,0.2,441,153,402,78,0.527559055118,0.194029850746,0.509803921569,0.966344746854
0.5,0.2,442,153,402,77,0.527559055118,0.191542288557,0.503267973856,0.953955711638
0.5,0.2,443,153,402,94,0.527559055118,0.233830845771,0.614379084967,1.16456931031
0.5,0.2,444,153,402,77,0.527559055118,0.191542288557,0.503267973856,0.953955711638
0.5,0.2,445,153,402,100,0.527559055118,0.248756218905,0.653594771242,1.23890352161
0.5,0.2,446,153,402,80,0.527559055118,0.199004975124,0.522875816993,0.991122817286
0.5,0.2,447,153,402,83,0.527559055118,0.206467661692,0.542483660131,1.02828992293
0.5,0.2,448,153,402,90,0.527559055118,0.223880597015,0.588235294118,1.11501316945
0.5,0.2,449,153,402,77,0.527559055118,0.191542288557,0.503267973856,0.953955711638
0.5,0.2,450,153,402,83,0.527559055118,0.206467661692,0.542483660131,1.02828992293
0.5,0.2,451,153,402,83,0.527559055118,0.206467661692,0.542483660131,1.02828992293
0.5,0.2,452,153,402,71,0.527559055118,0.176616915423,0.464052287582,0.879621500341
0.5,0.2,453,153,402,84,0.527559055118,0.208955223881,0.549019607843,1.04067895815
0.5,0.2,454,153,402,78,0.527559055118,0.194029850746,0.509803921569,0.966344746854
0.5,0.2,455,153,402,74,0.527559055118,0.18407960199,0.483660130719,0.91678860599
0.5,0.2,456,153,402,83,0.527559055118,0.206467661692,0.542483660131,1.02828992293
0.5,0.2,457,153,402,85,0.527559055118,0.21144278607,0.555555555556,1.05306799337
0.5,0.2,458,153,402,79,0.527559055118,0.196517412935,0.516339869281,0.97873378207
0.5,0.2,459,153,402,87,0.527559055118,0.216417910448,0.56862745098,1.0778460638
0.5,0.2,460,153,402,76,0.527559055118,0.189054726368,0.496732026144,0.941566676422
0.5,0.2,461,153,402,74,0.527559055118,0.18407960199,0.483660130719,0.91678860599
0.5,0.2,462,153,402,83,0.527559055118,0.206467661692,0.542483660131,1.02828992293
0.5,0.2,463,153,402,81,0.527559055118,0.201492537313,0.529411764706,1.0035118525
0.5,0.2,464,153,402,84,0.527559055118,0.208955223881,0.549019607843,1.04067895815
0.5,0.2,465,153,402,84,0.527559055118,0.208955223881,0.549019607843,1.04067895815
0.5,0.2,466,153,402,74,0.527559055118,0.18407960199,0.483660130719,0.91678860599
0.5,0.2,467,153,402,83,0.527559055118,0.206467661692,0.542483660131,1.02828992293
0.5,0.2,468,153,402,77,0.527559055118,0.191542288557,0.503267973856,0.953955711638
0.5,0.2,469,153,402,80,0.527559055118,0.199004975124,0.522875816993,0.991122817286
0.5,0.2,470,153,402,77,0.527559055118,0.191542288557,0.503267973856,0.953955711638
0.5,0.2,471,153,402,79,0.527559055118,0.196517412935,0.516339869281,0.97873378207
0.5,0.2,472,153,402,75,0.527559055118,0.186567164179,0.490196078431,0.929177641206
0.5,0.2,473,153,402,82,0.527559055118,0.203980099502,0.535947712418,1.01590088772
0.5,0.2,474,153,402,71,0.527559055118,0.176616915423,0.464052287582,0.879621500341
0.5,0.2,475,153,402,70,0.527559055118,0.174129353234,0.457516339869,0.867232465125
0.5,0.2,476,153,402,74,0.527559055118,0.18407960199,0.483660130719,0.91678860599
0.5,0.2,477,153,402,71,0.527559055118,0.176616915423,0.464052287582,0.879621500341
0.5,0.2,478,153,402,77,0.527559055118,0.191542288557,0.503267973856,0.953955711638
0.5,0.2,479,153,402,79,0.527559055118,0.196517412935,0.516339869281,0.97873378207
0.5,0.2,480,153,402,82,0.527559055118,0.203980099502,0.535947712418,1.01590088772
0.5,0.2,481,153,402,74,0.527559055118,0.18407960199,0.483660130719,0.91678860599
0.5,0.2,482,153,402,77,0.527559055118,0.191542288557,0.503267973856,0.953955711638
0.5,0.2,483,153,402,83,0.527559055118,0.206467661692,0.542483660131,1.02828992293
0.5,0.2,484,153,402,76,0.527559055118,0.189054726368,0.496732026144,0.941566676422
0.5,0.2,485,153,402,74,0.527559055118,0.18407960199,0.483660130719,0.91678860599
0.5,0.2,486,153,402,74,0.527559055118,0.18407960199,0.483660130719,0.91678860599
0.5,0.2,487,153,402,82,0.527559055118,0.203980099502,0.535947712418,1.01590088772
0.5,0.2,488,153,402,74,0.527559055118,0.18407960199,0.483660130719,0.91678860599
0.5,0.2,489,153,402,81,0.527559055118,0.201492537313,0.529411764706,1.0035118525
0.5,0.2,490,153,402,81,0.527559055118,0.201492537313,0.529411764706,1.0035118525
0.5,0.2,491,153,402,87,0.527559055118,0.216417910448,0.56862745098,1.0778460638
0.5,0.2,492,153,402,79,0.527559055118,0.196517412935,0.516339869281,0.97873378207
0.5,0.2,493,153,402,75,0.527559055118,0.186567164179,0.490196078431,0.929177641206
0.5,0.2,494,153,402,72,0.527559055118,0.179104477612,0.470588235294,0.892010535558
0.5,0.2,495,153,402,92,0.527559055118,0.228855721393,0.601307189542,1.13979123988
0.5,0.2,496,153,402,90,0.527559055118,0.223880597015,0.588235294118,1.11501316945
0.5,0.2,497,153,402,83,0.527559055118,0.206467661692,0.542483660131,1.02828992293
0.5,0.2,498,153,402,80,0.527559055118,0.199004975124,0.522875816993,0.991122817286
0.5,0.2,499,153,402,73,0.527559055118,0.181592039801,0.477124183007,0.904399570774
0.5,0.2,500,153,402,76,0.527559055118,0.189054726368,0.496732026144,0.941566676422
0.5,0.2,501,153,402,84,0.527559055118,0.208955223881,0.549019607843,1.04067895815
0.5,0.2,502,153,402,80,0.527559055118,0.199004975124,0.522875816993,0.991122817286
0.5,0.2,503,153,402,84,0.527559055118,0.208955223881,0.549019607843,1.04067895815
0.5,0.2,504,153,402,89,0.527559055118,0.221393034826,0.581699346405,1.10262413423
0.5,0.2,505,153,402,68,0.527559055118,0.169154228856,0.444444444444,0.842454394693
0.5,0.2,506,153,402,78,0.527559055118,0.194029850746,0.509803921569,0.966344746854
0.5,0.2,507,153,402,81,0.527559055118,0.201492537313,0.529411764706,1.0035118525
0.5,0.2,508,153,402,84,0.527559055118,0.208955223881,0.549019607843,1.04067895815
0.5,0.2,509,153,402,85,0.527559055118,0.21144278607,0.555555555556,1.05306799337
0.5,0.2,510,153,402,81,0.527559055118,0.201492537313,0.529411764706,1.0035118525
0.5,0.2,511,153,402,78,0.527559055118,0.194029850746,0.509803921569,0.966344746854
0.5,0.2,512,153,402,82,0.527559055118,0.203980099502,0.535947712418,1.01590088772
0.5,0.2,513,153,402,83,0.527559055118,0.206467661692,0.542483660131,1.02828992293
0.5,0.2,514,153,402,75,0.527559055118,0.186567164179,0.490196078431,0.929177641206
0.5,0.2,515,153,402,79,0.527559055118,0.196517412935,0.516339869281,0.97873378207
0.5,0.2,516,153,402,81,0.527559055118,0.201492537313,0.529411764706,1.0035118525
0.5,0.2,517,153,402,75,0.527559055118,0.186567164179,0.490196078431,0.929177641206
0.5,0.2,518,153,402,88,0.527559055118,0.218905472637,0.575163398693,1.09023509901
0.5,0.2,519,153,402,79,0.527559055118,0.196517412935,0.516339869281,0.97873378207
0.5,0.2,520,153,402,83,0.527559055118,0.206467661692,0.542483660131,1.02828992293
0.5,0.2,521,153,402,74,0.527559055118,0.18407960199,0.483660130719,0.91678860599
0.5,0.2,522,153,402,89,0.527559055118,0.221393034826,0.581699346405,1.10262413423
0.5,0.2,523,153,402,84,0.527559055118,0.208955223881,0.549019607843,1.04067895815
0.5,0.2,524,153,402,82,0.527559055118,0.203980099502,0.535947712418,1.01590088772
0.5,0.2,525,153,402,88,0.527559055118,0.218905472637,0.575163398693,1.09023509901
0.5,0.2,526,153,402,79,0.527559055118,0.196517412935,0.516339869281,0.97873378207
0.5,0.2,527,153,402,87,0.527559055118,0.216417910448,0.56862745098,1.0778460638
0.5,0.2,528,153,402,86,0.527559055118,0.213930348259,0.562091503268,1.06545702858
0.5,0.2,529,153,402,73,0.527559055118,0.181592039801,0.477124183007,0.904399570774
0.5,0.2,530,153,402,80,0.527559055118,0.199004975124,0.522875816993,0.991122817286
0.5,0.2,531,153,402,72,0.527559055118,0.179104477612,0.470588235294,0.892010535558
0.5,0.2,532,153,402,90,0.527559055118,0.223880597015,0.588235294118,1.11501316945
0.5,0.2,533,153,402,73,0.527559055118,0.181592039801,0.477124183007,0.904399570774
0.5,0.2,534,153,402,78,0.527559055118,0.194029850746,0.509803921569,0.966344746854
0.5,0.2,535,153,402,81,0.527559055118,0.201492537313,0.529411764706,1.0035118525
0.5,0.2,536,153,402,77,0.527559055118,0.191542288557,0.503267973856,0.953955711638
0.5,0.2,537,153,402,86,0.527559055118,0.213930348259,0.562091503268,1.06545702858
0.5,0.2,538,153,402,71,0.527559055118,0.176616915423,0.464052287582,0.879621500341
0.5,0.2,539,153,402,76,0.527559055118,0.189054726368,0.496732026144,0.941566676422
0.5,0.2,540,153,402,78,0.527559055118,0.194029850746,0.509803921569,0.966344746854
0.5,0.2,541,153,402,77,0.527559055118,0.191542288557,0.503267973856,0.953955711638
0.5,0.2,542,153,402,84,0.527559055118,0.208955223881,0.549019607843,1.04067895815
0.5,0.2,543,153,402,90,0.527559055118,0.223880597015,0.588235294118,1.11501316945
0.5,0.2,544,153,402,80,0.527559055118,0.199004975124,0.522875816993,0.991122817286
0.5,0.2,545,153,402,75,0.527559055118,0.186567164179,0.490196078431,0.929177641206
0.5,0.2,546,153,402,88,0.527559055118,0.218905472637,0.575163398693,1.09023509901
0.5,0.2,547,153,402,76,0.527559055118,0.189054726368,0.496732026144,0.941566676422
0.5,0.2,548,153,402,68,0.527559055118,0.169154228856,0.444444444444,0.842454394693
0.5,0.2,549,153,402,77,0.527559055118,0.191542288557,0.503267973856,0.953955711638
0.5,0.2,550,153,402,81,0.527559055118,0.201492537313,0.529411764706,1.0035118525
0.5,0.2,551,153,402,83,0.527559055118,0.206467661692,0.542483660131,1.02828992293
0.5,0.2,552,153,402,76,0.527559055118,0.189054726368,0.496732026144,0.941566676422
0.5,0.2,553,153,402,75,0.527559055118,0.186567164179,0.490196078431,0.929177641206
0.5,0.2,554,153,402,77,0.527559055118,0.191542288557,0.503267973856,0.953955711638
0.5,0.2,555,153,402,71,0.527559055118,0.176616915423,0.464052287582,0.879621500341
0.5,0.2,556,153,402,86,0.527559055118,0.213930348259,0.562091503268,1.06545702858
0.5,0.2,557,153,402,78,0.527559055118,0.194029850746,0.509803921569,0.966344746854
0.5,0.2,558,153,402,88,0.527559055118,0.218905472637,0.575163398693,1.09023509901
0.5,0.2,559,153,402,77,0.527559055118,0.191542288557,0.503267973856,0.953955711638
0.5,0.2,560,153,402,86,0.527559055118,0.213930348259,0.562091503268,1.06545702858
0.5,0.2,561,153,402,84,0.527559055118,0.208955223881,0.549019607843,1.04067895815
0.5,0.2,562,153,402,82,0.527559055118,0.203980099502,0.535947712418,1.01590088772
0.5,0.2,563,153,402,94,0.527559055118,0.233830845771,0.614379084967,1.16456931031
0.5,0.2,564,153,402,84,0.527559055118,0.208955223881,0.549019607843,1.04067895815
0.5,0.2,565,153,402,84,0.527559055118,0.208955223881,0.549019607843,1.04067895815
0.5,0.2,566,153,402,88,0.527559055118,0.218905472637,0.575163398693,1.09023509901
0.5,0.2,567,153,402,76,0.527559055118,0.189054726368,0.496732026144,0.941566676422
0.5,0.2,568,153,402,73,0.527559055118,0.181592039801,0.477124183007,0.904399570774
0.5,0.2,569,153,402,92,0.527559055118,0.228855721393,0.601307189542,1.13979123988
0.5,0.2,570,153,402,77,0.527559055118,0.191542288557,0.503267973856,0.953955711638
0.5,0.2,571,153,402,84,0.527559055118,0.208955223881,0.549019607843,1.04067895815
0.5,0.2,572,153,402,73,0.527559055118,0.181592039801,0.477124183007,0.904399570774
0.5,0.2,573,153,402,82,0.527559055118,0.203980099502,0.535947712418,1.01590088772
0.5,0.2,574,153,402,93,0.527559055118,0.231343283582,0.607843137255,1.1521802751
0.5,0.2,575,153,402,75,0.527559055118,0.186567164179,0.490196078431,0.929177641206
0.5,0.2,576,153,402,84,0.527559055118,0.208955223881,0.549019607843,1.04067895815
0.5,0.2,577,153,402,84,0.527559055118,0.208955223881,0.549019607843,1.04067895815
0.5,0.2,578,153,402,81,0.527559055118,0.201492537313,0.529411764706,1.0035118525
0.5,0.2,579,153,402,80,0.527559055118,0.199004975124,0.522875816993,0.991122817286
0.5,0.2,580,153,402,77,0.527559055118,0.191542288557,0.503267973856,0.953955711638
0.5,0.2,581,153,402,84,0.527559055118,0.208955223881,0.549019607843,1.04067895815
0.5,0.2,582,153,402,85,0.527559055118,0.21144278607,0.555555555556,1.05306799337
0.5,0.2,583,153,402,84,0.527559055118,0.208955223881,0.549019607843,1.04067895815
0.5,0.2,584,153,402,78,0.527559055118,0.194029850746,0.509803921569,0.966344746854
0.5,0.2,585,153,402,84,0.527559055118,0.208955223881,0.549019607843,1.04067895815
0.5,0.2,586,153,402,68,0.527559055118,0.169154228856,0.444444444444,0.842454394693
0.5,0.2,587,153,402,88,0.527559055118,0.218905472637,0.575163398693,1.09023509901
0.5,0.2,588,153,402,86,0.527559055118,0.213930348259,0.562091503268,1.06545702858
0.5,0.2,589,153,402,78,0.527559055118,0.194029850746,0.509803921569,0.966344746854
0.5,0.2,590,153,402,79,0.527559055118,0.196517412935,0.516339869281,0.97873378207
0.5,0.2,591,153,402,78,0.527559055118,0.194029850746,0.509803921569,0.966344746854
0.5,0.2,592,153,402,87,0.527559055118,0.216417910448,0.56862745098,1.0778460638
0.5,0.2,593,153,402,76,0.527559055118,0.189054726368,0.496732026144,0.941566676422
0.5,0.2,594,153,402,93,0.527559055118,0.231343283582,0.607843137255,1.1521802751
0.5,0.2,595,153,402,86,0.527559055118,0.213930348259,0.562091503268,1.06545702858
0.5,0.2,596,153,402,69,0.527559055118,0.171641791045,0.450980392157,0.854843429909
0.5,0.2,597,153,402,78,0.527559055118,0.194029850746,0.509803921569,0.966344746854
0.5,0.2,598,153,402,87,0.527559055118,0.216417910448,0.56862745098,1.0778460638
0.5,0.2,599,153,402,89,0.527559055118,0.221393034826,0.581699346405,1.10262413423
0.5,0.2,600,153,402,74,0.527559055118,0.18407960199,0.483660130719,0.91678860599
0.5,0.2,601,153,402,70,0.527559055118,0.174129353234,0.457516339869,0.867232465125
0.5,0.2,602,153,402,78,0.527559055118,0.194029850746,0.509803921569,0.966344746854
0.5,0.2,603,153,402,82,0.527559055118,0.203980099502,0.535947712418,1.01590088772
0.5,0.2,604,153,402,86,0.527559055118,0.213930348259,0.562091503268,1.06545702858
0.5,0.2,605,153,402,91,0.527559055118,0.226368159204,0.59477124183,1.12740220466
0.5,0.2,606,153,402,79,0.527559055118,0.196517412935,0.516339869281,0.97873378207
0.5,0.2,607,153,402,77,0.527559055118,0.191542288557,0.503267973856,0.953955711638
0.5,0.2,608,153,402,83,0.527559055118,0.206467661692,0.542483660131,1.02828992293
0.5,0.2,609,153,402,78,0.527559055118,0.194029850746,0.509803921569,0.966344746854
0.5,0.2,610,153,402,79,0.527559055118,0.196517412935,0.516339869281,0.97873378207
0.5,0.2,611,153,402,88,0.527559055118,0.218905472637,0.575163398693,1.09023509901
0.5,0.2,612,153,402,90,0.527559055118,0.223880597015,0.588235294118,1.11501316945
0.5,0.2,613,153,402,76,0.527559055118,0.189054726368,0.496732026144,0.941566676422
0.5,0.2,614,153,402,91,0.527559055118,0.226368159204,0.59477124183,1.12740220466
0.5,0.2,615,153,402,80,0.527559055118,0.199004975124,0.522875816993,0.991122817286
0.5,0.2,616,153,402,84,0.527559055118,0.208955223881,0.549019607843,1.04067895815
0.5,0.2,617,153,402,76,0.527559055118,0.189054726368,0.496732026144,0.941566676422
0.5,0.2,618,153,402,78,0.527559055118,0.194029850746,0.509803921569,0.966344746854
0.5,0.2,619,153,402,85,0.527559055118,0.21144278607,0.555555555556,1.05306799337
0.5,0.2,620,153,402,79,0.527559055118,0.196517412935,0.516339869281,0.97873378207
0.5,0.2,621,153,402,87,0.527559055118,0.216417910448,0.56862745098,1.0778460638
0.5,0.2,622,153,402,79,0.527559055118,0.196517412935,0.516339869281,0.97873378207
0.5,0.2,623,153,402,83,0.527559055118,0.206467661692,0.542483660131,1.02828992293
0.5,0.2,624,153,402,87,0.527559055118,0.216417910448,0.56862745098,1.0778460638
0.5,0.2,625,153,402,69,0.527559055118,0.171641791045,0.450980392157,0.854843429909
0.5,0.2,626,153,402,80,0.527559055118,0.199004975124,0.522875816993,0.991122817286
0.5,0.2,627,153,402,79,0.527559055118,0.196517412935,0.516339869281,0.97873378207
0.5,0.2,628,153,402,86,0.527559055118,0.213930348259,0.562091503268,1.06545702858
0.5,0.2,629,153,402,84,0.527559055118,0.208955223881,0.549019607843,1.04067895815
0.5,0.2,630,153,402,82,0.527559055118,0.203980099502,0.535947712418,1.01590088772
0.5,0.2,631,153,402,80,0.527559055118,0.199004975124,0.522875816993,0.991122817286
0.5,0.2,632,153,402,84,0.527559055118,0.208955223881,0.549019607843,1.04067895815
0.5,0.2,633,153,402,77,0.527559055118,0.191542288557,0.503267973856,0.953955711638
0.5,0.2,634,153,402,74,0.527559055118,0.18407960199,0.483660130719,0.91678860599
0.5,0.2,635,153,402,66,0.527559055118,0.164179104478,0.43137254902,0.817676324261
0.5,0.2,636,153,402,89,0.527559055118,0.221393034826,0.581699346405,1.10262413423
0.5,0.2,637,153,402,75,0.527559055118,0.186567164179,0.490196078431,0.929177641206
0.5,0.2,638,153,402,69,0.527559055118,0.171641791045,0.450980392157,0.854843429909
0.5,0.2,639,153,402,77,0.527559055118,0.191542288557,0.503267973856,0.953955711638
0.5,0.2,640,153,402,74,0.527559055118,0.18407960199,0.483660130719,0.91678860599
0.5,0.2,641,153,402,79,0.527559055118,0.196517412935,0.516339869281,0.97873378207
0.5,0.2,642,153,402,69,0.527559055118,0.171641791045,0.450980392157,0.854843429909
0.5,0.2,643,153,402,88,0.527559055118,0.218905472637,0.575163398693,1.09023509901
0.5,0.2,644,153,402,89,0.527559055118,0.221393034826,0.581699346405,1.10262413423
0.5,0.2,645,153,402,80,0.527559055118,0.199004975124,0.522875816993,0.991122817286
0.5,0.2,646,153,402,82,0.527559055118,0.203980099502,0.535947712418,1.01590088772
0.5,0.2,647,153,402,83,0.527559055118,0.206467661692,0.542483660131,1.02828992293
0.5,0.2,648,153,402,82,0.527559055118,0.203980099502,0.535947712418,1.01590088772
0.5,0.2,649,153,402,83,0.527559055118,0.206467661692,0.542483660131,1.02828992293
0.5,0.2,650,153,402,81,0.527559055118,0.201492537313,0.529411764706,1.0035118525
0.5,0.2,651,153,402,84,0.527559055118,0.208955223881,0.549019607843,1.04067895815
0.5,0.2,652,153,402,78,0.527559055118,0.194029850746,0.509803921569,0.966344746854
0.5,0.2,653,153,402,83,0.527559055118,0.206467661692,0.542483660131,1.02828992293
0.5,0.2,654,153,402,85,0.527559055118,0.21144278607,0.555555555556,1.05306799337
0.5,0.2,655,153,402,83,0.527559055118,0.206467661692,0.542483660131,1.02828992293
0.5,0.2,656,153,402,81,0.527559055118,0.201492537313,0.529411764706,1.0035118525
0.5,0.2,657,153,402,70,0.527559055118,0.174129353234,0.457516339869,0.867232465125
0.5,0.2,658,153,402,74,0.527559055118,0.18407960199,0.483660130719,0.91678860599
0.5,0.2,659,153,402,84,0.527559055118,0.208955223881,0.549019607843,1.04067895815
0.5,0.2,660,153,402,66,0.527559055118,0.164179104478,0.43137254902,0.817676324261
0.5,0.2,661,153,402,78,0.527559055118,0.194029850746,0.509803921569,0.966344746854
0.5,0.2,662,153,402,78,0.527559055118,0.194029850746,0.509803921569,0.966344746854
0.5,0.2,663,153,402,90,0.527559055118,0.223880597015,0.588235294118,1.11501316945
0.5,0.2,664,153,402,85,0.527559055118,0.21144278607,0.555555555556,1.05306799337
0.5,0.2,665,153,402,83,0.527559055118,0.206467661692,0.542483660131,1.02828992293
0.5,0.2,666,153,402,80,0.527559055118,0.199004975124,0.522875816993,0.991122817286
0.5,0.2,667,153,402,77,0.527559055118,0.191542288557,0.503267973856,0.953955711638
0.5,0.2,668,153,402,85,0.527559055118,0.21144278607,0.555555555556,1.05306799337
0.5,0.2,669,153,402,84,0.527559055118,0.208955223881,0.549019607843,1.04067895815
0.5,0.2,670,153,402,78,0.527559055118,0.194029850746,0.509803921569,0.966344746854
0.5,0.2,671,153,402,84,0.527559055118,0.208955223881,0.549019607843,1.04067895815
0.5,0.2,672,153,402,76,0.527559055118,0.189054726368,0.496732026144,0.941566676422
0.5,0.2,673,153,402,83,0.527559055118,0.206467661692,0.542483660131,1.02828992293
0.5,0.2,674,153,402,80,0.527559055118,0.199004975124,0.522875816993,0.991122817286
0.5,0.2,675,153,402,85,0.527559055118,0.21144278607,0.555555555556,1.05306799337
0.5,0.2,676,153,402,73,0.527559055118,0.181592039801,0.477124183007,0.904399570774
0.5,0.2,677,153,402,73,0.527559055118,0.181592039801,0.477124183007,0.904399570774
0.5,0.2,678,153,402,82,0.527559055118,0.203980099502,0.535947712418,1.01590088772
0.5,0.2,679,153,402,87,0.527559055118,0.216417910448,0.56862745098,1.0778460638
0.5,0.2,680,153,402,82,0.527559055118,0.203980099502,0.535947712418,1.01590088772
0.5,0.2,681,153,402,76,0.527559055118,0.189054726368,0.496732026144,0.941566676422
0.5,0.2,682,153,402,77,0.527559055118,0.191542288557,0.503267973856,0.953955711638
0.5,0.2,683,153,402,91,0.527559055118,0.226368159204,0.59477124183,1.12740220466
0.5,0.2,684,153,402,86,0.527559055118,0.213930348259,0.562091503268,1.06545702858
0.5,0.2,685,153,402,79,0.527559055118,0.196517412935,0.516339869281,0.97873378207
0.5,0.2,686,153,402,71,0.527559055118,0.176616915423,0.464052287582,0.879621500341
0.5,0.2,687,153,402,83,0.527559055118,0.206467661692,0.542483660131,1.02828992293
0.5,0.2,688,153,402,78,0.527559055118,0.194029850746,0.509803921569,0.966344746854
0.5,0.2,689,153,402,76,0.527559055118,0.189054726368,0.496732026144,0.941566676422
0.5,0.2,690,153,402,74,0.527559055118,0.18407960199,0.483660130719,0.91678860599
0.5,0.2,691,153,402,83,0.527559055118,0.206467661692,0.542483660131,1.02828992293
0.5,0.2,692,153,402,88,0.527559055118,0.218905472637,0.575163398693,1.09023509901
0.5,0.2,693,153,402,85,0.527559055118,0.21144278607,0.555555555556,1.05306799337
0.5,0.2,694,153,402,88,0.527559055118,0.218905472637,0.575163398693,1.09023509901
0.5,0.2,695,153,402,83,0.527559055118,0.206467661692,0.542483660131,1.02828992293
0.5,0.2,696,153,402,76,0.527559055118,0.189054726368,0.496732026144,0.941566676422
0.5,0.2,697,153,402,84,0.527559055118,0.208955223881,0.549019607843,1.04067895815
0.5,0.2,698,153,402,86,0.527559055118,0.213930348259,0.562091503268,1.06545702858
0.5,0.2,699,153,402,80,0.527559055118,0.199004975124,0.522875816993,0.991122817286
0.5,0.2,700,153,402,71,0.527559055118,0.176616915423,0.464052287582,0.879621500341
0.5,0.2,701,153,402,79,0.527559055118,0.196517412935,0.516339869281,0.97873378207
0.5,0.2,702,153,402,79,0.527559055118,0.196517412935,0.516339869281,0.97873378207
0.5,0.2,703,153,402,76,0.527559055118,0.189054726368,0.496732026144,0.941566676422
0.5,0.2,704,153,402,83,0.527559055118,0.206467661692,0.542483660131,1.02828992293
0.5,0.2,705,153,402,82,0.527559055118,0.203980099502,0.535947712418,1.01590088772
0.5,0.2,706,153,402,87,0.527559055118,0.216417910448,0.56862745098,1.0778460638
0.5,0.2,707,153,402,84,0.527559055118,0.208955223881,0.549019607843,1.04067895815
0.5,0.2,708,153,402,78,0.527559055118,0.194029850746,0.509803921569,0.966344746854
0.5,0.2,709,153,402,73,0.527559055118,0.181592039801,0.477124183007,0.904399570774
0.5,0.2,710,153,402,85,0.527559055118,0.21144278607,0.555555555556,1.05306799337
0.5,0.2,711,153,402,77,0.527559055118,0.191542288557,0.503267973856,0.953955711638
0.5,0.2,712,153,402,86,0.527559055118,0.213930348259,0.562091503268,1.06545702858
0.5,0.2,713,153,402,87,0.527559055118,0.216417910448,0.56862745098,1.0778460638
0.5,0.2,714,153,402,70,0.527559055118,0.174129353234,0.457516339869,0.867232465125
0.5,0.2,715,153,402,88,0.527559055118,0.218905472637,0.575163398693,1.09023509901
0.5,0.2,716,153,402,77,0.527559055118,0.191542288557,0.503267973856,0.953955711638
0.5,0.2,717,153,402,79,0.527559055118,0.196517412935,0.516339869281,0.97873378207
0.5,0.2,718,153,402,80,0.527559055118,0.199004975124,0.522875816993,0.991122817286
0.5,0.2,719,153,402,85,0.527559055118,0.21144278607,0.555555555556,1.05306799337
0.5,0.2,720,153,402,90,0.527559055118,0.223880597015,0.588235294118,1.11501316945
0.5,0.2,721,153,402,80,0.527559055118,0.199004975124,0.522875816993,0.991122817286
0.5,0.2,722,153,402,83,0.527559055118,0.206467661692,0.542483660131,1.02828992293
0.5,0.2,723,153,402,75,0.527559055118,0.186567164179,0.490196078431,0.929177641206
0.5,0.2,724,153,402,83,0.527559055118,0.206467661692,0.542483660131,1.02828992293
0.5,0.2,725,153,402,80,0.527559055118,0.199004975124,0.522875816993,0.991122817286
0.5,0.2,726,153,402,84,0.527559055118,0.208955223881,0.549019607843,1.04067895815
0.5,0.2,727,153,402,91,0.527559055118,0.226368159204,0.59477124183,1.12740220466
0.5,0.2,728,153,402,89,0.527559055118,0.221393034826,0.581699346405,1.10262413423
0.5,0.2,729,153,402,83,0.527559055118,0.206467661692,0.542483660131,1.02828992293
0.5,0.2,730,153,402,73,0.527559055118,0.181592039801,0.477124183007,0.904399570774
0.5,0.2,731,153,402,90,0.527559055118,0.223880597015,0.588235294118,1.11501316945
0.5,0.2,732,153,402,78,0.527559055118,0.194029850746,0.509803921569,0.966344746854
0.5,0.2,733,153,402,87,0.527559055118,0.216417910448,0.56862745098,1.0778460638
0.5,0.2,734,153,402,80,0.527559055118,0.199004975124,0.522875816993,0.991122817286
0.5,0.2,735,153,402,81,0.527559055118,0.201492537313,0.529411764706,1.0035118525
0.5,0.2,736,153,402,87,0.527559055118,0.216417910448,0.56862745098,1.0778460638
0.5,0.2,737,153,402,74,0.527559055118,0.18407960199,0.483660130719,0.91678860599
0.5,0.2,738,153,402,81,0.527559055118,0.201492537313,0.529411764706,1.0035118525
0.5,0.2,739,153,402,80,0.527559055118,0.199004975124,0.522875816993,0.991122817286
0.5,0.2,740,153,402,86,0.527559055118,0.213930348259,0.562091503268,1.06545702858
0.5,0.2,741,153,402,78,0.527559055118,0.194029850746,0.509803921569,0.966344746854
0.5,0.2,742,153,402,82,0.527559055118,0.203980099502,0.535947712418,1.01590088772
0.5,0.2,743,153,402,82,0.527559055118,0.203980099502,0.535947712418,1.01590088772
0.5,0.2,744,153,402,82,0.527559055118,0.203980099502,0.535947712418,1.01590088772
0.5,0.2,745,153,402,77,0.527559055118,0.191542288557,0.503267973856,0.953955711638
0.5,0.2,746,153,402,77,0.527559055118,0.191542288557,0.503267973856,0.953955711638
0.5,0.2,747,153,402,82,0.527559055118,0.203980099502,0.535947712418,1.01590088772
0.5,0.2,748,153,402,70,0.527559055118,0.174129353234,0.457516339869,0.867232465125
0.5,0.2,749,153,402,85,0.527559055118,0.21144278607,0.555555555556,1.05306799337
0.5,0.2,750,153,402,76,0.527559055118,0.189054726368,0.496732026144,0.941566676422
0.5,0.2,751,153,402,66,0.527559055118,0.164179104478,0.43137254902,0.817676324261
0.5,0.2,752,153,402,77,0.527559055118,0.191542288557,0.503267973856,0.953955711638
0.5,0.2,753,153,402,75,0.527559055118,0.186567164179,0.490196078431,0.929177641206
0.5,0.2,754,153,402,80,0.527559055118,0.199004975124,0.522875816993,0.991122817286
0.5,0.2,755,153,402,88,0.527559055118,0.218905472637,0.575163398693,1.09023509901
0.5,0.2,756,153,402,90,0.527559055118,0.223880597015,0.588235294118,1.11501316945
0.5,0.2,757,153,402,75,0.527559055118,0.186567164179,0.490196078431,0.929177641206
0.5,0.2,758,153,402,77,0.527559055118,0.191542288557,0.503267973856,0.953955711638
0.5,0.2,759,153,402,74,0.527559055118,0.18407960199,0.483660130719,0.91678860599
0.5,0.2,760,153,402,86,0.527559055118,0.213930348259,0.562091503268,1.06545702858
0.5,0.2,761,153,402,81,0.527559055118,0.201492537313,0.529411764706,1.0035118525
0.5,0.2,762,153,402,78,0.527559055118,0.194029850746,0.509803921569,0.966344746854
0.5,0.2,763,153,402,81,0.527559055118,0.201492537313,0.529411764706,1.0035118525
0.5,0.2,764,153,402,85,0.527559055118,0.21144278607,0.555555555556,1.05306799337
0.5,0.2,765,153,402,89,0.527559055118,0.221393034826,0.581699346405,1.10262413423
0.5,0.2,766,153,402,87,0.527559055118,0.216417910448,0.56862745098,1.0778460638
0.5,0.2,767,153,402,78,0.527559055118,0.194029850746,0.509803921569,0.966344746854
0.5,0.2,768,153,402,82,0.527559055118,0.203980099502,0.535947712418,1.01590088772
0.5,0.2,769,153,402,78,0.527559055118,0.194029850746,0.509803921569,0.966344746854
0.5,0.2,770,153,402,80,0.527559055118,0.199004975124,0.522875816993,0.991122817286
0.5,0.2,771,153,402,73,0.527559055118,0.181592039801,0.477124183007,0.904399570774
0.5,0.2,772,153,402,71,0.527559055118,0.176616915423,0.464052287582,0.879621500341
0.5,0.2,773,153,402,85,0.527559055118,0.21144278607,0.555555555556,1.05306799337
0.5,0.2,774,153,402,77,0.527559055118,0.191542288557,0.503267973856,0.953955711638
0.5,0.2,775,153,402,64,0.527559055118,0.1592039801,0.418300653595,0.792898253829
0.5,0.2,776,153,402,81,0.527559055118,0.201492537313,0.529411764706,1.0035118525
0.5,0.2,777,153,402,74,0.527559055118,0.18407960199,0.483660130719,0.91678860599
0.5,0.2,778,153,402,86,0.527559055118,0.213930348259,0.562091503268,1.06545702858
0.5,0.2,779,153,402,64,0.527559055118,0.1592039801,0.418300653595,0.792898253829
0.5,0.2,780,153,402,72,0.527559055118,0.179104477612,0.470588235294,0.892010535558
0.5,0.2,781,153,402,76,0.527559055118,0.189054726368,0.496732026144,0.941566676422
0.5,0.2,782,153,402,74,0.527559055118,0.18407960199,0.483660130719,0.91678860599
0.5,0.2,783,153,402,79,0.527559055118,0.196517412935,0.516339869281,0.97873378207
0.5,0.2,784,153,402,77,0.527559055118,0.191542288557,0.503267973856,0.953955711638
0.5,0.2,785,153,402,81,0.527559055118,0.201492537313,0.529411764706,1.0035118525
0.5,0.2,786,153,402,75,0.527559055118,0.186567164179,0.490196078431,0.929177641206
0.5,0.2,787,153,402,72,0.527559055118,0.179104477612,0.470588235294,0.892010535558
0.5,0.2,788,153,402,74,0.527559055118,0.18407960199,0.483660130719,0.91678860599
0.5,0.2,789,153,402,85,0.527559055118,0.21144278607,0.555555555556,1.05306799337
0.5,0.2,790,153,402,78,0.527559055118,0.194029850746,0.509803921569,0.966344746854
0.5,0.2,791,153,402,80,0.527559055118,0.199004975124,0.522875816993,0.991122817286
0.5,0.2,792,153,402,72,0.527559055118,0.179104477612,0.470588235294,0.892010535558
0.5,0.2,793,153,402,75,0.527559055118,0.186567164179,0.490196078431,0.929177641206
0.5,0.2,794,153,402,86,0.527559055118,0.213930348259,0.562091503268,1.06545702858
0.5,0.2,795,153,402,82,0.527559055118,0.203980099502,0.535947712418,1.01590088772
0.5,0.2,796,153,402,79,0.527559055118,0.196517412935,0.516339869281,0.97873378207
0.5,0.2,797,153,402,84,0.527559055118,0.208955223881,0.549019607843,1.04067895815
0.5,0.2,798,153,402,85,0.527559055118,0.21144278607,0.555555555556,1.05306799337
0.5,0.2,799,153,402,76,0.527559055118,0.189054726368,0.496732026144,0.941566676422
0.5,0.2,800,153,402,75,0.527559055118,0.186567164179,0.490196078431,0.929177641206
0.5,0.2,801,153,402,85,0.527559055118,0.21144278607,0.555555555556,1.05306799337
0.5,0.2,802,153,402,86,0.527559055118,0.213930348259,0.562091503268,1.06545702858
0.5,0.2,803,153,402,75,0.527559055118,0.186567164179,0.490196078431,0.929177641206
0.5,0.2,804,153,402,73,0.527559055118,0.181592039801,0.477124183007,0.904399570774
0.5,0.2,805,153,402,83,0.527559055118,0.206467661692,0.542483660131,1.02828992293
0.5,0.2,806,153,402,86,0.527559055118,0.213930348259,0.562091503268,1.06545702858
0.5,0.2,807,153,402,74,0.527559055118,0.18407960199,0.483660130719,0.91678860599
0.5,0.2,808,153,402,80,0.527559055118,0.199004975124,0.522875816993,0.991122817286
0.5,0.2,809,153,402,74,0.527559055118,0.18407960199,0.483660130719,0.91678860599
0.5,0.2,810,153,402,80,0.527559055118,0.199004975124,0.522875816993,0.991122817286
0.5,0.2,811,153,402,78,0.527559055118,0.194029850746,0.509803921569,0.966344746854
0.5,0.2,812,153,402,82,0.527559055118,0.203980099502,0.535947712418,1.01590088772
0.5,0.2,813,153,402,80,0.527559055118,0.199004975124,0.522875816993,0.991122817286
0.5,0.2,814,153,402,80,0.527559055118,0.199004975124,0.522875816993,0.991122817286
0.5,0.2,815,153,402,77,0.527559055118,0.191542288557,0.503267973856,0.953955711638
0.5,0.2,816,153,402,84,0.527559055118,0.208955223881,0.549019607843,1.04067895815
0.5,0.2,817,153,402,84,0.527559055118,0.208955223881,0.549019607843,1.04067895815
0.5,0.2,818,153,402,80,0.527559055118,0.199004975124,0.522875816993,0.991122817286
0.5,0.2,819,153,402,83,0.527559055118,0.206467661692,0.542483660131,1.02828992293
0.5,0.2,820,153,402,79,0.527559055118,0.196517412935,0.516339869281,0.97873378207
0.5,0.2,821,153,402,83,0.527559055118,0.206467661692,0.542483660131,1.02828992293
0.5,0.2,822,153,402,75,0.527559055118,0.186567164179,0.490196078431,0.929177641206
0.5,0.2,823,153,402,74,0.527559055118,0.18407960199,0.483660130719,0.91678860599
0.5,0.2,824,153,402,84,0.527559055118,0.208955223881,0.549019607843,1.04067895815
0.5,0.2,825,153,402,80,0.527559055118,0.199004975124,0.522875816993,0.991122817286
0.5,0.2,826,153,402,82,0.527559055118,0.203980099502,0.535947712418,1.01590088772
0.5,0.2,827,153,402,65,0.527559055118,0.161691542289,0.424836601307,0.805287289045
0.5,0.2,828,153,402,85,0.527559055118,0.21144278607,0.555555555556,1.05306799337
0.5,0.2,829,153,402,74,0.527559055118,0.18407960199,0.483660130719,0.91678860599
0.5,0.2,830,153,402,81,0.527559055118,0.201492537313,0.529411764706,1.0035118525
0.5,0.2,831,153,402,83,0.527559055118,0.206467661692,0.542483660131,1.02828992293
0.5,0.2,832,153,402,83,0.527559055118,0.206467661692,0.542483660131,1.02828992293
0.5,0.2,833,153,402,89,0.527559055118,0.221393034826,0.581699346405,1.10262413423
0.5,0.2,834,153,402,77,0.527559055118,0.191542288557,0.503267973856,0.953955711638
0.5,0.2,835,153,402,83,0.527559055118,0.206467661692,0.542483660131,1.02828992293
0.5,0.2,836,153,402,89,0.527559055118,0.221393034826,0.581699346405,1.10262413423
0.5,0.2,837,153,402,78,0.527559055118,0.194029850746,0.509803921569,0.966344746854
0.5,0.2,838,153,402,81,0.527559055118,0.201492537313,0.529411764706,1.0035118525
0.5,0.2,839,153,402,82,0.527559055118,0.203980099502,0.535947712418,1.01590088772
0.5,0.2,840,153,402,79,0.527559055118,0.196517412935,0.516339869281,0.97873378207
0.5,0.2,841,153,402,76,0.527559055118,0.189054726368,0.496732026144,0.941566676422
0.5,0.2,842,153,402,77,0.527559055118,0.191542288557,0.503267973856,0.953955711638
0.5,0.2,843,153,402,77,0.527559055118,0.191542288557,0.503267973856,0.953955711638
0.5,0.2,844,153,402,86,0.527559055118,0.213930348259,0.562091503268,1.06545702858
0.5,0.2,845,153,402,81,0.527559055118,0.201492537313,0.529411764706,1.0035118525
0.5,0.2,846,153,402,77,0.527559055118,0.191542288557,0.503267973856,0.953955711638
0.5,0.2,847,153,402,80,0.527559055118,0.199004975124,0.522875816993,0.991122817286
0.5,0.2,848,153,402,70,0.527559055118,0.174129353234,0.457516339869,0.867232465125
0.5,0.2,849,153,402,84,0.527559055118,0.208955223881,0.549019607843,1.04067895815
0.5,0.2,850,153,402,83,0.527559055118,0.206467661692,0.542483660131,1.02828992293
0.5,0.2,851,153,402,75,0.527559055118,0.186567164179,0.490196078431,0.929177641206
0.5,0.2,852,153,402,81,0.527559055118,0.201492537313,0.529411764706,1.0035118525
0.5,0.2,853,153,402,79,0.527559055118,0.196517412935,0.516339869281,0.97873378207
0.5,0.2,854,153,402,71,0.527559055118,0.176616915423,0.464052287582,0.879621500341
0.5,0.2,855,153,402,76,0.527559055118,0.189054726368,0.496732026144,0.941566676422
0.5,0.2,856,153,402,75,0.527559055118,0.186567164179,0.490196078431,0.929177641206
0.5,0.2,857,153,402,67,0.527559055118,0.166666666667,0.437908496732,0.830065359477
0.5,0.2,858,153,402,88,0.527559055118,0.218905472637,0.575163398693,1.09023509901
0.5,0.2,859,153,402,80,0.527559055118,0.199004975124,0.522875816993,0.991122817286
0.5,0.2,860,153,402,84,0.527559055118,0.208955223881,0.549019607843,1.04067895815
0.5,0.2,861,153,402,77,0.527559055118,0.191542288557,0.503267973856,0.953955711638
0.5,0.2,862,153,402,83,0.527559055118,0.206467661692,0.542483660131,1.02828992293
0.5,0.2,863,153,402,77,0.527559055118,0.191542288557,0.503267973856,0.953955711638
0.5,0.2,864,153,402,71,0.527559055118,0.176616915423,0.464052287582,0.879621500341
0.5,0.2,865,153,402,79,0.527559055118,0.196517412935,0.516339869281,0.97873378207
0.5,0.2,866,153,402,86,0.527559055118,0.213930348259,0.562091503268,1.06545702858
0.5,0.2,867,153,402,73,0.527559055118,0.181592039801,0.477124183007,0.904399570774
0.5,0.2,868,153,402,77,0.527559055118,0.191542288557,0.503267973856,0.953955711638
0.5,0.2,869,153,402,82,0.527559055118,0.203980099502,0.535947712418,1.01590088772
0.5,0.2,870,153,402,79,0.527559055118,0.196517412935,0.516339869281,0.97873378207
0.5,0.2,871,153,402,88,0.527559055118,0.218905472637,0.575163398693,1.09023509901
0.5,0.2,872,153,402,86,0.527559055118,0.213930348259,0.562091503268,1.06545702858
0.5,0.2,873,153,402,81,0.527559055118,0.201492537313,0.529411764706,1.0035118525
0.5,0.2,874,153,402,87,0.527559055118,0.216417910448,0.56862745098,1.0778460638
0.5,0.2,875,153,402,80,0.527559055118,0.199004975124,0.522875816993,0.991122817286
0.5,0.2,876,153,402,84,0.527559055118,0.208955223881,0.549019607843,1.04067895815
0.5,0.2,877,153,402,82,0.527559055118,0.203980099502,0.535947712418,1.01590088772
0.5,0.2,878,153,402,79,0.527559055118,0.196517412935,0.516339869281,0.97873378207
0.5,0.2,879,153,402,76,0.527559055118,0.189054726368,0.496732026144,0.941566676422
0.5,0.2,880,153,402,82,0.527559055118,0.203980099502,0.535947712418,1.01590088772
0.5,0.2,881,153,402,79,0.527559055118,0.196517412935,0.516339869281,0.97873378207
0.5,0.2,882,153,402,87,0.527559055118,0.216417910448,0.56862745098,1.0778460638
0.5,0.2,883,153,402,78,0.527559055118,0.194029850746,0.509803921569,0.966344746854
0.5,0.2,884,153,402,72,0.527559055118,0.179104477612,0.470588235294,0.892010535558
0.5,0.2,885,153,402,69,0.527559055118,0.171641791045,0.450980392157,0.854843429909
0.5,0.2,886,153,402,75,0.527559055118,0.186567164179,0.490196078431,0.929177641206
0.5,0.2,887,153,402,85,0.527559055118,0.21144278607,0.555555555556,1.05306799337
0.5,0.2,888,153,402,78,0.527559055118,0.194029850746,0.509803921569,0.966344746854
0.5,0.2,889,153,402,74,0.527559055118,0.18407960199,0.483660130719,0.91678860599
0.5,0.2,890,153,402,72,0.527559055118,0.179104477612,0.470588235294,0.892010535558
0.5,0.2,891,153,402,90,0.527559055118,0.223880597015,0.588235294118,1.11501316945
0.5,0.2,892,153,402,79,0.527559055118,0.196517412935,0.516339869281,0.97873378207
0.5,0.2,893,153,402,74,0.527559055118,0.18407960199,0.483660130719,0.91678860599
0.5,0.2,894,153,402,84,0.527559055118,0.208955223881,0.549019607843,1.04067895815
0.5,0.2,895,153,402,73,0.527559055118,0.181592039801,0.477124183007,0.904399570774
0.5,0.2,896,153,402,77,0.527559055118,0.191542288557,0.503267973856,0.953955711638
0.5,0.2,897,153,402,90,0.527559055118,0.223880597015,0.588235294118,1.11501316945
0.5,0.2,898,153,402,78,0.527559055118,0.194029850746,0.509803921569,0.966344746854
0.5,0.2,899,153,402,82,0.527559055118,0.203980099502,0.535947712418,1.01590088772
0.5,0.2,900,153,402,80,0.527559055118,0.199004975124,0.522875816993,0.991122817286
0.5,0.2,901,153,402,76,0.527559055118,0.189054726368,0.496732026144,0.941566676422
0.5,0.2,902,153,402,71,0.527559055118,0.176616915423,0.464052287582,0.879621500341
0.5,0.2,903,153,402,91,0.527559055118,0.226368159204,0.59477124183,1.12740220466
0.5,0.2,904,153,402,83,0.527559055118,0.206467661692,0.542483660131,1.02828992293
0.5,0.2,905,153,402,88,0.527559055118,0.218905472637,0.575163398693,1.09023509901
0.5,0.2,906,153,402,76,0.527559055118,0.189054726368,0.496732026144,0.941566676422
0.5,0.2,907,153,402,79,0.527559055118,0.196517412935,0.516339869281,0.97873378207
0.5,0.2,908,153,402,74,0.527559055118,0.18407960199,0.483660130719,0.91678860599
0.5,0.2,909,153,402,73,0.527559055118,0.181592039801,0.477124183007,0.904399570774
0.5,0.2,910,153,402,86,0.527559055118,0.213930348259,0.562091503268,1.06545702858
0.5,0.2,911,153,402,83,0.527559055118,0.206467661692,0.542483660131,1.02828992293
0.5,0.2,912,153,402,81,0.527559055118,0.201492537313,0.529411764706,1.0035118525
0.5,0.2,913,153,402,87,0.527559055118,0.216417910448,0.56862745098,1.0778460638
0.5,0.2,914,153,402,81,0.527559055118,0.201492537313,0.529411764706,1.0035118525
0.5,0.2,915,153,402,76,0.527559055118,0.189054726368,0.496732026144,0.941566676422
0.5,0.2,916,153,402,78,0.527559055118,0.194029850746,0.509803921569,0.966344746854
0.5,0.2,917,153,402,84,0.527559055118,0.208955223881,0.549019607843,1.04067895815
0.5,0.2,918,153,402,88,0.527559055118,0.218905472637,0.575163398693,1.09023509901
0.5,0.2,919,153,402,83,0.527559055118,0.206467661692,0.542483660131,1.02828992293
0.5,0.2,920,153,402,77,0.527559055118,0.191542288557,0.503267973856,0.953955711638
0.5,0.2,921,153,402,80,0.527559055118,0.199004975124,0.522875816993,0.991122817286
0.5,0.2,922,153,402,85,0.527559055118,0.21144278607,0.555555555556,1.05306799337
0.5,0.2,923,153,402,79,0.527559055118,0.196517412935,0.516339869281,0.97873378207
0.5,0.2,924,153,402,75,0.527559055118,0.186567164179,0.490196078431,0.929177641206
0.5,0.2,925,153,402,68,0.527559055118,0.169154228856,0.444444444444,0.842454394693
0.5,0.2,926,153,402,81,0.527559055118,0.201492537313,0.529411764706,1.0035118525
0.5,0.2,927,153,402,83,0.527559055118,0.206467661692,0.542483660131,1.02828992293
0.5,0.2,928,153,402,78,0.527559055118,0.194029850746,0.509803921569,0.966344746854
0.5,0.2,929,153,402,83,0.527559055118,0.206467661692,0.542483660131,1.02828992293
0.5,0.2,930,153,402,82,0.527559055118,0.203980099502,0.535947712418,1.01590088772
0.5,0.2,931,153,402,72,0.527559055118,0.179104477612,0.470588235294,0.892010535558
0.5,0.2,932,153,402,77,0.527559055118,0.191542288557,0.503267973856,0.953955711638
0.5,0.2,933,153,402,81,0.527559055118,0.201492537313,0.529411764706,1.0035118525
0.5,0.2,934,153,402,92,0.527559055118,0.228855721393,0.601307189542,1.13979123988
0.5,0.2,935,153,402,78,0.527559055118,0.194029850746,0.509803921569,0.966344746854
0.5,0.2,936,153,402,80,0.527559055118,0.199004975124,0.522875816993,0.991122817286
0.5,0.2,937,153,402,77,0.527559055118,0.191542288557,0.503267973856,0.953955711638
0.5,0.2,938,153,402,85,0.527559055118,0.21144278607,0.555555555556,1.05306799337
0.5,0.2,939,153,402,75,0.527559055118,0.186567164179,0.490196078431,0.929177641206
0.5,0.2,940,153,402,79,0.527559055118,0.196517412935,0.516339869281,0.97873378207
0.5,0.2,941,153,402,89,0.527559055118,0.221393034826,0.581699346405,1.10262413423
0.5,0.2,942,153,402,83,0.527559055118,0.206467661692,0.542483660131,1.02828992293
0.5,0.2,943,153,402,85,0.527559055118,0.21144278607,0.555555555556,1.05306799337
0.5,0.2,944,153,402,76,0.527559055118,0.189054726368,0.496732026144,0.941566676422
0.5,0.2,945,153,402,83,0.527559055118,0.206467661692,0.542483660131,1.02828992293
0.5,0.2,946,153,402,77,0.527559055118,0.191542288557,0.503267973856,0.953955711638
0.5,0.2,947,153,402,83,0.527559055118,0.206467661692,0.542483660131,1.02828992293
0.5,0.2,948,153,402,73,0.527559055118,0.181592039801,0.477124183007,0.904399570774
0.5,0.2,949,153,402,97,0.527559055118,0.241293532338,0.633986928105,1.20173641596
0.5,0.2,950,153,402,85,0.527559055118,0.21144278607,0.555555555556,1.05306799337
0.5,0.2,951,153,402,74,0.527559055118,0.18407960199,0.483660130719,0.91678860599
0.5,0.2,952,153,402,72,0.527559055118,0.179104477612,0.470588235294,0.892010535558
0.5,0.2,953,153,402,87,0.527559055118,0.216417910448,0.56862745098,1.0778460638
0.5,0.2,954,153,402,83,0.527559055118,0.206467661692,0.542483660131,1.02828992293
0.5,0.2,955,153,402,78,0.527559055118,0.194029850746,0.509803921569,0.966344746854
0.5,0.2,956,153,402,75,0.527559055118,0.186567164179,0.490196078431,0.929177641206
0.5,0.2,957,153,402,74,0.527559055118,0.18407960199,0.483660130719,0.91678860599
0.5,0.2,958,153,402,74,0.527559055118,0.18407960199,0.483660130719,0.91678860599
0.5,0.2,959,153,402,83,0.527559055118,0.206467661692,0.542483660131,1.02828992293
0.5,0.2,960,153,402,84,0.527559055118,0.208955223881,0.549019607843,1.04067895815
0.5,0.2,961,153,402,83,0.527559055118,0.206467661692,0.542483660131,1.02828992293
0.5,0.2,962,153,402,82,0.527559055118,0.203980099502,0.535947712418,1.01590088772
0.5,0.2,963,153,402,88,0.527559055118,0.218905472637,0.575163398693,1.09023509901
0.5,0.2,964,153,402,79,0.527559055118,0.196517412935,0.516339869281,0.97873378207
0.5,0.2,965,153,402,77,0.527559055118,0.191542288557,0.503267973856,0.953955711638
0.5,0.2,966,153,402,82,0.527559055118,0.203980099502,0.535947712418,1.01590088772
0.5,0.2,967,153,402,83,0.527559055118,0.206467661692,0.542483660131,1.02828992293
0.5,0.2,968,153,402,93,0.527559055118,0.231343283582,0.607843137255,1.1521802751
0.5,0.2,969,153,402,85,0.527559055118,0.21144278607,0.555555555556,1.05306799337
0.5,0.2,970,153,402,89,0.527559055118,0.221393034826,0.581699346405,1.10262413423
0.5,0.2,971,153,402,82,0.527559055118,0.203980099502,0.535947712418,1.01590088772
0.5,0.2,972,153,402,84,0.527559055118,0.208955223881,0.549019607843,1.04067895815
0.5,0.2,973,153,402,87,0.527559055118,0.216417910448,0.56862745098,1.0778460638
0.5,0.2,974,153,402,77,0.527559055118,0.191542288557,0.503267973856,0.953955711638
0.5,0.2,975,153,402,82,0.527559055118,0.203980099502,0.535947712418,1.01590088772
0.5,0.2,976,153,402,69,0.527559055118,0.171641791045,0.450980392157,0.854843429909
0.5,0.2,977,153,402,78,0.527559055118,0.194029850746,0.509803921569,0.966344746854
0.5,0.2,978,153,402,90,0.527559055118,0.223880597015,0.588235294118,1.11501316945
0.5,0.2,979,153,402,82,0.527559055118,0.203980099502,0.535947712418,1.01590088772
0.5,0.2,980,153,402,87,0.527559055118,0.216417910448,0.56862745098,1.0778460638
0.5,0.2,981,153,402,80,0.527559055118,0.199004975124,0.522875816993,0.991122817286
0.5,0.2,982,153,402,79,0.527559055118,0.196517412935,0.516339869281,0.97873378207
0.5,0.2,983,153,402,85,0.527559055118,0.21144278607,0.555555555556,1.05306799337
0.5,0.2,984,153,402,80,0.527559055118,0.199004975124,0.522875816993,0.991122817286
0.5,0.2,985,153,402,82,0.527559055118,0.203980099502,0.535947712418,1.01590088772
0.5,0.2,986,153,402,74,0.527559055118,0.18407960199,0.483660130719,0.91678860599
0.5,0.2,987,153,402,79,0.527559055118,0.196517412935,0.516339869281,0.97873378207
0.5,0.2,988,153,402,72,0.527559055118,0.179104477612,0.470588235294,0.892010535558
0.5,0.2,989,153,402,75,0.527559055118,0.186567164179,0.490196078431,0.929177641206
0.5,0.2,990,153,402,75,0.527559055118,0.186567164179,0.490196078431,0.929177641206
0.5,0.2,991,153,402,84,0.527559055118,0.208955223881,0.549019607843,1.04067895815
0.5,0.2,992,153,402,76,0.527559055118,0.189054726368,0.496732026144,0.941566676422
0.5,0.2,993,153,402,82,0.527559055118,0.203980099502,0.535947712418,1.01590088772
0.5,0.2,994,153,402,93,0.527559055118,0.231343283582,0.607843137255,1.1521802751
0.5,0.2,995,153,402,86,0.527559055118,0.213930348259,0.562091503268,1.06545702858
0.5,0.2,996,153,402,78,0.527559055118,0.194029850746,0.509803921569,0.966344746854
0.5,0.2,997,153,402,85,0.527559055118,0.21144278607,0.555555555556,1.05306799337
0.5,0.2,998,153,402,84,0.527559055118,0.208955223881,0.549019607843,1.04067895815
0.5,0.2,999,153,402,79,0.527559055118,0.196517412935,0.516339869281,0.97873378207
0.5,0.2,1000,153,402,77,0.527559055118,0.191542288557,0.503267973856,0.953955711638
0.5,0.3,1,229,402,123,0.527559055118,0.305970149254,0.53711790393,1.01811901193
0.5,0.3,2,229,402,104,0.527559055118,0.258706467662,0.454148471616,0.860848595451
0.5,0.3,3,229,402,119,0.527559055118,0.296019900498,0.519650655022,0.985009450564
0.5,0.3,4,229,402,109,0.527559055118,0.271144278607,0.475982532751,0.902235547155
0.5,0.3,5,229,402,122,0.527559055118,0.303482587065,0.532751091703,1.00984162159
0.5,0.3,6,229,402,114,0.527559055118,0.283582089552,0.497816593886,0.943622498859
0.5,0.3,7,229,402,128,0.527559055118,0.318407960199,0.558951965066,1.05950596363
0.5,0.3,8,229,402,121,0.527559055118,0.300995024876,0.528384279476,1.00156423125
0.5,0.3,9,229,402,118,0.527559055118,0.293532338308,0.515283842795,0.976732060223
0.5,0.3,10,229,402,116,0.527559055118,0.28855721393,0.506550218341,0.960177279541
0.5,0.3,11,229,402,129,0.527559055118,0.320895522388,0.563318777293,1.06778335397
0.5,0.3,12,229,402,127,0.527559055118,0.31592039801,0.554585152838,1.05122857329
0.5,0.3,13,229,402,126,0.527559055118,0.313432835821,0.550218340611,1.04295118295
0.5,0.3,14,229,402,123,0.527559055118,0.305970149254,0.53711790393,1.01811901193
0.5,0.3,15,229,402,108,0.527559055118,0.268656716418,0.471615720524,0.893958156814
0.5,0.3,16,229,402,119,0.527559055118,0.296019900498,0.519650655022,0.985009450564
0.5,0.3,17,229,402,120,0.527559055118,0.298507462687,0.524017467249,0.993286840905
0.5,0.3,18,229,402,128,0.527559055118,0.318407960199,0.558951965066,1.05950596363
0.5,0.3,19,229,402,115,0.527559055118,0.286069651741,0.502183406114,0.9518998892
0.5,0.3,20,229,402,123,0.527559055118,0.305970149254,0.53711790393,1.01811901193
0.5,0.3,21,229,402,119,0.527559055118,0.296019900498,0.519650655022,0.985009450564
0.5,0.3,22,229,402,132,0.527559055118,0.328358208955,0.576419213974,1.092615525
0.5,0.3,23,229,402,116,0.527559055118,0.28855721393,0.506550218341,0.960177279541
0.5,0.3,24,229,402,126,0.527559055118,0.313432835821,0.550218340611,1.04295118295
0.5,0.3,25,229,402,121,0.527559055118,0.300995024876,0.528384279476,1.00156423125
0.5,0.3,26,229,402,129,0.527559055118,0.320895522388,0.563318777293,1.06778335397
0.5,0.3,27,229,402,125,0.527559055118,0.310945273632,0.545851528384,1.03467379261
0.5,0.3,28,229,402,121,0.527559055118,0.300995024876,0.528384279476,1.00156423125
0.5,0.3,29,229,402,108,0.527559055118,0.268656716418,0.471615720524,0.893958156814
0.5,0.3,30,229,402,122,0.527559055118,0.303482587065,0.532751091703,1.00984162159
0.5,0.3,31,229,402,127,0.527559055118,0.31592039801,0.554585152838,1.05122857329
0.5,0.3,32,229,402,113,0.527559055118,0.281094527363,0.493449781659,0.935345108519
0.5,0.3,33,229,402,122,0.527559055118,0.303482587065,0.532751091703,1.00984162159
0.5,0.3,34,229,402,118,0.527559055118,0.293532338308,0.515283842795,0.976732060223
0.5,0.3,35,229,402,121,0.527559055118,0.300995024876,0.528384279476,1.00156423125
0.5,0.3,36,229,402,112,0.527559055118,0.278606965174,0.489082969432,0.927067718178
0.5,0.3,37,229,402,123,0.527559055118,0.305970149254,0.53711790393,1.01811901193
0.5,0.3,38,229,402,112,0.527559055118,0.278606965174,0.489082969432,0.927067718178
0.5,0.3,39,229,402,112,0.527559055118,0.278606965174,0.489082969432,0.927067718178
0.5,0.3,40,229,402,115,0.527559055118,0.286069651741,0.502183406114,0.9518998892
0.5,0.3,41,229,402,122,0.527559055118,0.303482587065,0.532751091703,1.00984162159
0.5,0.3,42,229,402,122,0.527559055118,0.303482587065,0.532751091703,1.00984162159
0.5,0.3,43,229,402,117,0.527559055118,0.291044776119,0.510917030568,0.968454669882
0.5,0.3,44,229,402,126,0.527559055118,0.313432835821,0.550218340611,1.04295118295
0.5,0.3,45,229,402,124,0.527559055118,0.308457711443,0.541484716157,1.02639640227
0.5,0.3,46,229,402,121,0.527559055118,0.300995024876,0.528384279476,1.00156423125
0.5,0.3,47,229,402,125,0.527559055118,0.310945273632,0.545851528384,1.03467379261
0.5,0.3,48,229,402,127,0.527559055118,0.31592039801,0.554585152838,1.05122857329
0.5,0.3,49,229,402,123,0.527559055118,0.305970149254,0.53711790393,1.01811901193
0.5,0.3,50,229,402,120,0.527559055118,0.298507462687,0.524017467249,0.993286840905
0.5,0.3,51,229,402,125,0.527559055118,0.310945273632,0.545851528384,1.03467379261
0.5,0.3,52,229,402,124,0.527559055118,0.308457711443,0.541484716157,1.02639640227
0.5,0.3,53,229,402,120,0.527559055118,0.298507462687,0.524017467249,0.993286840905
0.5,0.3,54,229,402,126,0.527559055118,0.313432835821,0.550218340611,1.04295118295
0.5,0.3,55,229,402,119,0.527559055118,0.296019900498,0.519650655022,0.985009450564
0.5,0.3,56,229,402,111,0.527559055118,0.276119402985,0.484716157205,0.918790327837
0.5,0.3,57,229,402,130,0.527559055118,0.323383084577,0.56768558952,1.07606074431
0.5,0.3,58,229,402,120,0.527559055118,0.298507462687,0.524017467249,0.993286840905
0.5,0.3,59,229,402,131,0.527559055118,0.325870646766,0.572052401747,1.08433813465
0.5,0.3,60,229,402,116,0.527559055118,0.28855721393,0.506550218341,0.960177279541
0.5,0.3,61,229,402,116,0.527559055118,0.28855721393,0.506550218341,0.960177279541
0.5,0.3,62,229,402,120,0.527559055118,0.298507462687,0.524017467249,0.993286840905
0.5,0.3,63,229,402,110,0.527559055118,0.273631840796,0.480349344978,0.910512937496
0.5,0.3,64,229,402,114,0.527559055118,0.283582089552,0.497816593886,0.943622498859
0.5,0.3,65,229,402,135,0.527559055118,0.335820895522,0.589519650655,1.11744769602
0.5,0.3,66,229,402,119,0.527559055118,0.296019900498,0.519650655022,0.985009450564
0.5,0.3,67,229,402,122,0.527559055118,0.303482587065,0.532751091703,1.00984162159
0.5,0.3,68,229,402,125,0.527559055118,0.310945273632,0.545851528384,1.03467379261
0.5,0.3,69,229,402,114,0.527559055118,0.283582089552,0.497816593886,0.943622498859
0.5,0.3,70,229,402,120,0.527559055118,0.298507462687,0.524017467249,0.993286840905
0.5,0.3,71,229,402,122,0.527559055118,0.303482587065,0.532751091703,1.00984162159
0.5,0.3,72,229,402,120,0.527559055118,0.298507462687,0.524017467249,0.993286840905
0.5,0.3,73,229,402,117,0.527559055118,0.291044776119,0.510917030568,0.968454669882
0.5,0.3,74,229,402,126,0.527559055118,0.313432835821,0.550218340611,1.04295118295
0.5,0.3,75,229,402,117,0.527559055118,0.291044776119,0.510917030568,0.968454669882
0.5,0.3,76,229,402,107,0.527559055118,0.266169154229,0.467248908297,0.885680766473
0.5,0.3,77,229,402,125,0.527559055118,0.310945273632,0.545851528384,1.03467379261
0.5,0.3,78,229,402,129,0.527559055118,0.320895522388,0.563318777293,1.06778335397
0.5,0.3,79,229,402,117,0.527559055118,0.291044776119,0.510917030568,0.968454669882
0.5,0.3,80,229,402,126,0.527559055118,0.313432835821,0.550218340611,1.04295118295
0.5,0.3,81,229,402,124,0.527559055118,0.308457711443,0.541484716157,1.02639640227
0.5,0.3,82,229,402,124,0.527559055118,0.308457711443,0.541484716157,1.02639640227
0.5,0.3,83,229,402,120,0.527559055118,0.298507462687,0.524017467249,0.993286840905
0.5,0.3,84,229,402,121,0.527559055118,0.300995024876,0.528384279476,1.00156423125
0.5,0.3,85,229,402,120,0.527559055118,0.298507462687,0.524017467249,0.993286840905
0.5,0.3,86,229,402,123,0.527559055118,0.305970149254,0.53711790393,1.01811901193
0.5,0.3,87,229,402,135,0.527559055118,0.335820895522,0.589519650655,1.11744769602
0.5,0.3,88,229,402,120,0.527559055118,0.298507462687,0.524017467249,0.993286840905
0.5,0.3,89,229,402,115,0.527559055118,0.286069651741,0.502183406114,0.9518998892
0.5,0.3,90,229,402,123,0.527559055118,0.305970149254,0.53711790393,1.01811901193
0.5,0.3,91,229,402,123,0.527559055118,0.305970149254,0.53711790393,1.01811901193
0.5,0.3,92,229,402,131,0.527559055118,0.325870646766,0.572052401747,1.08433813465
0.5,0.3,93,229,402,112,0.527559055118,0.278606965174,0.489082969432,0.927067718178
0.5,0.3,94,229,402,112,0.527559055118,0.278606965174,0.489082969432,0.927067718178
0.5,0.3,95,229,402,117,0.527559055118,0.291044776119,0.510917030568,0.968454669882
0.5,0.3,96,229,402,115,0.527559055118,0.286069651741,0.502183406114,0.9518998892
0.5,0.3,97,229,402,132,0.527559055118,0.328358208955,0.576419213974,1.092615525
0.5,0.3,98,229,402,119,0.527559055118,0.296019900498,0.519650655022,0.985009450564
0.5,0.3,99,229,402,116,0.527559055118,0.28855721393,0.506550218341,0.960177279541
0.5,0.3,100,229,402,118,0.527559055118,0.293532338308,0.515283842795,0.976732060223
0.5,0.3,101,229,402,136,0.527559055118,0.338308457711,0.593886462882,1.12572508636
0.5,0.3,102,229,402,121,0.527559055118,0.300995024876,0.528384279476,1.00156423125
0.5,0.3,103,229,402,124,0.527559055118,0.308457711443,0.541484716157,1.02639640227
0.5,0.3,104,229,402,123,0.527559055118,0.305970149254,0.53711790393,1.01811901193
0.5,0.3,105,229,402,116,0.527559055118,0.28855721393,0.506550218341,0.960177279541
0.5,0.3,106,229,402,125,0.527559055118,0.310945273632,0.545851528384,1.03467379261
0.5,0.3,107,229,402,118,0.527559055118,0.293532338308,0.515283842795,0.976732060223
0.5,0.3,108,229,402,129,0.527559055118,0.320895522388,0.563318777293,1.06778335397
0.5,0.3,109,229,402,129,0.527559055118,0.320895522388,0.563318777293,1.06778335397
0.5,0.3,110,229,402,118,0.527559055118,0.293532338308,0.515283842795,0.976732060223
0.5,0.3,111,229,402,123,0.527559055118,0.305970149254,0.53711790393,1.01811901193
0.5,0.3,112,229,402,119,0.527559055118,0.296019900498,0.519650655022,0.985009450564
0.5,0.3,113,229,402,127,0.527559055118,0.31592039801,0.554585152838,1.05122857329
0.5,0.3,114,229,402,123,0.527559055118,0.305970149254,0.53711790393,1.01811901193
0.5,0.3,115,229,402,127,0.527559055118,0.31592039801,0.554585152838,1.05122857329
0.5,0.3,116,229,402,124,0.527559055118,0.308457711443,0.541484716157,1.02639640227
0.5,0.3,117,229,402,109,0.527559055118,0.271144278607,0.475982532751,0.902235547155
0.5,0.3,118,229,402,109,0.527559055118,0.271144278607,0.475982532751,0.902235547155
0.5,0.3,119,229,402,125,0.527559055118,0.310945273632,0.545851528384,1.03467379261
0.5,0.3,120,229,402,113,0.527559055118,0.281094527363,0.493449781659,0.935345108519
0.5,0.3,121,229,402,118,0.527559055118,0.293532338308,0.515283842795,0.976732060223
0.5,0.3,122,229,402,125,0.527559055118,0.310945273632,0.545851528384,1.03467379261
0.5,0.3,123,229,402,124,0.527559055118,0.308457711443,0.541484716157,1.02639640227
0.5,0.3,124,229,402,126,0.527559055118,0.313432835821,0.550218340611,1.04295118295
0.5,0.3,125,229,402,118,0.527559055118,0.293532338308,0.515283842795,0.976732060223
0.5,0.3,126,229,402,118,0.527559055118,0.293532338308,0.515283842795,0.976732060223
0.5,0.3,127,229,402,114,0.527559055118,0.283582089552,0.497816593886,0.943622498859
0.5,0.3,128,229,402,114,0.527559055118,0.283582089552,0.497816593886,0.943622498859
0.5,0.3,129,229,402,121,0.527559055118,0.300995024876,0.528384279476,1.00156423125
0.5,0.3,130,229,402,118,0.527559055118,0.293532338308,0.515283842795,0.976732060223
0.5,0.3,131,229,402,123,0.527559055118,0.305970149254,0.53711790393,1.01811901193
0.5,0.3,132,229,402,115,0.527559055118,0.286069651741,0.502183406114,0.9518998892
0.5,0.3,133,229,402,125,0.527559055118,0.310945273632,0.545851528384,1.03467379261
0.5,0.3,134,229,402,117,0.527559055118,0.291044776119,0.510917030568,0.968454669882
0.5,0.3,135,229,402,125,0.527559055118,0.310945273632,0.545851528384,1.03467379261
0.5,0.3,136,229,402,118,0.527559055118,0.293532338308,0.515283842795,0.976732060223
0.5,0.3,137,229,402,123,0.527559055118,0.305970149254,0.53711790393,1.01811901193
0.5,0.3,138,229,402,103,0.527559055118,0.256218905473,0.449781659389,0.85257120511
0.5,0.3,139,229,402,129,0.527559055118,0.320895522388,0.563318777293,1.06778335397
0.5,0.3,140,229,402,123,0.527559055118,0.305970149254,0.53711790393,1.01811901193
0.5,0.3,141,229,402,126,0.527559055118,0.313432835821,0.550218340611,1.04295118295
0.5,0.3,142,229,402,124,0.527559055118,0.308457711443,0.541484716157,1.02639640227
0.5,0.3,143,229,402,123,0.527559055118,0.305970149254,0.53711790393,1.01811901193
0.5,0.3,144,229,402,127,0.527559055118,0.31592039801,0.554585152838,1.05122857329
0.5,0.3,145,229,402,111,0.527559055118,0.276119402985,0.484716157205,0.918790327837
0.5,0.3,146,229,402,119,0.527559055118,0.296019900498,0.519650655022,0.985009450564
0.5,0.3,147,229,402,137,0.527559055118,0.3407960199,0.598253275109,1.1340024767
0.5,0.3,148,229,402,121,0.527559055118,0.300995024876,0.528384279476,1.00156423125
0.5,0.3,149,229,402,113,0.527559055118,0.281094527363,0.493449781659,0.935345108519
0.5,0.3,150,229,402,118,0.527559055118,0.293532338308,0.515283842795,0.976732060223
0.5,0.3,151,229,402,129,0.527559055118,0.320895522388,0.563318777293,1.06778335397
0.5,0.3,152,229,402,132,0.527559055118,0.328358208955,0.576419213974,1.092615525
0.5,0.3,153,229,402,122,0.527559055118,0.303482587065,0.532751091703,1.00984162159
0.5,0.3,154,229,402,115,0.527559055118,0.286069651741,0.502183406114,0.9518998892
0.5,0.3,155,229,402,115,0.527559055118,0.286069651741,0.502183406114,0.9518998892
0.5,0.3,156,229,402,125,0.527559055118,0.310945273632,0.545851528384,1.03467379261
0.5,0.3,157,229,402,125,0.527559055118,0.310945273632,0.545851528384,1.03467379261
0.5,0.3,158,229,402,116,0.527559055118,0.28855721393,0.506550218341,0.960177279541
0.5,0.3,159,229,402,122,0.527559055118,0.303482587065,0.532751091703,1.00984162159
0.5,0.3,160,229,402,120,0.527559055118,0.298507462687,0.524017467249,0.993286840905
0.5,0.3,161,229,402,119,0.527559055118,0.296019900498,0.519650655022,0.985009450564
0.5,0.3,162,229,402,121,0.527559055118,0.300995024876,0.528384279476,1.00156423125
0.5,0.3,163,229,402,125,0.527559055118,0.310945273632,0.545851528384,1.03467379261
0.5,0.3,164,229,402,135,0.527559055118,0.335820895522,0.589519650655,1.11744769602
0.5,0.3,165,229,402,126,0.527559055118,0.313432835821,0.550218340611,1.04295118295
0.5,0.3,166,229,402,116,0.527559055118,0.28855721393,0.506550218341,0.960177279541
0.5,0.3,167,229,402,119,0.527559055118,0.296019900498,0.519650655022,0.985009450564
0.5,0.3,168,229,402,128,0.527559055118,0.318407960199,0.558951965066,1.05950596363
0.5,0.3,169,229,402,126,0.527559055118,0.313432835821,0.550218340611,1.04295118295
0.5,0.3,170,229,402,120,0.527559055118,0.298507462687,0.524017467249,0.993286840905
0.5,0.3,171,229,402,119,0.527559055118,0.296019900498,0.519650655022,0.985009450564
0.5,0.3,172,229,402,124,0.527559055118,0.308457711443,0.541484716157,1.02639640227
0.5,0.3,173,229,402,116,0.527559055118,0.28855721393,0.506550218341,0.960177279541
0.5,0.3,174,229,402,119,0.527559055118,0.296019900498,0.519650655022,0.985009450564
0.5,0.3,175,229,402,117,0.527559055118,0.291044776119,0.510917030568,0.968454669882
0.5,0.3,176,229,402,118,0.527559055118,0.293532338308,0.515283842795,0.976732060223
0.5,0.3,177,229,402,115,0.527559055118,0.286069651741,0.502183406114,0.9518998892
0.5,0.3,178,229,402,123,0.527559055118,0.305970149254,0.53711790393,1.01811901193
0.5,0.3,179,229,402,117,0.527559055118,0.291044776119,0.510917030568,0.968454669882
0.5,0.3,180,229,402,119,0.527559055118,0.296019900498,0.519650655022,0.985009450564
0.5,0.3,181,229,402,113,0.527559055118,0.281094527363,0.493449781659,0.935345108519
0.5,0.3,182,229,402,126,0.527559055118,0.313432835821,0.550218340611,1.04295118295
0.5,0.3,183,229,402,115,0.527559055118,0.286069651741,0.502183406114,0.9518998892
0.5,0.3,184,229,402,112,0.527559055118,0.278606965174,0.489082969432,0.927067718178
0.5,0.3,185,229,402,122,0.527559055118,0.303482587065,0.532751091703,1.00984162159
0.5,0.3,186,229,402,121,0.527559055118,0.300995024876,0.528384279476,1.00156423125
0.5,0.3,187,229,402,118,0.527559055118,0.293532338308,0.515283842795,0.976732060223
0.5,0.3,188,229,402,115,0.527559055118,0.286069651741,0.502183406114,0.9518998892
0.5,0.3,189,229,402,114,0.527559055118,0.283582089552,0.497816593886,0.943622498859
0.5,0.3,190,229,402,119,0.527559055118,0.296019900498,0.519650655022,0.985009450564
0.5,0.3,191,229,402,129,0.527559055118,0.320895522388,0.563318777293,1.06778335397
0.5,0.3,192,229,402,123,0.527559055118,0.305970149254,0.53711790393,1.01811901193
0.5,0.3,193,229,402,119,0.527559055118,0.296019900498,0.519650655022,0.985009450564
0.5,0.3,194,229,402,120,0.527559055118,0.298507462687,0.524017467249,0.993286840905
0.5,0.3,195,229,402,124,0.527559055118,0.308457711443,0.541484716157,1.02639640227
0.5,0.3,196,229,402,142,0.527559055118,0.353233830846,0.620087336245,1.1753894284
0.5,0.3,197,229,402,112,0.527559055118,0.278606965174,0.489082969432,0.927067718178
0.5,0.3,198,229,402,108,0.527559055118,0.268656716418,0.471615720524,0.893958156814
0.5,0.3,199,229,402,116,0.527559055118,0.28855721393,0.506550218341,0.960177279541
0.5,0.3,200,229,402,121,0.527559055118,0.300995024876,0.528384279476,1.00156423125
0.5,0.3,201,229,402,113,0.527559055118,0.281094527363,0.493449781659,0.935345108519
0.5,0.3,202,229,402,117,0.527559055118,0.291044776119,0.510917030568,0.968454669882
0.5,0.3,203,229,402,113,0.527559055118,0.281094527363,0.493449781659,0.935345108519
0.5,0.3,204,229,402,115,0.527559055118,0.286069651741,0.502183406114,0.9518998892
0.5,0.3,205,229,402,115,0.527559055118,0.286069651741,0.502183406114,0.9518998892
0.5,0.3,206,229,402,110,0.527559055118,0.273631840796,0.480349344978,0.910512937496
0.5,0.3,207,229,402,117,0.527559055118,0.291044776119,0.510917030568,0.968454669882
0.5,0.3,208,229,402,122,0.527559055118,0.303482587065,0.532751091703,1.00984162159
0.5,0.3,209,229,402,116,0.527559055118,0.28855721393,0.506550218341,0.960177279541
0.5,0.3,210,229,402,123,0.527559055118,0.305970149254,0.53711790393,1.01811901193
0.5,0.3,211,229,402,123,0.527559055118,0.305970149254,0.53711790393,1.01811901193
0.5,0.3,212,229,402,124,0.527559055118,0.308457711443,0.541484716157,1.02639640227
0.5,0.3,213,229,402,115,0.527559055118,0.286069651741,0.502183406114,0.9518998892
0.5,0.3,214,229,402,117,0.527559055118,0.291044776119,0.510917030568,0.968454669882
0.5,0.3,215,229,402,128,0.527559055118,0.318407960199,0.558951965066,1.05950596363
0.5,0.3,216,229,402,114,0.527559055118,0.283582089552,0.497816593886,0.943622498859
0.5,0.3,217,229,402,123,0.527559055118,0.305970149254,0.53711790393,1.01811901193
0.5,0.3,218,229,402,117,0.527559055118,0.291044776119,0.510917030568,0.968454669882
0.5,0.3,219,229,402,124,0.527559055118,0.308457711443,0.541484716157,1.02639640227
0.5,0.3,220,229,402,129,0.527559055118,0.320895522388,0.563318777293,1.06778335397
0.5,0.3,221,229,402,124,0.527559055118,0.308457711443,0.541484716157,1.02639640227
0.5,0.3,222,229,402,132,0.527559055118,0.328358208955,0.576419213974,1.092615525
0.5,0.3,223,229,402,120,0.527559055118,0.298507462687,0.524017467249,0.993286840905
0.5,0.3,224,229,402,124,0.527559055118,0.308457711443,0.541484716157,1.02639640227
0.5,0.3,225,229,402,127,0.527559055118,0.31592039801,0.554585152838,1.05122857329
0.5,0.3,226,229,402,116,0.527559055118,0.28855721393,0.506550218341,0.960177279541
0.5,0.3,227,229,402,130,0.527559055118,0.323383084577,0.56768558952,1.07606074431
0.5,0.3,228,229,402,125,0.527559055118,0.310945273632,0.545851528384,1.03467379261
0.5,0.3,229,229,402,110,0.527559055118,0.273631840796,0.480349344978,0.910512937496
0.5,0.3,230,229,402,127,0.527559055118,0.31592039801,0.554585152838,1.05122857329
0.5,0.3,231,229,402,113,0.527559055118,0.281094527363,0.493449781659,0.935345108519
0.5,0.3,232,229,402,120,0.527559055118,0.298507462687,0.524017467249,0.993286840905
0.5,0.3,233,229,402,113,0.527559055118,0.281094527363,0.493449781659,0.935345108519
0.5,0.3,234,229,402,118,0.527559055118,0.293532338308,0.515283842795,0.976732060223
0.5,0.3,235,229,402,119,0.527559055118,0.296019900498,0.519650655022,0.985009450564
0.5,0.3,236,229,402,122,0.527559055118,0.303482587065,0.532751091703,1.00984162159
0.5,0.3,237,229,402,120,0.527559055118,0.298507462687,0.524017467249,0.993286840905
0.5,0.3,238,229,402,119,0.527559055118,0.296019900498,0.519650655022,0.985009450564
0.5,0.3,239,229,402,119,0.527559055118,0.296019900498,0.519650655022,0.985009450564
0.5,0.3,240,229,402,121,0.527559055118,0.300995024876,0.528384279476,1.00156423125
0.5,0.3,241,229,402,113,0.527559055118,0.281094527363,0.493449781659,0.935345108519
0.5,0.3,242,229,402,125,0.527559055118,0.310945273632,0.545851528384,1.03467379261
0.5,0.3,243,229,402,123,0.527559055118,0.305970149254,0.53711790393,1.01811901193
0.5,0.3,244,229,402,115,0.527559055118,0.286069651741,0.502183406114,0.9518998892
0.5,0.3,245,229,402,117,0.527559055118,0.291044776119,0.510917030568,0.968454669882
0.5,0.3,246,229,402,118,0.527559055118,0.293532338308,0.515283842795,0.976732060223
0.5,0.3,247,229,402,118,0.527559055118,0.293532338308,0.515283842795,0.976732060223
0.5,0.3,248,229,402,138,0.527559055118,0.34328358209,0.602620087336,1.14227986704
0.5,0.3,249,229,402,109,0.527559055118,0.271144278607,0.475982532751,0.902235547155
0.5,0.3,250,229,402,118,0.527559055118,0.293532338308,0.515283842795,0.976732060223
0.5,0.3,251,229,402,127,0.527559055118,0.31592039801,0.554585152838,1.05122857329
0.5,0.3,252,229,402,125,0.527559055118,0.310945273632,0.545851528384,1.03467379261
0.5,0.3,253,229,402,120,0.527559055118,0.298507462687,0.524017467249,0.993286840905
0.5,0.3,254,229,402,110,0.527559055118,0.273631840796,0.480349344978,0.910512937496
0.5,0.3,255,229,402,125,0.527559055118,0.310945273632,0.545851528384,1.03467379261
0.5,0.3,256,229,402,120,0.527559055118,0.298507462687,0.524017467249,0.993286840905
0.5,0.3,257,229,402,119,0.527559055118,0.296019900498,0.519650655022,0.985009450564
0.5,0.3,258,229,402,125,0.527559055118,0.310945273632,0.545851528384,1.03467379261
0.5,0.3,259,229,402,112,0.527559055118,0.278606965174,0.489082969432,0.927067718178
0.5,0.3,260,229,402,108,0.527559055118,0.268656716418,0.471615720524,0.893958156814
0.5,0.3,261,229,402,123,0.527559055118,0.305970149254,0.53711790393,1.01811901193
0.5,0.3,262,229,402,121,0.527559055118,0.300995024876,0.528384279476,1.00156423125
0.5,0.3,263,229,402,131,0.527559055118,0.325870646766,0.572052401747,1.08433813465
0.5,0.3,264,229,402,121,0.527559055118,0.300995024876,0.528384279476,1.00156423125
0.5,0.3,265,229,402,130,0.527559055118,0.323383084577,0.56768558952,1.07606074431
0.5,0.3,266,229,402,115,0.527559055118,0.286069651741,0.502183406114,0.9518998892
0.5,0.3,267,229,402,110,0.527559055118,0.273631840796,0.480349344978,0.910512937496
0.5,0.3,268,229,402,118,0.527559055118,0.293532338308,0.515283842795,0.976732060223
0.5,0.3,269,229,402,115,0.527559055118,0.286069651741,0.502183406114,0.9518998892
0.5,0.3,270,229,402,125,0.527559055118,0.310945273632,0.545851528384,1.03467379261
0.5,0.3,271,229,402,133,0.527559055118,0.330845771144,0.580786026201,1.10089291534
0.5,0.3,272,229,402,115,0.527559055118,0.286069651741,0.502183406114,0.9518998892
0.5,0.3,273,229,402,119,0.527559055118,0.296019900498,0.519650655022,0.985009450564
0.5,0.3,274,229,402,118,0.527559055118,0.293532338308,0.515283842795,0.976732060223
0.5,0.3,275,229,402,125,0.527559055118,0.310945273632,0.545851528384,1.03467379261
0.5,0.3,276,229,402,127,0.527559055118,0.31592039801,0.554585152838,1.05122857329
0.5,0.3,277,229,402,123,0.527559055118,0.305970149254,0.53711790393,1.01811901193
0.5,0.3,278,229,402,121,0.527559055118,0.300995024876,0.528384279476,1.00156423125
0.5,0.3,279,229,402,123,0.527559055118,0.305970149254,0.53711790393,1.01811901193
0.5,0.3,280,229,402,124,0.527559055118,0.308457711443,0.541484716157,1.02639640227
0.5,0.3,281,229,402,120,0.527559055118,0.298507462687,0.524017467249,0.993286840905
0.5,0.3,282,229,402,117,0.527559055118,0.291044776119,0.510917030568,0.968454669882
0.5,0.3,283,229,402,126,0.527559055118,0.313432835821,0.550218340611,1.04295118295
0.5,0.3,284,229,402,126,0.527559055118,0.313432835821,0.550218340611,1.04295118295
0.5,0.3,285,229,402,119,0.527559055118,0.296019900498,0.519650655022,0.985009450564
0.5,0.3,286,229,402,118,0.527559055118,0.293532338308,0.515283842795,0.976732060223
0.5,0.3,287,229,402,118,0.527559055118,0.293532338308,0.515283842795,0.976732060223
0.5,0.3,288,229,402,111,0.527559055118,0.276119402985,0.484716157205,0.918790327837
0.5,0.3,289,229,402,127,0.527559055118,0.31592039801,0.554585152838,1.05122857329
0.5,0.3,290,229,402,121,0.527559055118,0.300995024876,0.528384279476,1.00156423125
0.5,0.3,291,229,402,121,0.527559055118,0.300995024876,0.528384279476,1.00156423125
0.5,0.3,292,229,402,121,0.527559055118,0.300995024876,0.528384279476,1.00156423125
0.5,0.3,293,229,402,117,0.527559055118,0.291044776119,0.510917030568,0.968454669882
0.5,0.3,294,229,402,115,0.527559055118,0.286069651741,0.502183406114,0.9518998892
0.5,0.3,295,229,402,121,0.527559055118,0.300995024876,0.528384279476,1.00156423125
0.5,0.3,296,229,402,123,0.527559055118,0.305970149254,0.53711790393,1.01811901193
0.5,0.3,297,229,402,119,0.527559055118,0.296019900498,0.519650655022,0.985009450564
0.5,0.3,298,229,402,115,0.527559055118,0.286069651741,0.502183406114,0.9518998892
0.5,0.3,299,229,402,125,0.527559055118,0.310945273632,0.545851528384,1.03467379261
0.5,0.3,300,229,402,129,0.527559055118,0.320895522388,0.563318777293,1.06778335397
0.5,0.3,301,229,402,110,0.527559055118,0.273631840796,0.480349344978,0.910512937496
0.5,0.3,302,229,402,127,0.527559055118,0.31592039801,0.554585152838,1.05122857329
0.5,0.3,303,229,402,118,0.527559055118,0.293532338308,0.515283842795,0.976732060223
0.5,0.3,304,229,402,125,0.527559055118,0.310945273632,0.545851528384,1.03467379261
0.5,0.3,305,229,402,120,0.527559055118,0.298507462687,0.524017467249,0.993286840905
0.5,0.3,306,229,402,114,0.527559055118,0.283582089552,0.497816593886,0.943622498859
0.5,0.3,307,229,402,122,0.527559055118,0.303482587065,0.532751091703,1.00984162159
0.5,0.3,308,229,402,124,0.527559055118,0.308457711443,0.541484716157,1.02639640227
0.5,0.3,309,229,402,121,0.527559055118,0.300995024876,0.528384279476,1.00156423125
0.5,0.3,310,229,402,133,0.527559055118,0.330845771144,0.580786026201,1.10089291534
0.5,0.3,311,229,402,129,0.527559055118,0.320895522388,0.563318777293,1.06778335397
0.5,0.3,312,229,402,119,0.527559055118,0.296019900498,0.519650655022,0.985009450564
0.5,0.3,313,229,402,123,0.527559055118,0.305970149254,0.53711790393,1.01811901193
0.5,0.3,314,229,402,119,0.527559055118,0.296019900498,0.519650655022,0.985009450564
0.5,0.3,315,229,402,116,0.527559055118,0.28855721393,0.506550218341,0.960177279541
0.5,0.3,316,229,402,126,0.527559055118,0.313432835821,0.550218340611,1.04295118295
0.5,0.3,317,229,402,109,0.527559055118,0.271144278607,0.475982532751,0.902235547155
0.5,0.3,318,229,402,120,0.527559055118,0.298507462687,0.524017467249,0.993286840905
0.5,0.3,319,229,402,111,0.527559055118,0.276119402985,0.484716157205,0.918790327837
0.5,0.3,320,229,402,112,0.527559055118,0.278606965174,0.489082969432,0.927067718178
0.5,0.3,321,229,402,124,0.527559055118,0.308457711443,0.541484716157,1.02639640227
0.5,0.3,322,229,402,132,0.527559055118,0.328358208955,0.576419213974,1.092615525
0.5,0.3,323,229,402,126,0.527559055118,0.313432835821,0.550218340611,1.04295118295
0.5,0.3,324,229,402,114,0.527559055118,0.283582089552,0.497816593886,0.943622498859
0.5,0.3,325,229,402,127,0.527559055118,0.31592039801,0.554585152838,1.05122857329
0.5,0.3,326,229,402,120,0.527559055118,0.298507462687,0.524017467249,0.993286840905
0.5,0.3,327,229,402,119,0.527559055118,0.296019900498,0.519650655022,0.985009450564
0.5,0.3,328,229,402,120,0.527559055118,0.298507462687,0.524017467249,0.993286840905
0.5,0.3,329,229,402,117,0.527559055118,0.291044776119,0.510917030568,0.968454669882
0.5,0.3,330,229,402,121,0.527559055118,0.300995024876,0.528384279476,1.00156423125
0.5,0.3,331,229,402,130,0.527559055118,0.323383084577,0.56768558952,1.07606074431
0.5,0.3,332,229,402,129,0.527559055118,0.320895522388,0.563318777293,1.06778335397
0.5,0.3,333,229,402,118,0.527559055118,0.293532338308,0.515283842795,0.976732060223
0.5,0.3,334,229,402,126,0.527559055118,0.313432835821,0.550218340611,1.04295118295
0.5,0.3,335,229,402,119,0.527559055118,0.296019900498,0.519650655022,0.985009450564
0.5,0.3,336,229,402,126,0.527559055118,0.313432835821,0.550218340611,1.04295118295
0.5,0.3,337,229,402,120,0.527559055118,0.298507462687,0.524017467249,0.993286840905
0.5,0.3,338,229,402,120,0.527559055118,0.298507462687,0.524017467249,0.993286840905
0.5,0.3,339,229,402,120,0.527559055118,0.298507462687,0.524017467249,0.993286840905
0.5,0.3,340,229,402,122,0.527559055118,0.303482587065,0.532751091703,1.00984162159
0.5,0.3,341,229,402,119,0.527559055118,0.296019900498,0.519650655022,0.985009450564
0.5,0.3,342,229,402,121,0.527559055118,0.300995024876,0.528384279476,1.00156423125
0.5,0.3,343,229,402,127,0.527559055118,0.31592039801,0.554585152838,1.05122857329
0.5,0.3,344,229,402,124,0.527559055118,0.308457711443,0.541484716157,1.02639640227
0.5,0.3,345,229,402,120,0.527559055118,0.298507462687,0.524017467249,0.993286840905
0.5,0.3,346,229,402,121,0.527559055118,0.300995024876,0.528384279476,1.00156423125
0.5,0.3,347,229,402,109,0.527559055118,0.271144278607,0.475982532751,0.902235547155
0.5,0.3,348,229,402,127,0.527559055118,0.31592039801,0.554585152838,1.05122857329
0.5,0.3,349,229,402,127,0.527559055118,0.31592039801,0.554585152838,1.05122857329
0.5,0.3,350,229,402,119,0.527559055118,0.296019900498,0.519650655022,0.985009450564
0.5,0.3,351,229,402,117,0.527559055118,0.291044776119,0.510917030568,0.968454669882
0.5,0.3,352,229,402,130,0.527559055118,0.323383084577,0.56768558952,1.07606074431
0.5,0.3,353,229,402,131,0.527559055118,0.325870646766,0.572052401747,1.08433813465
0.5,0.3,354,229,402,119,0.527559055118,0.296019900498,0.519650655022,0.985009450564
0.5,0.3,355,229,402,123,0.527559055118,0.305970149254,0.53711790393,1.01811901193
0.5,0.3,356,229,402,124,0.527559055118,0.308457711443,0.541484716157,1.02639640227
0.5,0.3,357,229,402,127,0.527559055118,0.31592039801,0.554585152838,1.05122857329
0.5,0.3,358,229,402,114,0.527559055118,0.283582089552,0.497816593886,0.943622498859
0.5,0.3,359,229,402,120,0.527559055118,0.298507462687,0.524017467249,0.993286840905
0.5,0.3,360,229,402,126,0.527559055118,0.313432835821,0.550218340611,1.04295118295
0.5,0.3,361,229,402,117,0.527559055118,0.291044776119,0.510917030568,0.968454669882
0.5,0.3,362,229,402,132,0.527559055118,0.328358208955,0.576419213974,1.092615525
0.5,0.3,363,229,402,130,0.527559055118,0.323383084577,0.56768558952,1.07606074431
0.5,0.3,364,229,402,117,0.527559055118,0.291044776119,0.510917030568,0.968454669882
0.5,0.3,365,229,402,112,0.527559055118,0.278606965174,0.489082969432,0.927067718178
0.5,0.3,366,229,402,123,0.527559055118,0.305970149254,0.53711790393,1.01811901193
0.5,0.3,367,229,402,110,0.527559055118,0.273631840796,0.480349344978,0.910512937496
0.5,0.3,368,229,402,121,0.527559055118,0.300995024876,0.528384279476,1.00156423125
0.5,0.3,369,229,402,125,0.527559055118,0.310945273632,0.545851528384,1.03467379261
0.5,0.3,370,229,402,123,0.527559055118,0.305970149254,0.53711790393,1.01811901193
0.5,0.3,371,229,402,119,0.527559055118,0.296019900498,0.519650655022,0.985009450564
0.5,0.3,372,229,402,116,0.527559055118,0.28855721393,0.506550218341,0.960177279541
0.5,0.3,373,229,402,117,0.527559055118,0.291044776119,0.510917030568,0.968454669882
0.5,0.3,374,229,402,106,0.527559055118,0.26368159204,0.46288209607,0.877403376132
0.5,0.3,375,229,402,124,0.527559055118,0.308457711443,0.541484716157,1.02639640227
0.5,0.3,376,229,402,124,0.527559055118,0.308457711443,0.541484716157,1.02639640227
0.5,0.3,377,229,402,124,0.527559055118,0.308457711443,0.541484716157,1.02639640227
0.5,0.3,378,229,402,115,0.527559055118,0.286069651741,0.502183406114,0.9518998892
0.5,0.3,379,229,402,116,0.527559055118,0.28855721393,0.506550218341,0.960177279541
0.5,0.3,380,229,402,111,0.527559055118,0.276119402985,0.484716157205,0.918790327837
0.5,0.3,381,229,402,131,0.527559055118,0.325870646766,0.572052401747,1.08433813465
0.5,0.3,382,229,402,135,0.527559055118,0.335820895522,0.589519650655,1.11744769602
0.5,0.3,383,229,402,120,0.527559055118,0.298507462687,0.524017467249,0.993286840905
0.5,0.3,384,229,402,105,0.527559055118,0.261194029851,0.458515283843,0.869125985792
0.5,0.3,385,229,402,134,0.527559055118,0.333333333333,0.585152838428,1.10917030568
0.5,0.3,386,229,402,124,0.527559055118,0.308457711443,0.541484716157,1.02639640227
0.5,0.3,387,229,402,123,0.527559055118,0.305970149254,0.53711790393,1.01811901193
0.5,0.3,388,229,402,117,0.527559055118,0.291044776119,0.510917030568,0.968454669882
0.5,0.3,389,229,402,121,0.527559055118,0.300995024876,0.528384279476,1.00156423125
0.5,0.3,390,229,402,125,0.527559055118,0.310945273632,0.545851528384,1.03467379261
0.5,0.3,391,229,402,122,0.527559055118,0.303482587065,0.532751091703,1.00984162159
0.5,0.3,392,229,402,115,0.527559055118,0.286069651741,0.502183406114,0.9518998892
0.5,0.3,393,229,402,125,0.527559055118,0.310945273632,0.545851528384,1.03467379261
0.5,0.3,394,229,402,126,0.527559055118,0.313432835821,0.550218340611,1.04295118295
0.5,0.3,395,229,402,118,0.527559055118,0.293532338308,0.515283842795,0.976732060223
0.5,0.3,396,229,402,125,0.527559055118,0.310945273632,0.545851528384,1.03467379261
0.5,0.3,397,229,402,135,0.527559055118,0.335820895522,0.589519650655,1.11744769602
0.5,0.3,398,229,402,115,0.527559055118,0.286069651741,0.502183406114,0.9518998892
0.5,0.3,399,229,402,119,0.527559055118,0.296019900498,0.519650655022,0.985009450564
0.5,0.3,400,229,402,112,0.527559055118,0.278606965174,0.489082969432,0.927067718178
0.5,0.3,401,229,402,111,0.527559055118,0.276119402985,0.484716157205,0.918790327837
0.5,0.3,402,229,402,106,0.527559055118,0.26368159204,0.46288209607,0.877403376132
0.5,0.3,403,229,402,128,0.527559055118,0.318407960199,0.558951965066,1.05950596363
0.5,0.3,404,229,402,133,0.527559055118,0.330845771144,0.580786026201,1.10089291534
0.5,0.3,405,229,402,120,0.527559055118,0.298507462687,0.524017467249,0.993286840905
0.5,0.3,406,229,402,123,0.527559055118,0.305970149254,0.53711790393,1.01811901193
0.5,0.3,407,229,402,119,0.527559055118,0.296019900498,0.519650655022,0.985009450564
0.5,0.3,408,229,402,118,0.527559055118,0.293532338308,0.515283842795,0.976732060223
0.5,0.3,409,229,402,126,0.527559055118,0.313432835821,0.550218340611,1.04295118295
0.5,0.3,410,229,402,119,0.527559055118,0.296019900498,0.519650655022,0.985009450564
0.5,0.3,411,229,402,129,0.527559055118,0.320895522388,0.563318777293,1.06778335397
0.5,0.3,412,229,402,118,0.527559055118,0.293532338308,0.515283842795,0.976732060223
0.5,0.3,413,229,402,124,0.527559055118,0.308457711443,0.541484716157,1.02639640227
0.5,0.3,414,229,402,122,0.527559055118,0.303482587065,0.532751091703,1.00984162159
0.5,0.3,415,229,402,122,0.527559055118,0.303482587065,0.532751091703,1.00984162159
0.5,0.3,416,229,402,127,0.527559055118,0.31592039801,0.554585152838,1.05122857329
0.5,0.3,417,229,402,115,0.527559055118,0.286069651741,0.502183406114,0.9518998892
0.5,0.3,418,229,402,118,0.527559055118,0.293532338308,0.515283842795,0.976732060223
0.5,0.3,419,229,402,119,0.527559055118,0.296019900498,0.519650655022,0.985009450564
0.5,0.3,420,229,402,119,0.527559055118,0.296019900498,0.519650655022,0.985009450564
0.5,0.3,421,229,402,118,0.527559055118,0.293532338308,0.515283842795,0.976732060223
0.5,0.3,422,229,402,123,0.527559055118,0.305970149254,0.53711790393,1.01811901193
0.5,0.3,423,229,402,133,0.527559055118,0.330845771144,0.580786026201,1.10089291534
0.5,0.3,424,229,402,117,0.527559055118,0.291044776119,0.510917030568,0.968454669882
0.5,0.3,425,229,402,119,0.527559055118,0.296019900498,0.519650655022,0.985009450564
0.5,0.3,426,229,402,114,0.527559055118,0.283582089552,0.497816593886,0.943622498859
0.5,0.3,427,229,402,109,0.527559055118,0.271144278607,0.475982532751,0.902235547155
0.5,0.3,428,229,402,121,0.527559055118,0.300995024876,0.528384279476,1.00156423125
0.5,0.3,429,229,402,116,0.527559055118,0.28855721393,0.506550218341,0.960177279541
0.5,0.3,430,229,402,117,0.527559055118,0.291044776119,0.510917030568,0.968454669882
0.5,0.3,431,229,402,124,0.527559055118,0.308457711443,0.541484716157,1.02639640227
0.5,0.3,432,229,402,131,0.527559055118,0.325870646766,0.572052401747,1.08433813465
0.5,0.3,433,229,402,108,0.527559055118,0.268656716418,0.471615720524,0.893958156814
0.5,0.3,434,229,402,115,0.527559055118,0.286069651741,0.502183406114,0.9518998892
0.5,0.3,435,229,402,125,0.527559055118,0.310945273632,0.545851528384,1.03467379261
0.5,0.3,436,229,402,120,0.527559055118,0.298507462687,0.524017467249,0.993286840905
0.5,0.3,437,229,402,116,0.527559055118,0.28855721393,0.506550218341,0.960177279541
0.5,0.3,438,229,402,121,0.527559055118,0.300995024876,0.528384279476,1.00156423125
0.5,0.3,439,229,402,120,0.527559055118,0.298507462687,0.524017467249,0.993286840905
0.5,0.3,440,229,402,116,0.527559055118,0.28855721393,0.506550218341,0.960177279541
0.5,0.3,441,229,402,126,0.527559055118,0.313432835821,0.550218340611,1.04295118295
0.5,0.3,442,229,402,112,0.527559055118,0.278606965174,0.489082969432,0.927067718178
0.5,0.3,443,229,402,125,0.527559055118,0.310945273632,0.545851528384,1.03467379261
0.5,0.3,444,229,402,115,0.527559055118,0.286069651741,0.502183406114,0.9518998892
0.5,0.3,445,229,402,136,0.527559055118,0.338308457711,0.593886462882,1.12572508636
0.5,0.3,446,229,402,113,0.527559055118,0.281094527363,0.493449781659,0.935345108519
0.5,0.3,447,229,402,123,0.527559055118,0.305970149254,0.53711790393,1.01811901193
0.5,0.3,448,229,402,125,0.527559055118,0.310945273632,0.545851528384,1.03467379261
0.5,0.3,449,229,402,116,0.527559055118,0.28855721393,0.506550218341,0.960177279541
0.5,0.3,450,229,402,114,0.527559055118,0.283582089552,0.497816593886,0.943622498859
0.5,0.3,451,229,402,130,0.527559055118,0.323383084577,0.56768558952,1.07606074431
0.5,0.3,452,229,402,130,0.527559055118,0.323383084577,0.56768558952,1.07606074431
0.5,0.3,453,229,402,126,0.527559055118,0.313432835821,0.550218340611,1.04295118295
0.5,0.3,454,229,402,129,0.527559055118,0.320895522388,0.563318777293,1.06778335397
0.5,0.3,455,229,402,126,0.527559055118,0.313432835821,0.550218340611,1.04295118295
0.5,0.3,456,229,402,117,0.527559055118,0.291044776119,0.510917030568,0.968454669882
0.5,0.3,457,229,402,120,0.527559055118,0.298507462687,0.524017467249,0.993286840905
0.5,0.3,458,229,402,108,0.527559055118,0.268656716418,0.471615720524,0.893958156814
0.5,0.3,459,229,402,123,0.527559055118,0.305970149254,0.53711790393,1.01811901193
0.5,0.3,460,229,402,126,0.527559055118,0.313432835821,0.550218340611,1.04295118295
0.5,0.3,461,229,402,132,0.527559055118,0.328358208955,0.576419213974,1.092615525
0.5,0.3,462,229,402,117,0.527559055118,0.291044776119,0.510917030568,0.968454669882
0.5,0.3,463,229,402,115,0.527559055118,0.286069651741,0.502183406114,0.9518998892
0.5,0.3,464,229,402,117,0.527559055118,0.291044776119,0.510917030568,0.968454669882
0.5,0.3,465,229,402,126,0.527559055118,0.313432835821,0.550218340611,1.04295118295
0.5,0.3,466,229,402,123,0.527559055118,0.305970149254,0.53711790393,1.01811901193
0.5,0.3,467,229,402,113,0.527559055118,0.281094527363,0.493449781659,0.935345108519
0.5,0.3,468,229,402,126,0.527559055118,0.313432835821,0.550218340611,1.04295118295
0.5,0.3,469,229,402,117,0.527559055118,0.291044776119,0.510917030568,0.968454669882
0.5,0.3,470,229,402,121,0.527559055118,0.300995024876,0.528384279476,1.00156423125
0.5,0.3,471,229,402,112,0.527559055118,0.278606965174,0.489082969432,0.927067718178
0.5,0.3,472,229,402,123,0.527559055118,0.305970149254,0.53711790393,1.01811901193
0.5,0.3,473,229,402,118,0.527559055118,0.293532338308,0.515283842795,0.976732060223
0.5,0.3,474,229,402,114,0.527559055118,0.283582089552,0.497816593886,0.943622498859
0.5,0.3,475,229,402,124,0.527559055118,0.308457711443,0.541484716157,1.02639640227
0.5,0.3,476,229,402,124,0.527559055118,0.308457711443,0.541484716157,1.02639640227
0.5,0.3,477,229,402,132,0.527559055118,0.328358208955,0.576419213974,1.092615525
0.5,0.3,478,229,402,116,0.527559055118,0.28855721393,0.506550218341,0.960177279541
0.5,0.3,479,229,402,111,0.527559055118,0.276119402985,0.484716157205,0.918790327837
0.5,0.3,480,229,402,119,0.527559055118,0.296019900498,0.519650655022,0.985009450564
0.5,0.3,481,229,402,130,0.527559055118,0.323383084577,0.56768558952,1.07606074431
0.5,0.3,482,229,402,120,0.527559055118,0.298507462687,0.524017467249,0.993286840905
0.5,0.3,483,229,402,123,0.527559055118,0.305970149254,0.53711790393,1.01811901193
0.5,0.3,484,229,402,139,0.527559055118,0.345771144279,0.606986899563,1.15055725738
0.5,0.3,485,229,402,128,0.527559055118,0.318407960199,0.558951965066,1.05950596363
0.5,0.3,486,229,402,117,0.527559055118,0.291044776119,0.510917030568,0.968454669882
0.5,0.3,487,229,402,125,0.527559055118,0.310945273632,0.545851528384,1.03467379261
0.5,0.3,488,229,402,121,0.527559055118,0.300995024876,0.528384279476,1.00156423125
0.5,0.3,489,229,402,123,0.527559055118,0.305970149254,0.53711790393,1.01811901193
0.5,0.3,490,229,402,128,0.527559055118,0.318407960199,0.558951965066,1.05950596363
0.5,0.3,491,229,402,124,0.527559055118,0.308457711443,0.541484716157,1.02639640227
0.5,0.3,492,229,402,128,0.527559055118,0.318407960199,0.558951965066,1.05950596363
0.5,0.3,493,229,402,117,0.527559055118,0.291044776119,0.510917030568,0.968454669882
0.5,0.3,494,229,402,117,0.527559055118,0.291044776119,0.510917030568,0.968454669882
0.5,0.3,495,229,402,139,0.527559055118,0.345771144279,0.606986899563,1.15055725738
0.5,0.3,496,229,402,129,0.527559055118,0.320895522388,0.563318777293,1.06778335397
0.5,0.3,497,229,402,118,0.527559055118,0.293532338308,0.515283842795,0.976732060223
0.5,0.3,498,229,402,122,0.527559055118,0.303482587065,0.532751091703,1.00984162159
0.5,0.3,499,229,402,112,0.527559055118,0.278606965174,0.489082969432,0.927067718178
0.5,0.3,500,229,402,114,0.527559055118,0.283582089552,0.497816593886,0.943622498859
0.5,0.3,501,229,402,122,0.527559055118,0.303482587065,0.532751091703,1.00984162159
0.5,0.3,502,229,402,123,0.527559055118,0.305970149254,0.53711790393,1.01811901193
0.5,0.3,503,229,402,134,0.527559055118,0.333333333333,0.585152838428,1.10917030568
0.5,0.3,504,229,402,117,0.527559055118,0.291044776119,0.510917030568,0.968454669882
0.5,0.3,505,229,402,115,0.527559055118,0.286069651741,0.502183406114,0.9518998892
0.5,0.3,506,229,402,126,0.527559055118,0.313432835821,0.550218340611,1.04295118295
0.5,0.3,507,229,402,111,0.527559055118,0.276119402985,0.484716157205,0.918790327837
0.5,0.3,508,229,402,119,0.527559055118,0.296019900498,0.519650655022,0.985009450564
0.5,0.3,509,229,402,126,0.527559055118,0.313432835821,0.550218340611,1.04295118295
0.5,0.3,510,229,402,117,0.527559055118,0.291044776119,0.510917030568,0.968454669882
0.5,0.3,511,229,402,122,0.527559055118,0.303482587065,0.532751091703,1.00984162159
0.5,0.3,512,229,402,115,0.527559055118,0.286069651741,0.502183406114,0.9518998892
0.5,0.3,513,229,402,126,0.527559055118,0.313432835821,0.550218340611,1.04295118295
0.5,0.3,514,229,402,125,0.527559055118,0.310945273632,0.545851528384,1.03467379261
0.5,0.3,515,229,402,128,0.527559055118,0.318407960199,0.558951965066,1.05950596363
0.5,0.3,516,229,402,119,0.527559055118,0.296019900498,0.519650655022,0.985009450564
0.5,0.3,517,229,402,126,0.527559055118,0.313432835821,0.550218340611,1.04295118295
0.5,0.3,518,229,402,120,0.527559055118,0.298507462687,0.524017467249,0.993286840905
0.5,0.3,519,229,402,119,0.527559055118,0.296019900498,0.519650655022,0.985009450564
0.5,0.3,520,229,402,123,0.527559055118,0.305970149254,0.53711790393,1.01811901193
0.5,0.3,521,229,402,123,0.527559055118,0.305970149254,0.53711790393,1.01811901193
0.5,0.3,522,229,402,128,0.527559055118,0.318407960199,0.558951965066,1.05950596363
0.5,0.3,523,229,402,120,0.527559055118,0.298507462687,0.524017467249,0.993286840905
0.5,0.3,524,229,402,119,0.527559055118,0.296019900498,0.519650655022,0.985009450564
0.5,0.3,525,229,402,118,0.527559055118,0.293532338308,0.515283842795,0.976732060223
0.5,0.3,526,229,402,124,0.527559055118,0.308457711443,0.541484716157,1.02639640227
0.5,0.3,527,229,402,126,0.527559055118,0.313432835821,0.550218340611,1.04295118295
0.5,0.3,528,229,402,122,0.527559055118,0.303482587065,0.532751091703,1.00984162159
0.5,0.3,529,229,402,129,0.527559055118,0.320895522388,0.563318777293,1.06778335397
0.5,0.3,530,229,402,129,0.527559055118,0.320895522388,0.563318777293,1.06778335397
0.5,0.3,531,229,402,133,0.527559055118,0.330845771144,0.580786026201,1.10089291534
0.5,0.3,532,229,402,116,0.527559055118,0.28855721393,0.506550218341,0.960177279541
0.5,0.3,533,229,402,116,0.527559055118,0.28855721393,0.506550218341,0.960177279541
0.5,0.3,534,229,402,119,0.527559055118,0.296019900498,0.519650655022,0.985009450564
0.5,0.3,535,229,402,129,0.527559055118,0.320895522388,0.563318777293,1.06778335397
0.5,0.3,536,229,402,116,0.527559055118,0.28855721393,0.506550218341,0.960177279541
0.5,0.3,537,229,402,120,0.527559055118,0.298507462687,0.524017467249,0.993286840905
0.5,0.3,538,229,402,115,0.527559055118,0.286069651741,0.502183406114,0.9518998892
0.5,0.3,539,229,402,113,0.527559055118,0.281094527363,0.493449781659,0.935345108519
0.5,0.3,540,229,402,120,0.527559055118,0.298507462687,0.524017467249,0.993286840905
0.5,0.3,541,229,402,123,0.527559055118,0.305970149254,0.53711790393,1.01811901193
0.5,0.3,542,229,402,125,0.527559055118,0.310945273632,0.545851528384,1.03467379261
0.5,0.3,543,229,402,119,0.527559055118,0.296019900498,0.519650655022,0.985009450564
0.5,0.3,544,229,402,112,0.527559055118,0.278606965174,0.489082969432,0.927067718178
0.5,0.3,545,229,402,122,0.527559055118,0.303482587065,0.532751091703,1.00984162159
0.5,0.3,546,229,402,114,0.527559055118,0.283582089552,0.497816593886,0.943622498859
0.5,0.3,547,229,402,119,0.527559055118,0.296019900498,0.519650655022,0.985009450564
0.5,0.3,548,229,402,116,0.527559055118,0.28855721393,0.506550218341,0.960177279541
0.5,0.3,549,229,402,125,0.527559055118,0.310945273632,0.545851528384,1.03467379261
0.5,0.3,550,229,402,110,0.527559055118,0.273631840796,0.480349344978,0.910512937496
0.5,0.3,551,229,402,117,0.527559055118,0.291044776119,0.510917030568,0.968454669882
0.5,0.3,552,229,402,111,0.527559055118,0.276119402985,0.484716157205,0.918790327837
0.5,0.3,553,229,402,129,0.527559055118,0.320895522388,0.563318777293,1.06778335397
0.5,0.3,554,229,402,117,0.527559055118,0.291044776119,0.510917030568,0.968454669882
0.5,0.3,555,229,402,124,0.527559055118,0.308457711443,0.541484716157,1.02639640227
0.5,0.3,556,229,402,128,0.527559055118,0.318407960199,0.558951965066,1.05950596363
0.5,0.3,557,229,402,118,0.527559055118,0.293532338308,0.515283842795,0.976732060223
0.5,0.3,558,229,402,121,0.527559055118,0.300995024876,0.528384279476,1.00156423125
0.5,0.3,559,229,402,112,0.527559055118,0.278606965174,0.489082969432,0.927067718178
0.5,0.3,560,229,402,122,0.527559055118,0.303482587065,0.532751091703,1.00984162159
0.5,0.3,561,229,402,122,0.527559055118,0.303482587065,0.532751091703,1.00984162159
0.5,0.3,562,229,402,120,0.527559055118,0.298507462687,0.524017467249,0.993286840905
0.5,0.3,563,229,402,112,0.527559055118,0.278606965174,0.489082969432,0.927067718178
0.5,0.3,564,229,402,123,0.527559055118,0.305970149254,0.53711790393,1.01811901193
0.5,0.3,565,229,402,116,0.527559055118,0.28855721393,0.506550218341,0.960177279541
0.5,0.3,566,229,402,115,0.527559055118,0.286069651741,0.502183406114,0.9518998892
0.5,0.3,567,229,402,118,0.527559055118,0.293532338308,0.515283842795,0.976732060223
0.5,0.3,568,229,402,127,0.527559055118,0.31592039801,0.554585152838,1.05122857329
0.5,0.3,569,229,402,127,0.527559055118,0.31592039801,0.554585152838,1.05122857329
0.5,0.3,570,229,402,119,0.527559055118,0.296019900498,0.519650655022,0.985009450564
0.5,0.3,571,229,402,120,0.527559055118,0.298507462687,0.524017467249,0.993286840905
0.5,0.3,572,229,402,137,0.527559055118,0.3407960199,0.598253275109,1.1340024767
0.5,0.3,573,229,402,132,0.527559055118,0.328358208955,0.576419213974,1.092615525
0.5,0.3,574,229,402,123,0.527559055118,0.305970149254,0.53711790393,1.01811901193
0.5,0.3,575,229,402,128,0.527559055118,0.318407960199,0.558951965066,1.05950596363
0.5,0.3,576,229,402,116,0.527559055118,0.28855721393,0.506550218341,0.960177279541
0.5,0.3,577,229,402,114,0.527559055118,0.283582089552,0.497816593886,0.943622498859
0.5,0.3,578,229,402,117,0.527559055118,0.291044776119,0.510917030568,0.968454669882
0.5,0.3,579,229,402,114,0.527559055118,0.283582089552,0.497816593886,0.943622498859
0.5,0.3,580,229,402,125,0.527559055118,0.310945273632,0.545851528384,1.03467379261
0.5,0.3,581,229,402,122,0.527559055118,0.303482587065,0.532751091703,1.00984162159
0.5,0.3,582,229,402,111,0.527559055118,0.276119402985,0.484716157205,0.918790327837
0.5,0.3,583,229,402,121,0.527559055118,0.300995024876,0.528384279476,1.00156423125
0.5,0.3,584,229,402,126,0.527559055118,0.313432835821,0.550218340611,1.04295118295
0.5,0.3,585,229,402,115,0.527559055118,0.286069651741,0.502183406114,0.9518998892
0.5,0.3,586,229,402,121,0.527559055118,0.300995024876,0.528384279476,1.00156423125
0.5,0.3,587,229,402,118,0.527559055118,0.293532338308,0.515283842795,0.976732060223
0.5,0.3,588,229,402,134,0.527559055118,0.333333333333,0.585152838428,1.10917030568
0.5,0.3,589,229,402,119,0.527559055118,0.296019900498,0.519650655022,0.985009450564
0.5,0.3,590,229,402,118,0.527559055118,0.293532338308,0.515283842795,0.976732060223
0.5,0.3,591,229,402,113,0.527559055118,0.281094527363,0.493449781659,0.935345108519
0.5,0.3,592,229,402,126,0.527559055118,0.313432835821,0.550218340611,1.04295118295
0.5,0.3,593,229,402,123,0.527559055118,0.305970149254,0.53711790393,1.01811901193
0.5,0.3,594,229,402,114,0.527559055118,0.283582089552,0.497816593886,0.943622498859
0.5,0.3,595,229,402,116,0.527559055118,0.28855721393,0.506550218341,0.960177279541
0.5,0.3,596,229,402,131,0.527559055118,0.325870646766,0.572052401747,1.08433813465
0.5,0.3,597,229,402,120,0.527559055118,0.298507462687,0.524017467249,0.993286840905
0.5,0.3,598,229,402,119,0.527559055118,0.296019900498,0.519650655022,0.985009450564
0.5,0.3,599,229,402,121,0.527559055118,0.300995024876,0.528384279476,1.00156423125
0.5,0.3,600,229,402,123,0.527559055118,0.305970149254,0.53711790393,1.01811901193
0.5,0.3,601,229,402,113,0.527559055118,0.281094527363,0.493449781659,0.935345108519
0.5,0.3,602,229,402,115,0.527559055118,0.286069651741,0.502183406114,0.9518998892
0.5,0.3,603,229,402,116,0.527559055118,0.28855721393,0.506550218341,0.960177279541
0.5,0.3,604,229,402,127,0.527559055118,0.31592039801,0.554585152838,1.05122857329
0.5,0.3,605,229,402,125,0.527559055118,0.310945273632,0.545851528384,1.03467379261
0.5,0.3,606,229,402,122,0.527559055118,0.303482587065,0.532751091703,1.00984162159
0.5,0.3,607,229,402,114,0.527559055118,0.283582089552,0.497816593886,0.943622498859
0.5,0.3,608,229,402,124,0.527559055118,0.308457711443,0.541484716157,1.02639640227
0.5,0.3,609,229,402,131,0.527559055118,0.325870646766,0.572052401747,1.08433813465
0.5,0.3,610,229,402,129,0.527559055118,0.320895522388,0.563318777293,1.06778335397
0.5,0.3,611,229,402,132,0.527559055118,0.328358208955,0.576419213974,1.092615525
0.5,0.3,612,229,402,121,0.527559055118,0.300995024876,0.528384279476,1.00156423125
0.5,0.3,613,229,402,122,0.527559055118,0.303482587065,0.532751091703,1.00984162159
0.5,0.3,614,229,402,113,0.527559055118,0.281094527363,0.493449781659,0.935345108519
0.5,0.3,615,229,402,117,0.527559055118,0.291044776119,0.510917030568,0.968454669882
0.5,0.3,616,229,402,112,0.527559055118,0.278606965174,0.489082969432,0.927067718178
0.5,0.3,617,229,402,125,0.527559055118,0.310945273632,0.545851528384,1.03467379261
0.5,0.3,618,229,402,123,0.527559055118,0.305970149254,0.53711790393,1.01811901193
0.5,0.3,619,229,402,109,0.527559055118,0.271144278607,0.475982532751,0.902235547155
0.5,0.3,620,229,402,120,0.527559055118,0.298507462687,0.524017467249,0.993286840905
0.5,0.3,621,229,402,118,0.527559055118,0.293532338308,0.515283842795,0.976732060223
0.5,0.3,622,229,402,116,0.527559055118,0.28855721393,0.506550218341,0.960177279541
0.5,0.3,623,229,402,126,0.527559055118,0.313432835821,0.550218340611,1.04295118295
0.5,0.3,624,229,402,115,0.527559055118,0.286069651741,0.502183406114,0.9518998892
0.5,0.3,625,229,402,128,0.527559055118,0.318407960199,0.558951965066,1.05950596363
0.5,0.3,626,229,402,130,0.527559055118,0.323383084577,0.56768558952,1.07606074431
0.5,0.3,627,229,402,115,0.527559055118,0.286069651741,0.502183406114,0.9518998892
0.5,0.3,628,229,402,120,0.527559055118,0.298507462687,0.524017467249,0.993286840905
0.5,0.3,629,229,402,119,0.527559055118,0.296019900498,0.519650655022,0.985009450564
0.5,0.3,630,229,402,133,0.527559055118,0.330845771144,0.580786026201,1.10089291534
0.5,0.3,631,229,402,129,0.527559055118,0.320895522388,0.563318777293,1.06778335397
0.5,0.3,632,229,402,123,0.527559055118,0.305970149254,0.53711790393,1.01811901193
0.5,0.3,633,229,402,113,0.527559055118,0.281094527363,0.493449781659,0.935345108519
0.5,0.3,634,229,402,113,0.527559055118,0.281094527363,0.493449781659,0.935345108519
0.5,0.3,635,229,402,124,0.527559055118,0.308457711443,0.541484716157,1.02639640227
0.5,0.3,636,229,402,121,0.527559055118,0.300995024876,0.528384279476,1.00156423125
0.5,0.3,637,229,402,116,0.527559055118,0.28855721393,0.506550218341,0.960177279541
0.5,0.3,638,229,402,129,0.527559055118,0.320895522388,0.563318777293,1.06778335397
0.5,0.3,639,229,402,110,0.527559055118,0.273631840796,0.480349344978,0.910512937496
0.5,0.3,640,229,402,121,0.527559055118,0.300995024876,0.528384279476,1.00156423125
0.5,0.3,641,229,402,125,0.527559055118,0.310945273632,0.545851528384,1.03467379261
0.5,0.3,642,229,402,128,0.527559055118,0.318407960199,0.558951965066,1.05950596363
0.5,0.3,643,229,402,113,0.527559055118,0.281094527363,0.493449781659,0.935345108519
0.5,0.3,644,229,402,127,0.527559055118,0.31592039801,0.554585152838,1.05122857329
0.5,0.3,645,229,402,121,0.527559055118,0.300995024876,0.528384279476,1.00156423125
0.5,0.3,646,229,402,110,0.527559055118,0.273631840796,0.480349344978,0.910512937496
0.5,0.3,647,229,402,119,0.527559055118,0.296019900498,0.519650655022,0.985009450564
0.5,0.3,648,229,402,118,0.527559055118,0.293532338308,0.515283842795,0.976732060223
0.5,0.3,649,229,402,115,0.527559055118,0.286069651741,0.502183406114,0.9518998892
0.5,0.3,650,229,402,121,0.527559055118,0.300995024876,0.528384279476,1.00156423125
0.5,0.3,651,229,402,119,0.527559055118,0.296019900498,0.519650655022,0.985009450564
0.5,0.3,652,229,402,119,0.527559055118,0.296019900498,0.519650655022,0.985009450564
0.5,0.3,653,229,402,118,0.527559055118,0.293532338308,0.515283842795,0.976732060223
0.5,0.3,654,229,402,112,0.527559055118,0.278606965174,0.489082969432,0.927067718178
0.5,0.3,655,229,402,126,0.527559055118,0.313432835821,0.550218340611,1.04295118295
0.5,0.3,656,229,402,123,0.527559055118,0.305970149254,0.53711790393,1.01811901193
0.5,0.3,657,229,402,126,0.527559055118,0.313432835821,0.550218340611,1.04295118295
0.5,0.3,658,229,402,117,0.527559055118,0.291044776119,0.510917030568,0.968454669882
0.5,0.3,659,229,402,116,0.527559055118,0.28855721393,0.506550218341,0.960177279541
0.5,0.3,660,229,402,122,0.527559055118,0.303482587065,0.532751091703,1.00984162159
0.5,0.3,661,229,402,119,0.527559055118,0.296019900498,0.519650655022,0.985009450564
0.5,0.3,662,229,402,117,0.527559055118,0.291044776119,0.510917030568,0.968454669882
0.5,0.3,663,229,402,117,0.527559055118,0.291044776119,0.510917030568,0.968454669882
0.5,0.3,664,229,402,119,0.527559055118,0.296019900498,0.519650655022,0.985009450564
0.5,0.3,665,229,402,124,0.527559055118,0.308457711443,0.541484716157,1.02639640227
0.5,0.3,666,229,402,117,0.527559055118,0.291044776119,0.510917030568,0.968454669882
0.5,0.3,667,229,402,127,0.527559055118,0.31592039801,0.554585152838,1.05122857329
0.5,0.3,668,229,402,133,0.527559055118,0.330845771144,0.580786026201,1.10089291534
0.5,0.3,669,229,402,111,0.527559055118,0.276119402985,0.484716157205,0.918790327837
0.5,0.3,670,229,402,114,0.527559055118,0.283582089552,0.497816593886,0.943622498859
0.5,0.3,671,229,402,127,0.527559055118,0.31592039801,0.554585152838,1.05122857329
0.5,0.3,672,229,402,120,0.527559055118,0.298507462687,0.524017467249,0.993286840905
0.5,0.3,673,229,402,120,0.527559055118,0.298507462687,0.524017467249,0.993286840905
0.5,0.3,674,229,402,121,0.527559055118,0.300995024876,0.528384279476,1.00156423125
0.5,0.3,675,229,402,124,0.527559055118,0.308457711443,0.541484716157,1.02639640227
0.5,0.3,676,229,402,111,0.527559055118,0.276119402985,0.484716157205,0.918790327837
0.5,0.3,677,229,402,126,0.527559055118,0.313432835821,0.550218340611,1.04295118295
0.5,0.3,678,229,402,105,0.527559055118,0.261194029851,0.458515283843,0.869125985792
0.5,0.3,679,229,402,119,0.527559055118,0.296019900498,0.519650655022,0.985009450564
0.5,0.3,680,229,402,124,0.527559055118,0.308457711443,0.541484716157,1.02639640227
0.5,0.3,681,229,402,119,0.527559055118,0.296019900498,0.519650655022,0.985009450564
0.5,0.3,682,229,402,112,0.527559055118,0.278606965174,0.489082969432,0.927067718178
0.5,0.3,683,229,402,130,0.527559055118,0.323383084577,0.56768558952,1.07606074431
0.5,0.3,684,229,402,113,0.527559055118,0.281094527363,0.493449781659,0.935345108519
0.5,0.3,685,229,402,129,0.527559055118,0.320895522388,0.563318777293,1.06778335397
0.5,0.3,686,229,402,117,0.527559055118,0.291044776119,0.510917030568,0.968454669882
0.5,0.3,687,229,402,129,0.527559055118,0.320895522388,0.563318777293,1.06778335397
0.5,0.3,688,229,402,120,0.527559055118,0.298507462687,0.524017467249,0.993286840905
0.5,0.3,689,229,402,120,0.527559055118,0.298507462687,0.524017467249,0.993286840905
0.5,0.3,690,229,402,125,0.527559055118,0.310945273632,0.545851528384,1.03467379261
0.5,0.3,691,229,402,112,0.527559055118,0.278606965174,0.489082969432,0.927067718178
0.5,0.3,692,229,402,129,0.527559055118,0.320895522388,0.563318777293,1.06778335397
0.5,0.3,693,229,402,128,0.527559055118,0.318407960199,0.558951965066,1.05950596363
0.5,0.3,694,229,402,123,0.527559055118,0.305970149254,0.53711790393,1.01811901193
0.5,0.3,695,229,402,124,0.527559055118,0.308457711443,0.541484716157,1.02639640227
0.5,0.3,696,229,402,138,0.527559055118,0.34328358209,0.602620087336,1.14227986704
0.5,0.3,697,229,402,131,0.527559055118,0.325870646766,0.572052401747,1.08433813465
0.5,0.3,698,229,402,122,0.527559055118,0.303482587065,0.532751091703,1.00984162159
0.5,0.3,699,229,402,120,0.527559055118,0.298507462687,0.524017467249,0.993286840905
0.5,0.3,700,229,402,126,0.527559055118,0.313432835821,0.550218340611,1.04295118295
0.5,0.3,701,229,402,132,0.527559055118,0.328358208955,0.576419213974,1.092615525
0.5,0.3,702,229,402,117,0.527559055118,0.291044776119,0.510917030568,0.968454669882
0.5,0.3,703,229,402,122,0.527559055118,0.303482587065,0.532751091703,1.00984162159
0.5,0.3,704,229,402,112,0.527559055118,0.278606965174,0.489082969432,0.927067718178
0.5,0.3,705,229,402,120,0.527559055118,0.298507462687,0.524017467249,0.993286840905
0.5,0.3,706,229,402,123,0.527559055118,0.305970149254,0.53711790393,1.01811901193
0.5,0.3,707,229,402,116,0.527559055118,0.28855721393,0.506550218341,0.960177279541
0.5,0.3,708,229,402,121,0.527559055118,0.300995024876,0.528384279476,1.00156423125
0.5,0.3,709,229,402,128,0.527559055118,0.318407960199,0.558951965066,1.05950596363
0.5,0.3,710,229,402,118,0.527559055118,0.293532338308,0.515283842795,0.976732060223
0.5,0.3,711,229,402,121,0.527559055118,0.300995024876,0.528384279476,1.00156423125
0.5,0.3,712,229,402,110,0.527559055118,0.273631840796,0.480349344978,0.910512937496
0.5,0.3,713,229,402,126,0.527559055118,0.313432835821,0.550218340611,1.04295118295
0.5,0.3,714,229,402,121,0.527559055118,0.300995024876,0.528384279476,1.00156423125
0.5,0.3,715,229,402,118,0.527559055118,0.293532338308,0.515283842795,0.976732060223
0.5,0.3,716,229,402,122,0.527559055118,0.303482587065,0.532751091703,1.00984162159
0.5,0.3,717,229,402,122,0.527559055118,0.303482587065,0.532751091703,1.00984162159
0.5,0.3,718,229,402,124,0.527559055118,0.308457711443,0.541484716157,1.02639640227
0.5,0.3,719,229,402,123,0.527559055118,0.305970149254,0.53711790393,1.01811901193
0.5,0.3,720,229,402,120,0.527559055118,0.298507462687,0.524017467249,0.993286840905
0.5,0.3,721,229,402,127,0.527559055118,0.31592039801,0.554585152838,1.05122857329
0.5,0.3,722,229,402,119,0.527559055118,0.296019900498,0.519650655022,0.985009450564
0.5,0.3,723,229,402,130,0.527559055118,0.323383084577,0.56768558952,1.07606074431
0.5,0.3,724,229,402,112,0.527559055118,0.278606965174,0.489082969432,0.927067718178
0.5,0.3,725,229,402,127,0.527559055118,0.31592039801,0.554585152838,1.05122857329
0.5,0.3,726,229,402,124,0.527559055118,0.308457711443,0.541484716157,1.02639640227
0.5,0.3,727,229,402,121,0.527559055118,0.300995024876,0.528384279476,1.00156423125
0.5,0.3,728,229,402,119,0.527559055118,0.296019900498,0.519650655022,0.985009450564
0.5,0.3,729,229,402,111,0.527559055118,0.276119402985,0.484716157205,0.918790327837
0.5,0.3,730,229,402,113,0.527559055118,0.281094527363,0.493449781659,0.935345108519
0.5,0.3,731,229,402,120,0.527559055118,0.298507462687,0.524017467249,0.993286840905
0.5,0.3,732,229,402,116,0.527559055118,0.28855721393,0.506550218341,0.960177279541
0.5,0.3,733,229,402,121,0.527559055118,0.300995024876,0.528384279476,1.00156423125
0.5,0.3,734,229,402,115,0.527559055118,0.286069651741,0.502183406114,0.9518998892
0.5,0.3,735,229,402,129,0.527559055118,0.320895522388,0.563318777293,1.06778335397
0.5,0.3,736,229,402,121,0.527559055118,0.300995024876,0.528384279476,1.00156423125
0.5,0.3,737,229,402,128,0.527559055118,0.318407960199,0.558951965066,1.05950596363
0.5,0.3,738,229,402,119,0.527559055118,0.296019900498,0.519650655022,0.985009450564
0.5,0.3,739,229,402,107,0.527559055118,0.266169154229,0.467248908297,0.885680766473
0.5,0.3,740,229,402,130,0.527559055118,0.323383084577,0.56768558952,1.07606074431
0.5,0.3,741,229,402,119,0.527559055118,0.296019900498,0.519650655022,0.985009450564
0.5,0.3,742,229,402,125,0.527559055118,0.310945273632,0.545851528384,1.03467379261
0.5,0.3,743,229,402,120,0.527559055118,0.298507462687,0.524017467249,0.993286840905
0.5,0.3,744,229,402,121,0.527559055118,0.300995024876,0.528384279476,1.00156423125
0.5,0.3,745,229,402,126,0.527559055118,0.313432835821,0.550218340611,1.04295118295
0.5,0.3,746,229,402,132,0.527559055118,0.328358208955,0.576419213974,1.092615525
0.5,0.3,747,229,402,124,0.527559055118,0.308457711443,0.541484716157,1.02639640227
0.5,0.3,748,229,402,120,0.527559055118,0.298507462687,0.524017467249,0.993286840905
0.5,0.3,749,229,402,125,0.527559055118,0.310945273632,0.545851528384,1.03467379261
0.5,0.3,750,229,402,119,0.527559055118,0.296019900498,0.519650655022,0.985009450564
0.5,0.3,751,229,402,121,0.527559055118,0.300995024876,0.528384279476,1.00156423125
0.5,0.3,752,229,402,109,0.527559055118,0.271144278607,0.475982532751,0.902235547155
0.5,0.3,753,229,402,122,0.527559055118,0.303482587065,0.532751091703,1.00984162159
0.5,0.3,754,229,402,122,0.527559055118,0.303482587065,0.532751091703,1.00984162159
0.5,0.3,755,229,402,111,0.527559055118,0.276119402985,0.484716157205,0.918790327837
0.5,0.3,756,229,402,117,0.527559055118,0.291044776119,0.510917030568,0.968454669882
0.5,0.3,757,229,402,113,0.527559055118,0.281094527363,0.493449781659,0.935345108519
0.5,0.3,758,229,402,127,0.527559055118,0.31592039801,0.554585152838,1.05122857329
0.5,0.3,759,229,402,120,0.527559055118,0.298507462687,0.524017467249,0.993286840905
0.5,0.3,760,229,402,137,0.527559055118,0.3407960199,0.598253275109,1.1340024767
0.5,0.3,761,229,402,123,0.527559055118,0.305970149254,0.53711790393,1.01811901193
0.5,0.3,762,229,402,118,0.527559055118,0.293532338308,0.515283842795,0.976732060223
0.5,0.3,763,229,402,122,0.527559055118,0.303482587065,0.532751091703,1.00984162159
0.5,0.3,764,229,402,119,0.527559055118,0.296019900498,0.519650655022,0.985009450564
0.5,0.3,765,229,402,127,0.527559055118,0.31592039801,0.554585152838,1.05122857329
0.5,0.3,766,229,402,126,0.527559055118,0.313432835821,0.550218340611,1.04295118295
0.5,0.3,767,229,402,122,0.527559055118,0.303482587065,0.532751091703,1.00984162159
0.5,0.3,768,229,402,104,0.527559055118,0.258706467662,0.454148471616,0.860848595451
0.5,0.3,769,229,402,127,0.527559055118,0.31592039801,0.554585152838,1.05122857329
0.5,0.3,770,229,402,132,0.527559055118,0.328358208955,0.576419213974,1.092615525
0.5,0.3,771,229,402,122,0.527559055118,0.303482587065,0.532751091703,1.00984162159
0.5,0.3,772,229,402,119,0.527559055118,0.296019900498,0.519650655022,0.985009450564
0.5,0.3,773,229,402,133,0.527559055118,0.330845771144,0.580786026201,1.10089291534
0.5,0.3,774,229,402,120,0.527559055118,0.298507462687,0.524017467249,0.993286840905
0.5,0.3,775,229,402,124,0.527559055118,0.308457711443,0.541484716157,1.02639640227
0.5,0.3,776,229,402,109,0.527559055118,0.271144278607,0.475982532751,0.902235547155
0.5,0.3,777,229,402,129,0.527559055118,0.320895522388,0.563318777293,1.06778335397
0.5,0.3,778,229,402,124,0.527559055118,0.308457711443,0.541484716157,1.02639640227
0.5,0.3,779,229,402,124,0.527559055118,0.308457711443,0.541484716157,1.02639640227
0.5,0.3,780,229,402,119,0.527559055118,0.296019900498,0.519650655022,0.985009450564
0.5,0.3,781,229,402,129,0.527559055118,0.320895522388,0.563318777293,1.06778335397
0.5,0.3,782,229,402,128,0.527559055118,0.318407960199,0.558951965066,1.05950596363
0.5,0.3,783,229,402,113,0.527559055118,0.281094527363,0.493449781659,0.935345108519
0.5,0.3,784,229,402,118,0.527559055118,0.293532338308,0.515283842795,0.976732060223
0.5,0.3,785,229,402,114,0.527559055118,0.283582089552,0.497816593886,0.943622498859
0.5,0.3,786,229,402,123,0.527559055118,0.305970149254,0.53711790393,1.01811901193
0.5,0.3,787,229,402,125,0.527559055118,0.310945273632,0.545851528384,1.03467379261
0.5,0.3,788,229,402,115,0.527559055118,0.286069651741,0.502183406114,0.9518998892
0.5,0.3,789,229,402,119,0.527559055118,0.296019900498,0.519650655022,0.985009450564
0.5,0.3,790,229,402,127,0.527559055118,0.31592039801,0.554585152838,1.05122857329
0.5,0.3,791,229,402,131,0.527559055118,0.325870646766,0.572052401747,1.08433813465
0.5,0.3,792,229,402,128,0.527559055118,0.318407960199,0.558951965066,1.05950596363
0.5,0.3,793,229,402,127,0.527559055118,0.31592039801,0.554585152838,1.05122857329
0.5,0.3,794,229,402,115,0.527559055118,0.286069651741,0.502183406114,0.9518998892
0.5,0.3,795,229,402,116,0.527559055118,0.28855721393,0.506550218341,0.960177279541
0.5,0.3,796,229,402,111,0.527559055118,0.276119402985,0.484716157205,0.918790327837
0.5,0.3,797,229,402,114,0.527559055118,0.283582089552,0.497816593886,0.943622498859
0.5,0.3,798,229,402,128,0.527559055118,0.318407960199,0.558951965066,1.05950596363
0.5,0.3,799,229,402,123,0.527559055118,0.305970149254,0.53711790393,1.01811901193
0.5,0.3,800,229,402,114,0.527559055118,0.283582089552,0.497816593886,0.943622498859
0.5,0.3,801,229,402,126,0.527559055118,0.313432835821,0.550218340611,1.04295118295
0.5,0.3,802,229,402,122,0.527559055118,0.303482587065,0.532751091703,1.00984162159
0.5,0.3,803,229,402,119,0.527559055118,0.296019900498,0.519650655022,0.985009450564
0.5,0.3,804,229,402,124,0.527559055118,0.308457711443,0.541484716157,1.02639640227
0.5,0.3,805,229,402,128,0.527559055118,0.318407960199,0.558951965066,1.05950596363
0.5,0.3,806,229,402,138,0.527559055118,0.34328358209,0.602620087336,1.14227986704
0.5,0.3,807,229,402,113,0.527559055118,0.281094527363,0.493449781659,0.935345108519
0.5,0.3,808,229,402,127,0.527559055118,0.31592039801,0.554585152838,1.05122857329
0.5,0.3,809,229,402,119,0.527559055118,0.296019900498,0.519650655022,0.985009450564
0.5,0.3,810,229,402,117,0.527559055118,0.291044776119,0.510917030568,0.968454669882
0.5,0.3,811,229,402,117,0.527559055118,0.291044776119,0.510917030568,0.968454669882
0.5,0.3,812,229,402,116,0.527559055118,0.28855721393,0.506550218341,0.960177279541
0.5,0.3,813,229,402,119,0.527559055118,0.296019900498,0.519650655022,0.985009450564
0.5,0.3,814,229,402,124,0.527559055118,0.308457711443,0.541484716157,1.02639640227
0.5,0.3,815,229,402,117,0.527559055118,0.291044776119,0.510917030568,0.968454669882
0.5,0.3,816,229,402,130,0.527559055118,0.323383084577,0.56768558952,1.07606074431
0.5,0.3,817,229,402,115,0.527559055118,0.286069651741,0.502183406114,0.9518998892
0.5,0.3,818,229,402,123,0.527559055118,0.305970149254,0.53711790393,1.01811901193
0.5,0.3,819,229,402,116,0.527559055118,0.28855721393,0.506550218341,0.960177279541
0.5,0.3,820,229,402,116,0.527559055118,0.28855721393,0.506550218341,0.960177279541
0.5,0.3,821,229,402,128,0.527559055118,0.318407960199,0.558951965066,1.05950596363
0.5,0.3,822,229,402,122,0.527559055118,0.303482587065,0.532751091703,1.00984162159
0.5,0.3,823,229,402,124,0.527559055118,0.308457711443,0.541484716157,1.02639640227
0.5,0.3,824,229,402,117,0.527559055118,0.291044776119,0.510917030568,0.968454669882
0.5,0.3,825,229,402,126,0.527559055118,0.313432835821,0.550218340611,1.04295118295
0.5,0.3,826,229,402,128,0.527559055118,0.318407960199,0.558951965066,1.05950596363
0.5,0.3,827,229,402,130,0.527559055118,0.323383084577,0.56768558952,1.07606074431
0.5,0.3,828,229,402,115,0.527559055118,0.286069651741,0.502183406114,0.9518998892
0.5,0.3,829,229,402,115,0.527559055118,0.286069651741,0.502183406114,0.9518998892
0.5,0.3,830,229,402,116,0.527559055118,0.28855721393,0.506550218341,0.960177279541
0.5,0.3,831,229,402,116,0.527559055118,0.28855721393,0.506550218341,0.960177279541
0.5,0.3,832,229,402,119,0.527559055118,0.296019900498,0.519650655022,0.985009450564
0.5,0.3,833,229,402,123,0.527559055118,0.305970149254,0.53711790393,1.01811901193
0.5,0.3,834,229,402,128,0.527559055118,0.318407960199,0.558951965066,1.05950596363
0.5,0.3,835,229,402,119,0.527559055118,0.296019900498,0.519650655022,0.985009450564
0.5,0.3,836,229,402,107,0.527559055118,0.266169154229,0.467248908297,0.885680766473
0.5,0.3,837,229,402,129,0.527559055118,0.320895522388,0.563318777293,1.06778335397
0.5,0.3,838,229,402,110,0.527559055118,0.273631840796,0.480349344978,0.910512937496
0.5,0.3,839,229,402,112,0.527559055118,0.278606965174,0.489082969432,0.927067718178
0.5,0.3,840,229,402,132,0.527559055118,0.328358208955,0.576419213974,1.092615525
0.5,0.3,841,229,402,116,0.527559055118,0.28855721393,0.506550218341,0.960177279541
0.5,0.3,842,229,402,121,0.527559055118,0.300995024876,0.528384279476,1.00156423125
0.5,0.3,843,229,402,116,0.527559055118,0.28855721393,0.506550218341,0.960177279541
0.5,0.3,844,229,402,123,0.527559055118,0.305970149254,0.53711790393,1.01811901193
0.5,0.3,845,229,402,123,0.527559055118,0.305970149254,0.53711790393,1.01811901193
0.5,0.3,846,229,402,130,0.527559055118,0.323383084577,0.56768558952,1.07606074431
0.5,0.3,847,229,402,122,0.527559055118,0.303482587065,0.532751091703,1.00984162159
0.5,0.3,848,229,402,120,0.527559055118,0.298507462687,0.524017467249,0.993286840905
0.5,0.3,849,229,402,119,0.527559055118,0.296019900498,0.519650655022,0.985009450564
0.5,0.3,850,229,402,126,0.527559055118,0.313432835821,0.550218340611,1.04295118295
0.5,0.3,851,229,402,119,0.527559055118,0.296019900498,0.519650655022,0.985009450564
0.5,0.3,852,229,402,119,0.527559055118,0.296019900498,0.519650655022,0.985009450564
0.5,0.3,853,229,402,109,0.527559055118,0.271144278607,0.475982532751,0.902235547155
0.5,0.3,854,229,402,118,0.527559055118,0.293532338308,0.515283842795,0.976732060223
0.5,0.3,855,229,402,132,0.527559055118,0.328358208955,0.576419213974,1.092615525
0.5,0.3,856,229,402,122,0.527559055118,0.303482587065,0.532751091703,1.00984162159
0.5,0.3,857,229,402,133,0.527559055118,0.330845771144,0.580786026201,1.10089291534
0.5,0.3,858,229,402,122,0.527559055118,0.303482587065,0.532751091703,1.00984162159
0.5,0.3,859,229,402,124,0.527559055118,0.308457711443,0.541484716157,1.02639640227
0.5,0.3,860,229,402,124,0.527559055118,0.308457711443,0.541484716157,1.02639640227
0.5,0.3,861,229,402,122,0.527559055118,0.303482587065,0.532751091703,1.00984162159
0.5,0.3,862,229,402,119,0.527559055118,0.296019900498,0.519650655022,0.985009450564
0.5,0.3,863,229,402,114,0.527559055118,0.283582089552,0.497816593886,0.943622498859
0.5,0.3,864,229,402,130,0.527559055118,0.323383084577,0.56768558952,1.07606074431
0.5,0.3,865,229,402,116,0.527559055118,0.28855721393,0.506550218341,0.960177279541
0.5,0.3,866,229,402,126,0.527559055118,0.313432835821,0.550218340611,1.04295118295
0.5,0.3,867,229,402,127,0.527559055118,0.31592039801,0.554585152838,1.05122857329
0.5,0.3,868,229,402,119,0.527559055118,0.296019900498,0.519650655022,0.985009450564
0.5,0.3,869,229,402,110,0.527559055118,0.273631840796,0.480349344978,0.910512937496
0.5,0.3,870,229,402,123,0.527559055118,0.305970149254,0.53711790393,1.01811901193
0.5,0.3,871,229,402,116,0.527559055118,0.28855721393,0.506550218341,0.960177279541
0.5,0.3,872,229,402,132,0.527559055118,0.328358208955,0.576419213974,1.092615525
0.5,0.3,873,229,402,114,0.527559055118,0.283582089552,0.497816593886,0.943622498859
0.5,0.3,874,229,402,122,0.527559055118,0.303482587065,0.532751091703,1.00984162159
0.5,0.3,875,229,402,120,0.527559055118,0.298507462687,0.524017467249,0.993286840905
0.5,0.3,876,229,402,124,0.527559055118,0.308457711443,0.541484716157,1.02639640227
0.5,0.3,877,229,402,111,0.527559055118,0.276119402985,0.484716157205,0.918790327837
0.5,0.3,878,229,402,128,0.527559055118,0.318407960199,0.558951965066,1.05950596363
0.5,0.3,879,229,402,116,0.527559055118,0.28855721393,0.506550218341,0.960177279541
0.5,0.3,880,229,402,124,0.527559055118,0.308457711443,0.541484716157,1.02639640227
0.5,0.3,881,229,402,111,0.527559055118,0.276119402985,0.484716157205,0.918790327837
0.5,0.3,882,229,402,125,0.527559055118,0.310945273632,0.545851528384,1.03467379261
0.5,0.3,883,229,402,126,0.527559055118,0.313432835821,0.550218340611,1.04295118295
0.5,0.3,884,229,402,111,0.527559055118,0.276119402985,0.484716157205,0.918790327837
0.5,0.3,885,229,402,113,0.527559055118,0.281094527363,0.493449781659,0.935345108519
0.5,0.3,886,229,402,125,0.527559055118,0.310945273632,0.545851528384,1.03467379261
0.5,0.3,887,229,402,117,0.527559055118,0.291044776119,0.510917030568,0.968454669882
0.5,0.3,888,229,402,113,0.527559055118,0.281094527363,0.493449781659,0.935345108519
0.5,0.3,889,229,402,116,0.527559055118,0.28855721393,0.506550218341,0.960177279541
0.5,0.3,890,229,402,108,0.527559055118,0.268656716418,0.471615720524,0.893958156814
0.5,0.3,891,229,402,126,0.527559055118,0.313432835821,0.550218340611,1.04295118295
0.5,0.3,892,229,402,122,0.527559055118,0.303482587065,0.532751091703,1.00984162159
0.5,0.3,893,229,402,125,0.527559055118,0.310945273632,0.545851528384,1.03467379261
0.5,0.3,894,229,402,121,0.527559055118,0.300995024876,0.528384279476,1.00156423125
0.5,0.3,895,229,402,117,0.527559055118,0.291044776119,0.510917030568,0.968454669882
0.5,0.3,896,229,402,130,0.527559055118,0.323383084577,0.56768558952,1.07606074431
0.5,0.3,897,229,402,121,0.527559055118,0.300995024876,0.528384279476,1.00156423125
0.5,0.3,898,229,402,115,0.527559055118,0.286069651741,0.502183406114,0.9518998892
0.5,0.3,899,229,402,122,0.527559055118,0.303482587065,0.532751091703,1.00984162159
0.5,0.3,900,229,402,120,0.527559055118,0.298507462687,0.524017467249,0.993286840905
0.5,0.3,901,229,402,118,0.527559055118,0.293532338308,0.515283842795,0.976732060223
0.5,0.3,902,229,402,112,0.527559055118,0.278606965174,0.489082969432,0.927067718178
0.5,0.3,903,229,402,126,0.527559055118,0.313432835821,0.550218340611,1.04295118295
0.5,0.3,904,229,402,109,0.527559055118,0.271144278607,0.475982532751,0.902235547155
0.5,0.3,905,229,402,123,0.527559055118,0.305970149254,0.53711790393,1.01811901193
0.5,0.3,906,229,402,110,0.527559055118,0.273631840796,0.480349344978,0.910512937496
0.5,0.3,907,229,402,113,0.527559055118,0.281094527363,0.493449781659,0.935345108519
0.5,0.3,908,229,402,109,0.527559055118,0.271144278607,0.475982532751,0.902235547155
0.5,0.3,909,229,402,124,0.527559055118,0.308457711443,0.541484716157,1.02639640227
0.5,0.3,910,229,402,118,0.527559055118,0.293532338308,0.515283842795,0.976732060223
0.5,0.3,911,229,402,130,0.527559055118,0.323383084577,0.56768558952,1.07606074431
0.5,0.3,912,229,402,121,0.527559055118,0.300995024876,0.528384279476,1.00156423125
0.5,0.3,913,229,402,121,0.527559055118,0.300995024876,0.528384279476,1.00156423125
0.5,0.3,914,229,402,130,0.527559055118,0.323383084577,0.56768558952,1.07606074431
0.5,0.3,915,229,402,122,0.527559055118,0.303482587065,0.532751091703,1.00984162159
0.5,0.3,916,229,402,126,0.527559055118,0.313432835821,0.550218340611,1.04295118295
0.5,0.3,917,229,402,117,0.527559055118,0.291044776119,0.510917030568,0.968454669882
0.5,0.3,918,229,402,124,0.527559055118,0.308457711443,0.541484716157,1.02639640227
0.5,0.3,919,229,402,125,0.527559055118,0.310945273632,0.545851528384,1.03467379261
0.5,0.3,920,229,402,114,0.527559055118,0.283582089552,0.497816593886,0.943622498859
0.5,0.3,921,229,402,130,0.527559055118,0.323383084577,0.56768558952,1.07606074431
0.5,0.3,922,229,402,128,0.527559055118,0.318407960199,0.558951965066,1.05950596363
0.5,0.3,923,229,402,116,0.527559055118,0.28855721393,0.506550218341,0.960177279541
0.5,0.3,924,229,402,125,0.527559055118,0.310945273632,0.545851528384,1.03467379261
0.5,0.3,925,229,402,129,0.527559055118,0.320895522388,0.563318777293,1.06778335397
0.5,0.3,926,229,402,123,0.527559055118,0.305970149254,0.53711790393,1.01811901193
0.5,0.3,927,229,402,129,0.527559055118,0.320895522388,0.563318777293,1.06778335397
0.5,0.3,928,229,402,122,0.527559055118,0.303482587065,0.532751091703,1.00984162159
0.5,0.3,929,229,402,119,0.527559055118,0.296019900498,0.519650655022,0.985009450564
0.5,0.3,930,229,402,129,0.527559055118,0.320895522388,0.563318777293,1.06778335397
0.5,0.3,931,229,402,107,0.527559055118,0.266169154229,0.467248908297,0.885680766473
0.5,0.3,932,229,402,121,0.527559055118,0.300995024876,0.528384279476,1.00156423125
0.5,0.3,933,229,402,123,0.527559055118,0.305970149254,0.53711790393,1.01811901193
0.5,0.3,934,229,402,121,0.527559055118,0.300995024876,0.528384279476,1.00156423125
0.5,0.3,935,229,402,108,0.527559055118,0.268656716418,0.471615720524,0.893958156814
0.5,0.3,936,229,402,119,0.527559055118,0.296019900498,0.519650655022,0.985009450564
0.5,0.3,937,229,402,132,0.527559055118,0.328358208955,0.576419213974,1.092615525
0.5,0.3,938,229,402,119,0.527559055118,0.296019900498,0.519650655022,0.985009450564
0.5,0.3,939,229,402,120,0.527559055118,0.298507462687,0.524017467249,0.993286840905
0.5,0.3,940,229,402,115,0.527559055118,0.286069651741,0.502183406114,0.9518998892
0.5,0.3,941,229,402,112,0.527559055118,0.278606965174,0.489082969432,0.927067718178
0.5,0.3,942,229,402,119,0.527559055118,0.296019900498,0.519650655022,0.985009450564
0.5,0.3,943,229,402,112,0.527559055118,0.278606965174,0.489082969432,0.927067718178
0.5,0.3,944,229,402,125,0.527559055118,0.310945273632,0.545851528384,1.03467379261
0.5,0.3,945,229,402,118,0.527559055118,0.293532338308,0.515283842795,0.976732060223
0.5,0.3,946,229,402,124,0.527559055118,0.308457711443,0.541484716157,1.02639640227
0.5,0.3,947,229,402,119,0.527559055118,0.296019900498,0.519650655022,0.985009450564
0.5,0.3,948,229,402,128,0.527559055118,0.318407960199,0.558951965066,1.05950596363
0.5,0.3,949,229,402,119,0.527559055118,0.296019900498,0.519650655022,0.985009450564
0.5,0.3,950,229,402,125,0.527559055118,0.310945273632,0.545851528384,1.03467379261
0.5,0.3,951,229,402,126,0.527559055118,0.313432835821,0.550218340611,1.04295118295
0.5,0.3,952,229,402,125,0.527559055118,0.310945273632,0.545851528384,1.03467379261
0.5,0.3,953,229,402,132,0.527559055118,0.328358208955,0.576419213974,1.092615525
0.5,0.3,954,229,402,118,0.527559055118,0.293532338308,0.515283842795,0.976732060223
0.5,0.3,955,229,402,121,0.527559055118,0.300995024876,0.528384279476,1.00156423125
0.5,0.3,956,229,402,115,0.527559055118,0.286069651741,0.502183406114,0.9518998892
0.5,0.3,957,229,402,122,0.527559055118,0.303482587065,0.532751091703,1.00984162159
0.5,0.3,958,229,402,122,0.527559055118,0.303482587065,0.532751091703,1.00984162159
0.5,0.3,959,229,402,113,0.527559055118,0.281094527363,0.493449781659,0.935345108519
0.5,0.3,960,229,402,123,0.527559055118,0.305970149254,0.53711790393,1.01811901193
0.5,0.3,961,229,402,112,0.527559055118,0.278606965174,0.489082969432,0.927067718178
0.5,0.3,962,229,402,108,0.527559055118,0.268656716418,0.471615720524,0.893958156814
0.5,0.3,963,229,402,113,0.527559055118,0.281094527363,0.493449781659,0.935345108519
0.5,0.3,964,229,402,123,0.527559055118,0.305970149254,0.53711790393,1.01811901193
0.5,0.3,965,229,402,116,0.527559055118,0.28855721393,0.506550218341,0.960177279541
0.5,0.3,966,229,402,124,0.527559055118,0.308457711443,0.541484716157,1.02639640227
0.5,0.3,967,229,402,112,0.527559055118,0.278606965174,0.489082969432,0.927067718178
0.5,0.3,968,229,402,125,0.527559055118,0.310945273632,0.545851528384,1.03467379261
0.5,0.3,969,229,402,115,0.527559055118,0.286069651741,0.502183406114,0.9518998892
0.5,0.3,970,229,402,132,0.527559055118,0.328358208955,0.576419213974,1.092615525
0.5,0.3,971,229,402,117,0.527559055118,0.291044776119,0.510917030568,0.968454669882
0.5,0.3,972,229,402,115,0.527559055118,0.286069651741,0.502183406114,0.9518998892
0.5,0.3,973,229,402,127,0.527559055118,0.31592039801,0.554585152838,1.05122857329
0.5,0.3,974,229,402,122,0.527559055118,0.303482587065,0.532751091703,1.00984162159
0.5,0.3,975,229,402,121,0.527559055118,0.300995024876,0.528384279476,1.00156423125
0.5,0.3,976,229,402,124,0.527559055118,0.308457711443,0.541484716157,1.02639640227
0.5,0.3,977,229,402,113,0.527559055118,0.281094527363,0.493449781659,0.935345108519
0.5,0.3,978,229,402,127,0.527559055118,0.31592039801,0.554585152838,1.05122857329
0.5,0.3,979,229,402,124,0.527559055118,0.308457711443,0.541484716157,1.02639640227
0.5,0.3,980,229,402,126,0.527559055118,0.313432835821,0.550218340611,1.04295118295
0.5,0.3,981,229,402,125,0.527559055118,0.310945273632,0.545851528384,1.03467379261
0.5,0.3,982,229,402,127,0.527559055118,0.31592039801,0.554585152838,1.05122857329
0.5,0.3,983,229,402,115,0.527559055118,0.286069651741,0.502183406114,0.9518998892
0.5,0.3,984,229,402,128,0.527559055118,0.318407960199,0.558951965066,1.05950596363
0.5,0.3,985,229,402,119,0.527559055118,0.296019900498,0.519650655022,0.985009450564
0.5,0.3,986,229,402,123,0.527559055118,0.305970149254,0.53711790393,1.01811901193
0.5,0.3,987,229,402,120,0.527559055118,0.298507462687,0.524017467249,0.993286840905
0.5,0.3,988,229,402,123,0.527559055118,0.305970149254,0.53711790393,1.01811901193
0.5,0.3,989,229,402,121,0.527559055118,0.300995024876,0.528384279476,1.00156423125
0.5,0.3,990,229,402,122,0.527559055118,0.303482587065,0.532751091703,1.00984162159
0.5,0.3,991,229,402,129,0.527559055118,0.320895522388,0.563318777293,1.06778335397
0.5,0.3,992,229,402,116,0.527559055118,0.28855721393,0.506550218341,0.960177279541
0.5,0.3,993,229,402,117,0.527559055118,0.291044776119,0.510917030568,0.968454669882
0.5,0.3,994,229,402,117,0.527559055118,0.291044776119,0.510917030568,0.968454669882
0.5,0.3,995,229,402,120,0.527559055118,0.298507462687,0.524017467249,0.993286840905
0.5,0.3,996,229,402,122,0.527559055118,0.303482587065,0.532751091703,1.00984162159
0.5,0.3,997,229,402,114,0.527559055118,0.283582089552,0.497816593886,0.943622498859
0.5,0.3,998,229,402,124,0.527559055118,0.308457711443,0.541484716157,1.02639640227
0.5,0.3,999,229,402,125,0.527559055118,0.310945273632,0.545851528384,1.03467379261
0.5,0.3,1000,229,402,125,0.527559055118,0.310945273632,0.545851528384,1.03467379261
1,0.1,1,77,69,5,0.0905511811024,0.0724637681159,0.0649350649351,0.717108977979
1,0.1,2,77,69,5,0.0905511811024,0.0724637681159,0.0649350649351,0.717108977979
1,0.1,3,77,69,7,0.0905511811024,0.101449275362,0.0909090909091,1.00395256917
1,0.1,4,77,69,9,0.0905511811024,0.130434782609,0.116883116883,1.29079616036
1,0.1,5,77,69,11,0.0905511811024,0.159420289855,0.142857142857,1.57763975155
1,0.1,6,77,69,11,0.0905511811024,0.159420289855,0.142857142857,1.57763975155
1,0.1,7,77,69,8,0.0905511811024,0.115942028986,0.103896103896,1.14737436477
1,0.1,8,77,69,12,0.0905511811024,0.173913043478,0.155844155844,1.72106154715
1,0.1,9,77,69,6,0.0905511811024,0.0869565217391,0.0779220779221,0.860530773574
1,0.1,10,77,69,10,0.0905511811024,0.144927536232,0.12987012987,1.43421795596
1,0.1,11,77,69,6,0.0905511811024,0.0869565217391,0.0779220779221,0.860530773574
1,0.1,12,77,69,5,0.0905511811024,0.0724637681159,0.0649350649351,0.717108977979
1,0.1,13,77,69,7,0.0905511811024,0.101449275362,0.0909090909091,1.00395256917
1,0.1,14,77,69,6,0.0905511811024,0.0869565217391,0.0779220779221,0.860530773574
1,0.1,15,77,69,9,0.0905511811024,0.130434782609,0.116883116883,1.29079616036
1,0.1,16,77,69,5,0.0905511811024,0.0724637681159,0.0649350649351,0.717108977979
1,0.1,17,77,69,7,0.0905511811024,0.101449275362,0.0909090909091,1.00395256917
1,0.1,18,77,69,8,0.0905511811024,0.115942028986,0.103896103896,1.14737436477
1,0.1,19,77,69,9,0.0905511811024,0.130434782609,0.116883116883,1.29079616036
1,0.1,20,77,69,7,0.0905511811024,0.101449275362,0.0909090909091,1.00395256917
1,0.1,21,77,69,8,0.0905511811024,0.115942028986,0.103896103896,1.14737436477
1,0.1,22,77,69,3,0.0905511811024,0.0434782608696,0.038961038961,0.430265386787
1,0.1,23,77,69,6,0.0905511811024,0.0869565217391,0.0779220779221,0.860530773574
1,0.1,24,77,69,7,0.0905511811024,0.101449275362,0.0909090909091,1.00395256917
1,0.1,25,77,69,4,0.0905511811024,0.0579710144928,0.0519480519481,0.573687182383
1,0.1,26,77,69,7,0.0905511811024,0.101449275362,0.0909090909091,1.00395256917
1,0.1,27,77,69,6,0.0905511811024,0.0869565217391,0.0779220779221,0.860530773574
1,0.1,28,77,69,10,0.0905511811024,0.144927536232,0.12987012987,1.43421795596
1,0.1,29,77,69,5,0.0905511811024,0.0724637681159,0.0649350649351,0.717108977979
1,0.1,30,77,69,6,0.0905511811024,0.0869565217391,0.0779220779221,0.860530773574
1,0.1,31,77,69,7,0.0905511811024,0.101449275362,0.0909090909091,1.00395256917
1,0.1,32,77,69,10,0.0905511811024,0.144927536232,0.12987012987,1.43421795596
1,0.1,33,77,69,10,0.0905511811024,0.144927536232,0.12987012987,1.43421795596
1,0.1,34,77,69,5,0.0905511811024,0.0724637681159,0.0649350649351,0.717108977979
1,0.1,35,77,69,8,0.0905511811024,0.115942028986,0.103896103896,1.14737436477
1,0.1,36,77,69,12,0.0905511811024,0.173913043478,0.155844155844,1.72106154715
1,0.1,37,77,69,7,0.0905511811024,0.101449275362,0.0909090909091,1.00395256917
1,0.1,38,77,69,4,0.0905511811024,0.0579710144928,0.0519480519481,0.573687182383
1,0.1,39,77,69,5,0.0905511811024,0.0724637681159,0.0649350649351,0.717108977979
1,0.1,40,77,69,4,0.0905511811024,0.0579710144928,0.0519480519481,0.573687182383
1,0.1,41,77,69,6,0.0905511811024,0.0869565217391,0.0779220779221,0.860530773574
1,0.1,42,77,69,8,0.0905511811024,0.115942028986,0.103896103896,1.14737436477
1,0.1,43,77,69,9,0.0905511811024,0.130434782609,0.116883116883,1.29079616036
1,0.1,44,77,69,7,0.0905511811024,0.101449275362,0.0909090909091,1.00395256917
1,0.1,45,77,69,5,0.0905511811024,0.0724637681159,0.0649350649351,0.717108977979
1,0.1,46,77,69,7,0.0905511811024,0.101449275362,0.0909090909091,1.00395256917
1,0.1,47,77,69,11,0.0905511811024,0.159420289855,0.142857142857,1.57763975155
1,0.1,48,77,69,10,0.0905511811024,0.144927536232,0.12987012987,1.43421795596
1,0.1,49,77,69,12,0.0905511811024,0.173913043478,0.155844155844,1.72106154715
1,0.1,50,77,69,4,0.0905511811024,0.0579710144928,0.0519480519481,0.573687182383
1,0.1,51,77,69,5,0.0905511811024,0.0724637681159,0.0649350649351,0.717108977979
1,0.1,52,77,69,4,0.0905511811024,0.0579710144928,0.0519480519481,0.573687182383
1,0.1,53,77,69,8,0.0905511811024,0.115942028986,0.103896103896,1.14737436477
1,0.1,54,77,69,7,0.0905511811024,0.101449275362,0.0909090909091,1.00395256917
1,0.1,55,77,69,5,0.0905511811024,0.0724637681159,0.0649350649351,0.717108977979
1,0.1,56,77,69,11,0.0905511811024,0.159420289855,0.142857142857,1.57763975155
1,0.1,57,77,69,11,0.0905511811024,0.159420289855,0.142857142857,1.57763975155
1,0.1,58,77,69,10,0.0905511811024,0.144927536232,0.12987012987,1.43421795596
1,0.1,59,77,69,6,0.0905511811024,0.0869565217391,0.0779220779221,0.860530773574
1,0.1,60,77,69,6,0.0905511811024,0.0869565217391,0.0779220779221,0.860530773574
1,0.1,61,77,69,8,0.0905511811024,0.115942028986,0.103896103896,1.14737436477
1,0.1,62,77,69,10,0.0905511811024,0.144927536232,0.12987012987,1.43421795596
1,0.1,63,77,69,9,0.0905511811024,0.130434782609,0.116883116883,1.29079616036
1,0.1,64,77,69,4,0.0905511811024,0.0579710144928,0.0519480519481,0.573687182383
1,0.1,65,77,69,3,0.0905511811024,0.0434782608696,0.038961038961,0.430265386787
1,0.1,66,77,69,7,0.0905511811024,0.101449275362,0.0909090909091,1.00395256917
1,0.1,67,77,69,10,0.0905511811024,0.144927536232,0.12987012987,1.43421795596
1,0.1,68,77,69,8,0.0905511811024,0.115942028986,0.103896103896,1.14737436477
1,0.1,69,77,69,6,0.0905511811024,0.0869565217391,0.0779220779221,0.860530773574
1,0.1,70,77,69,7,0.0905511811024,0.101449275362,0.0909090909091,1.00395256917
1,0.1,71,77,69,5,0.0905511811024,0.0724637681159,0.0649350649351,0.717108977979
1,0.1,72,77,69,7,0.0905511811024,0.101449275362,0.0909090909091,1.00395256917
1,0.1,73,77,69,7,0.0905511811024,0.101449275362,0.0909090909091,1.00395256917
1,0.1,74,77,69,7,0.0905511811024,0.101449275362,0.0909090909091,1.00395256917
1,0.1,75,77,69,9,0.0905511811024,0.130434782609,0.116883116883,1.29079616036
1,0.1,76,77,69,9,0.0905511811024,0.130434782609,0.116883116883,1.29079616036
1,0.1,77,77,69,4,0.0905511811024,0.0579710144928,0.0519480519481,0.573687182383
1,0.1,78,77,69,10,0.0905511811024,0.144927536232,0.12987012987,1.43421795596
1,0.1,79,77,69,8,0.0905511811024,0.115942028986,0.103896103896,1.14737436477
1,0.1,80,77,69,5,0.0905511811024,0.0724637681159,0.0649350649351,0.717108977979
1,0.1,81,77,69,8,0.0905511811024,0.115942028986,0.103896103896,1.14737436477
1,0.1,82,77,69,7,0.0905511811024,0.101449275362,0.0909090909091,1.00395256917
1,0.1,83,77,69,4,0.0905511811024,0.0579710144928,0.0519480519481,0.573687182383
1,0.1,84,77,69,9,0.0905511811024,0.130434782609,0.116883116883,1.29079616036
1,0.1,85,77,69,5,0.0905511811024,0.0724637681159,0.0649350649351,0.717108977979
1,0.1,86,77,69,8,0.0905511811024,0.115942028986,0.103896103896,1.14737436477
1,0.1,87,77,69,6,0.0905511811024,0.0869565217391,0.0779220779221,0.860530773574
1,0.1,88,77,69,4,0.0905511811024,0.0579710144928,0.0519480519481,0.573687182383
1,0.1,89,77,69,10,0.0905511811024,0.144927536232,0.12987012987,1.43421795596
1,0.1,90,77,69,8,0.0905511811024,0.115942028986,0.103896103896,1.14737436477
1,0.1,91,77,69,6,0.0905511811024,0.0869565217391,0.0779220779221,0.860530773574
1,0.1,92,77,69,7,0.0905511811024,0.101449275362,0.0909090909091,1.00395256917
1,0.1,93,77,69,5,0.0905511811024,0.0724637681159,0.0649350649351,0.717108977979
1,0.1,94,77,69,6,0.0905511811024,0.0869565217391,0.0779220779221,0.860530773574
1,0.1,95,77,69,7,0.0905511811024,0.101449275362,0.0909090909091,1.00395256917
1,0.1,96,77,69,7,0.0905511811024,0.101449275362,0.0909090909091,1.00395256917
1,0.1,97,77,69,7,0.0905511811024,0.101449275362,0.0909090909091,1.00395256917
1,0.1,98,77,69,5,0.0905511811024,0.0724637681159,0.0649350649351,0.717108977979
1,0.1,99,77,69,6,0.0905511811024,0.0869565217391,0.0779220779221,0.860530773574
1,0.1,100,77,69,7,0.0905511811024,0.101449275362,0.0909090909091,1.00395256917
1,0.1,101,77,69,6,0.0905511811024,0.0869565217391,0.0779220779221,0.860530773574
1,0.1,102,77,69,7,0.0905511811024,0.101449275362,0.0909090909091,1.00395256917
1,0.1,103,77,69,6,0.0905511811024,0.0869565217391,0.0779220779221,0.860530773574
1,0.1,104,77,69,6,0.0905511811024,0.0869565217391,0.0779220779221,0.860530773574
1,0.1,105,77,69,8,0.0905511811024,0.115942028986,0.103896103896,1.14737436477
1,0.1,106,77,69,4,0.0905511811024,0.0579710144928,0.0519480519481,0.573687182383
1,0.1,107,77,69,7,0.0905511811024,0.101449275362,0.0909090909091,1.00395256917
1,0.1,108,77,69,10,0.0905511811024,0.144927536232,0.12987012987,1.43421795596
1,0.1,109,77,69,7,0.0905511811024,0.101449275362,0.0909090909091,1.00395256917
1,0.1,110,77,69,5,0.0905511811024,0.0724637681159,0.0649350649351,0.717108977979
1,0.1,111,77,69,6,0.0905511811024,0.0869565217391,0.0779220779221,0.860530773574
1,0.1,112,77,69,4,0.0905511811024,0.0579710144928,0.0519480519481,0.573687182383
1,0.1,113,77,69,4,0.0905511811024,0.0579710144928,0.0519480519481,0.573687182383
1,0.1,114,77,69,8,0.0905511811024,0.115942028986,0.103896103896,1.14737436477
1,0.1,115,77,69,7,0.0905511811024,0.101449275362,0.0909090909091,1.00395256917
1,0.1,116,77,69,6,0.0905511811024,0.0869565217391,0.0779220779221,0.860530773574
1,0.1,117,77,69,6,0.0905511811024,0.0869565217391,0.0779220779221,0.860530773574
1,0.1,118,77,69,7,0.0905511811024,0.101449275362,0.0909090909091,1.00395256917
1,0.1,119,77,69,9,0.0905511811024,0.130434782609,0.116883116883,1.29079616036
1,0.1,120,77,69,6,0.0905511811024,0.0869565217391,0.0779220779221,0.860530773574
1,0.1,121,77,69,5,0.0905511811024,0.0724637681159,0.0649350649351,0.717108977979
1,0.1,122,77,69,7,0.0905511811024,0.101449275362,0.0909090909091,1.00395256917
1,0.1,123,77,69,7,0.0905511811024,0.101449275362,0.0909090909091,1.00395256917
1,0.1,124,77,69,12,0.0905511811024,0.173913043478,0.155844155844,1.72106154715
1,0.1,125,77,69,8,0.0905511811024,0.115942028986,0.103896103896,1.14737436477
1,0.1,126,77,69,6,0.0905511811024,0.0869565217391,0.0779220779221,0.860530773574
1,0.1,127,77,69,9,0.0905511811024,0.130434782609,0.116883116883,1.29079616036
1,0.1,128,77,69,8,0.0905511811024,0.115942028986,0.103896103896,1.14737436477
1,0.1,129,77,69,5,0.0905511811024,0.0724637681159,0.0649350649351,0.717108977979
1,0.1,130,77,69,5,0.0905511811024,0.0724637681159,0.0649350649351,0.717108977979
1,0.1,131,77,69,8,0.0905511811024,0.115942028986,0.103896103896,1.14737436477
1,0.1,132,77,69,11,0.0905511811024,0.159420289855,0.142857142857,1.57763975155
1,0.1,133,77,69,6,0.0905511811024,0.0869565217391,0.0779220779221,0.860530773574
1,0.1,134,77,69,11,0.0905511811024,0.159420289855,0.142857142857,1.57763975155
1,0.1,135,77,69,7,0.0905511811024,0.101449275362,0.0909090909091,1.00395256917
1,0.1,136,77,69,5,0.0905511811024,0.0724637681159,0.0649350649351,0.717108977979
1,0.1,137,77,69,9,0.0905511811024,0.130434782609,0.116883116883,1.29079616036
1,0.1,138,77,69,8,0.0905511811024,0.115942028986,0.103896103896,1.14737436477
1,0.1,139,77,69,9,0.0905511811024,0.130434782609,0.116883116883,1.29079616036
1,0.1,140,77,69,7,0.0905511811024,0.101449275362,0.0909090909091,1.00395256917
1,0.1,141,77,69,2,0.0905511811024,0.0289855072464,0.025974025974,0.286843591191
1,0.1,142,77,69,4,0.0905511811024,0.0579710144928,0.0519480519481,0.573687182383
1,0.1,143,77,69,7,0.0905511811024,0.101449275362,0.0909090909091,1.00395256917
1,0.1,144,77,69,7,0.0905511811024,0.101449275362,0.0909090909091,1.00395256917
1,0.1,145,77,69,12,0.0905511811024,0.173913043478,0.155844155844,1.72106154715
1,0.1,146,77,69,5,0.0905511811024,0.0724637681159,0.0649350649351,0.717108977979
1,0.1,147,77,69,8,0.0905511811024,0.115942028986,0.103896103896,1.14737436477
1,0.1,148,77,69,7,0.0905511811024,0.101449275362,0.0909090909091,1.00395256917
1,0.1,149,77,69,7,0.0905511811024,0.101449275362,0.0909090909091,1.00395256917
1,0.1,150,77,69,3,0.0905511811024,0.0434782608696,0.038961038961,0.430265386787
1,0.1,151,77,69,5,0.0905511811024,0.0724637681159,0.0649350649351,0.717108977979
1,0.1,152,77,69,8,0.0905511811024,0.115942028986,0.103896103896,1.14737436477
1,0.1,153,77,69,7,0.0905511811024,0.101449275362,0.0909090909091,1.00395256917
1,0.1,154,77,69,3,0.0905511811024,0.0434782608696,0.038961038961,0.430265386787
1,0.1,155,77,69,10,0.0905511811024,0.144927536232,0.12987012987,1.43421795596
1,0.1,156,77,69,8,0.0905511811024,0.115942028986,0.103896103896,1.14737436477
1,0.1,157,77,69,7,0.0905511811024,0.101449275362,0.0909090909091,1.00395256917
1,0.1,158,77,69,9,0.0905511811024,0.130434782609,0.116883116883,1.29079616036
1,0.1,159,77,69,4,0.0905511811024,0.0579710144928,0.0519480519481,0.573687182383
1,0.1,160,77,69,9,0.0905511811024,0.130434782609,0.116883116883,1.29079616036
1,0.1,161,77,69,7,0.0905511811024,0.101449275362,0.0909090909091,1.00395256917
1,0.1,162,77,69,4,0.0905511811024,0.0579710144928,0.0519480519481,0.573687182383
1,0.1,163,77,69,12,0.0905511811024,0.173913043478,0.155844155844,1.72106154715
1,0.1,164,77,69,6,0.0905511811024,0.0869565217391,0.0779220779221,0.860530773574
1,0.1,165,77,69,6,0.0905511811024,0.0869565217391,0.0779220779221,0.860530773574
1,0.1,166,77,69,6,0.0905511811024,0.0869565217391,0.0779220779221,0.860530773574
1,0.1,167,77,69,10,0.0905511811024,0.144927536232,0.12987012987,1.43421795596
1,0.1,168,77,69,3,0.0905511811024,0.0434782608696,0.038961038961,0.430265386787
1,0.1,169,77,69,5,0.0905511811024,0.0724637681159,0.0649350649351,0.717108977979
1,0.1,170,77,69,7,0.0905511811024,0.101449275362,0.0909090909091,1.00395256917
1,0.1,171,77,69,11,0.0905511811024,0.159420289855,0.142857142857,1.57763975155
1,0.1,172,77,69,4,0.0905511811024,0.0579710144928,0.0519480519481,0.573687182383
1,0.1,173,77,69,11,0.0905511811024,0.159420289855,0.142857142857,1.57763975155
1,0.1,174,77,69,6,0.0905511811024,0.0869565217391,0.0779220779221,0.860530773574
1,0.1,175,77,69,8,0.0905511811024,0.115942028986,0.103896103896,1.14737436477
1,0.1,176,77,69,5,0.0905511811024,0.0724637681159,0.0649350649351,0.717108977979
1,0.1,177,77,69,9,0.0905511811024,0.130434782609,0.116883116883,1.29079616036
1,0.1,178,77,69,9,0.0905511811024,0.130434782609,0.116883116883,1.29079616036
1,0.1,179,77,69,8,0.0905511811024,0.115942028986,0.103896103896,1.14737436477
1,0.1,180,77,69,11,0.0905511811024,0.159420289855,0.142857142857,1.57763975155
1,0.1,181,77,69,8,0.0905511811024,0.115942028986,0.103896103896,1.14737436477
1,0.1,182,77,69,11,0.0905511811024,0.159420289855,0.142857142857,1.57763975155
1,0.1,183,77,69,8,0.0905511811024,0.115942028986,0.103896103896,1.14737436477
1,0.1,184,77,69,9,0.0905511811024,0.130434782609,0.116883116883,1.29079616036
1,0.1,185,77,69,6,0.0905511811024,0.0869565217391,0.0779220779221,0.860530773574
1,0.1,186,77,69,6,0.0905511811024,0.0869565217391,0.0779220779221,0.860530773574
1,0.1,187,77,69,8,0.0905511811024,0.115942028986,0.103896103896,1.14737436477
1,0.1,188,77,69,3,0.0905511811024,0.0434782608696,0.038961038961,0.430265386787
1,0.1,189,77,69,7,0.0905511811024,0.101449275362,0.0909090909091,1.00395256917
1,0.1,190,77,69,6,0.0905511811024,0.0869565217391,0.0779220779221,0.860530773574
1,0.1,191,77,69,7,0.0905511811024,0.101449275362,0.0909090909091,1.00395256917
1,0.1,192,77,69,5,0.0905511811024,0.0724637681159,0.0649350649351,0.717108977979
1,0.1,193,77,69,9,0.0905511811024,0.130434782609,0.116883116883,1.29079616036
1,0.1,194,77,69,3,0.0905511811024,0.0434782608696,0.038961038961,0.430265386787
1,0.1,195,77,69,7,0.0905511811024,0.101449275362,0.0909090909091,1.00395256917
1,0.1,196,77,69,6,0.0905511811024,0.0869565217391,0.0779220779221,0.860530773574
1,0.1,197,77,69,9,0.0905511811024,0.130434782609,0.116883116883,1.29079616036
1,0.1,198,77,69,7,0.0905511811024,0.101449275362,0.0909090909091,1.00395256917
1,0.1,199,77,69,11,0.0905511811024,0.159420289855,0.142857142857,1.57763975155
1,0.1,200,77,69,7,0.0905511811024,0.101449275362,0.0909090909091,1.00395256917
1,0.1,201,77,69,10,0.0905511811024,0.144927536232,0.12987012987,1.43421795596
1,0.1,202,77,69,5,0.0905511811024,0.0724637681159,0.0649350649351,0.717108977979
1,0.1,203,77,69,8,0.0905511811024,0.115942028986,0.103896103896,1.14737436477
1,0.1,204,77,69,8,0.0905511811024,0.115942028986,0.103896103896,1.14737436477
1,0.1,205,77,69,7,0.0905511811024,0.101449275362,0.0909090909091,1.00395256917
1,0.1,206,77,69,5,0.0905511811024,0.0724637681159,0.0649350649351,0.717108977979
1,0.1,207,77,69,8,0.0905511811024,0.115942028986,0.103896103896,1.14737436477
1,0.1,208,77,69,5,0.0905511811024,0.0724637681159,0.0649350649351,0.717108977979
1,0.1,209,77,69,3,0.0905511811024,0.0434782608696,0.038961038961,0.430265386787
1,0.1,210,77,69,8,0.0905511811024,0.115942028986,0.103896103896,1.14737436477
1,0.1,211,77,69,6,0.0905511811024,0.0869565217391,0.0779220779221,0.860530773574
1,0.1,212,77,69,4,0.0905511811024,0.0579710144928,0.0519480519481,0.573687182383
1,0.1,213,77,69,4,0.0905511811024,0.0579710144928,0.0519480519481,0.573687182383
1,0.1,214,77,69,3,0.0905511811024,0.0434782608696,0.038961038961,0.430265386787
1,0.1,215,77,69,6,0.0905511811024,0.0869565217391,0.0779220779221,0.860530773574
1,0.1,216,77,69,9,0.0905511811024,0.130434782609,0.116883116883,1.29079616036
1,0.1,217,77,69,9,0.0905511811024,0.130434782609,0.116883116883,1.29079616036
1,0.1,218,77,69,7,0.0905511811024,0.101449275362,0.0909090909091,1.00395256917
1,0.1,219,77,69,10,0.0905511811024,0.144927536232,0.12987012987,1.43421795596
1,0.1,220,77,69,8,0.0905511811024,0.115942028986,0.103896103896,1.14737436477
1,0.1,221,77,69,4,0.0905511811024,0.0579710144928,0.0519480519481,0.573687182383
1,0.1,222,77,69,11,0.0905511811024,0.159420289855,0.142857142857,1.57763975155
1,0.1,223,77,69,8,0.0905511811024,0.115942028986,0.103896103896,1.14737436477
1,0.1,224,77,69,7,0.0905511811024,0.101449275362,0.0909090909091,1.00395256917
1,0.1,225,77,69,6,0.0905511811024,0.0869565217391,0.0779220779221,0.860530773574
1,0.1,226,77,69,7,0.0905511811024,0.101449275362,0.0909090909091,1.00395256917
1,0.1,227,77,69,5,0.0905511811024,0.0724637681159,0.0649350649351,0.717108977979
1,0.1,228,77,69,7,0.0905511811024,0.101449275362,0.0909090909091,1.00395256917
1,0.1,229,77,69,7,0.0905511811024,0.101449275362,0.0909090909091,1.00395256917
1,0.1,230,77,69,5,0.0905511811024,0.0724637681159,0.0649350649351,0.717108977979
1,0.1,231,77,69,9,0.0905511811024,0.130434782609,0.116883116883,1.29079616036
1,0.1,232,77,69,4,0.0905511811024,0.0579710144928,0.0519480519481,0.573687182383
1,0.1,233,77,69,8,0.0905511811024,0.115942028986,0.103896103896,1.14737436477
1,0.1,234,77,69,8,0.0905511811024,0.115942028986,0.103896103896,1.14737436477
1,0.1,235,77,69,1,0.0905511811024,0.0144927536232,0.012987012987,0.143421795596
1,0.1,236,77,69,5,0.0905511811024,0.0724637681159,0.0649350649351,0.717108977979
1,0.1,237,77,69,3,0.0905511811024,0.0434782608696,0.038961038961,0.430265386787
1,0.1,238,77,69,7,0.0905511811024,0.101449275362,0.0909090909091,1.00395256917
1,0.1,239,77,69,6,0.0905511811024,0.0869565217391,0.0779220779221,0.860530773574
1,0.1,240,77,69,5,0.0905511811024,0.0724637681159,0.0649350649351,0.717108977979
1,0.1,241,77,69,6,0.0905511811024,0.0869565217391,0.0779220779221,0.860530773574
1,0.1,242,77,69,9,0.0905511811024,0.130434782609,0.116883116883,1.29079616036
1,0.1,243,77,69,7,0.0905511811024,0.101449275362,0.0909090909091,1.00395256917
1,0.1,244,77,69,8,0.0905511811024,0.115942028986,0.103896103896,1.14737436477
1,0.1,245,77,69,11,0.0905511811024,0.159420289855,0.142857142857,1.57763975155
1,0.1,246,77,69,4,0.0905511811024,0.0579710144928,0.0519480519481,0.573687182383
1,0.1,247,77,69,11,0.0905511811024,0.159420289855,0.142857142857,1.57763975155
1,0.1,248,77,69,11,0.0905511811024,0.159420289855,0.142857142857,1.57763975155
1,0.1,249,77,69,8,0.0905511811024,0.115942028986,0.103896103896,1.14737436477
1,0.1,250,77,69,11,0.0905511811024,0.159420289855,0.142857142857,1.57763975155
1,0.1,251,77,69,6,0.0905511811024,0.0869565217391,0.0779220779221,0.860530773574
1,0.1,252,77,69,10,0.0905511811024,0.144927536232,0.12987012987,1.43421795596
1,0.1,253,77,69,8,0.0905511811024,0.115942028986,0.103896103896,1.14737436477
1,0.1,254,77,69,9,0.0905511811024,0.130434782609,0.116883116883,1.29079616036
1,0.1,255,77,69,6,0.0905511811024,0.0869565217391,0.0779220779221,0.860530773574
1,0.1,256,77,69,6,0.0905511811024,0.0869565217391,0.0779220779221,0.860530773574
1,0.1,257,77,69,5,0.0905511811024,0.0724637681159,0.0649350649351,0.717108977979
1,0.1,258,77,69,10,0.0905511811024,0.144927536232,0.12987012987,1.43421795596
1,0.1,259,77,69,7,0.0905511811024,0.101449275362,0.0909090909091,1.00395256917
1,0.1,260,77,69,8,0.0905511811024,0.115942028986,0.103896103896,1.14737436477
1,0.1,261,77,69,10,0.0905511811024,0.144927536232,0.12987012987,1.43421795596
1,0.1,262,77,69,10,0.0905511811024,0.144927536232,0.12987012987,1.43421795596
1,0.1,263,77,69,6,0.0905511811024,0.0869565217391,0.0779220779221,0.860530773574
1,0.1,264,77,69,8,0.0905511811024,0.115942028986,0.103896103896,1.14737436477
1,0.1,265,77,69,7,0.0905511811024,0.101449275362,0.0909090909091,1.00395256917
1,0.1,266,77,69,7,0.0905511811024,0.101449275362,0.0909090909091,1.00395256917
1,0.1,267,77,69,5,0.0905511811024,0.0724637681159,0.0649350649351,0.717108977979
1,0.1,268,77,69,6,0.0905511811024,0.0869565217391,0.0779220779221,0.860530773574
1,0.1,269,77,69,10,0.0905511811024,0.144927536232,0.12987012987,1.43421795596
1,0.1,270,77,69,5,0.0905511811024,0.0724637681159,0.0649350649351,0.717108977979
1,0.1,271,77,69,10,0.0905511811024,0.144927536232,0.12987012987,1.43421795596
1,0.1,272,77,69,9,0.0905511811024,0.130434782609,0.116883116883,1.29079616036
1,0.1,273,77,69,8,0.0905511811024,0.115942028986,0.103896103896,1.14737436477
1,0.1,274,77,69,8,0.0905511811024,0.115942028986,0.103896103896,1.14737436477
1,0.1,275,77,69,7,0.0905511811024,0.101449275362,0.0909090909091,1.00395256917
1,0.1,276,77,69,4,0.0905511811024,0.0579710144928,0.0519480519481,0.573687182383
1,0.1,277,77,69,9,0.0905511811024,0.130434782609,0.116883116883,1.29079616036
1,0.1,278,77,69,8,0.0905511811024,0.115942028986,0.103896103896,1.14737436477
1,0.1,279,77,69,9,0.0905511811024,0.130434782609,0.116883116883,1.29079616036
1,0.1,280,77,69,6,0.0905511811024,0.0869565217391,0.0779220779221,0.860530773574
1,0.1,281,77,69,10,0.0905511811024,0.144927536232,0.12987012987,1.43421795596
1,0.1,282,77,69,9,0.0905511811024,0.130434782609,0.116883116883,1.29079616036
1,0.1,283,77,69,6,0.0905511811024,0.0869565217391,0.0779220779221,0.860530773574
1,0.1,284,77,69,8,0.0905511811024,0.115942028986,0.103896103896,1.14737436477
1,0.1,285,77,69,7,0.0905511811024,0.101449275362,0.0909090909091,1.00395256917
1,0.1,286,77,69,7,0.0905511811024,0.101449275362,0.0909090909091,1.00395256917
1,0.1,287,77,69,6,0.0905511811024,0.0869565217391,0.0779220779221,0.860530773574
1,0.1,288,77,69,4,0.0905511811024,0.0579710144928,0.0519480519481,0.573687182383
1,0.1,289,77,69,6,0.0905511811024,0.0869565217391,0.0779220779221,0.860530773574
1,0.1,290,77,69,9,0.0905511811024,0.130434782609,0.116883116883,1.29079616036
1,0.1,291,77,69,8,0.0905511811024,0.115942028986,0.103896103896,1.14737436477
1,0.1,292,77,69,9,0.0905511811024,0.130434782609,0.116883116883,1.29079616036
1,0.1,293,77,69,5,0.0905511811024,0.0724637681159,0.0649350649351,0.717108977979
1,0.1,294,77,69,6,0.0905511811024,0.0869565217391,0.0779220779221,0.860530773574
1,0.1,295,77,69,9,0.0905511811024,0.130434782609,0.116883116883,1.29079616036
1,0.1,296,77,69,5,0.0905511811024,0.0724637681159,0.0649350649351,0.717108977979
1,0.1,297,77,69,11,0.0905511811024,0.159420289855,0.142857142857,1.57763975155
1,0.1,298,77,69,4,0.0905511811024,0.0579710144928,0.0519480519481,0.573687182383
1,0.1,299,77,69,6,0.0905511811024,0.0869565217391,0.0779220779221,0.860530773574
1,0.1,300,77,69,3,0.0905511811024,0.0434782608696,0.038961038961,0.430265386787
1,0.1,301,77,69,4,0.0905511811024,0.0579710144928,0.0519480519481,0.573687182383
1,0.1,302,77,69,8,0.0905511811024,0.115942028986,0.103896103896,1.14737436477
1,0.1,303,77,69,9,0.0905511811024,0.130434782609,0.116883116883,1.29079616036
1,0.1,304,77,69,9,0.0905511811024,0.130434782609,0.116883116883,1.29079616036
1,0.1,305,77,69,8,0.0905511811024,0.115942028986,0.103896103896,1.14737436477
1,0.1,306,77,69,2,0.0905511811024,0.0289855072464,0.025974025974,0.286843591191
1,0.1,307,77,69,9,0.0905511811024,0.130434782609,0.116883116883,1.29079616036
1,0.1,308,77,69,4,0.0905511811024,0.0579710144928,0.0519480519481,0.573687182383
1,0.1,309,77,69,7,0.0905511811024,0.101449275362,0.0909090909091,1.00395256917
1,0.1,310,77,69,13,0.0905511811024,0.188405797101,0.168831168831,1.86448334274
1,0.1,311,77,69,7,0.0905511811024,0.101449275362,0.0909090909091,1.00395256917
1,0.1,312,77,69,7,0.0905511811024,0.101449275362,0.0909090909091,1.00395256917
1,0.1,313,77,69,9,0.0905511811024,0.130434782609,0.116883116883,1.29079616036
1,0.1,314,77,69,7,0.0905511811024,0.101449275362,0.0909090909091,1.00395256917
1,0.1,315,77,69,5,0.0905511811024,0.0724637681159,0.0649350649351,0.717108977979
1,0.1,316,77,69,5,0.0905511811024,0.0724637681159,0.0649350649351,0.717108977979
1,0.1,317,77,69,8,0.0905511811024,0.115942028986,0.103896103896,1.14737436477
1,0.1,318,77,69,3,0.0905511811024,0.0434782608696,0.038961038961,0.430265386787
1,0.1,319,77,69,7,0.0905511811024,0.101449275362,0.0909090909091,1.00395256917
1,0.1,320,77,69,9,0.0905511811024,0.130434782609,0.116883116883,1.29079616036
1,0.1,321,77,69,5,0.0905511811024,0.0724637681159,0.0649350649351,0.717108977979
1,0.1,322,77,69,10,0.0905511811024,0.144927536232,0.12987012987,1.43421795596
1,0.1,323,77,69,5,0.0905511811024,0.0724637681159,0.0649350649351,0.717108977979
1,0.1,324,77,69,6,0.0905511811024,0.0869565217391,0.0779220779221,0.860530773574
1,0.1,325,77,69,6,0.0905511811024,0.0869565217391,0.0779220779221,0.860530773574
1,0.1,326,77,69,5,0.0905511811024,0.0724637681159,0.0649350649351,0.717108977979
1,0.1,327,77,69,5,0.0905511811024,0.0724637681159,0.0649350649351,0.717108977979
1,0.1,328,77,69,4,0.0905511811024,0.0579710144928,0.0519480519481,0.573687182383
1,0.1,329,77,69,9,0.0905511811024,0.130434782609,0.116883116883,1.29079616036
1,0.1,330,77,69,6,0.0905511811024,0.0869565217391,0.0779220779221,0.860530773574
1,0.1,331,77,69,9,0.0905511811024,0.130434782609,0.116883116883,1.29079616036
1,0.1,332,77,69,2,0.0905511811024,0.0289855072464,0.025974025974,0.286843591191
1,0.1,333,77,69,6,0.0905511811024,0.0869565217391,0.0779220779221,0.860530773574
1,0.1,334,77,69,6,0.0905511811024,0.0869565217391,0.0779220779221,0.860530773574
1,0.1,335,77,69,5,0.0905511811024,0.0724637681159,0.0649350649351,0.717108977979
1,0.1,336,77,69,7,0.0905511811024,0.101449275362,0.0909090909091,1.00395256917
1,0.1,337,77,69,5,0.0905511811024,0.0724637681159,0.0649350649351,0.717108977979
1,0.1,338,77,69,4,0.0905511811024,0.0579710144928,0.0519480519481,0.573687182383
1,0.1,339,77,69,2,0.0905511811024,0.0289855072464,0.025974025974,0.286843591191
1,0.1,340,77,69,8,0.0905511811024,0.115942028986,0.103896103896,1.14737436477
1,0.1,341,77,69,8,0.0905511811024,0.115942028986,0.103896103896,1.14737436477
1,0.1,342,77,69,13,0.0905511811024,0.188405797101,0.168831168831,1.86448334274
1,0.1,343,77,69,5,0.0905511811024,0.0724637681159,0.0649350649351,0.717108977979
1,0.1,344,77,69,10,0.0905511811024,0.144927536232,0.12987012987,1.43421795596
1,0.1,345,77,69,7,0.0905511811024,0.101449275362,0.0909090909091,1.00395256917
1,0.1,346,77,69,13,0.0905511811024,0.188405797101,0.168831168831,1.86448334274
1,0.1,347,77,69,5,0.0905511811024,0.0724637681159,0.0649350649351,0.717108977979
1,0.1,348,77,69,8,0.0905511811024,0.115942028986,0.103896103896,1.14737436477
1,0.1,349,77,69,11,0.0905511811024,0.159420289855,0.142857142857,1.57763975155
1,0.1,350,77,69,7,0.0905511811024,0.101449275362,0.0909090909091,1.00395256917
1,0.1,351,77,69,5,0.0905511811024,0.0724637681159,0.0649350649351,0.717108977979
1,0.1,352,77,69,8,0.0905511811024,0.115942028986,0.103896103896,1.14737436477
1,0.1,353,77,69,11,0.0905511811024,0.159420289855,0.142857142857,1.57763975155
1,0.1,354,77,69,10,0.0905511811024,0.144927536232,0.12987012987,1.43421795596
1,0.1,355,77,69,11,0.0905511811024,0.159420289855,0.142857142857,1.57763975155
1,0.1,356,77,69,8,0.0905511811024,0.115942028986,0.103896103896,1.14737436477
1,0.1,357,77,69,9,0.0905511811024,0.130434782609,0.116883116883,1.29079616036
1,0.1,358,77,69,7,0.0905511811024,0.101449275362,0.0909090909091,1.00395256917
1,0.1,359,77,69,4,0.0905511811024,0.0579710144928,0.0519480519481,0.573687182383
1,0.1,360,77,69,9,0.0905511811024,0.130434782609,0.116883116883,1.29079616036
1,0.1,361,77,69,9,0.0905511811024,0.130434782609,0.116883116883,1.29079616036
1,0.1,362,77,69,6,0.0905511811024,0.0869565217391,0.0779220779221,0.860530773574
1,0.1,363,77,69,7,0.0905511811024,0.101449275362,0.0909090909091,1.00395256917
1,0.1,364,77,69,7,0.0905511811024,0.101449275362,0.0909090909091,1.00395256917
1,0.1,365,77,69,8,0.0905511811024,0.115942028986,0.103896103896,1.14737436477
1,0.1,366,77,69,5,0.0905511811024,0.0724637681159,0.0649350649351,0.717108977979
1,0.1,367,77,69,10,0.0905511811024,0.144927536232,0.12987012987,1.43421795596
1,0.1,368,77,69,9,0.0905511811024,0.130434782609,0.116883116883,1.29079616036
1,0.1,369,77,69,4,0.0905511811024,0.0579710144928,0.0519480519481,0.573687182383
1,0.1,370,77,69,8,0.0905511811024,0.115942028986,0.103896103896,1.14737436477
1,0.1,371,77,69,5,0.0905511811024,0.0724637681159,0.0649350649351,0.717108977979
1,0.1,372,77,69,9,0.0905511811024,0.130434782609,0.116883116883,1.29079616036
1,0.1,373,77,69,10,0.0905511811024,0.144927536232,0.12987012987,1.43421795596
1,0.1,374,77,69,9,0.0905511811024,0.130434782609,0.116883116883,1.29079616036
1,0.1,375,77,69,9,0.0905511811024,0.130434782609,0.116883116883,1.29079616036
1,0.1,376,77,69,5,0.0905511811024,0.0724637681159,0.0649350649351,0.717108977979
1,0.1,377,77,69,10,0.0905511811024,0.144927536232,0.12987012987,1.43421795596
1,0.1,378,77,69,8,0.0905511811024,0.115942028986,0.103896103896,1.14737436477
1,0.1,379,77,69,8,0.0905511811024,0.115942028986,0.103896103896,1.14737436477
1,0.1,380,77,69,8,0.0905511811024,0.115942028986,0.103896103896,1.14737436477
1,0.1,381,77,69,7,0.0905511811024,0.101449275362,0.0909090909091,1.00395256917
1,0.1,382,77,69,4,0.0905511811024,0.0579710144928,0.0519480519481,0.573687182383
1,0.1,383,77,69,4,0.0905511811024,0.0579710144928,0.0519480519481,0.573687182383
1,0.1,384,77,69,4,0.0905511811024,0.0579710144928,0.0519480519481,0.573687182383
1,0.1,385,77,69,3,0.0905511811024,0.0434782608696,0.038961038961,0.430265386787
1,0.1,386,77,69,5,0.0905511811024,0.0724637681159,0.0649350649351,0.717108977979
1,0.1,387,77,69,5,0.0905511811024,0.0724637681159,0.0649350649351,0.717108977979
1,0.1,388,77,69,7,0.0905511811024,0.101449275362,0.0909090909091,1.00395256917
1,0.1,389,77,69,5,0.0905511811024,0.0724637681159,0.0649350649351,0.717108977979
1,0.1,390,77,69,8,0.0905511811024,0.115942028986,0.103896103896,1.14737436477
1,0.1,391,77,69,9,0.0905511811024,0.130434782609,0.116883116883,1.29079616036
1,0.1,392,77,69,11,0.0905511811024,0.159420289855,0.142857142857,1.57763975155
1,0.1,393,77,69,11,0.0905511811024,0.159420289855,0.142857142857,1.57763975155
1,0.1,394,77,69,9,0.0905511811024,0.130434782609,0.116883116883,1.29079616036
1,0.1,395,77,69,8,0.0905511811024,0.115942028986,0.103896103896,1.14737436477
1,0.1,396,77,69,4,0.0905511811024,0.0579710144928,0.0519480519481,0.573687182383
1,0.1,397,77,69,8,0.0905511811024,0.115942028986,0.103896103896,1.14737436477
1,0.1,398,77,69,9,0.0905511811024,0.130434782609,0.116883116883,1.29079616036
1,0.1,399,77,69,7,0.0905511811024,0.101449275362,0.0909090909091,1.00395256917
1,0.1,400,77,69,9,0.0905511811024,0.130434782609,0.116883116883,1.29079616036
1,0.1,401,77,69,7,0.0905511811024,0.101449275362,0.0909090909091,1.00395256917
1,0.1,402,77,69,6,0.0905511811024,0.0869565217391,0.0779220779221,0.860530773574
1,0.1,403,77,69,6,0.0905511811024,0.0869565217391,0.0779220779221,0.860530773574
1,0.1,404,77,69,10,0.0905511811024,0.144927536232,0.12987012987,1.43421795596
1,0.1,405,77,69,6,0.0905511811024,0.0869565217391,0.0779220779221,0.860530773574
1,0.1,406,77,69,2,0.0905511811024,0.0289855072464,0.025974025974,0.286843591191
1,0.1,407,77,69,7,0.0905511811024,0.101449275362,0.0909090909091,1.00395256917
1,0.1,408,77,69,4,0.0905511811024,0.0579710144928,0.0519480519481,0.573687182383
1,0.1,409,77,69,3,0.0905511811024,0.0434782608696,0.038961038961,0.430265386787
1,0.1,410,77,69,6,0.0905511811024,0.0869565217391,0.0779220779221,0.860530773574
1,0.1,411,77,69,8,0.0905511811024,0.115942028986,0.103896103896,1.14737436477
1,0.1,412,77,69,4,0.0905511811024,0.0579710144928,0.0519480519481,0.573687182383
1,0.1,413,77,69,6,0.0905511811024,0.0869565217391,0.0779220779221,0.860530773574
1,0.1,414,77,69,10,0.0905511811024,0.144927536232,0.12987012987,1.43421795596
1,0.1,415,77,69,6,0.0905511811024,0.0869565217391,0.0779220779221,0.860530773574
1,0.1,416,77,69,10,0.0905511811024,0.144927536232,0.12987012987,1.43421795596
1,0.1,417,77,69,10,0.0905511811024,0.144927536232,0.12987012987,1.43421795596
1,0.1,418,77,69,5,0.0905511811024,0.0724637681159,0.0649350649351,0.717108977979
1,0.1,419,77,69,4,0.0905511811024,0.0579710144928,0.0519480519481,0.573687182383
1,0.1,420,77,69,4,0.0905511811024,0.0579710144928,0.0519480519481,0.573687182383
1,0.1,421,77,69,7,0.0905511811024,0.101449275362,0.0909090909091,1.00395256917
1,0.1,422,77,69,8,0.0905511811024,0.115942028986,0.103896103896,1.14737436477
1,0.1,423,77,69,8,0.0905511811024,0.115942028986,0.103896103896,1.14737436477
1,0.1,424,77,69,5,0.0905511811024,0.0724637681159,0.0649350649351,0.717108977979
1,0.1,425,77,69,9,0.0905511811024,0.130434782609,0.116883116883,1.29079616036
1,0.1,426,77,69,6,0.0905511811024,0.0869565217391,0.0779220779221,0.860530773574
1,0.1,427,77,69,6,0.0905511811024,0.0869565217391,0.0779220779221,0.860530773574
1,0.1,428,77,69,3,0.0905511811024,0.0434782608696,0.038961038961,0.430265386787
1,0.1,429,77,69,11,0.0905511811024,0.159420289855,0.142857142857,1.57763975155
1,0.1,430,77,69,11,0.0905511811024,0.159420289855,0.142857142857,1.57763975155
1,0.1,431,77,69,7,0.0905511811024,0.101449275362,0.0909090909091,1.00395256917
1,0.1,432,77,69,9,0.0905511811024,0.130434782609,0.116883116883,1.29079616036
1,0.1,433,77,69,8,0.0905511811024,0.115942028986,0.103896103896,1.14737436477
1,0.1,434,77,69,10,0.0905511811024,0.144927536232,0.12987012987,1.43421795596
1,0.1,435,77,69,4,0.0905511811024,0.0579710144928,0.0519480519481,0.573687182383
1,0.1,436,77,69,6,0.0905511811024,0.0869565217391,0.0779220779221,0.860530773574
1,0.1,437,77,69,8,0.0905511811024,0.115942028986,0.103896103896,1.14737436477
1,0.1,438,77,69,12,0.0905511811024,0.173913043478,0.155844155844,1.72106154715
1,0.1,439,77,69,10,0.0905511811024,0.144927536232,0.12987012987,1.43421795596
1,0.1,440,77,69,13,0.0905511811024,0.188405797101,0.168831168831,1.86448334274
1,0.1,441,77,69,6,0.0905511811024,0.0869565217391,0.0779220779221,0.860530773574
1,0.1,442,77,69,5,0.0905511811024,0.0724637681159,0.0649350649351,0.717108977979
1,0.1,443,77,69,5,0.0905511811024,0.0724637681159,0.0649350649351,0.717108977979
1,0.1,444,77,69,11,0.0905511811024,0.159420289855,0.142857142857,1.57763975155
1,0.1,445,77,69,7,0.0905511811024,0.101449275362,0.0909090909091,1.00395256917
1,0.1,446,77,69,5,0.0905511811024,0.0724637681159,0.0649350649351,0.717108977979
1,0.1,447,77,69,7,0.0905511811024,0.101449275362,0.0909090909091,1.00395256917
1,0.1,448,77,69,6,0.0905511811024,0.0869565217391,0.0779220779221,0.860530773574
1,0.1,449,77,69,4,0.0905511811024,0.0579710144928,0.0519480519481,0.573687182383
1,0.1,450,77,69,8,0.0905511811024,0.115942028986,0.103896103896,1.14737436477
1,0.1,451,77,69,12,0.0905511811024,0.173913043478,0.155844155844,1.72106154715
1,0.1,452,77,69,8,0.0905511811024,0.115942028986,0.103896103896,1.14737436477
1,0.1,453,77,69,5,0.0905511811024,0.0724637681159,0.0649350649351,0.717108977979
1,0.1,454,77,69,7,0.0905511811024,0.101449275362,0.0909090909091,1.00395256917
1,0.1,455,77,69,2,0.0905511811024,0.0289855072464,0.025974025974,0.286843591191
1,0.1,456,77,69,12,0.0905511811024,0.173913043478,0.155844155844,1.72106154715
1,0.1,457,77,69,5,0.0905511811024,0.0724637681159,0.0649350649351,0.717108977979
1,0.1,458,77,69,10,0.0905511811024,0.144927536232,0.12987012987,1.43421795596
1,0.1,459,77,69,7,0.0905511811024,0.101449275362,0.0909090909091,1.00395256917
1,0.1,460,77,69,9,0.0905511811024,0.130434782609,0.116883116883,1.29079616036
1,0.1,461,77,69,7,0.0905511811024,0.101449275362,0.0909090909091,1.00395256917
1,0.1,462,77,69,7,0.0905511811024,0.101449275362,0.0909090909091,1.00395256917
1,0.1,463,77,69,8,0.0905511811024,0.115942028986,0.103896103896,1.14737436477
1,0.1,464,77,69,6,0.0905511811024,0.0869565217391,0.0779220779221,0.860530773574
1,0.1,465,77,69,5,0.0905511811024,0.0724637681159,0.0649350649351,0.717108977979
1,0.1,466,77,69,4,0.0905511811024,0.0579710144928,0.0519480519481,0.573687182383
1,0.1,467,77,69,5,0.0905511811024,0.0724637681159,0.0649350649351,0.717108977979
1,0.1,468,77,69,12,0.0905511811024,0.173913043478,0.155844155844,1.72106154715
1,0.1,469,77,69,3,0.0905511811024,0.0434782608696,0.038961038961,0.430265386787
1,0.1,470,77,69,12,0.0905511811024,0.173913043478,0.155844155844,1.72106154715
1,0.1,471,77,69,4,0.0905511811024,0.0579710144928,0.0519480519481,0.573687182383
1,0.1,472,77,69,6,0.0905511811024,0.0869565217391,0.0779220779221,0.860530773574
1,0.1,473,77,69,6,0.0905511811024,0.0869565217391,0.0779220779221,0.860530773574
1,0.1,474,77,69,10,0.0905511811024,0.144927536232,0.12987012987,1.43421795596
1,0.1,475,77,69,7,0.0905511811024,0.101449275362,0.0909090909091,1.00395256917
1,0.1,476,77,69,6,0.0905511811024,0.0869565217391,0.0779220779221,0.860530773574
1,0.1,477,77,69,9,0.0905511811024,0.130434782609,0.116883116883,1.29079616036
1,0.1,478,77,69,4,0.0905511811024,0.0579710144928,0.0519480519481,0.573687182383
1,0.1,479,77,69,8,0.0905511811024,0.115942028986,0.103896103896,1.14737436477
1,0.1,480,77,69,9,0.0905511811024,0.130434782609,0.116883116883,1.29079616036
1,0.1,481,77,69,5,0.0905511811024,0.0724637681159,0.0649350649351,0.717108977979
1,0.1,482,77,69,11,0.0905511811024,0.159420289855,0.142857142857,1.57763975155
1,0.1,483,77,69,6,0.0905511811024,0.0869565217391,0.0779220779221,0.860530773574
1,0.1,484,77,69,7,0.0905511811024,0.101449275362,0.0909090909091,1.00395256917
1,0.1,485,77,69,8,0.0905511811024,0.115942028986,0.103896103896,1.14737436477
1,0.1,486,77,69,9,0.0905511811024,0.130434782609,0.116883116883,1.29079616036
1,0.1,487,77,69,5,0.0905511811024,0.0724637681159,0.0649350649351,0.717108977979
1,0.1,488,77,69,7,0.0905511811024,0.101449275362,0.0909090909091,1.00395256917
1,0.1,489,77,69,5,0.0905511811024,0.0724637681159,0.0649350649351,0.717108977979
1,0.1,490,77,69,8,0.0905511811024,0.115942028986,0.103896103896,1.14737436477
1,0.1,491,77,69,6,0.0905511811024,0.0869565217391,0.0779220779221,0.860530773574
1,0.1,492,77,69,11,0.0905511811024,0.159420289855,0.142857142857,1.57763975155
1,0.1,493,77,69,3,0.0905511811024,0.0434782608696,0.038961038961,0.430265386787
1,0.1,494,77,69,7,0.0905511811024,0.101449275362,0.0909090909091,1.00395256917
1,0.1,495,77,69,8,0.0905511811024,0.115942028986,0.103896103896,1.14737436477
1,0.1,496,77,69,6,0.0905511811024,0.0869565217391,0.0779220779221,0.860530773574
1,0.1,497,77,69,3,0.0905511811024,0.0434782608696,0.038961038961,0.430265386787
1,0.1,498,77,69,8,0.0905511811024,0.115942028986,0.103896103896,1.14737436477
1,0.1,499,77,69,8,0.0905511811024,0.115942028986,0.103896103896,1.14737436477
1,0.1,500,77,69,4,0.0905511811024,0.0579710144928,0.0519480519481,0.573687182383
1,0.1,501,77,69,7,0.0905511811024,0.101449275362,0.0909090909091,1.00395256917
1,0.1,502,77,69,9,0.0905511811024,0.130434782609,0.116883116883,1.29079616036
1,0.1,503,77,69,8,0.0905511811024,0.115942028986,0.103896103896,1.14737436477
1,0.1,504,77,69,6,0.0905511811024,0.0869565217391,0.0779220779221,0.860530773574
1,0.1,505,77,69,5,0.0905511811024,0.0724637681159,0.0649350649351,0.717108977979
1,0.1,506,77,69,8,0.0905511811024,0.115942028986,0.103896103896,1.14737436477
1,0.1,507,77,69,6,0.0905511811024,0.0869565217391,0.0779220779221,0.860530773574
1,0.1,508,77,69,9,0.0905511811024,0.130434782609,0.116883116883,1.29079616036
1,0.1,509,77,69,5,0.0905511811024,0.0724637681159,0.0649350649351,0.717108977979
1,0.1,510,77,69,3,0.0905511811024,0.0434782608696,0.038961038961,0.430265386787
1,0.1,511,77,69,9,0.0905511811024,0.130434782609,0.116883116883,1.29079616036
1,0.1,512,77,69,6,0.0905511811024,0.0869565217391,0.0779220779221,0.860530773574
1,0.1,513,77,69,8,0.0905511811024,0.115942028986,0.103896103896,1.14737436477
1,0.1,514,77,69,7,0.0905511811024,0.101449275362,0.0909090909091,1.00395256917
1,0.1,515,77,69,5,0.0905511811024,0.0724637681159,0.0649350649351,0.717108977979
1,0.1,516,77,69,8,0.0905511811024,0.115942028986,0.103896103896,1.14737436477
1,0.1,517,77,69,4,0.0905511811024,0.0579710144928,0.0519480519481,0.573687182383
1,0.1,518,77,69,11,0.0905511811024,0.159420289855,0.142857142857,1.57763975155
1,0.1,519,77,69,12,0.0905511811024,0.173913043478,0.155844155844,1.72106154715
1,0.1,520,77,69,7,0.0905511811024,0.101449275362,0.0909090909091,1.00395256917
1,0.1,521,77,69,6,0.0905511811024,0.0869565217391,0.0779220779221,0.860530773574
1,0.1,522,77,69,9,0.0905511811024,0.130434782609,0.116883116883,1.29079616036
1,0.1,523,77,69,6,0.0905511811024,0.0869565217391,0.0779220779221,0.860530773574
1,0.1,524,77,69,8,0.0905511811024,0.115942028986,0.103896103896,1.14737436477
1,0.1,525,77,69,7,0.0905511811024,0.101449275362,0.0909090909091,1.00395256917
1,0.1,526,77,69,6,0.0905511811024,0.0869565217391,0.0779220779221,0.860530773574
1,0.1,527,77,69,6,0.0905511811024,0.0869565217391,0.0779220779221,0.860530773574
1,0.1,528,77,69,8,0.0905511811024,0.115942028986,0.103896103896,1.14737436477
1,0.1,529,77,69,6,0.0905511811024,0.0869565217391,0.0779220779221,0.860530773574
1,0.1,530,77,69,8,0.0905511811024,0.115942028986,0.103896103896,1.14737436477
1,0.1,531,77,69,7,0.0905511811024,0.101449275362,0.0909090909091,1.00395256917
1,0.1,532,77,69,7,0.0905511811024,0.101449275362,0.0909090909091,1.00395256917
1,0.1,533,77,69,6,0.0905511811024,0.0869565217391,0.0779220779221,0.860530773574
1,0.1,534,77,69,5,0.0905511811024,0.0724637681159,0.0649350649351,0.717108977979
1,0.1,535,77,69,5,0.0905511811024,0.0724637681159,0.0649350649351,0.717108977979
1,0.1,536,77,69,9,0.0905511811024,0.130434782609,0.116883116883,1.29079616036
1,0.1,537,77,69,5,0.0905511811024,0.0724637681159,0.0649350649351,0.717108977979
1,0.1,538,77,69,7,0.0905511811024,0.101449275362,0.0909090909091,1.00395256917
1,0.1,539,77,69,8,0.0905511811024,0.115942028986,0.103896103896,1.14737436477
1,0.1,540,77,69,6,0.0905511811024,0.0869565217391,0.0779220779221,0.860530773574
1,0.1,541,77,69,4,0.0905511811024,0.0579710144928,0.0519480519481,0.573687182383
1,0.1,542,77,69,7,0.0905511811024,0.101449275362,0.0909090909091,1.00395256917
1,0.1,543,77,69,5,0.0905511811024,0.0724637681159,0.0649350649351,0.717108977979
1,0.1,544,77,69,11,0.0905511811024,0.159420289855,0.142857142857,1.57763975155
1,0.1,545,77,69,7,0.0905511811024,0.101449275362,0.0909090909091,1.00395256917
1,0.1,546,77,69,4,0.0905511811024,0.0579710144928,0.0519480519481,0.573687182383
1,0.1,547,77,69,5,0.0905511811024,0.0724637681159,0.0649350649351,0.717108977979
1,0.1,548,77,69,5,0.0905511811024,0.0724637681159,0.0649350649351,0.717108977979
1,0.1,549,77,69,3,0.0905511811024,0.0434782608696,0.038961038961,0.430265386787
1,0.1,550,77,69,6,0.0905511811024,0.0869565217391,0.0779220779221,0.860530773574
1,0.1,551,77,69,6,0.0905511811024,0.0869565217391,0.0779220779221,0.860530773574
1,0.1,552,77,69,4,0.0905511811024,0.0579710144928,0.0519480519481,0.573687182383
1,0.1,553,77,69,7,0.0905511811024,0.101449275362,0.0909090909091,1.00395256917
1,0.1,554,77,69,9,0.0905511811024,0.130434782609,0.116883116883,1.29079616036
1,0.1,555,77,69,7,0.0905511811024,0.101449275362,0.0909090909091,1.00395256917
1,0.1,556,77,69,6,0.0905511811024,0.0869565217391,0.0779220779221,0.860530773574
1,0.1,557,77,69,7,0.0905511811024,0.101449275362,0.0909090909091,1.00395256917
1,0.1,558,77,69,10,0.0905511811024,0.144927536232,0.12987012987,1.43421795596
1,0.1,559,77,69,8,0.0905511811024,0.115942028986,0.103896103896,1.14737436477
1,0.1,560,77,69,5,0.0905511811024,0.0724637681159,0.0649350649351,0.717108977979
1,0.1,561,77,69,9,0.0905511811024,0.130434782609,0.116883116883,1.29079616036
1,0.1,562,77,69,8,0.0905511811024,0.115942028986,0.103896103896,1.14737436477
1,0.1,563,77,69,10,0.0905511811024,0.144927536232,0.12987012987,1.43421795596
1,0.1,564,77,69,9,0.0905511811024,0.130434782609,0.116883116883,1.29079616036
1,0.1,565,77,69,8,0.0905511811024,0.115942028986,0.103896103896,1.14737436477
1,0.1,566,77,69,8,0.0905511811024,0.115942028986,0.103896103896,1.14737436477
1,0.1,567,77,69,12,0.0905511811024,0.173913043478,0.155844155844,1.72106154715
1,0.1,568,77,69,6,0.0905511811024,0.0869565217391,0.0779220779221,0.860530773574
1,0.1,569,77,69,6,0.0905511811024,0.0869565217391,0.0779220779221,0.860530773574
1,0.1,570,77,69,6,0.0905511811024,0.0869565217391,0.0779220779221,0.860530773574
1,0.1,571,77,69,8,0.0905511811024,0.115942028986,0.103896103896,1.14737436477
1,0.1,572,77,69,6,0.0905511811024,0.0869565217391,0.0779220779221,0.860530773574
1,0.1,573,77,69,7,0.0905511811024,0.101449275362,0.0909090909091,1.00395256917
1,0.1,574,77,69,9,0.0905511811024,0.130434782609,0.116883116883,1.29079616036
1,0.1,575,77,69,7,0.0905511811024,0.101449275362,0.0909090909091,1.00395256917
1,0.1,576,77,69,8,0.0905511811024,0.115942028986,0.103896103896,1.14737436477
1,0.1,577,77,69,7,0.0905511811024,0.101449275362,0.0909090909091,1.00395256917
1,0.1,578,77,69,6,0.0905511811024,0.0869565217391,0.0779220779221,0.860530773574
1,0.1,579,77,69,3,0.0905511811024,0.0434782608696,0.038961038961,0.430265386787
1,0.1,580,77,69,8,0.0905511811024,0.115942028986,0.103896103896,1.14737436477
1,0.1,581,77,69,8,0.0905511811024,0.115942028986,0.103896103896,1.14737436477
1,0.1,582,77,69,6,0.0905511811024,0.0869565217391,0.0779220779221,0.860530773574
1,0.1,583,77,69,5,0.0905511811024,0.0724637681159,0.0649350649351,0.717108977979
1,0.1,584,77,69,9,0.0905511811024,0.130434782609,0.116883116883,1.29079616036
1,0.1,585,77,69,10,0.0905511811024,0.144927536232,0.12987012987,1.43421795596
1,0.1,586,77,69,3,0.0905511811024,0.0434782608696,0.038961038961,0.430265386787
1,0.1,587,77,69,6,0.0905511811024,0.0869565217391,0.0779220779221,0.860530773574
1,0.1,588,77,69,4,0.0905511811024,0.0579710144928,0.0519480519481,0.573687182383
1,0.1,589,77,69,11,0.0905511811024,0.159420289855,0.142857142857,1.57763975155
1,0.1,590,77,69,10,0.0905511811024,0.144927536232,0.12987012987,1.43421795596
1,0.1,591,77,69,5,0.0905511811024,0.0724637681159,0.0649350649351,0.717108977979
1,0.1,592,77,69,4,0.0905511811024,0.0579710144928,0.0519480519481,0.573687182383
1,0.1,593,77,69,7,0.0905511811024,0.101449275362,0.0909090909091,1.00395256917
1,0.1,594,77,69,10,0.0905511811024,0.144927536232,0.12987012987,1.43421795596
1,0.1,595,77,69,10,0.0905511811024,0.144927536232,0.12987012987,1.43421795596
1,0.1,596,77,69,8,0.0905511811024,0.115942028986,0.103896103896,1.14737436477
1,0.1,597,77,69,9,0.0905511811024,0.130434782609,0.116883116883,1.29079616036
1,0.1,598,77,69,12,0.0905511811024,0.173913043478,0.155844155844,1.72106154715
1,0.1,599,77,69,7,0.0905511811024,0.101449275362,0.0909090909091,1.00395256917
1,0.1,600,77,69,6,0.0905511811024,0.0869565217391,0.0779220779221,0.860530773574
1,0.1,601,77,69,7,0.0905511811024,0.101449275362,0.0909090909091,1.00395256917
1,0.1,602,77,69,5,0.0905511811024,0.0724637681159,0.0649350649351,0.717108977979
1,0.1,603,77,69,5,0.0905511811024,0.0724637681159,0.0649350649351,0.717108977979
1,0.1,604,77,69,6,0.0905511811024,0.0869565217391,0.0779220779221,0.860530773574
1,0.1,605,77,69,11,0.0905511811024,0.159420289855,0.142857142857,1.57763975155
1,0.1,606,77,69,6,0.0905511811024,0.0869565217391,0.0779220779221,0.860530773574
1,0.1,607,77,69,4,0.0905511811024,0.0579710144928,0.0519480519481,0.573687182383
1,0.1,608,77,69,7,0.0905511811024,0.101449275362,0.0909090909091,1.00395256917
1,0.1,609,77,69,8,0.0905511811024,0.115942028986,0.103896103896,1.14737436477
1,0.1,610,77,69,5,0.0905511811024,0.0724637681159,0.0649350649351,0.717108977979
1,0.1,611,77,69,5,0.0905511811024,0.0724637681159,0.0649350649351,0.717108977979
1,0.1,612,77,69,11,0.0905511811024,0.159420289855,0.142857142857,1.57763975155
1,0.1,613,77,69,6,0.0905511811024,0.0869565217391,0.0779220779221,0.860530773574
1,0.1,614,77,69,9,0.0905511811024,0.130434782609,0.116883116883,1.29079616036
1,0.1,615,77,69,8,0.0905511811024,0.115942028986,0.103896103896,1.14737436477
1,0.1,616,77,69,6,0.0905511811024,0.0869565217391,0.0779220779221,0.860530773574
1,0.1,617,77,69,5,0.0905511811024,0.0724637681159,0.0649350649351,0.717108977979
1,0.1,618,77,69,7,0.0905511811024,0.101449275362,0.0909090909091,1.00395256917
1,0.1,619,77,69,7,0.0905511811024,0.101449275362,0.0909090909091,1.00395256917
1,0.1,620,77,69,5,0.0905511811024,0.0724637681159,0.0649350649351,0.717108977979
1,0.1,621,77,69,11,0.0905511811024,0.159420289855,0.142857142857,1.57763975155
1,0.1,622,77,69,8,0.0905511811024,0.115942028986,0.103896103896,1.14737436477
1,0.1,623,77,69,8,0.0905511811024,0.115942028986,0.103896103896,1.14737436477
1,0.1,624,77,69,5,0.0905511811024,0.0724637681159,0.0649350649351,0.717108977979
1,0.1,625,77,69,10,0.0905511811024,0.144927536232,0.12987012987,1.43421795596
1,0.1,626,77,69,0,0.0905511811024,0,0,0
1,0.1,627,77,69,8,0.0905511811024,0.115942028986,0.103896103896,1.14737436477
1,0.1,628,77,69,4,0.0905511811024,0.0579710144928,0.0519480519481,0.573687182383
1,0.1,629,77,69,8,0.0905511811024,0.115942028986,0.103896103896,1.14737436477
1,0.1,630,77,69,6,0.0905511811024,0.0869565217391,0.0779220779221,0.860530773574
1,0.1,631,77,69,10,0.0905511811024,0.144927536232,0.12987012987,1.43421795596
1,0.1,632,77,69,5,0.0905511811024,0.0724637681159,0.0649350649351,0.717108977979
1,0.1,633,77,69,4,0.0905511811024,0.0579710144928,0.0519480519481,0.573687182383
1,0.1,634,77,69,4,0.0905511811024,0.0579710144928,0.0519480519481,0.573687182383
1,0.1,635,77,69,7,0.0905511811024,0.101449275362,0.0909090909091,1.00395256917
1,0.1,636,77,69,6,0.0905511811024,0.0869565217391,0.0779220779221,0.860530773574
1,0.1,637,77,69,5,0.0905511811024,0.0724637681159,0.0649350649351,0.717108977979
1,0.1,638,77,69,8,0.0905511811024,0.115942028986,0.103896103896,1.14737436477
1,0.1,639,77,69,8,0.0905511811024,0.115942028986,0.103896103896,1.14737436477
1,0.1,640,77,69,6,0.0905511811024,0.0869565217391,0.0779220779221,0.860530773574
1,0.1,641,77,69,8,0.0905511811024,0.115942028986,0.103896103896,1.14737436477
1,0.1,642,77,69,7,0.0905511811024,0.101449275362,0.0909090909091,1.00395256917
1,0.1,643,77,69,5,0.0905511811024,0.0724637681159,0.0649350649351,0.717108977979
1,0.1,644,77,69,5,0.0905511811024,0.0724637681159,0.0649350649351,0.717108977979
1,0.1,645,77,69,3,0.0905511811024,0.0434782608696,0.038961038961,0.430265386787
1,0.1,646,77,69,12,0.0905511811024,0.173913043478,0.155844155844,1.72106154715
1,0.1,647,77,69,7,0.0905511811024,0.101449275362,0.0909090909091,1.00395256917
1,0.1,648,77,69,7,0.0905511811024,0.101449275362,0.0909090909091,1.00395256917
1,0.1,649,77,69,8,0.0905511811024,0.115942028986,0.103896103896,1.14737436477
1,0.1,650,77,69,6,0.0905511811024,0.0869565217391,0.0779220779221,0.860530773574
1,0.1,651,77,69,7,0.0905511811024,0.101449275362,0.0909090909091,1.00395256917
1,0.1,652,77,69,8,0.0905511811024,0.115942028986,0.103896103896,1.14737436477
1,0.1,653,77,69,11,0.0905511811024,0.159420289855,0.142857142857,1.57763975155
1,0.1,654,77,69,2,0.0905511811024,0.0289855072464,0.025974025974,0.286843591191
1,0.1,655,77,69,6,0.0905511811024,0.0869565217391,0.0779220779221,0.860530773574
1,0.1,656,77,69,8,0.0905511811024,0.115942028986,0.103896103896,1.14737436477
1,0.1,657,77,69,7,0.0905511811024,0.101449275362,0.0909090909091,1.00395256917
1,0.1,658,77,69,11,0.0905511811024,0.159420289855,0.142857142857,1.57763975155
1,0.1,659,77,69,7,0.0905511811024,0.101449275362,0.0909090909091,1.00395256917
1,0.1,660,77,69,6,0.0905511811024,0.0869565217391,0.0779220779221,0.860530773574
1,0.1,661,77,69,6,0.0905511811024,0.0869565217391,0.0779220779221,0.860530773574
1,0.1,662,77,69,9,0.0905511811024,0.130434782609,0.116883116883,1.29079616036
1,0.1,663,77,69,14,0.0905511811024,0.202898550725,0.181818181818,2.00790513834
1,0.1,664,77,69,9,0.0905511811024,0.130434782609,0.116883116883,1.29079616036
1,0.1,665,77,69,5,0.0905511811024,0.0724637681159,0.0649350649351,0.717108977979
1,0.1,666,77,69,4,0.0905511811024,0.0579710144928,0.0519480519481,0.573687182383
1,0.1,667,77,69,7,0.0905511811024,0.101449275362,0.0909090909091,1.00395256917
1,0.1,668,77,69,5,0.0905511811024,0.0724637681159,0.0649350649351,0.717108977979
1,0.1,669,77,69,10,0.0905511811024,0.144927536232,0.12987012987,1.43421795596
1,0.1,670,77,69,9,0.0905511811024,0.130434782609,0.116883116883,1.29079616036
1,0.1,671,77,69,5,0.0905511811024,0.0724637681159,0.0649350649351,0.717108977979
1,0.1,672,77,69,9,0.0905511811024,0.130434782609,0.116883116883,1.29079616036
1,0.1,673,77,69,6,0.0905511811024,0.0869565217391,0.0779220779221,0.860530773574
1,0.1,674,77,69,6,0.0905511811024,0.0869565217391,0.0779220779221,0.860530773574
1,0.1,675,77,69,2,0.0905511811024,0.0289855072464,0.025974025974,0.286843591191
1,0.1,676,77,69,5,0.0905511811024,0.0724637681159,0.0649350649351,0.717108977979
1,0.1,677,77,69,12,0.0905511811024,0.173913043478,0.155844155844,1.72106154715
1,0.1,678,77,69,8,0.0905511811024,0.115942028986,0.103896103896,1.14737436477
1,0.1,679,77,69,6,0.0905511811024,0.0869565217391,0.0779220779221,0.860530773574
1,0.1,680,77,69,8,0.0905511811024,0.115942028986,0.103896103896,1.14737436477
1,0.1,681,77,69,10,0.0905511811024,0.144927536232,0.12987012987,1.43421795596
1,0.1,682,77,69,7,0.0905511811024,0.101449275362,0.0909090909091,1.00395256917
1,0.1,683,77,69,9,0.0905511811024,0.130434782609,0.116883116883,1.29079616036
1,0.1,684,77,69,8,0.0905511811024,0.115942028986,0.103896103896,1.14737436477
1,0.1,685,77,69,4,0.0905511811024,0.0579710144928,0.0519480519481,0.573687182383
1,0.1,686,77,69,6,0.0905511811024,0.0869565217391,0.0779220779221,0.860530773574
1,0.1,687,77,69,8,0.0905511811024,0.115942028986,0.103896103896,1.14737436477
1,0.1,688,77,69,6,0.0905511811024,0.0869565217391,0.0779220779221,0.860530773574
1,0.1,689,77,69,3,0.0905511811024,0.0434782608696,0.038961038961,0.430265386787
1,0.1,690,77,69,10,0.0905511811024,0.144927536232,0.12987012987,1.43421795596
1,0.1,691,77,69,9,0.0905511811024,0.130434782609,0.116883116883,1.29079616036
1,0.1,692,77,69,4,0.0905511811024,0.0579710144928,0.0519480519481,0.573687182383
1,0.1,693,77,69,10,0.0905511811024,0.144927536232,0.12987012987,1.43421795596
1,0.1,694,77,69,5,0.0905511811024,0.0724637681159,0.0649350649351,0.717108977979
1,0.1,695,77,69,11,0.0905511811024,0.159420289855,0.142857142857,1.57763975155
1,0.1,696,77,69,9,0.0905511811024,0.130434782609,0.116883116883,1.29079616036
1,0.1,697,77,69,5,0.0905511811024,0.0724637681159,0.0649350649351,0.717108977979
1,0.1,698,77,69,9,0.0905511811024,0.130434782609,0.116883116883,1.29079616036
1,0.1,699,77,69,7,0.0905511811024,0.101449275362,0.0909090909091,1.00395256917
1,0.1,700,77,69,4,0.0905511811024,0.0579710144928,0.0519480519481,0.573687182383
1,0.1,701,77,69,5,0.0905511811024,0.0724637681159,0.0649350649351,0.717108977979
1,0.1,702,77,69,8,0.0905511811024,0.115942028986,0.103896103896,1.14737436477
1,0.1,703,77,69,10,0.0905511811024,0.144927536232,0.12987012987,1.43421795596
1,0.1,704,77,69,9,0.0905511811024,0.130434782609,0.116883116883,1.29079616036
1,0.1,705,77,69,5,0.0905511811024,0.0724637681159,0.0649350649351,0.717108977979
1,0.1,706,77,69,5,0.0905511811024,0.0724637681159,0.0649350649351,0.717108977979
1,0.1,707,77,69,9,0.0905511811024,0.130434782609,0.116883116883,1.29079616036
1,0.1,708,77,69,8,0.0905511811024,0.115942028986,0.103896103896,1.14737436477
1,0.1,709,77,69,6,0.0905511811024,0.0869565217391,0.0779220779221,0.860530773574
1,0.1,710,77,69,6,0.0905511811024,0.0869565217391,0.0779220779221,0.860530773574
1,0.1,711,77,69,10,0.0905511811024,0.144927536232,0.12987012987,1.43421795596
1,0.1,712,77,69,7,0.0905511811024,0.101449275362,0.0909090909091,1.00395256917
1,0.1,713,77,69,11,0.0905511811024,0.159420289855,0.142857142857,1.57763975155
1,0.1,714,77,69,7,0.0905511811024,0.101449275362,0.0909090909091,1.00395256917
1,0.1,715,77,69,14,0.0905511811024,0.202898550725,0.181818181818,2.00790513834
1,0.1,716,77,69,6,0.0905511811024,0.0869565217391,0.0779220779221,0.860530773574
1,0.1,717,77,69,7,0.0905511811024,0.101449275362,0.0909090909091,1.00395256917
1,0.1,718,77,69,1,0.0905511811024,0.0144927536232,0.012987012987,0.143421795596
1,0.1,719,77,69,6,0.0905511811024,0.0869565217391,0.0779220779221,0.860530773574
1,0.1,720,77,69,4,0.0905511811024,0.0579710144928,0.0519480519481,0.573687182383
1,0.1,721,77,69,7,0.0905511811024,0.101449275362,0.0909090909091,1.00395256917
1,0.1,722,77,69,5,0.0905511811024,0.0724637681159,0.0649350649351,0.717108977979
1,0.1,723,77,69,5,0.0905511811024,0.0724637681159,0.0649350649351,0.717108977979
1,0.1,724,77,69,9,0.0905511811024,0.130434782609,0.116883116883,1.29079616036
1,0.1,725,77,69,3,0.0905511811024,0.0434782608696,0.038961038961,0.430265386787
1,0.1,726,77,69,5,0.0905511811024,0.0724637681159,0.0649350649351,0.717108977979
1,0.1,727,77,69,2,0.0905511811024,0.0289855072464,0.025974025974,0.286843591191
1,0.1,728,77,69,8,0.0905511811024,0.115942028986,0.103896103896,1.14737436477
1,0.1,729,77,69,6,0.0905511811024,0.0869565217391,0.0779220779221,0.860530773574
1,0.1,730,77,69,9,0.0905511811024,0.130434782609,0.116883116883,1.29079616036
1,0.1,731,77,69,5,0.0905511811024,0.0724637681159,0.0649350649351,0.717108977979
1,0.1,732,77,69,6,0.0905511811024,0.0869565217391,0.0779220779221,0.860530773574
1,0.1,733,77,69,9,0.0905511811024,0.130434782609,0.116883116883,1.29079616036
1,0.1,734,77,69,9,0.0905511811024,0.130434782609,0.116883116883,1.29079616036
1,0.1,735,77,69,11,0.0905511811024,0.159420289855,0.142857142857,1.57763975155
1,0.1,736,77,69,7,0.0905511811024,0.101449275362,0.0909090909091,1.00395256917
1,0.1,737,77,69,10,0.0905511811024,0.144927536232,0.12987012987,1.43421795596
1,0.1,738,77,69,7,0.0905511811024,0.101449275362,0.0909090909091,1.00395256917
1,0.1,739,77,69,5,0.0905511811024,0.0724637681159,0.0649350649351,0.717108977979
1,0.1,740,77,69,8,0.0905511811024,0.115942028986,0.103896103896,1.14737436477
1,0.1,741,77,69,10,0.0905511811024,0.144927536232,0.12987012987,1.43421795596
1,0.1,742,77,69,7,0.0905511811024,0.101449275362,0.0909090909091,1.00395256917
1,0.1,743,77,69,11,0.0905511811024,0.159420289855,0.142857142857,1.57763975155
1,0.1,744,77,69,3,0.0905511811024,0.0434782608696,0.038961038961,0.430265386787
1,0.1,745,77,69,8,0.0905511811024,0.115942028986,0.103896103896,1.14737436477
1,0.1,746,77,69,6,0.0905511811024,0.0869565217391,0.0779220779221,0.860530773574
1,0.1,747,77,69,8,0.0905511811024,0.115942028986,0.103896103896,1.14737436477
1,0.1,748,77,69,13,0.0905511811024,0.188405797101,0.168831168831,1.86448334274
1,0.1,749,77,69,5,0.0905511811024,0.0724637681159,0.0649350649351,0.717108977979
1,0.1,750,77,69,6,0.0905511811024,0.0869565217391,0.0779220779221,0.860530773574
1,0.1,751,77,69,10,0.0905511811024,0.144927536232,0.12987012987,1.43421795596
1,0.1,752,77,69,9,0.0905511811024,0.130434782609,0.116883116883,1.29079616036
1,0.1,753,77,69,7,0.0905511811024,0.101449275362,0.0909090909091,1.00395256917
1,0.1,754,77,69,6,0.0905511811024,0.0869565217391,0.0779220779221,0.860530773574
1,0.1,755,77,69,5,0.0905511811024,0.0724637681159,0.0649350649351,0.717108977979
1,0.1,756,77,69,11,0.0905511811024,0.159420289855,0.142857142857,1.57763975155
1,0.1,757,77,69,7,0.0905511811024,0.101449275362,0.0909090909091,1.00395256917
1,0.1,758,77,69,5,0.0905511811024,0.0724637681159,0.0649350649351,0.717108977979
1,0.1,759,77,69,12,0.0905511811024,0.173913043478,0.155844155844,1.72106154715
1,0.1,760,77,69,10,0.0905511811024,0.144927536232,0.12987012987,1.43421795596
1,0.1,761,77,69,7,0.0905511811024,0.101449275362,0.0909090909091,1.00395256917
1,0.1,762,77,69,7,0.0905511811024,0.101449275362,0.0909090909091,1.00395256917
1,0.1,763,77,69,4,0.0905511811024,0.0579710144928,0.0519480519481,0.573687182383
1,0.1,764,77,69,10,0.0905511811024,0.144927536232,0.12987012987,1.43421795596
1,0.1,765,77,69,10,0.0905511811024,0.144927536232,0.12987012987,1.43421795596
1,0.1,766,77,69,5,0.0905511811024,0.0724637681159,0.0649350649351,0.717108977979
1,0.1,767,77,69,4,0.0905511811024,0.0579710144928,0.0519480519481,0.573687182383
1,0.1,768,77,69,10,0.0905511811024,0.144927536232,0.12987012987,1.43421795596
1,0.1,769,77,69,6,0.0905511811024,0.0869565217391,0.0779220779221,0.860530773574
1,0.1,770,77,69,4,0.0905511811024,0.0579710144928,0.0519480519481,0.573687182383
1,0.1,771,77,69,7,0.0905511811024,0.101449275362,0.0909090909091,1.00395256917
1,0.1,772,77,69,4,0.0905511811024,0.0579710144928,0.0519480519481,0.573687182383
1,0.1,773,77,69,7,0.0905511811024,0.101449275362,0.0909090909091,1.00395256917
1,0.1,774,77,69,11,0.0905511811024,0.159420289855,0.142857142857,1.57763975155
1,0.1,775,77,69,9,0.0905511811024,0.130434782609,0.116883116883,1.29079616036
1,0.1,776,77,69,4,0.0905511811024,0.0579710144928,0.0519480519481,0.573687182383
1,0.1,777,77,69,5,0.0905511811024,0.0724637681159,0.0649350649351,0.717108977979
1,0.1,778,77,69,8,0.0905511811024,0.115942028986,0.103896103896,1.14737436477
1,0.1,779,77,69,6,0.0905511811024,0.0869565217391,0.0779220779221,0.860530773574
1,0.1,780,77,69,7,0.0905511811024,0.101449275362,0.0909090909091,1.00395256917
1,0.1,781,77,69,7,0.0905511811024,0.101449275362,0.0909090909091,1.00395256917
1,0.1,782,77,69,6,0.0905511811024,0.0869565217391,0.0779220779221,0.860530773574
1,0.1,783,77,69,6,0.0905511811024,0.0869565217391,0.0779220779221,0.860530773574
1,0.1,784,77,69,8,0.0905511811024,0.115942028986,0.103896103896,1.14737436477
1,0.1,785,77,69,11,0.0905511811024,0.159420289855,0.142857142857,1.57763975155
1,0.1,786,77,69,8,0.0905511811024,0.115942028986,0.103896103896,1.14737436477
1,0.1,787,77,69,12,0.0905511811024,0.173913043478,0.155844155844,1.72106154715
1,0.1,788,77,69,4,0.0905511811024,0.0579710144928,0.0519480519481,0.573687182383
1,0.1,789,77,69,13,0.0905511811024,0.188405797101,0.168831168831,1.86448334274
1,0.1,790,77,69,14,0.0905511811024,0.202898550725,0.181818181818,2.00790513834
1,0.1,791,77,69,11,0.0905511811024,0.159420289855,0.142857142857,1.57763975155
1,0.1,792,77,69,9,0.0905511811024,0.130434782609,0.116883116883,1.29079616036
1,0.1,793,77,69,10,0.0905511811024,0.144927536232,0.12987012987,1.43421795596
1,0.1,794,77,69,11,0.0905511811024,0.159420289855,0.142857142857,1.57763975155
1,0.1,795,77,69,8,0.0905511811024,0.115942028986,0.103896103896,1.14737436477
1,0.1,796,77,69,4,0.0905511811024,0.0579710144928,0.0519480519481,0.573687182383
1,0.1,797,77,69,5,0.0905511811024,0.0724637681159,0.0649350649351,0.717108977979
1,0.1,798,77,69,9,0.0905511811024,0.130434782609,0.116883116883,1.29079616036
1,0.1,799,77,69,9,0.0905511811024,0.130434782609,0.116883116883,1.29079616036
1,0.1,800,77,69,6,0.0905511811024,0.0869565217391,0.0779220779221,0.860530773574
1,0.1,801,77,69,5,0.0905511811024,0.0724637681159,0.0649350649351,0.717108977979
1,0.1,802,77,69,8,0.0905511811024,0.115942028986,0.103896103896,1.14737436477
1,0.1,803,77,69,6,0.0905511811024,0.0869565217391,0.0779220779221,0.860530773574
1,0.1,804,77,69,7,0.0905511811024,0.101449275362,0.0909090909091,1.00395256917
1,0.1,805,77,69,6,0.0905511811024,0.0869565217391,0.0779220779221,0.860530773574
1,0.1,806,77,69,8,0.0905511811024,0.115942028986,0.103896103896,1.14737436477
1,0.1,807,77,69,4,0.0905511811024,0.0579710144928,0.0519480519481,0.573687182383
1,0.1,808,77,69,7,0.0905511811024,0.101449275362,0.0909090909091,1.00395256917
1,0.1,809,77,69,3,0.0905511811024,0.0434782608696,0.038961038961,0.430265386787
1,0.1,810,77,69,10,0.0905511811024,0.144927536232,0.12987012987,1.43421795596
1,0.1,811,77,69,8,0.0905511811024,0.115942028986,0.103896103896,1.14737436477
1,0.1,812,77,69,5,0.0905511811024,0.0724637681159,0.0649350649351,0.717108977979
1,0.1,813,77,69,6,0.0905511811024,0.0869565217391,0.0779220779221,0.860530773574
1,0.1,814,77,69,7,0.0905511811024,0.101449275362,0.0909090909091,1.00395256917
1,0.1,815,77,69,9,0.0905511811024,0.130434782609,0.116883116883,1.29079616036
1,0.1,816,77,69,4,0.0905511811024,0.0579710144928,0.0519480519481,0.573687182383
1,0.1,817,77,69,11,0.0905511811024,0.159420289855,0.142857142857,1.57763975155
1,0.1,818,77,69,7,0.0905511811024,0.101449275362,0.0909090909091,1.00395256917
1,0.1,819,77,69,12,0.0905511811024,0.173913043478,0.155844155844,1.72106154715
1,0.1,820,77,69,10,0.0905511811024,0.144927536232,0.12987012987,1.43421795596
1,0.1,821,77,69,5,0.0905511811024,0.0724637681159,0.0649350649351,0.717108977979
1,0.1,822,77,69,3,0.0905511811024,0.0434782608696,0.038961038961,0.430265386787
1,0.1,823,77,69,10,0.0905511811024,0.144927536232,0.12987012987,1.43421795596
1,0.1,824,77,69,4,0.0905511811024,0.0579710144928,0.0519480519481,0.573687182383
1,0.1,825,77,69,6,0.0905511811024,0.0869565217391,0.0779220779221,0.860530773574
1,0.1,826,77,69,8,0.0905511811024,0.115942028986,0.103896103896,1.14737436477
1,0.1,827,77,69,7,0.0905511811024,0.101449275362,0.0909090909091,1.00395256917
1,0.1,828,77,69,10,0.0905511811024,0.144927536232,0.12987012987,1.43421795596
1,0.1,829,77,69,10,0.0905511811024,0.144927536232,0.12987012987,1.43421795596
1,0.1,830,77,69,4,0.0905511811024,0.0579710144928,0.0519480519481,0.573687182383
1,0.1,831,77,69,6,0.0905511811024,0.0869565217391,0.0779220779221,0.860530773574
1,0.1,832,77,69,7,0.0905511811024,0.101449275362,0.0909090909091,1.00395256917
1,0.1,833,77,69,7,0.0905511811024,0.101449275362,0.0909090909091,1.00395256917
1,0.1,834,77,69,4,0.0905511811024,0.0579710144928,0.0519480519481,0.573687182383
1,0.1,835,77,69,9,0.0905511811024,0.130434782609,0.116883116883,1.29079616036
1,0.1,836,77,69,5,0.0905511811024,0.0724637681159,0.0649350649351,0.717108977979
1,0.1,837,77,69,3,0.0905511811024,0.0434782608696,0.038961038961,0.430265386787
1,0.1,838,77,69,8,0.0905511811024,0.115942028986,0.103896103896,1.14737436477
1,0.1,839,77,69,7,0.0905511811024,0.101449275362,0.0909090909091,1.00395256917
1,0.1,840,77,69,8,0.0905511811024,0.115942028986,0.103896103896,1.14737436477
1,0.1,841,77,69,4,0.0905511811024,0.0579710144928,0.0519480519481,0.573687182383
1,0.1,842,77,69,3,0.0905511811024,0.0434782608696,0.038961038961,0.430265386787
1,0.1,843,77,69,9,0.0905511811024,0.130434782609,0.116883116883,1.29079616036
1,0.1,844,77,69,8,0.0905511811024,0.115942028986,0.103896103896,1.14737436477
1,0.1,845,77,69,8,0.0905511811024,0.115942028986,0.103896103896,1.14737436477
1,0.1,846,77,69,4,0.0905511811024,0.0579710144928,0.0519480519481,0.573687182383
1,0.1,847,77,69,7,0.0905511811024,0.101449275362,0.0909090909091,1.00395256917
1,0.1,848,77,69,5,0.0905511811024,0.0724637681159,0.0649350649351,0.717108977979
1,0.1,849,77,69,8,0.0905511811024,0.115942028986,0.103896103896,1.14737436477
1,0.1,850,77,69,8,0.0905511811024,0.115942028986,0.103896103896,1.14737436477
1,0.1,851,77,69,6,0.0905511811024,0.0869565217391,0.0779220779221,0.860530773574
1,0.1,852,77,69,5,0.0905511811024,0.0724637681159,0.0649350649351,0.717108977979
1,0.1,853,77,69,8,0.0905511811024,0.115942028986,0.103896103896,1.14737436477
1,0.1,854,77,69,11,0.0905511811024,0.159420289855,0.142857142857,1.57763975155
1,0.1,855,77,69,5,0.0905511811024,0.0724637681159,0.0649350649351,0.717108977979
1,0.1,856,77,69,9,0.0905511811024,0.130434782609,0.116883116883,1.29079616036
1,0.1,857,77,69,12,0.0905511811024,0.173913043478,0.155844155844,1.72106154715
1,0.1,858,77,69,10,0.0905511811024,0.144927536232,0.12987012987,1.43421795596
1,0.1,859,77,69,8,0.0905511811024,0.115942028986,0.103896103896,1.14737436477
1,0.1,860,77,69,10,0.0905511811024,0.144927536232,0.12987012987,1.43421795596
1,0.1,861,77,69,12,0.0905511811024,0.173913043478,0.155844155844,1.72106154715
1,0.1,862,77,69,15,0.0905511811024,0.217391304348,0.194805194805,2.15132693394
1,0.1,863,77,69,6,0.0905511811024,0.0869565217391,0.0779220779221,0.860530773574
1,0.1,864,77,69,8,0.0905511811024,0.115942028986,0.103896103896,1.14737436477
1,0.1,865,77,69,8,0.0905511811024,0.115942028986,0.103896103896,1.14737436477
1,0.1,866,77,69,4,0.0905511811024,0.0579710144928,0.0519480519481,0.573687182383
1,0.1,867,77,69,9,0.0905511811024,0.130434782609,0.116883116883,1.29079616036
1,0.1,868,77,69,5,0.0905511811024,0.0724637681159,0.0649350649351,0.717108977979
1,0.1,869,77,69,6,0.0905511811024,0.0869565217391,0.0779220779221,0.860530773574
1,0.1,870,77,69,8,0.0905511811024,0.115942028986,0.103896103896,1.14737436477
1,0.1,871,77,69,12,0.0905511811024,0.173913043478,0.155844155844,1.72106154715
1,0.1,872,77,69,7,0.0905511811024,0.101449275362,0.0909090909091,1.00395256917
1,0.1,873,77,69,7,0.0905511811024,0.101449275362,0.0909090909091,1.00395256917
1,0.1,874,77,69,6,0.0905511811024,0.0869565217391,0.0779220779221,0.860530773574
1,0.1,875,77,69,5,0.0905511811024,0.0724637681159,0.0649350649351,0.717108977979
1,0.1,876,77,69,8,0.0905511811024,0.115942028986,0.103896103896,1.14737436477
1,0.1,877,77,69,5,0.0905511811024,0.0724637681159,0.0649350649351,0.717108977979
1,0.1,878,77,69,5,0.0905511811024,0.0724637681159,0.0649350649351,0.717108977979
1,0.1,879,77,69,9,0.0905511811024,0.130434782609,0.116883116883,1.29079616036
1,0.1,880,77,69,6,0.0905511811024,0.0869565217391,0.0779220779221,0.860530773574
1,0.1,881,77,69,7,0.0905511811024,0.101449275362,0.0909090909091,1.00395256917
1,0.1,882,77,69,4,0.0905511811024,0.0579710144928,0.0519480519481,0.573687182383
1,0.1,883,77,69,11,0.0905511811024,0.159420289855,0.142857142857,1.57763975155
1,0.1,884,77,69,8,0.0905511811024,0.115942028986,0.103896103896,1.14737436477
1,0.1,885,77,69,3,0.0905511811024,0.0434782608696,0.038961038961,0.430265386787
1,0.1,886,77,69,6,0.0905511811024,0.0869565217391,0.0779220779221,0.860530773574
1,0.1,887,77,69,11,0.0905511811024,0.159420289855,0.142857142857,1.57763975155
1,0.1,888,77,69,7,0.0905511811024,0.101449275362,0.0909090909091,1.00395256917
1,0.1,889,77,69,4,0.0905511811024,0.0579710144928,0.0519480519481,0.573687182383
1,0.1,890,77,69,8,0.0905511811024,0.115942028986,0.103896103896,1.14737436477
1,0.1,891,77,69,12,0.0905511811024,0.173913043478,0.155844155844,1.72106154715
1,0.1,892,77,69,11,0.0905511811024,0.159420289855,0.142857142857,1.57763975155
1,0.1,893,77,69,5,0.0905511811024,0.0724637681159,0.0649350649351,0.717108977979
1,0.1,894,77,69,5,0.0905511811024,0.0724637681159,0.0649350649351,0.717108977979
1,0.1,895,77,69,9,0.0905511811024,0.130434782609,0.116883116883,1.29079616036
1,0.1,896,77,69,7,0.0905511811024,0.101449275362,0.0909090909091,1.00395256917
1,0.1,897,77,69,4,0.0905511811024,0.0579710144928,0.0519480519481,0.573687182383
1,0.1,898,77,69,4,0.0905511811024,0.0579710144928,0.0519480519481,0.573687182383
1,0.1,899,77,69,11,0.0905511811024,0.159420289855,0.142857142857,1.57763975155
1,0.1,900,77,69,8,0.0905511811024,0.115942028986,0.103896103896,1.14737436477
1,0.1,901,77,69,6,0.0905511811024,0.0869565217391,0.0779220779221,0.860530773574
1,0.1,902,77,69,5,0.0905511811024,0.0724637681159,0.0649350649351,0.717108977979
1,0.1,903,77,69,3,0.0905511811024,0.0434782608696,0.038961038961,0.430265386787
1,0.1,904,77,69,6,0.0905511811024,0.0869565217391,0.0779220779221,0.860530773574
1,0.1,905,77,69,7,0.0905511811024,0.101449275362,0.0909090909091,1.00395256917
1,0.1,906,77,69,9,0.0905511811024,0.130434782609,0.116883116883,1.29079616036
1,0.1,907,77,69,6,0.0905511811024,0.0869565217391,0.0779220779221,0.860530773574
1,0.1,908,77,69,11,0.0905511811024,0.159420289855,0.142857142857,1.57763975155
1,0.1,909,77,69,5,0.0905511811024,0.0724637681159,0.0649350649351,0.717108977979
1,0.1,910,77,69,3,0.0905511811024,0.0434782608696,0.038961038961,0.430265386787
1,0.1,911,77,69,7,0.0905511811024,0.101449275362,0.0909090909091,1.00395256917
1,0.1,912,77,69,10,0.0905511811024,0.144927536232,0.12987012987,1.43421795596
1,0.1,913,77,69,2,0.0905511811024,0.0289855072464,0.025974025974,0.286843591191
1,0.1,914,77,69,7,0.0905511811024,0.101449275362,0.0909090909091,1.00395256917
1,0.1,915,77,69,7,0.0905511811024,0.101449275362,0.0909090909091,1.00395256917
1,0.1,916,77,69,10,0.0905511811024,0.144927536232,0.12987012987,1.43421795596
1,0.1,917,77,69,8,0.0905511811024,0.115942028986,0.103896103896,1.14737436477
1,0.1,918,77,69,11,0.0905511811024,0.159420289855,0.142857142857,1.57763975155
1,0.1,919,77,69,9,0.0905511811024,0.130434782609,0.116883116883,1.29079616036
1,0.1,920,77,69,9,0.0905511811024,0.130434782609,0.116883116883,1.29079616036
1,0.1,921,77,69,6,0.0905511811024,0.0869565217391,0.0779220779221,0.860530773574
1,0.1,922,77,69,10,0.0905511811024,0.144927536232,0.12987012987,1.43421795596
1,0.1,923,77,69,4,0.0905511811024,0.0579710144928,0.0519480519481,0.573687182383
1,0.1,924,77,69,7,0.0905511811024,0.101449275362,0.0909090909091,1.00395256917
1,0.1,925,77,69,6,0.0905511811024,0.0869565217391,0.0779220779221,0.860530773574
1,0.1,926,77,69,7,0.0905511811024,0.101449275362,0.0909090909091,1.00395256917
1,0.1,927,77,69,3,0.0905511811024,0.0434782608696,0.038961038961,0.430265386787
1,0.1,928,77,69,5,0.0905511811024,0.0724637681159,0.0649350649351,0.717108977979
1,0.1,929,77,69,10,0.0905511811024,0.144927536232,0.12987012987,1.43421795596
1,0.1,930,77,69,6,0.0905511811024,0.0869565217391,0.0779220779221,0.860530773574
1,0.1,931,77,69,6,0.0905511811024,0.0869565217391,0.0779220779221,0.860530773574
1,0.1,932,77,69,7,0.0905511811024,0.101449275362,0.0909090909091,1.00395256917
1,0.1,933,77,69,5,0.0905511811024,0.0724637681159,0.0649350649351,0.717108977979
1,0.1,934,77,69,7,0.0905511811024,0.101449275362,0.0909090909091,1.00395256917
1,0.1,935,77,69,6,0.0905511811024,0.0869565217391,0.0779220779221,0.860530773574
1,0.1,936,77,69,8,0.0905511811024,0.115942028986,0.103896103896,1.14737436477
1,0.1,937,77,69,5,0.0905511811024,0.0724637681159,0.0649350649351,0.717108977979
1,0.1,938,77,69,7,0.0905511811024,0.101449275362,0.0909090909091,1.00395256917
1,0.1,939,77,69,3,0.0905511811024,0.0434782608696,0.038961038961,0.430265386787
1,0.1,940,77,69,2,0.0905511811024,0.0289855072464,0.025974025974,0.286843591191
1,0.1,941,77,69,6,0.0905511811024,0.0869565217391,0.0779220779221,0.860530773574
1,0.1,942,77,69,6,0.0905511811024,0.0869565217391,0.0779220779221,0.860530773574
1,0.1,943,77,69,7,0.0905511811024,0.101449275362,0.0909090909091,1.00395256917
1,0.1,944,77,69,3,0.0905511811024,0.0434782608696,0.038961038961,0.430265386787
1,0.1,945,77,69,3,0.0905511811024,0.0434782608696,0.038961038961,0.430265386787
1,0.1,946,77,69,8,0.0905511811024,0.115942028986,0.103896103896,1.14737436477
1,0.1,947,77,69,14,0.0905511811024,0.202898550725,0.181818181818,2.00790513834
1,0.1,948,77,69,6,0.0905511811024,0.0869565217391,0.0779220779221,0.860530773574
1,0.1,949,77,69,6,0.0905511811024,0.0869565217391,0.0779220779221,0.860530773574
1,0.1,950,77,69,7,0.0905511811024,0.101449275362,0.0909090909091,1.00395256917
1,0.1,951,77,69,5,0.0905511811024,0.0724637681159,0.0649350649351,0.717108977979
1,0.1,952,77,69,13,0.0905511811024,0.188405797101,0.168831168831,1.86448334274
1,0.1,953,77,69,12,0.0905511811024,0.173913043478,0.155844155844,1.72106154715
1,0.1,954,77,69,8,0.0905511811024,0.115942028986,0.103896103896,1.14737436477
1,0.1,955,77,69,9,0.0905511811024,0.130434782609,0.116883116883,1.29079616036
1,0.1,956,77,69,5,0.0905511811024,0.0724637681159,0.0649350649351,0.717108977979
1,0.1,957,77,69,7,0.0905511811024,0.101449275362,0.0909090909091,1.00395256917
1,0.1,958,77,69,10,0.0905511811024,0.144927536232,0.12987012987,1.43421795596
1,0.1,959,77,69,7,0.0905511811024,0.101449275362,0.0909090909091,1.00395256917
1,0.1,960,77,69,3,0.0905511811024,0.0434782608696,0.038961038961,0.430265386787
1,0.1,961,77,69,10,0.0905511811024,0.144927536232,0.12987012987,1.43421795596
1,0.1,962,77,69,8,0.0905511811024,0.115942028986,0.103896103896,1.14737436477
1,0.1,963,77,69,5,0.0905511811024,0.0724637681159,0.0649350649351,0.717108977979
1,0.1,964,77,69,6,0.0905511811024,0.0869565217391,0.0779220779221,0.860530773574
1,0.1,965,77,69,9,0.0905511811024,0.130434782609,0.116883116883,1.29079616036
1,0.1,966,77,69,2,0.0905511811024,0.0289855072464,0.025974025974,0.286843591191
1,0.1,967,77,69,8,0.0905511811024,0.115942028986,0.103896103896,1.14737436477
1,0.1,968,77,69,7,0.0905511811024,0.101449275362,0.0909090909091,1.00395256917
1,0.1,969,77,69,5,0.0905511811024,0.0724637681159,0.0649350649351,0.717108977979
1,0.1,970,77,69,7,0.0905511811024,0.101449275362,0.0909090909091,1.00395256917
1,0.1,971,77,69,8,0.0905511811024,0.115942028986,0.103896103896,1.14737436477
1,0.1,972,77,69,5,0.0905511811024,0.0724637681159,0.0649350649351,0.717108977979
1,0.1,973,77,69,10,0.0905511811024,0.144927536232,0.12987012987,1.43421795596
1,0.1,974,77,69,9,0.0905511811024,0.130434782609,0.116883116883,1.29079616036
1,0.1,975,77,69,5,0.0905511811024,0.0724637681159,0.0649350649351,0.717108977979
1,0.1,976,77,69,5,0.0905511811024,0.0724637681159,0.0649350649351,0.717108977979
1,0.1,977,77,69,10,0.0905511811024,0.144927536232,0.12987012987,1.43421795596
1,0.1,978,77,69,6,0.0905511811024,0.0869565217391,0.0779220779221,0.860530773574
1,0.1,979,77,69,6,0.0905511811024,0.0869565217391,0.0779220779221,0.860530773574
1,0.1,980,77,69,6,0.0905511811024,0.0869565217391,0.0779220779221,0.860530773574
1,0.1,981,77,69,7,0.0905511811024,0.101449275362,0.0909090909091,1.00395256917
1,0.1,982,77,69,5,0.0905511811024,0.0724637681159,0.0649350649351,0.717108977979
1,0.1,983,77,69,12,0.0905511811024,0.173913043478,0.155844155844,1.72106154715
1,0.1,984,77,69,10,0.0905511811024,0.144927536232,0.12987012987,1.43421795596
1,0.1,985,77,69,4,0.0905511811024,0.0579710144928,0.0519480519481,0.573687182383
1,0.1,986,77,69,5,0.0905511811024,0.0724637681159,0.0649350649351,0.717108977979
1,0.1,987,77,69,4,0.0905511811024,0.0579710144928,0.0519480519481,0.573687182383
1,0.1,988,77,69,4,0.0905511811024,0.0579710144928,0.0519480519481,0.573687182383
1,0.1,989,77,69,9,0.0905511811024,0.130434782609,0.116883116883,1.29079616036
1,0.1,990,77,69,7,0.0905511811024,0.101449275362,0.0909090909091,1.00395256917
1,0.1,991,77,69,5,0.0905511811024,0.0724637681159,0.0649350649351,0.717108977979
1,0.1,992,77,69,4,0.0905511811024,0.0579710144928,0.0519480519481,0.573687182383
1,0.1,993,77,69,8,0.0905511811024,0.115942028986,0.103896103896,1.14737436477
1,0.1,994,77,69,6,0.0905511811024,0.0869565217391,0.0779220779221,0.860530773574
1,0.1,995,77,69,5,0.0905511811024,0.0724637681159,0.0649350649351,0.717108977979
1,0.1,996,77,69,12,0.0905511811024,0.173913043478,0.155844155844,1.72106154715
1,0.1,997,77,69,5,0.0905511811024,0.0724637681159,0.0649350649351,0.717108977979
1,0.1,998,77,69,5,0.0905511811024,0.0724637681159,0.0649350649351,0.717108977979
1,0.1,999,77,69,6,0.0905511811024,0.0869565217391,0.0779220779221,0.860530773574
1,0.1,1000,77,69,6,0.0905511811024,0.0869565217391,0.0779220779221,0.860530773574
1,0.2,1,153,69,16,0.0905511811024,0.231884057971,0.104575163399,1.15487354362
1,0.2,2,153,69,16,0.0905511811024,0.231884057971,0.104575163399,1.15487354362
1,0.2,3,153,69,18,0.0905511811024,0.260869565217,0.117647058824,1.29923273657
1,0.2,4,153,69,17,0.0905511811024,0.246376811594,0.111111111111,1.2270531401
1,0.2,5,153,69,10,0.0905511811024,0.144927536232,0.0653594771242,0.721795964763
1,0.2,6,153,69,18,0.0905511811024,0.260869565217,0.117647058824,1.29923273657
1,0.2,7,153,69,18,0.0905511811024,0.260869565217,0.117647058824,1.29923273657
1,0.2,8,153,69,16,0.0905511811024,0.231884057971,0.104575163399,1.15487354362
1,0.2,9,153,69,15,0.0905511811024,0.217391304348,0.0980392156863,1.08269394714
1,0.2,10,153,69,14,0.0905511811024,0.202898550725,0.0915032679739,1.01051435067
1,0.2,11,153,69,14,0.0905511811024,0.202898550725,0.0915032679739,1.01051435067
1,0.2,12,153,69,17,0.0905511811024,0.246376811594,0.111111111111,1.2270531401
1,0.2,13,153,69,11,0.0905511811024,0.159420289855,0.0718954248366,0.793975561239
1,0.2,14,153,69,15,0.0905511811024,0.217391304348,0.0980392156863,1.08269394714
1,0.2,15,153,69,12,0.0905511811024,0.173913043478,0.078431372549,0.866155157715
1,0.2,16,153,69,10,0.0905511811024,0.144927536232,0.0653594771242,0.721795964763
1,0.2,17,153,69,15,0.0905511811024,0.217391304348,0.0980392156863,1.08269394714
1,0.2,18,153,69,17,0.0905511811024,0.246376811594,0.111111111111,1.2270531401
1,0.2,19,153,69,13,0.0905511811024,0.188405797101,0.0849673202614,0.938334754192
1,0.2,20,153,69,11,0.0905511811024,0.159420289855,0.0718954248366,0.793975561239
1,0.2,21,153,69,18,0.0905511811024,0.260869565217,0.117647058824,1.29923273657
1,0.2,22,153,69,15,0.0905511811024,0.217391304348,0.0980392156863,1.08269394714
1,0.2,23,153,69,15,0.0905511811024,0.217391304348,0.0980392156863,1.08269394714
1,0.2,24,153,69,15,0.0905511811024,0.217391304348,0.0980392156863,1.08269394714
1,0.2,25,153,69,17,0.0905511811024,0.246376811594,0.111111111111,1.2270531401
1,0.2,26,153,69,15,0.0905511811024,0.217391304348,0.0980392156863,1.08269394714
1,0.2,27,153,69,13,0.0905511811024,0.188405797101,0.0849673202614,0.938334754192
1,0.2,28,153,69,12,0.0905511811024,0.173913043478,0.078431372549,0.866155157715
1,0.2,29,153,69,13,0.0905511811024,0.188405797101,0.0849673202614,0.938334754192
1,0.2,30,153,69,14,0.0905511811024,0.202898550725,0.0915032679739,1.01051435067
1,0.2,31,153,69,10,0.0905511811024,0.144927536232,0.0653594771242,0.721795964763
1,0.2,32,153,69,11,0.0905511811024,0.159420289855,0.0718954248366,0.793975561239
1,0.2,33,153,69,10,0.0905511811024,0.144927536232,0.0653594771242,0.721795964763
1,0.2,34,153,69,8,0.0905511811024,0.115942028986,0.0522875816993,0.57743677181
1,0.2,35,153,69,10,0.0905511811024,0.144927536232,0.0653594771242,0.721795964763
1,0.2,36,153,69,16,0.0905511811024,0.231884057971,0.104575163399,1.15487354362
1,0.2,37,153,69,13,0.0905511811024,0.188405797101,0.0849673202614,0.938334754192
1,0.2,38,153,69,15,0.0905511811024,0.217391304348,0.0980392156863,1.08269394714
1,0.2,39,153,69,17,0.0905511811024,0.246376811594,0.111111111111,1.2270531401
1,0.2,40,153,69,11,0.0905511811024,0.159420289855,0.0718954248366,0.793975561239
1,0.2,41,153,69,12,0.0905511811024,0.173913043478,0.078431372549,0.866155157715
1,0.2,42,153,69,8,0.0905511811024,0.115942028986,0.0522875816993,0.57743677181
1,0.2,43,153,69,16,0.0905511811024,0.231884057971,0.104575163399,1.15487354362
1,0.2,44,153,69,18,0.0905511811024,0.260869565217,0.117647058824,1.29923273657
1,0.2,45,153,69,13,0.0905511811024,0.188405797101,0.0849673202614,0.938334754192
1,0.2,46,153,69,16,0.0905511811024,0.231884057971,0.104575163399,1.15487354362
1,0.2,47,153,69,16,0.0905511811024,0.231884057971,0.104575163399,1.15487354362
1,0.2,48,153,69,12,0.0905511811024,0.173913043478,0.078431372549,0.866155157715
1,0.2,49,153,69,15,0.0905511811024,0.217391304348,0.0980392156863,1.08269394714
1,0.2,50,153,69,13,0.0905511811024,0.188405797101,0.0849673202614,0.938334754192
1,0.2,51,153,69,15,0.0905511811024,0.217391304348,0.0980392156863,1.08269394714
1,0.2,52,153,69,14,0.0905511811024,0.202898550725,0.0915032679739,1.01051435067
1,0.2,53,153,69,16,0.0905511811024,0.231884057971,0.104575163399,1.15487354362
1,0.2,54,153,69,7,0.0905511811024,0.101449275362,0.0457516339869,0.505257175334
1,0.2,55,153,69,7,0.0905511811024,0.101449275362,0.0457516339869,0.505257175334
1,0.2,56,153,69,10,0.0905511811024,0.144927536232,0.0653594771242,0.721795964763
1,0.2,57,153,69,15,0.0905511811024,0.217391304348,0.0980392156863,1.08269394714
1,0.2,58,153,69,10,0.0905511811024,0.144927536232,0.0653594771242,0.721795964763
1,0.2,59,153,69,13,0.0905511811024,0.188405797101,0.0849673202614,0.938334754192
1,0.2,60,153,69,13,0.0905511811024,0.188405797101,0.0849673202614,0.938334754192
1,0.2,61,153,69,13,0.0905511811024,0.188405797101,0.0849673202614,0.938334754192
1,0.2,62,153,69,11,0.0905511811024,0.159420289855,0.0718954248366,0.793975561239
1,0.2,63,153,69,12,0.0905511811024,0.173913043478,0.078431372549,0.866155157715
1,0.2,64,153,69,10,0.0905511811024,0.144927536232,0.0653594771242,0.721795964763
1,0.2,65,153,69,13,0.0905511811024,0.188405797101,0.0849673202614,0.938334754192
1,0.2,66,153,69,14,0.0905511811024,0.202898550725,0.0915032679739,1.01051435067
1,0.2,67,153,69,13,0.0905511811024,0.188405797101,0.0849673202614,0.938334754192
1,0.2,68,153,69,12,0.0905511811024,0.173913043478,0.078431372549,0.866155157715
1,0.2,69,153,69,18,0.0905511811024,0.260869565217,0.117647058824,1.29923273657
1,0.2,70,153,69,10,0.0905511811024,0.144927536232,0.0653594771242,0.721795964763
1,0.2,71,153,69,9,0.0905511811024,0.130434782609,0.0588235294118,0.649616368286
1,0.2,72,153,69,10,0.0905511811024,0.144927536232,0.0653594771242,0.721795964763
1,0.2,73,153,69,18,0.0905511811024,0.260869565217,0.117647058824,1.29923273657
1,0.2,74,153,69,12,0.0905511811024,0.173913043478,0.078431372549,0.866155157715
1,0.2,75,153,69,15,0.0905511811024,0.217391304348,0.0980392156863,1.08269394714
1,0.2,76,153,69,8,0.0905511811024,0.115942028986,0.0522875816993,0.57743677181
1,0.2,77,153,69,12,0.0905511811024,0.173913043478,0.078431372549,0.866155157715
1,0.2,78,153,69,16,0.0905511811024,0.231884057971,0.104575163399,1.15487354362
1,0.2,79,153,69,14,0.0905511811024,0.202898550725,0.0915032679739,1.01051435067
1,0.2,80,153,69,14,0.0905511811024,0.202898550725,0.0915032679739,1.01051435067
1,0.2,81,153,69,17,0.0905511811024,0.246376811594,0.111111111111,1.2270531401
1,0.2,82,153,69,12,0.0905511811024,0.173913043478,0.078431372549,0.866155157715
1,0.2,83,153,69,18,0.0905511811024,0.260869565217,0.117647058824,1.29923273657
1,0.2,84,153,69,13,0.0905511811024,0.188405797101,0.0849673202614,0.938334754192
1,0.2,85,153,69,15,0.0905511811024,0.217391304348,0.0980392156863,1.08269394714
1,0.2,86,153,69,15,0.0905511811024,0.217391304348,0.0980392156863,1.08269394714
1,0.2,87,153,69,18,0.0905511811024,0.260869565217,0.117647058824,1.29923273657
1,0.2,88,153,69,16,0.0905511811024,0.231884057971,0.104575163399,1.15487354362
1,0.2,89,153,69,21,0.0905511811024,0.304347826087,0.137254901961,1.515771526
1,0.2,90,153,69,11,0.0905511811024,0.159420289855,0.0718954248366,0.793975561239
1,0.2,91,153,69,16,0.0905511811024,0.231884057971,0.104575163399,1.15487354362
1,0.2,92,153,69,13,0.0905511811024,0.188405797101,0.0849673202614,0.938334754192
1,0.2,93,153,69,22,0.0905511811024,0.31884057971,0.143790849673,1.58795112248
1,0.2,94,153,69,14,0.0905511811024,0.202898550725,0.0915032679739,1.01051435067
1,0.2,95,153,69,14,0.0905511811024,0.202898550725,0.0915032679739,1.01051435067
1,0.2,96,153,69,12,0.0905511811024,0.173913043478,0.078431372549,0.866155157715
1,0.2,97,153,69,12,0.0905511811024,0.173913043478,0.078431372549,0.866155157715
1,0.2,98,153,69,16,0.0905511811024,0.231884057971,0.104575163399,1.15487354362
1,0.2,99,153,69,10,0.0905511811024,0.144927536232,0.0653594771242,0.721795964763
1,0.2,100,153,69,12,0.0905511811024,0.173913043478,0.078431372549,0.866155157715
1,0.2,101,153,69,19,0.0905511811024,0.275362318841,0.124183006536,1.37141233305
1,0.2,102,153,69,19,0.0905511811024,0.275362318841,0.124183006536,1.37141233305
1,0.2,103,153,69,10,0.0905511811024,0.144927536232,0.0653594771242,0.721795964763
1,0.2,104,153,69,11,0.0905511811024,0.159420289855,0.0718954248366,0.793975561239
1,0.2,105,153,69,14,0.0905511811024,0.202898550725,0.0915032679739,1.01051435067
1,0.2,106,153,69,13,0.0905511811024,0.188405797101,0.0849673202614,0.938334754192
1,0.2,107,153,69,15,0.0905511811024,0.217391304348,0.0980392156863,1.08269394714
1,0.2,108,153,69,13,0.0905511811024,0.188405797101,0.0849673202614,0.938334754192
1,0.2,109,153,69,16,0.0905511811024,0.231884057971,0.104575163399,1.15487354362
1,0.2,110,153,69,16,0.0905511811024,0.231884057971,0.104575163399,1.15487354362
1,0.2,111,153,69,12,0.0905511811024,0.173913043478,0.078431372549,0.866155157715
1,0.2,112,153,69,15,0.0905511811024,0.217391304348,0.0980392156863,1.08269394714
1,0.2,113,153,69,18,0.0905511811024,0.260869565217,0.117647058824,1.29923273657
1,0.2,114,153,69,17,0.0905511811024,0.246376811594,0.111111111111,1.2270531401
1,0.2,115,153,69,20,0.0905511811024,0.289855072464,0.130718954248,1.44359192953
1,0.2,116,153,69,18,0.0905511811024,0.260869565217,0.117647058824,1.29923273657
1,0.2,117,153,69,15,0.0905511811024,0.217391304348,0.0980392156863,1.08269394714
1,0.2,118,153,69,11,0.0905511811024,0.159420289855,0.0718954248366,0.793975561239
1,0.2,119,153,69,13,0.0905511811024,0.188405797101,0.0849673202614,0.938334754192
1,0.2,120,153,69,10,0.0905511811024,0.144927536232,0.0653594771242,0.721795964763
1,0.2,121,153,69,14,0.0905511811024,0.202898550725,0.0915032679739,1.01051435067
1,0.2,122,153,69,10,0.0905511811024,0.144927536232,0.0653594771242,0.721795964763
1,0.2,123,153,69,11,0.0905511811024,0.159420289855,0.0718954248366,0.793975561239
1,0.2,124,153,69,11,0.0905511811024,0.159420289855,0.0718954248366,0.793975561239
1,0.2,125,153,69,14,0.0905511811024,0.202898550725,0.0915032679739,1.01051435067
1,0.2,126,153,69,16,0.0905511811024,0.231884057971,0.104575163399,1.15487354362
1,0.2,127,153,69,18,0.0905511811024,0.260869565217,0.117647058824,1.29923273657
1,0.2,128,153,69,14,0.0905511811024,0.202898550725,0.0915032679739,1.01051435067
1,0.2,129,153,69,8,0.0905511811024,0.115942028986,0.0522875816993,0.57743677181
1,0.2,130,153,69,12,0.0905511811024,0.173913043478,0.078431372549,0.866155157715
1,0.2,131,153,69,10,0.0905511811024,0.144927536232,0.0653594771242,0.721795964763
1,0.2,132,153,69,16,0.0905511811024,0.231884057971,0.104575163399,1.15487354362
1,0.2,133,153,69,20,0.0905511811024,0.289855072464,0.130718954248,1.44359192953
1,0.2,134,153,69,16,0.0905511811024,0.231884057971,0.104575163399,1.15487354362
1,0.2,135,153,69,17,0.0905511811024,0.246376811594,0.111111111111,1.2270531401
1,0.2,136,153,69,17,0.0905511811024,0.246376811594,0.111111111111,1.2270531401
1,0.2,137,153,69,13,0.0905511811024,0.188405797101,0.0849673202614,0.938334754192
1,0.2,138,153,69,14,0.0905511811024,0.202898550725,0.0915032679739,1.01051435067
1,0.2,139,153,69,18,0.0905511811024,0.260869565217,0.117647058824,1.29923273657
1,0.2,140,153,69,21,0.0905511811024,0.304347826087,0.137254901961,1.515771526
1,0.2,141,153,69,15,0.0905511811024,0.217391304348,0.0980392156863,1.08269394714
1,0.2,142,153,69,18,0.0905511811024,0.260869565217,0.117647058824,1.29923273657
1,0.2,143,153,69,9,0.0905511811024,0.130434782609,0.0588235294118,0.649616368286
1,0.2,144,153,69,12,0.0905511811024,0.173913043478,0.078431372549,0.866155157715
1,0.2,145,153,69,13,0.0905511811024,0.188405797101,0.0849673202614,0.938334754192
1,0.2,146,153,69,19,0.0905511811024,0.275362318841,0.124183006536,1.37141233305
1,0.2,147,153,69,11,0.0905511811024,0.159420289855,0.0718954248366,0.793975561239
1,0.2,148,153,69,11,0.0905511811024,0.159420289855,0.0718954248366,0.793975561239
1,0.2,149,153,69,15,0.0905511811024,0.217391304348,0.0980392156863,1.08269394714
1,0.2,150,153,69,14,0.0905511811024,0.202898550725,0.0915032679739,1.01051435067
1,0.2,151,153,69,15,0.0905511811024,0.217391304348,0.0980392156863,1.08269394714
1,0.2,152,153,69,12,0.0905511811024,0.173913043478,0.078431372549,0.866155157715
1,0.2,153,153,69,16,0.0905511811024,0.231884057971,0.104575163399,1.15487354362
1,0.2,154,153,69,15,0.0905511811024,0.217391304348,0.0980392156863,1.08269394714
1,0.2,155,153,69,10,0.0905511811024,0.144927536232,0.0653594771242,0.721795964763
1,0.2,156,153,69,10,0.0905511811024,0.144927536232,0.0653594771242,0.721795964763
1,0.2,157,153,69,12,0.0905511811024,0.173913043478,0.078431372549,0.866155157715
1,0.2,158,153,69,18,0.0905511811024,0.260869565217,0.117647058824,1.29923273657
1,0.2,159,153,69,21,0.0905511811024,0.304347826087,0.137254901961,1.515771526
1,0.2,160,153,69,9,0.0905511811024,0.130434782609,0.0588235294118,0.649616368286
1,0.2,161,153,69,17,0.0905511811024,0.246376811594,0.111111111111,1.2270531401
1,0.2,162,153,69,17,0.0905511811024,0.246376811594,0.111111111111,1.2270531401
1,0.2,163,153,69,14,0.0905511811024,0.202898550725,0.0915032679739,1.01051435067
1,0.2,164,153,69,19,0.0905511811024,0.275362318841,0.124183006536,1.37141233305
1,0.2,165,153,69,14,0.0905511811024,0.202898550725,0.0915032679739,1.01051435067
1,0.2,166,153,69,14,0.0905511811024,0.202898550725,0.0915032679739,1.01051435067
1,0.2,167,153,69,12,0.0905511811024,0.173913043478,0.078431372549,0.866155157715
1,0.2,168,153,69,15,0.0905511811024,0.217391304348,0.0980392156863,1.08269394714
1,0.2,169,153,69,10,0.0905511811024,0.144927536232,0.0653594771242,0.721795964763
1,0.2,170,153,69,11,0.0905511811024,0.159420289855,0.0718954248366,0.793975561239
1,0.2,171,153,69,15,0.0905511811024,0.217391304348,0.0980392156863,1.08269394714
1,0.2,172,153,69,22,0.0905511811024,0.31884057971,0.143790849673,1.58795112248
1,0.2,173,153,69,8,0.0905511811024,0.115942028986,0.0522875816993,0.57743677181
1,0.2,174,153,69,11,0.0905511811024,0.159420289855,0.0718954248366,0.793975561239
1,0.2,175,153,69,12,0.0905511811024,0.173913043478,0.078431372549,0.866155157715
1,0.2,176,153,69,17,0.0905511811024,0.246376811594,0.111111111111,1.2270531401
1,0.2,177,153,69,12,0.0905511811024,0.173913043478,0.078431372549,0.866155157715
1,0.2,178,153,69,17,0.0905511811024,0.246376811594,0.111111111111,1.2270531401
1,0.2,179,153,69,14,0.0905511811024,0.202898550725,0.0915032679739,1.01051435067
1,0.2,180,153,69,13,0.0905511811024,0.188405797101,0.0849673202614,0.938334754192
1,0.2,181,153,69,13,0.0905511811024,0.188405797101,0.0849673202614,0.938334754192
1,0.2,182,153,69,16,0.0905511811024,0.231884057971,0.104575163399,1.15487354362
1,0.2,183,153,69,14,0.0905511811024,0.202898550725,0.0915032679739,1.01051435067
1,0.2,184,153,69,14,0.0905511811024,0.202898550725,0.0915032679739,1.01051435067
1,0.2,185,153,69,14,0.0905511811024,0.202898550725,0.0915032679739,1.01051435067
1,0.2,186,153,69,16,0.0905511811024,0.231884057971,0.104575163399,1.15487354362
1,0.2,187,153,69,13,0.0905511811024,0.188405797101,0.0849673202614,0.938334754192
1,0.2,188,153,69,14,0.0905511811024,0.202898550725,0.0915032679739,1.01051435067
1,0.2,189,153,69,16,0.0905511811024,0.231884057971,0.104575163399,1.15487354362
1,0.2,190,153,69,12,0.0905511811024,0.173913043478,0.078431372549,0.866155157715
1,0.2,191,153,69,10,0.0905511811024,0.144927536232,0.0653594771242,0.721795964763
1,0.2,192,153,69,14,0.0905511811024,0.202898550725,0.0915032679739,1.01051435067
1,0.2,193,153,69,15,0.0905511811024,0.217391304348,0.0980392156863,1.08269394714
1,0.2,194,153,69,13,0.0905511811024,0.188405797101,0.0849673202614,0.938334754192
1,0.2,195,153,69,7,0.0905511811024,0.101449275362,0.0457516339869,0.505257175334
1,0.2,196,153,69,13,0.0905511811024,0.188405797101,0.0849673202614,0.938334754192
1,0.2,197,153,69,10,0.0905511811024,0.144927536232,0.0653594771242,0.721795964763
1,0.2,198,153,69,8,0.0905511811024,0.115942028986,0.0522875816993,0.57743677181
1,0.2,199,153,69,8,0.0905511811024,0.115942028986,0.0522875816993,0.57743677181
1,0.2,200,153,69,19,0.0905511811024,0.275362318841,0.124183006536,1.37141233305
1,0.2,201,153,69,17,0.0905511811024,0.246376811594,0.111111111111,1.2270531401
1,0.2,202,153,69,12,0.0905511811024,0.173913043478,0.078431372549,0.866155157715
1,0.2,203,153,69,20,0.0905511811024,0.289855072464,0.130718954248,1.44359192953
1,0.2,204,153,69,10,0.0905511811024,0.144927536232,0.0653594771242,0.721795964763
1,0.2,205,153,69,14,0.0905511811024,0.202898550725,0.0915032679739,1.01051435067
1,0.2,206,153,69,16,0.0905511811024,0.231884057971,0.104575163399,1.15487354362
1,0.2,207,153,69,16,0.0905511811024,0.231884057971,0.104575163399,1.15487354362
1,0.2,208,153,69,14,0.0905511811024,0.202898550725,0.0915032679739,1.01051435067
1,0.2,209,153,69,12,0.0905511811024,0.173913043478,0.078431372549,0.866155157715
1,0.2,210,153,69,8,0.0905511811024,0.115942028986,0.0522875816993,0.57743677181
1,0.2,211,153,69,11,0.0905511811024,0.159420289855,0.0718954248366,0.793975561239
1,0.2,212,153,69,14,0.0905511811024,0.202898550725,0.0915032679739,1.01051435067
1,0.2,213,153,69,14,0.0905511811024,0.202898550725,0.0915032679739,1.01051435067
1,0.2,214,153,69,17,0.0905511811024,0.246376811594,0.111111111111,1.2270531401
1,0.2,215,153,69,16,0.0905511811024,0.231884057971,0.104575163399,1.15487354362
1,0.2,216,153,69,16,0.0905511811024,0.231884057971,0.104575163399,1.15487354362
1,0.2,217,153,69,13,0.0905511811024,0.188405797101,0.0849673202614,0.938334754192
1,0.2,218,153,69,17,0.0905511811024,0.246376811594,0.111111111111,1.2270531401
1,0.2,219,153,69,16,0.0905511811024,0.231884057971,0.104575163399,1.15487354362
1,0.2,220,153,69,16,0.0905511811024,0.231884057971,0.104575163399,1.15487354362
1,0.2,221,153,69,10,0.0905511811024,0.144927536232,0.0653594771242,0.721795964763
1,0.2,222,153,69,16,0.0905511811024,0.231884057971,0.104575163399,1.15487354362
1,0.2,223,153,69,12,0.0905511811024,0.173913043478,0.078431372549,0.866155157715
1,0.2,224,153,69,14,0.0905511811024,0.202898550725,0.0915032679739,1.01051435067
1,0.2,225,153,69,15,0.0905511811024,0.217391304348,0.0980392156863,1.08269394714
1,0.2,226,153,69,19,0.0905511811024,0.275362318841,0.124183006536,1.37141233305
1,0.2,227,153,69,11,0.0905511811024,0.159420289855,0.0718954248366,0.793975561239
1,0.2,228,153,69,20,0.0905511811024,0.289855072464,0.130718954248,1.44359192953
1,0.2,229,153,69,25,0.0905511811024,0.36231884058,0.16339869281,1.80448991191
1,0.2,230,153,69,13,0.0905511811024,0.188405797101,0.0849673202614,0.938334754192
1,0.2,231,153,69,10,0.0905511811024,0.144927536232,0.0653594771242,0.721795964763
1,0.2,232,153,69,15,0.0905511811024,0.217391304348,0.0980392156863,1.08269394714
1,0.2,233,153,69,13,0.0905511811024,0.188405797101,0.0849673202614,0.938334754192
1,0.2,234,153,69,8,0.0905511811024,0.115942028986,0.0522875816993,0.57743677181
1,0.2,235,153,69,19,0.0905511811024,0.275362318841,0.124183006536,1.37141233305
1,0.2,236,153,69,14,0.0905511811024,0.202898550725,0.0915032679739,1.01051435067
1,0.2,237,153,69,17,0.0905511811024,0.246376811594,0.111111111111,1.2270531401
1,0.2,238,153,69,8,0.0905511811024,0.115942028986,0.0522875816993,0.57743677181
1,0.2,239,153,69,15,0.0905511811024,0.217391304348,0.0980392156863,1.08269394714
1,0.2,240,153,69,10,0.0905511811024,0.144927536232,0.0653594771242,0.721795964763
1,0.2,241,153,69,12,0.0905511811024,0.173913043478,0.078431372549,0.866155157715
1,0.2,242,153,69,16,0.0905511811024,0.231884057971,0.104575163399,1.15487354362
1,0.2,243,153,69,14,0.0905511811024,0.202898550725,0.0915032679739,1.01051435067
1,0.2,244,153,69,24,0.0905511811024,0.347826086957,0.156862745098,1.73231031543
1,0.2,245,153,69,12,0.0905511811024,0.173913043478,0.078431372549,0.866155157715
1,0.2,246,153,69,10,0.0905511811024,0.144927536232,0.0653594771242,0.721795964763
1,0.2,247,153,69,18,0.0905511811024,0.260869565217,0.117647058824,1.29923273657
1,0.2,248,153,69,13,0.0905511811024,0.188405797101,0.0849673202614,0.938334754192
1,0.2,249,153,69,13,0.0905511811024,0.188405797101,0.0849673202614,0.938334754192
1,0.2,250,153,69,17,0.0905511811024,0.246376811594,0.111111111111,1.2270531401
1,0.2,251,153,69,9,0.0905511811024,0.130434782609,0.0588235294118,0.649616368286
1,0.2,252,153,69,9,0.0905511811024,0.130434782609,0.0588235294118,0.649616368286
1,0.2,253,153,69,12,0.0905511811024,0.173913043478,0.078431372549,0.866155157715
1,0.2,254,153,69,16,0.0905511811024,0.231884057971,0.104575163399,1.15487354362
1,0.2,255,153,69,11,0.0905511811024,0.159420289855,0.0718954248366,0.793975561239
1,0.2,256,153,69,13,0.0905511811024,0.188405797101,0.0849673202614,0.938334754192
1,0.2,257,153,69,13,0.0905511811024,0.188405797101,0.0849673202614,0.938334754192
1,0.2,258,153,69,8,0.0905511811024,0.115942028986,0.0522875816993,0.57743677181
1,0.2,259,153,69,7,0.0905511811024,0.101449275362,0.0457516339869,0.505257175334
1,0.2,260,153,69,11,0.0905511811024,0.159420289855,0.0718954248366,0.793975561239
1,0.2,261,153,69,14,0.0905511811024,0.202898550725,0.0915032679739,1.01051435067
1,0.2,262,153,69,12,0.0905511811024,0.173913043478,0.078431372549,0.866155157715
1,0.2,263,153,69,15,0.0905511811024,0.217391304348,0.0980392156863,1.08269394714
1,0.2,264,153,69,15,0.0905511811024,0.217391304348,0.0980392156863,1.08269394714
1,0.2,265,153,69,13,0.0905511811024,0.188405797101,0.0849673202614,0.938334754192
1,0.2,266,153,69,13,0.0905511811024,0.188405797101,0.0849673202614,0.938334754192
1,0.2,267,153,69,13,0.0905511811024,0.188405797101,0.0849673202614,0.938334754192
1,0.2,268,153,69,14,0.0905511811024,0.202898550725,0.0915032679739,1.01051435067
1,0.2,269,153,69,13,0.0905511811024,0.188405797101,0.0849673202614,0.938334754192
1,0.2,270,153,69,11,0.0905511811024,0.159420289855,0.0718954248366,0.793975561239
1,0.2,271,153,69,16,0.0905511811024,0.231884057971,0.104575163399,1.15487354362
1,0.2,272,153,69,18,0.0905511811024,0.260869565217,0.117647058824,1.29923273657
1,0.2,273,153,69,15,0.0905511811024,0.217391304348,0.0980392156863,1.08269394714
1,0.2,274,153,69,15,0.0905511811024,0.217391304348,0.0980392156863,1.08269394714
1,0.2,275,153,69,15,0.0905511811024,0.217391304348,0.0980392156863,1.08269394714
1,0.2,276,153,69,17,0.0905511811024,0.246376811594,0.111111111111,1.2270531401
1,0.2,277,153,69,14,0.0905511811024,0.202898550725,0.0915032679739,1.01051435067
1,0.2,278,153,69,18,0.0905511811024,0.260869565217,0.117647058824,1.29923273657
1,0.2,279,153,69,20,0.0905511811024,0.289855072464,0.130718954248,1.44359192953
1,0.2,280,153,69,15,0.0905511811024,0.217391304348,0.0980392156863,1.08269394714
1,0.2,281,153,69,17,0.0905511811024,0.246376811594,0.111111111111,1.2270531401
1,0.2,282,153,69,18,0.0905511811024,0.260869565217,0.117647058824,1.29923273657
1,0.2,283,153,69,14,0.0905511811024,0.202898550725,0.0915032679739,1.01051435067
1,0.2,284,153,69,14,0.0905511811024,0.202898550725,0.0915032679739,1.01051435067
1,0.2,285,153,69,18,0.0905511811024,0.260869565217,0.117647058824,1.29923273657
1,0.2,286,153,69,15,0.0905511811024,0.217391304348,0.0980392156863,1.08269394714
1,0.2,287,153,69,16,0.0905511811024,0.231884057971,0.104575163399,1.15487354362
1,0.2,288,153,69,8,0.0905511811024,0.115942028986,0.0522875816993,0.57743677181
1,0.2,289,153,69,12,0.0905511811024,0.173913043478,0.078431372549,0.866155157715
1,0.2,290,153,69,11,0.0905511811024,0.159420289855,0.0718954248366,0.793975561239
1,0.2,291,153,69,13,0.0905511811024,0.188405797101,0.0849673202614,0.938334754192
1,0.2,292,153,69,14,0.0905511811024,0.202898550725,0.0915032679739,1.01051435067
1,0.2,293,153,69,9,0.0905511811024,0.130434782609,0.0588235294118,0.649616368286
1,0.2,294,153,69,15,0.0905511811024,0.217391304348,0.0980392156863,1.08269394714
1,0.2,295,153,69,14,0.0905511811024,0.202898550725,0.0915032679739,1.01051435067
1,0.2,296,153,69,11,0.0905511811024,0.159420289855,0.0718954248366,0.793975561239
1,0.2,297,153,69,9,0.0905511811024,0.130434782609,0.0588235294118,0.649616368286
1,0.2,298,153,69,15,0.0905511811024,0.217391304348,0.0980392156863,1.08269394714
1,0.2,299,153,69,14,0.0905511811024,0.202898550725,0.0915032679739,1.01051435067
1,0.2,300,153,69,13,0.0905511811024,0.188405797101,0.0849673202614,0.938334754192
1,0.2,301,153,69,14,0.0905511811024,0.202898550725,0.0915032679739,1.01051435067
1,0.2,302,153,69,16,0.0905511811024,0.231884057971,0.104575163399,1.15487354362
1,0.2,303,153,69,12,0.0905511811024,0.173913043478,0.078431372549,0.866155157715
1,0.2,304,153,69,16,0.0905511811024,0.231884057971,0.104575163399,1.15487354362
1,0.2,305,153,69,12,0.0905511811024,0.173913043478,0.078431372549,0.866155157715
1,0.2,306,153,69,14,0.0905511811024,0.202898550725,0.0915032679739,1.01051435067
1,0.2,307,153,69,10,0.0905511811024,0.144927536232,0.0653594771242,0.721795964763
1,0.2,308,153,69,13,0.0905511811024,0.188405797101,0.0849673202614,0.938334754192
1,0.2,309,153,69,13,0.0905511811024,0.188405797101,0.0849673202614,0.938334754192
1,0.2,310,153,69,11,0.0905511811024,0.159420289855,0.0718954248366,0.793975561239
1,0.2,311,153,69,10,0.0905511811024,0.144927536232,0.0653594771242,0.721795964763
1,0.2,312,153,69,14,0.0905511811024,0.202898550725,0.0915032679739,1.01051435067
1,0.2,313,153,69,14,0.0905511811024,0.202898550725,0.0915032679739,1.01051435067
1,0.2,314,153,69,14,0.0905511811024,0.202898550725,0.0915032679739,1.01051435067
1,0.2,315,153,69,20,0.0905511811024,0.289855072464,0.130718954248,1.44359192953
1,0.2,316,153,69,17,0.0905511811024,0.246376811594,0.111111111111,1.2270531401
1,0.2,317,153,69,19,0.0905511811024,0.275362318841,0.124183006536,1.37141233305
1,0.2,318,153,69,15,0.0905511811024,0.217391304348,0.0980392156863,1.08269394714
1,0.2,319,153,69,11,0.0905511811024,0.159420289855,0.0718954248366,0.793975561239
1,0.2,320,153,69,12,0.0905511811024,0.173913043478,0.078431372549,0.866155157715
1,0.2,321,153,69,11,0.0905511811024,0.159420289855,0.0718954248366,0.793975561239
1,0.2,322,153,69,14,0.0905511811024,0.202898550725,0.0915032679739,1.01051435067
1,0.2,323,153,69,18,0.0905511811024,0.260869565217,0.117647058824,1.29923273657
1,0.2,324,153,69,14,0.0905511811024,0.202898550725,0.0915032679739,1.01051435067
1,0.2,325,153,69,19,0.0905511811024,0.275362318841,0.124183006536,1.37141233305
1,0.2,326,153,69,14,0.0905511811024,0.202898550725,0.0915032679739,1.01051435067
1,0.2,327,153,69,21,0.0905511811024,0.304347826087,0.137254901961,1.515771526
1,0.2,328,153,69,16,0.0905511811024,0.231884057971,0.104575163399,1.15487354362
1,0.2,329,153,69,16,0.0905511811024,0.231884057971,0.104575163399,1.15487354362
1,0.2,330,153,69,13,0.0905511811024,0.188405797101,0.0849673202614,0.938334754192
1,0.2,331,153,69,11,0.0905511811024,0.159420289855,0.0718954248366,0.793975561239
1,0.2,332,153,69,10,0.0905511811024,0.144927536232,0.0653594771242,0.721795964763
1,0.2,333,153,69,13,0.0905511811024,0.188405797101,0.0849673202614,0.938334754192
1,0.2,334,153,69,10,0.0905511811024,0.144927536232,0.0653594771242,0.721795964763
1,0.2,335,153,69,12,0.0905511811024,0.173913043478,0.078431372549,0.866155157715
1,0.2,336,153,69,12,0.0905511811024,0.173913043478,0.078431372549,0.866155157715
1,0.2,337,153,69,17,0.0905511811024,0.246376811594,0.111111111111,1.2270531401
1,0.2,338,153,69,14,0.0905511811024,0.202898550725,0.0915032679739,1.01051435067
1,0.2,339,153,69,8,0.0905511811024,0.115942028986,0.0522875816993,0.57743677181
1,0.2,340,153,69,13,0.0905511811024,0.188405797101,0.0849673202614,0.938334754192
1,0.2,341,153,69,9,0.0905511811024,0.130434782609,0.0588235294118,0.649616368286
1,0.2,342,153,69,13,0.0905511811024,0.188405797101,0.0849673202614,0.938334754192
1,0.2,343,153,69,12,0.0905511811024,0.173913043478,0.078431372549,0.866155157715
1,0.2,344,153,69,17,0.0905511811024,0.246376811594,0.111111111111,1.2270531401
1,0.2,345,153,69,12,0.0905511811024,0.173913043478,0.078431372549,0.866155157715
1,0.2,346,153,69,8,0.0905511811024,0.115942028986,0.0522875816993,0.57743677181
1,0.2,347,153,69,14,0.0905511811024,0.202898550725,0.0915032679739,1.01051435067
1,0.2,348,153,69,15,0.0905511811024,0.217391304348,0.0980392156863,1.08269394714
1,0.2,349,153,69,12,0.0905511811024,0.173913043478,0.078431372549,0.866155157715
1,0.2,350,153,69,14,0.0905511811024,0.202898550725,0.0915032679739,1.01051435067
1,0.2,351,153,69,17,0.0905511811024,0.246376811594,0.111111111111,1.2270531401
1,0.2,352,153,69,11,0.0905511811024,0.159420289855,0.0718954248366,0.793975561239
1,0.2,353,153,69,10,0.0905511811024,0.144927536232,0.0653594771242,0.721795964763
1,0.2,354,153,69,18,0.0905511811024,0.260869565217,0.117647058824,1.29923273657
1,0.2,355,153,69,14,0.0905511811024,0.202898550725,0.0915032679739,1.01051435067
1,0.2,356,153,69,17,0.0905511811024,0.246376811594,0.111111111111,1.2270531401
1,0.2,357,153,69,13,0.0905511811024,0.188405797101,0.0849673202614,0.938334754192
1,0.2,358,153,69,19,0.0905511811024,0.275362318841,0.124183006536,1.37141233305
1,0.2,359,153,69,14,0.0905511811024,0.202898550725,0.0915032679739,1.01051435067
1,0.2,360,153,69,9,0.0905511811024,0.130434782609,0.0588235294118,0.649616368286
1,0.2,361,153,69,17,0.0905511811024,0.246376811594,0.111111111111,1.2270531401
1,0.2,362,153,69,13,0.0905511811024,0.188405797101,0.0849673202614,0.938334754192
1,0.2,363,153,69,14,0.0905511811024,0.202898550725,0.0915032679739,1.01051435067
1,0.2,364,153,69,15,0.0905511811024,0.217391304348,0.0980392156863,1.08269394714
1,0.2,365,153,69,13,0.0905511811024,0.188405797101,0.0849673202614,0.938334754192
1,0.2,366,153,69,8,0.0905511811024,0.115942028986,0.0522875816993,0.57743677181
1,0.2,367,153,69,16,0.0905511811024,0.231884057971,0.104575163399,1.15487354362
1,0.2,368,153,69,15,0.0905511811024,0.217391304348,0.0980392156863,1.08269394714
1,0.2,369,153,69,10,0.0905511811024,0.144927536232,0.0653594771242,0.721795964763
1,0.2,370,153,69,18,0.0905511811024,0.260869565217,0.117647058824,1.29923273657
1,0.2,371,153,69,13,0.0905511811024,0.188405797101,0.0849673202614,0.938334754192
1,0.2,372,153,69,12,0.0905511811024,0.173913043478,0.078431372549,0.866155157715
1,0.2,373,153,69,18,0.0905511811024,0.260869565217,0.117647058824,1.29923273657
1,0.2,374,153,69,17,0.0905511811024,0.246376811594,0.111111111111,1.2270531401
1,0.2,375,153,69,13,0.0905511811024,0.188405797101,0.0849673202614,0.938334754192
1,0.2,376,153,69,11,0.0905511811024,0.159420289855,0.0718954248366,0.793975561239
1,0.2,377,153,69,19,0.0905511811024,0.275362318841,0.124183006536,1.37141233305
1,0.2,378,153,69,11,0.0905511811024,0.159420289855,0.0718954248366,0.793975561239
1,0.2,379,153,69,15,0.0905511811024,0.217391304348,0.0980392156863,1.08269394714
1,0.2,380,153,69,18,0.0905511811024,0.260869565217,0.117647058824,1.29923273657
1,0.2,381,153,69,11,0.0905511811024,0.159420289855,0.0718954248366,0.793975561239
1,0.2,382,153,69,11,0.0905511811024,0.159420289855,0.0718954248366,0.793975561239
1,0.2,383,153,69,13,0.0905511811024,0.188405797101,0.0849673202614,0.938334754192
1,0.2,384,153,69,12,0.0905511811024,0.173913043478,0.078431372549,0.866155157715
1,0.2,385,153,69,17,0.0905511811024,0.246376811594,0.111111111111,1.2270531401
1,0.2,386,153,69,13,0.0905511811024,0.188405797101,0.0849673202614,0.938334754192
1,0.2,387,153,69,15,0.0905511811024,0.217391304348,0.0980392156863,1.08269394714
1,0.2,388,153,69,15,0.0905511811024,0.217391304348,0.0980392156863,1.08269394714
1,0.2,389,153,69,20,0.0905511811024,0.289855072464,0.130718954248,1.44359192953
1,0.2,390,153,69,20,0.0905511811024,0.289855072464,0.130718954248,1.44359192953
1,0.2,391,153,69,15,0.0905511811024,0.217391304348,0.0980392156863,1.08269394714
1,0.2,392,153,69,13,0.0905511811024,0.188405797101,0.0849673202614,0.938334754192
1,0.2,393,153,69,12,0.0905511811024,0.173913043478,0.078431372549,0.866155157715
1,0.2,394,153,69,12,0.0905511811024,0.173913043478,0.078431372549,0.866155157715
1,0.2,395,153,69,14,0.0905511811024,0.202898550725,0.0915032679739,1.01051435067
1,0.2,396,153,69,15,0.0905511811024,0.217391304348,0.0980392156863,1.08269394714
1,0.2,397,153,69,10,0.0905511811024,0.144927536232,0.0653594771242,0.721795964763
1,0.2,398,153,69,20,0.0905511811024,0.289855072464,0.130718954248,1.44359192953
1,0.2,399,153,69,14,0.0905511811024,0.202898550725,0.0915032679739,1.01051435067
1,0.2,400,153,69,12,0.0905511811024,0.173913043478,0.078431372549,0.866155157715
1,0.2,401,153,69,11,0.0905511811024,0.159420289855,0.0718954248366,0.793975561239
1,0.2,402,153,69,16,0.0905511811024,0.231884057971,0.104575163399,1.15487354362
1,0.2,403,153,69,15,0.0905511811024,0.217391304348,0.0980392156863,1.08269394714
1,0.2,404,153,69,15,0.0905511811024,0.217391304348,0.0980392156863,1.08269394714
1,0.2,405,153,69,11,0.0905511811024,0.159420289855,0.0718954248366,0.793975561239
1,0.2,406,153,69,14,0.0905511811024,0.202898550725,0.0915032679739,1.01051435067
1,0.2,407,153,69,12,0.0905511811024,0.173913043478,0.078431372549,0.866155157715
1,0.2,408,153,69,12,0.0905511811024,0.173913043478,0.078431372549,0.866155157715
1,0.2,409,153,69,11,0.0905511811024,0.159420289855,0.0718954248366,0.793975561239
1,0.2,410,153,69,18,0.0905511811024,0.260869565217,0.117647058824,1.29923273657
1,0.2,411,153,69,21,0.0905511811024,0.304347826087,0.137254901961,1.515771526
1,0.2,412,153,69,15,0.0905511811024,0.217391304348,0.0980392156863,1.08269394714
1,0.2,413,153,69,10,0.0905511811024,0.144927536232,0.0653594771242,0.721795964763
1,0.2,414,153,69,10,0.0905511811024,0.144927536232,0.0653594771242,0.721795964763
1,0.2,415,153,69,19,0.0905511811024,0.275362318841,0.124183006536,1.37141233305
1,0.2,416,153,69,12,0.0905511811024,0.173913043478,0.078431372549,0.866155157715
1,0.2,417,153,69,14,0.0905511811024,0.202898550725,0.0915032679739,1.01051435067
1,0.2,418,153,69,13,0.0905511811024,0.188405797101,0.0849673202614,0.938334754192
1,0.2,419,153,69,15,0.0905511811024,0.217391304348,0.0980392156863,1.08269394714
1,0.2,420,153,69,13,0.0905511811024,0.188405797101,0.0849673202614,0.938334754192
1,0.2,421,153,69,12,0.0905511811024,0.173913043478,0.078431372549,0.866155157715
1,0.2,422,153,69,17,0.0905511811024,0.246376811594,0.111111111111,1.2270531401
1,0.2,423,153,69,15,0.0905511811024,0.217391304348,0.0980392156863,1.08269394714
1,0.2,424,153,69,12,0.0905511811024,0.173913043478,0.078431372549,0.866155157715
1,0.2,425,153,69,14,0.0905511811024,0.202898550725,0.0915032679739,1.01051435067
1,0.2,426,153,69,12,0.0905511811024,0.173913043478,0.078431372549,0.866155157715
1,0.2,427,153,69,19,0.0905511811024,0.275362318841,0.124183006536,1.37141233305
1,0.2,428,153,69,16,0.0905511811024,0.231884057971,0.104575163399,1.15487354362
1,0.2,429,153,69,13,0.0905511811024,0.188405797101,0.0849673202614,0.938334754192
1,0.2,430,153,69,16,0.0905511811024,0.231884057971,0.104575163399,1.15487354362
1,0.2,431,153,69,16,0.0905511811024,0.231884057971,0.104575163399,1.15487354362
1,0.2,432,153,69,8,0.0905511811024,0.115942028986,0.0522875816993,0.57743677181
1,0.2,433,153,69,14,0.0905511811024,0.202898550725,0.0915032679739,1.01051435067
1,0.2,434,153,69,19,0.0905511811024,0.275362318841,0.124183006536,1.37141233305
1,0.2,435,153,69,13,0.0905511811024,0.188405797101,0.0849673202614,0.938334754192
1,0.2,436,153,69,20,0.0905511811024,0.289855072464,0.130718954248,1.44359192953
1,0.2,437,153,69,15,0.0905511811024,0.217391304348,0.0980392156863,1.08269394714
1,0.2,438,153,69,12,0.0905511811024,0.173913043478,0.078431372549,0.866155157715
1,0.2,439,153,69,16,0.0905511811024,0.231884057971,0.104575163399,1.15487354362
1,0.2,440,153,69,12,0.0905511811024,0.173913043478,0.078431372549,0.866155157715
1,0.2,441,153,69,12,0.0905511811024,0.173913043478,0.078431372549,0.866155157715
1,0.2,442,153,69,10,0.0905511811024,0.144927536232,0.0653594771242,0.721795964763
1,0.2,443,153,69,16,0.0905511811024,0.231884057971,0.104575163399,1.15487354362
1,0.2,444,153,69,15,0.0905511811024,0.217391304348,0.0980392156863,1.08269394714
1,0.2,445,153,69,23,0.0905511811024,0.333333333333,0.150326797386,1.66013071895
1,0.2,446,153,69,12,0.0905511811024,0.173913043478,0.078431372549,0.866155157715
1,0.2,447,153,69,15,0.0905511811024,0.217391304348,0.0980392156863,1.08269394714
1,0.2,448,153,69,16,0.0905511811024,0.231884057971,0.104575163399,1.15487354362
1,0.2,449,153,69,12,0.0905511811024,0.173913043478,0.078431372549,0.866155157715
1,0.2,450,153,69,15,0.0905511811024,0.217391304348,0.0980392156863,1.08269394714
1,0.2,451,153,69,15,0.0905511811024,0.217391304348,0.0980392156863,1.08269394714
1,0.2,452,153,69,13,0.0905511811024,0.188405797101,0.0849673202614,0.938334754192
1,0.2,453,153,69,17,0.0905511811024,0.246376811594,0.111111111111,1.2270531401
1,0.2,454,153,69,14,0.0905511811024,0.202898550725,0.0915032679739,1.01051435067
1,0.2,455,153,69,13,0.0905511811024,0.188405797101,0.0849673202614,0.938334754192
1,0.2,456,153,69,20,0.0905511811024,0.289855072464,0.130718954248,1.44359192953
1,0.2,457,153,69,19,0.0905511811024,0.275362318841,0.124183006536,1.37141233305
1,0.2,458,153,69,17,0.0905511811024,0.246376811594,0.111111111111,1.2270531401
1,0.2,459,153,69,11,0.0905511811024,0.159420289855,0.0718954248366,0.793975561239
1,0.2,460,153,69,19,0.0905511811024,0.275362318841,0.124183006536,1.37141233305
1,0.2,461,153,69,13,0.0905511811024,0.188405797101,0.0849673202614,0.938334754192
1,0.2,462,153,69,17,0.0905511811024,0.246376811594,0.111111111111,1.2270531401
1,0.2,463,153,69,11,0.0905511811024,0.159420289855,0.0718954248366,0.793975561239
1,0.2,464,153,69,15,0.0905511811024,0.217391304348,0.0980392156863,1.08269394714
1,0.2,465,153,69,18,0.0905511811024,0.260869565217,0.117647058824,1.29923273657
1,0.2,466,153,69,11,0.0905511811024,0.159420289855,0.0718954248366,0.793975561239
1,0.2,467,153,69,14,0.0905511811024,0.202898550725,0.0915032679739,1.01051435067
1,0.2,468,153,69,12,0.0905511811024,0.173913043478,0.078431372549,0.866155157715
1,0.2,469,153,69,9,0.0905511811024,0.130434782609,0.0588235294118,0.649616368286
1,0.2,470,153,69,11,0.0905511811024,0.159420289855,0.0718954248366,0.793975561239
1,0.2,471,153,69,12,0.0905511811024,0.173913043478,0.078431372549,0.866155157715
1,0.2,472,153,69,13,0.0905511811024,0.188405797101,0.0849673202614,0.938334754192
1,0.2,473,153,69,7,0.0905511811024,0.101449275362,0.0457516339869,0.505257175334
1,0.2,474,153,69,8,0.0905511811024,0.115942028986,0.0522875816993,0.57743677181
1,0.2,475,153,69,14,0.0905511811024,0.202898550725,0.0915032679739,1.01051435067
1,0.2,476,153,69,12,0.0905511811024,0.173913043478,0.078431372549,0.866155157715
1,0.2,477,153,69,12,0.0905511811024,0.173913043478,0.078431372549,0.866155157715
1,0.2,478,153,69,10,0.0905511811024,0.144927536232,0.0653594771242,0.721795964763
1,0.2,479,153,69,10,0.0905511811024,0.144927536232,0.0653594771242,0.721795964763
1,0.2,480,153,69,17,0.0905511811024,0.246376811594,0.111111111111,1.2270531401
1,0.2,481,153,69,15,0.0905511811024,0.217391304348,0.0980392156863,1.08269394714
1,0.2,482,153,69,18,0.0905511811024,0.260869565217,0.117647058824,1.29923273657
1,0.2,483,153,69,16,0.0905511811024,0.231884057971,0.104575163399,1.15487354362
1,0.2,484,153,69,15,0.0905511811024,0.217391304348,0.0980392156863,1.08269394714
1,0.2,485,153,69,15,0.0905511811024,0.217391304348,0.0980392156863,1.08269394714
1,0.2,486,153,69,15,0.0905511811024,0.217391304348,0.0980392156863,1.08269394714
1,0.2,487,153,69,14,0.0905511811024,0.202898550725,0.0915032679739,1.01051435067
1,0.2,488,153,69,12,0.0905511811024,0.173913043478,0.078431372549,0.866155157715
1,0.2,489,153,69,17,0.0905511811024,0.246376811594,0.111111111111,1.2270531401
1,0.2,490,153,69,15,0.0905511811024,0.217391304348,0.0980392156863,1.08269394714
1,0.2,491,153,69,13,0.0905511811024,0.188405797101,0.0849673202614,0.938334754192
1,0.2,492,153,69,12,0.0905511811024,0.173913043478,0.078431372549,0.866155157715
1,0.2,493,153,69,17,0.0905511811024,0.246376811594,0.111111111111,1.2270531401
1,0.2,494,153,69,16,0.0905511811024,0.231884057971,0.104575163399,1.15487354362
1,0.2,495,153,69,15,0.0905511811024,0.217391304348,0.0980392156863,1.08269394714
1,0.2,496,153,69,20,0.0905511811024,0.289855072464,0.130718954248,1.44359192953
1,0.2,497,153,69,13,0.0905511811024,0.188405797101,0.0849673202614,0.938334754192
1,0.2,498,153,69,13,0.0905511811024,0.188405797101,0.0849673202614,0.938334754192
1,0.2,499,153,69,12,0.0905511811024,0.173913043478,0.078431372549,0.866155157715
1,0.2,500,153,69,10,0.0905511811024,0.144927536232,0.0653594771242,0.721795964763
1,0.2,501,153,69,10,0.0905511811024,0.144927536232,0.0653594771242,0.721795964763
1,0.2,502,153,69,12,0.0905511811024,0.173913043478,0.078431372549,0.866155157715
1,0.2,503,153,69,13,0.0905511811024,0.188405797101,0.0849673202614,0.938334754192
1,0.2,504,153,69,10,0.0905511811024,0.144927536232,0.0653594771242,0.721795964763
1,0.2,505,153,69,12,0.0905511811024,0.173913043478,0.078431372549,0.866155157715
1,0.2,506,153,69,14,0.0905511811024,0.202898550725,0.0915032679739,1.01051435067
1,0.2,507,153,69,18,0.0905511811024,0.260869565217,0.117647058824,1.29923273657
1,0.2,508,153,69,15,0.0905511811024,0.217391304348,0.0980392156863,1.08269394714
1,0.2,509,153,69,9,0.0905511811024,0.130434782609,0.0588235294118,0.649616368286
1,0.2,510,153,69,15,0.0905511811024,0.217391304348,0.0980392156863,1.08269394714
1,0.2,511,153,69,16,0.0905511811024,0.231884057971,0.104575163399,1.15487354362
1,0.2,512,153,69,13,0.0905511811024,0.188405797101,0.0849673202614,0.938334754192
1,0.2,513,153,69,20,0.0905511811024,0.289855072464,0.130718954248,1.44359192953
1,0.2,514,153,69,13,0.0905511811024,0.188405797101,0.0849673202614,0.938334754192
1,0.2,515,153,69,16,0.0905511811024,0.231884057971,0.104575163399,1.15487354362
1,0.2,516,153,69,8,0.0905511811024,0.115942028986,0.0522875816993,0.57743677181
1,0.2,517,153,69,9,0.0905511811024,0.130434782609,0.0588235294118,0.649616368286
1,0.2,518,153,69,22,0.0905511811024,0.31884057971,0.143790849673,1.58795112248
1,0.2,519,153,69,17,0.0905511811024,0.246376811594,0.111111111111,1.2270531401
1,0.2,520,153,69,12,0.0905511811024,0.173913043478,0.078431372549,0.866155157715
1,0.2,521,153,69,11,0.0905511811024,0.159420289855,0.0718954248366,0.793975561239
1,0.2,522,153,69,19,0.0905511811024,0.275362318841,0.124183006536,1.37141233305
1,0.2,523,153,69,15,0.0905511811024,0.217391304348,0.0980392156863,1.08269394714
1,0.2,524,153,69,9,0.0905511811024,0.130434782609,0.0588235294118,0.649616368286
1,0.2,525,153,69,18,0.0905511811024,0.260869565217,0.117647058824,1.29923273657
1,0.2,526,153,69,12,0.0905511811024,0.173913043478,0.078431372549,0.866155157715
1,0.2,527,153,69,18,0.0905511811024,0.260869565217,0.117647058824,1.29923273657
1,0.2,528,153,69,10,0.0905511811024,0.144927536232,0.0653594771242,0.721795964763
1,0.2,529,153,69,14,0.0905511811024,0.202898550725,0.0915032679739,1.01051435067
1,0.2,530,153,69,10,0.0905511811024,0.144927536232,0.0653594771242,0.721795964763
1,0.2,531,153,69,11,0.0905511811024,0.159420289855,0.0718954248366,0.793975561239
1,0.2,532,153,69,20,0.0905511811024,0.289855072464,0.130718954248,1.44359192953
1,0.2,533,153,69,8,0.0905511811024,0.115942028986,0.0522875816993,0.57743677181
1,0.2,534,153,69,11,0.0905511811024,0.159420289855,0.0718954248366,0.793975561239
1,0.2,535,153,69,16,0.0905511811024,0.231884057971,0.104575163399,1.15487354362
1,0.2,536,153,69,15,0.0905511811024,0.217391304348,0.0980392156863,1.08269394714
1,0.2,537,153,69,14,0.0905511811024,0.202898550725,0.0915032679739,1.01051435067
1,0.2,538,153,69,8,0.0905511811024,0.115942028986,0.0522875816993,0.57743677181
1,0.2,539,153,69,12,0.0905511811024,0.173913043478,0.078431372549,0.866155157715
1,0.2,540,153,69,16,0.0905511811024,0.231884057971,0.104575163399,1.15487354362
1,0.2,541,153,69,15,0.0905511811024,0.217391304348,0.0980392156863,1.08269394714
1,0.2,542,153,69,16,0.0905511811024,0.231884057971,0.104575163399,1.15487354362
1,0.2,543,153,69,15,0.0905511811024,0.217391304348,0.0980392156863,1.08269394714
1,0.2,544,153,69,13,0.0905511811024,0.188405797101,0.0849673202614,0.938334754192
1,0.2,545,153,69,8,0.0905511811024,0.115942028986,0.0522875816993,0.57743677181
1,0.2,546,153,69,20,0.0905511811024,0.289855072464,0.130718954248,1.44359192953
1,0.2,547,153,69,13,0.0905511811024,0.188405797101,0.0849673202614,0.938334754192
1,0.2,548,153,69,10,0.0905511811024,0.144927536232,0.0653594771242,0.721795964763
1,0.2,549,153,69,13,0.0905511811024,0.188405797101,0.0849673202614,0.938334754192
1,0.2,550,153,69,12,0.0905511811024,0.173913043478,0.078431372549,0.866155157715
1,0.2,551,153,69,15,0.0905511811024,0.217391304348,0.0980392156863,1.08269394714
1,0.2,552,153,69,10,0.0905511811024,0.144927536232,0.0653594771242,0.721795964763
1,0.2,553,153,69,14,0.0905511811024,0.202898550725,0.0915032679739,1.01051435067
1,0.2,554,153,69,17,0.0905511811024,0.246376811594,0.111111111111,1.2270531401
1,0.2,555,153,69,13,0.0905511811024,0.188405797101,0.0849673202614,0.938334754192
1,0.2,556,153,69,17,0.0905511811024,0.246376811594,0.111111111111,1.2270531401
1,0.2,557,153,69,16,0.0905511811024,0.231884057971,0.104575163399,1.15487354362
1,0.2,558,153,69,16,0.0905511811024,0.231884057971,0.104575163399,1.15487354362
1,0.2,559,153,69,12,0.0905511811024,0.173913043478,0.078431372549,0.866155157715
1,0.2,560,153,69,14,0.0905511811024,0.202898550725,0.0915032679739,1.01051435067
1,0.2,561,153,69,18,0.0905511811024,0.260869565217,0.117647058824,1.29923273657
1,0.2,562,153,69,16,0.0905511811024,0.231884057971,0.104575163399,1.15487354362
1,0.2,563,153,69,20,0.0905511811024,0.289855072464,0.130718954248,1.44359192953
1,0.2,564,153,69,16,0.0905511811024,0.231884057971,0.104575163399,1.15487354362
1,0.2,565,153,69,13,0.0905511811024,0.188405797101,0.0849673202614,0.938334754192
1,0.2,566,153,69,15,0.0905511811024,0.217391304348,0.0980392156863,1.08269394714
1,0.2,567,153,69,14,0.0905511811024,0.202898550725,0.0915032679739,1.01051435067
1,0.2,568,153,69,14,0.0905511811024,0.202898550725,0.0915032679739,1.01051435067
1,0.2,569,153,69,16,0.0905511811024,0.231884057971,0.104575163399,1.15487354362
1,0.2,570,153,69,19,0.0905511811024,0.275362318841,0.124183006536,1.37141233305
1,0.2,571,153,69,17,0.0905511811024,0.246376811594,0.111111111111,1.2270531401
1,0.2,572,153,69,11,0.0905511811024,0.159420289855,0.0718954248366,0.793975561239
1,0.2,573,153,69,13,0.0905511811024,0.188405797101,0.0849673202614,0.938334754192
1,0.2,574,153,69,14,0.0905511811024,0.202898550725,0.0915032679739,1.01051435067
1,0.2,575,153,69,12,0.0905511811024,0.173913043478,0.078431372549,0.866155157715
1,0.2,576,153,69,14,0.0905511811024,0.202898550725,0.0915032679739,1.01051435067
1,0.2,577,153,69,12,0.0905511811024,0.173913043478,0.078431372549,0.866155157715
1,0.2,578,153,69,12,0.0905511811024,0.173913043478,0.078431372549,0.866155157715
1,0.2,579,153,69,9,0.0905511811024,0.130434782609,0.0588235294118,0.649616368286
1,0.2,580,153,69,17,0.0905511811024,0.246376811594,0.111111111111,1.2270531401
1,0.2,581,153,69,13,0.0905511811024,0.188405797101,0.0849673202614,0.938334754192
1,0.2,582,153,69,13,0.0905511811024,0.188405797101,0.0849673202614,0.938334754192
1,0.2,583,153,69,15,0.0905511811024,0.217391304348,0.0980392156863,1.08269394714
1,0.2,584,153,69,10,0.0905511811024,0.144927536232,0.0653594771242,0.721795964763
1,0.2,585,153,69,13,0.0905511811024,0.188405797101,0.0849673202614,0.938334754192
1,0.2,586,153,69,13,0.0905511811024,0.188405797101,0.0849673202614,0.938334754192
1,0.2,587,153,69,15,0.0905511811024,0.217391304348,0.0980392156863,1.08269394714
1,0.2,588,153,69,14,0.0905511811024,0.202898550725,0.0915032679739,1.01051435067
1,0.2,589,153,69,13,0.0905511811024,0.188405797101,0.0849673202614,0.938334754192
1,0.2,590,153,69,16,0.0905511811024,0.231884057971,0.104575163399,1.15487354362
1,0.2,591,153,69,14,0.0905511811024,0.202898550725,0.0915032679739,1.01051435067
1,0.2,592,153,69,17,0.0905511811024,0.246376811594,0.111111111111,1.2270531401
1,0.2,593,153,69,16,0.0905511811024,0.231884057971,0.104575163399,1.15487354362
1,0.2,594,153,69,18,0.0905511811024,0.260869565217,0.117647058824,1.29923273657
1,0.2,595,153,69,11,0.0905511811024,0.159420289855,0.0718954248366,0.793975561239
1,0.2,596,153,69,9,0.0905511811024,0.130434782609,0.0588235294118,0.649616368286
1,0.2,597,153,69,15,0.0905511811024,0.217391304348,0.0980392156863,1.08269394714
1,0.2,598,153,69,18,0.0905511811024,0.260869565217,0.117647058824,1.29923273657
1,0.2,599,153,69,18,0.0905511811024,0.260869565217,0.117647058824,1.29923273657
1,0.2,600,153,69,8,0.0905511811024,0.115942028986,0.0522875816993,0.57743677181
1,0.2,601,153,69,12,0.0905511811024,0.173913043478,0.078431372549,0.866155157715
1,0.2,602,153,69,18,0.0905511811024,0.260869565217,0.117647058824,1.29923273657
1,0.2,603,153,69,13,0.0905511811024,0.188405797101,0.0849673202614,0.938334754192
1,0.2,604,153,69,18,0.0905511811024,0.260869565217,0.117647058824,1.29923273657
1,0.2,605,153,69,21,0.0905511811024,0.304347826087,0.137254901961,1.515771526
1,0.2,606,153,69,7,0.0905511811024,0.101449275362,0.0457516339869,0.505257175334
1,0.2,607,153,69,15,0.0905511811024,0.217391304348,0.0980392156863,1.08269394714
1,0.2,608,153,69,11,0.0905511811024,0.159420289855,0.0718954248366,0.793975561239
1,0.2,609,153,69,17,0.0905511811024,0.246376811594,0.111111111111,1.2270531401
1,0.2,610,153,69,14,0.0905511811024,0.202898550725,0.0915032679739,1.01051435067
1,0.2,611,153,69,9,0.0905511811024,0.130434782609,0.0588235294118,0.649616368286
1,0.2,612,153,69,15,0.0905511811024,0.217391304348,0.0980392156863,1.08269394714
1,0.2,613,153,69,17,0.0905511811024,0.246376811594,0.111111111111,1.2270531401
1,0.2,614,153,69,19,0.0905511811024,0.275362318841,0.124183006536,1.37141233305
1,0.2,615,153,69,17,0.0905511811024,0.246376811594,0.111111111111,1.2270531401
1,0.2,616,153,69,16,0.0905511811024,0.231884057971,0.104575163399,1.15487354362
1,0.2,617,153,69,13,0.0905511811024,0.188405797101,0.0849673202614,0.938334754192
1,0.2,618,153,69,13,0.0905511811024,0.188405797101,0.0849673202614,0.938334754192
1,0.2,619,153,69,14,0.0905511811024,0.202898550725,0.0915032679739,1.01051435067
1,0.2,620,153,69,11,0.0905511811024,0.159420289855,0.0718954248366,0.793975561239
1,0.2,621,153,69,11,0.0905511811024,0.159420289855,0.0718954248366,0.793975561239
1,0.2,622,153,69,10,0.0905511811024,0.144927536232,0.0653594771242,0.721795964763
1,0.2,623,153,69,15,0.0905511811024,0.217391304348,0.0980392156863,1.08269394714
1,0.2,624,153,69,17,0.0905511811024,0.246376811594,0.111111111111,1.2270531401
1,0.2,625,153,69,11,0.0905511811024,0.159420289855,0.0718954248366,0.793975561239
1,0.2,626,153,69,15,0.0905511811024,0.217391304348,0.0980392156863,1.08269394714
1,0.2,627,153,69,9,0.0905511811024,0.130434782609,0.0588235294118,0.649616368286
1,0.2,628,153,69,10,0.0905511811024,0.144927536232,0.0653594771242,0.721795964763
1,0.2,629,153,69,15,0.0905511811024,0.217391304348,0.0980392156863,1.08269394714
1,0.2,630,153,69,14,0.0905511811024,0.202898550725,0.0915032679739,1.01051435067
1,0.2,631,153,69,17,0.0905511811024,0.246376811594,0.111111111111,1.2270531401
1,0.2,632,153,69,14,0.0905511811024,0.202898550725,0.0915032679739,1.01051435067
1,0.2,633,153,69,16,0.0905511811024,0.231884057971,0.104575163399,1.15487354362
1,0.2,634,153,69,10,0.0905511811024,0.144927536232,0.0653594771242,0.721795964763
1,0.2,635,153,69,19,0.0905511811024,0.275362318841,0.124183006536,1.37141233305
1,0.2,636,153,69,20,0.0905511811024,0.289855072464,0.130718954248,1.44359192953
1,0.2,637,153,69,17,0.0905511811024,0.246376811594,0.111111111111,1.2270531401
1,0.2,638,153,69,14,0.0905511811024,0.202898550725,0.0915032679739,1.01051435067
1,0.2,639,153,69,18,0.0905511811024,0.260869565217,0.117647058824,1.29923273657
1,0.2,640,153,69,6,0.0905511811024,0.0869565217391,0.0392156862745,0.433077578858
1,0.2,641,153,69,11,0.0905511811024,0.159420289855,0.0718954248366,0.793975561239
1,0.2,642,153,69,10,0.0905511811024,0.144927536232,0.0653594771242,0.721795964763
1,0.2,643,153,69,15,0.0905511811024,0.217391304348,0.0980392156863,1.08269394714
1,0.2,644,153,69,12,0.0905511811024,0.173913043478,0.078431372549,0.866155157715
1,0.2,645,153,69,20,0.0905511811024,0.289855072464,0.130718954248,1.44359192953
1,0.2,646,153,69,16,0.0905511811024,0.231884057971,0.104575163399,1.15487354362
1,0.2,647,153,69,13,0.0905511811024,0.188405797101,0.0849673202614,0.938334754192
1,0.2,648,153,69,9,0.0905511811024,0.130434782609,0.0588235294118,0.649616368286
1,0.2,649,153,69,12,0.0905511811024,0.173913043478,0.078431372549,0.866155157715
1,0.2,650,153,69,17,0.0905511811024,0.246376811594,0.111111111111,1.2270531401
1,0.2,651,153,69,16,0.0905511811024,0.231884057971,0.104575163399,1.15487354362
1,0.2,652,153,69,13,0.0905511811024,0.188405797101,0.0849673202614,0.938334754192
1,0.2,653,153,69,12,0.0905511811024,0.173913043478,0.078431372549,0.866155157715
1,0.2,654,153,69,14,0.0905511811024,0.202898550725,0.0915032679739,1.01051435067
1,0.2,655,153,69,11,0.0905511811024,0.159420289855,0.0718954248366,0.793975561239
1,0.2,656,153,69,14,0.0905511811024,0.202898550725,0.0915032679739,1.01051435067
1,0.2,657,153,69,15,0.0905511811024,0.217391304348,0.0980392156863,1.08269394714
1,0.2,658,153,69,9,0.0905511811024,0.130434782609,0.0588235294118,0.649616368286
1,0.2,659,153,69,12,0.0905511811024,0.173913043478,0.078431372549,0.866155157715
1,0.2,660,153,69,13,0.0905511811024,0.188405797101,0.0849673202614,0.938334754192
1,0.2,661,153,69,17,0.0905511811024,0.246376811594,0.111111111111,1.2270531401
1,0.2,662,153,69,12,0.0905511811024,0.173913043478,0.078431372549,0.866155157715
1,0.2,663,153,69,14,0.0905511811024,0.202898550725,0.0915032679739,1.01051435067
1,0.2,664,153,69,18,0.0905511811024,0.260869565217,0.117647058824,1.29923273657
1,0.2,665,153,69,13,0.0905511811024,0.188405797101,0.0849673202614,0.938334754192
1,0.2,666,153,69,9,0.0905511811024,0.130434782609,0.0588235294118,0.649616368286
1,0.2,667,153,69,19,0.0905511811024,0.275362318841,0.124183006536,1.37141233305
1,0.2,668,153,69,13,0.0905511811024,0.188405797101,0.0849673202614,0.938334754192
1,0.2,669,153,69,13,0.0905511811024,0.188405797101,0.0849673202614,0.938334754192
1,0.2,670,153,69,14,0.0905511811024,0.202898550725,0.0915032679739,1.01051435067
1,0.2,671,153,69,13,0.0905511811024,0.188405797101,0.0849673202614,0.938334754192
1,0.2,672,153,69,13,0.0905511811024,0.188405797101,0.0849673202614,0.938334754192
1,0.2,673,153,69,15,0.0905511811024,0.217391304348,0.0980392156863,1.08269394714
1,0.2,674,153,69,19,0.0905511811024,0.275362318841,0.124183006536,1.37141233305
1,0.2,675,153,69,14,0.0905511811024,0.202898550725,0.0915032679739,1.01051435067
1,0.2,676,153,69,8,0.0905511811024,0.115942028986,0.0522875816993,0.57743677181
1,0.2,677,153,69,18,0.0905511811024,0.260869565217,0.117647058824,1.29923273657
1,0.2,678,153,69,18,0.0905511811024,0.260869565217,0.117647058824,1.29923273657
1,0.2,679,153,69,19,0.0905511811024,0.275362318841,0.124183006536,1.37141233305
1,0.2,680,153,69,11,0.0905511811024,0.159420289855,0.0718954248366,0.793975561239
1,0.2,681,153,69,16,0.0905511811024,0.231884057971,0.104575163399,1.15487354362
1,0.2,682,153,69,16,0.0905511811024,0.231884057971,0.104575163399,1.15487354362
1,0.2,683,153,69,18,0.0905511811024,0.260869565217,0.117647058824,1.29923273657
1,0.2,684,153,69,12,0.0905511811024,0.173913043478,0.078431372549,0.866155157715
1,0.2,685,153,69,18,0.0905511811024,0.260869565217,0.117647058824,1.29923273657
1,0.2,686,153,69,16,0.0905511811024,0.231884057971,0.104575163399,1.15487354362
1,0.2,687,153,69,13,0.0905511811024,0.188405797101,0.0849673202614,0.938334754192
1,0.2,688,153,69,13,0.0905511811024,0.188405797101,0.0849673202614,0.938334754192
1,0.2,689,153,69,14,0.0905511811024,0.202898550725,0.0915032679739,1.01051435067
1,0.2,690,153,69,16,0.0905511811024,0.231884057971,0.104575163399,1.15487354362
1,0.2,691,153,69,17,0.0905511811024,0.246376811594,0.111111111111,1.2270531401
1,0.2,692,153,69,14,0.0905511811024,0.202898550725,0.0915032679739,1.01051435067
1,0.2,693,153,69,11,0.0905511811024,0.159420289855,0.0718954248366,0.793975561239
1,0.2,694,153,69,16,0.0905511811024,0.231884057971,0.104575163399,1.15487354362
1,0.2,695,153,69,12,0.0905511811024,0.173913043478,0.078431372549,0.866155157715
1,0.2,696,153,69,14,0.0905511811024,0.202898550725,0.0915032679739,1.01051435067
1,0.2,697,153,69,12,0.0905511811024,0.173913043478,0.078431372549,0.866155157715
1,0.2,698,153,69,19,0.0905511811024,0.275362318841,0.124183006536,1.37141233305
1,0.2,699,153,69,17,0.0905511811024,0.246376811594,0.111111111111,1.2270531401
1,0.2,700,153,69,19,0.0905511811024,0.275362318841,0.124183006536,1.37141233305
1,0.2,701,153,69,12,0.0905511811024,0.173913043478,0.078431372549,0.866155157715
1,0.2,702,153,69,11,0.0905511811024,0.159420289855,0.0718954248366,0.793975561239
1,0.2,703,153,69,15,0.0905511811024,0.217391304348,0.0980392156863,1.08269394714
1,0.2,704,153,69,12,0.0905511811024,0.173913043478,0.078431372549,0.866155157715
1,0.2,705,153,69,16,0.0905511811024,0.231884057971,0.104575163399,1.15487354362
1,0.2,706,153,69,17,0.0905511811024,0.246376811594,0.111111111111,1.2270531401
1,0.2,707,153,69,13,0.0905511811024,0.188405797101,0.0849673202614,0.938334754192
1,0.2,708,153,69,14,0.0905511811024,0.202898550725,0.0915032679739,1.01051435067
1,0.2,709,153,69,8,0.0905511811024,0.115942028986,0.0522875816993,0.57743677181
1,0.2,710,153,69,17,0.0905511811024,0.246376811594,0.111111111111,1.2270531401
1,0.2,711,153,69,7,0.0905511811024,0.101449275362,0.0457516339869,0.505257175334
1,0.2,712,153,69,11,0.0905511811024,0.159420289855,0.0718954248366,0.793975561239
1,0.2,713,153,69,16,0.0905511811024,0.231884057971,0.104575163399,1.15487354362
1,0.2,714,153,69,6,0.0905511811024,0.0869565217391,0.0392156862745,0.433077578858
1,0.2,715,153,69,20,0.0905511811024,0.289855072464,0.130718954248,1.44359192953
1,0.2,716,153,69,16,0.0905511811024,0.231884057971,0.104575163399,1.15487354362
1,0.2,717,153,69,13,0.0905511811024,0.188405797101,0.0849673202614,0.938334754192
1,0.2,718,153,69,15,0.0905511811024,0.217391304348,0.0980392156863,1.08269394714
1,0.2,719,153,69,19,0.0905511811024,0.275362318841,0.124183006536,1.37141233305
1,0.2,720,153,69,13,0.0905511811024,0.188405797101,0.0849673202614,0.938334754192
1,0.2,721,153,69,12,0.0905511811024,0.173913043478,0.078431372549,0.866155157715
1,0.2,722,153,69,14,0.0905511811024,0.202898550725,0.0915032679739,1.01051435067
1,0.2,723,153,69,16,0.0905511811024,0.231884057971,0.104575163399,1.15487354362
1,0.2,724,153,69,11,0.0905511811024,0.159420289855,0.0718954248366,0.793975561239
1,0.2,725,153,69,21,0.0905511811024,0.304347826087,0.137254901961,1.515771526
1,0.2,726,153,69,12,0.0905511811024,0.173913043478,0.078431372549,0.866155157715
1,0.2,727,153,69,16,0.0905511811024,0.231884057971,0.104575163399,1.15487354362
1,0.2,728,153,69,15,0.0905511811024,0.217391304348,0.0980392156863,1.08269394714
1,0.2,729,153,69,14,0.0905511811024,0.202898550725,0.0915032679739,1.01051435067
1,0.2,730,153,69,12,0.0905511811024,0.173913043478,0.078431372549,0.866155157715
1,0.2,731,153,69,13,0.0905511811024,0.188405797101,0.0849673202614,0.938334754192
1,0.2,732,153,69,8,0.0905511811024,0.115942028986,0.0522875816993,0.57743677181
1,0.2,733,153,69,9,0.0905511811024,0.130434782609,0.0588235294118,0.649616368286
1,0.2,734,153,69,19,0.0905511811024,0.275362318841,0.124183006536,1.37141233305
1,0.2,735,153,69,19,0.0905511811024,0.275362318841,0.124183006536,1.37141233305
1,0.2,736,153,69,20,0.0905511811024,0.289855072464,0.130718954248,1.44359192953
1,0.2,737,153,69,18,0.0905511811024,0.260869565217,0.117647058824,1.29923273657
1,0.2,738,153,69,15,0.0905511811024,0.217391304348,0.0980392156863,1.08269394714
1,0.2,739,153,69,13,0.0905511811024,0.188405797101,0.0849673202614,0.938334754192
1,0.2,740,153,69,17,0.0905511811024,0.246376811594,0.111111111111,1.2270531401
1,0.2,741,153,69,13,0.0905511811024,0.188405797101,0.0849673202614,0.938334754192
1,0.2,742,153,69,13,0.0905511811024,0.188405797101,0.0849673202614,0.938334754192
1,0.2,743,153,69,12,0.0905511811024,0.173913043478,0.078431372549,0.866155157715
1,0.2,744,153,69,14,0.0905511811024,0.202898550725,0.0915032679739,1.01051435067
1,0.2,745,153,69,12,0.0905511811024,0.173913043478,0.078431372549,0.866155157715
1,0.2,746,153,69,11,0.0905511811024,0.159420289855,0.0718954248366,0.793975561239
1,0.2,747,153,69,14,0.0905511811024,0.202898550725,0.0915032679739,1.01051435067
1,0.2,748,153,69,11,0.0905511811024,0.159420289855,0.0718954248366,0.793975561239
1,0.2,749,153,69,14,0.0905511811024,0.202898550725,0.0915032679739,1.01051435067
1,0.2,750,153,69,10,0.0905511811024,0.144927536232,0.0653594771242,0.721795964763
1,0.2,751,153,69,9,0.0905511811024,0.130434782609,0.0588235294118,0.649616368286
1,0.2,752,153,69,14,0.0905511811024,0.202898550725,0.0915032679739,1.01051435067
1,0.2,753,153,69,21,0.0905511811024,0.304347826087,0.137254901961,1.515771526
1,0.2,754,153,69,11,0.0905511811024,0.159420289855,0.0718954248366,0.793975561239
1,0.2,755,153,69,17,0.0905511811024,0.246376811594,0.111111111111,1.2270531401
1,0.2,756,153,69,14,0.0905511811024,0.202898550725,0.0915032679739,1.01051435067
1,0.2,757,153,69,13,0.0905511811024,0.188405797101,0.0849673202614,0.938334754192
1,0.2,758,153,69,17,0.0905511811024,0.246376811594,0.111111111111,1.2270531401
1,0.2,759,153,69,10,0.0905511811024,0.144927536232,0.0653594771242,0.721795964763
1,0.2,760,153,69,16,0.0905511811024,0.231884057971,0.104575163399,1.15487354362
1,0.2,761,153,69,8,0.0905511811024,0.115942028986,0.0522875816993,0.57743677181
1,0.2,762,153,69,15,0.0905511811024,0.217391304348,0.0980392156863,1.08269394714
1,0.2,763,153,69,20,0.0905511811024,0.289855072464,0.130718954248,1.44359192953
1,0.2,764,153,69,17,0.0905511811024,0.246376811594,0.111111111111,1.2270531401
1,0.2,765,153,69,21,0.0905511811024,0.304347826087,0.137254901961,1.515771526
1,0.2,766,153,69,11,0.0905511811024,0.159420289855,0.0718954248366,0.793975561239
1,0.2,767,153,69,10,0.0905511811024,0.144927536232,0.0653594771242,0.721795964763
1,0.2,768,153,69,14,0.0905511811024,0.202898550725,0.0915032679739,1.01051435067
1,0.2,769,153,69,9,0.0905511811024,0.130434782609,0.0588235294118,0.649616368286
1,0.2,770,153,69,10,0.0905511811024,0.144927536232,0.0653594771242,0.721795964763
1,0.2,771,153,69,10,0.0905511811024,0.144927536232,0.0653594771242,0.721795964763
1,0.2,772,153,69,11,0.0905511811024,0.159420289855,0.0718954248366,0.793975561239
1,0.2,773,153,69,17,0.0905511811024,0.246376811594,0.111111111111,1.2270531401
1,0.2,774,153,69,16,0.0905511811024,0.231884057971,0.104575163399,1.15487354362
1,0.2,775,153,69,7,0.0905511811024,0.101449275362,0.0457516339869,0.505257175334
1,0.2,776,153,69,17,0.0905511811024,0.246376811594,0.111111111111,1.2270531401
1,0.2,777,153,69,14,0.0905511811024,0.202898550725,0.0915032679739,1.01051435067
1,0.2,778,153,69,13,0.0905511811024,0.188405797101,0.0849673202614,0.938334754192
1,0.2,779,153,69,11,0.0905511811024,0.159420289855,0.0718954248366,0.793975561239
1,0.2,780,153,69,17,0.0905511811024,0.246376811594,0.111111111111,1.2270531401
1,0.2,781,153,69,13,0.0905511811024,0.188405797101,0.0849673202614,0.938334754192
1,0.2,782,153,69,13,0.0905511811024,0.188405797101,0.0849673202614,0.938334754192
1,0.2,783,153,69,13,0.0905511811024,0.188405797101,0.0849673202614,0.938334754192
1,0.2,784,153,69,12,0.0905511811024,0.173913043478,0.078431372549,0.866155157715
1,0.2,785,153,69,16,0.0905511811024,0.231884057971,0.104575163399,1.15487354362
1,0.2,786,153,69,13,0.0905511811024,0.188405797101,0.0849673202614,0.938334754192
1,0.2,787,153,69,13,0.0905511811024,0.188405797101,0.0849673202614,0.938334754192
1,0.2,788,153,69,11,0.0905511811024,0.159420289855,0.0718954248366,0.793975561239
1,0.2,789,153,69,12,0.0905511811024,0.173913043478,0.078431372549,0.866155157715
1,0.2,790,153,69,17,0.0905511811024,0.246376811594,0.111111111111,1.2270531401
1,0.2,791,153,69,10,0.0905511811024,0.144927536232,0.0653594771242,0.721795964763
1,0.2,792,153,69,16,0.0905511811024,0.231884057971,0.104575163399,1.15487354362
1,0.2,793,153,69,12,0.0905511811024,0.173913043478,0.078431372549,0.866155157715
1,0.2,794,153,69,16,0.0905511811024,0.231884057971,0.104575163399,1.15487354362
1,0.2,795,153,69,10,0.0905511811024,0.144927536232,0.0653594771242,0.721795964763
1,0.2,796,153,69,12,0.0905511811024,0.173913043478,0.078431372549,0.866155157715
1,0.2,797,153,69,12,0.0905511811024,0.173913043478,0.078431372549,0.866155157715
1,0.2,798,153,69,17,0.0905511811024,0.246376811594,0.111111111111,1.2270531401
1,0.2,799,153,69,13,0.0905511811024,0.188405797101,0.0849673202614,0.938334754192
1,0.2,800,153,69,12,0.0905511811024,0.173913043478,0.078431372549,0.866155157715
1,0.2,801,153,69,17,0.0905511811024,0.246376811594,0.111111111111,1.2270531401
1,0.2,802,153,69,13,0.0905511811024,0.188405797101,0.0849673202614,0.938334754192
1,0.2,803,153,69,15,0.0905511811024,0.217391304348,0.0980392156863,1.08269394714
1,0.2,804,153,69,8,0.0905511811024,0.115942028986,0.0522875816993,0.57743677181
1,0.2,805,153,69,16,0.0905511811024,0.231884057971,0.104575163399,1.15487354362
1,0.2,806,153,69,13,0.0905511811024,0.188405797101,0.0849673202614,0.938334754192
1,0.2,807,153,69,14,0.0905511811024,0.202898550725,0.0915032679739,1.01051435067
1,0.2,808,153,69,11,0.0905511811024,0.159420289855,0.0718954248366,0.793975561239
1,0.2,809,153,69,16,0.0905511811024,0.231884057971,0.104575163399,1.15487354362
1,0.2,810,153,69,17,0.0905511811024,0.246376811594,0.111111111111,1.2270531401
1,0.2,811,153,69,14,0.0905511811024,0.202898550725,0.0915032679739,1.01051435067
1,0.2,812,153,69,14,0.0905511811024,0.202898550725,0.0915032679739,1.01051435067
1,0.2,813,153,69,9,0.0905511811024,0.130434782609,0.0588235294118,0.649616368286
1,0.2,814,153,69,8,0.0905511811024,0.115942028986,0.0522875816993,0.57743677181
1,0.2,815,153,69,12,0.0905511811024,0.173913043478,0.078431372549,0.866155157715
1,0.2,816,153,69,12,0.0905511811024,0.173913043478,0.078431372549,0.866155157715
1,0.2,817,153,69,14,0.0905511811024,0.202898550725,0.0915032679739,1.01051435067
1,0.2,818,153,69,13,0.0905511811024,0.188405797101,0.0849673202614,0.938334754192
1,0.2,819,153,69,10,0.0905511811024,0.144927536232,0.0653594771242,0.721795964763
1,0.2,820,153,69,12,0.0905511811024,0.173913043478,0.078431372549,0.866155157715
1,0.2,821,153,69,9,0.0905511811024,0.130434782609,0.0588235294118,0.649616368286
1,0.2,822,153,69,13,0.0905511811024,0.188405797101,0.0849673202614,0.938334754192
1,0.2,823,153,69,11,0.0905511811024,0.159420289855,0.0718954248366,0.793975561239
1,0.2,824,153,69,20,0.0905511811024,0.289855072464,0.130718954248,1.44359192953
1,0.2,825,153,69,11,0.0905511811024,0.159420289855,0.0718954248366,0.793975561239
1,0.2,826,153,69,14,0.0905511811024,0.202898550725,0.0915032679739,1.01051435067
1,0.2,827,153,69,12,0.0905511811024,0.173913043478,0.078431372549,0.866155157715
1,0.2,828,153,69,18,0.0905511811024,0.260869565217,0.117647058824,1.29923273657
1,0.2,829,153,69,14,0.0905511811024,0.202898550725,0.0915032679739,1.01051435067
1,0.2,830,153,69,12,0.0905511811024,0.173913043478,0.078431372549,0.866155157715
1,0.2,831,153,69,13,0.0905511811024,0.188405797101,0.0849673202614,0.938334754192
1,0.2,832,153,69,13,0.0905511811024,0.188405797101,0.0849673202614,0.938334754192
1,0.2,833,153,69,14,0.0905511811024,0.202898550725,0.0915032679739,1.01051435067
1,0.2,834,153,69,15,0.0905511811024,0.217391304348,0.0980392156863,1.08269394714
1,0.2,835,153,69,15,0.0905511811024,0.217391304348,0.0980392156863,1.08269394714
1,0.2,836,153,69,20,0.0905511811024,0.289855072464,0.130718954248,1.44359192953
1,0.2,837,153,69,14,0.0905511811024,0.202898550725,0.0915032679739,1.01051435067
1,0.2,838,153,69,8,0.0905511811024,0.115942028986,0.0522875816993,0.57743677181
1,0.2,839,153,69,15,0.0905511811024,0.217391304348,0.0980392156863,1.08269394714
1,0.2,840,153,69,14,0.0905511811024,0.202898550725,0.0915032679739,1.01051435067
1,0.2,841,153,69,13,0.0905511811024,0.188405797101,0.0849673202614,0.938334754192
1,0.2,842,153,69,14,0.0905511811024,0.202898550725,0.0915032679739,1.01051435067
1,0.2,843,153,69,13,0.0905511811024,0.188405797101,0.0849673202614,0.938334754192
1,0.2,844,153,69,21,0.0905511811024,0.304347826087,0.137254901961,1.515771526
1,0.2,845,153,69,17,0.0905511811024,0.246376811594,0.111111111111,1.2270531401
1,0.2,846,153,69,22,0.0905511811024,0.31884057971,0.143790849673,1.58795112248
1,0.2,847,153,69,14,0.0905511811024,0.202898550725,0.0915032679739,1.01051435067
1,0.2,848,153,69,14,0.0905511811024,0.202898550725,0.0915032679739,1.01051435067
1,0.2,849,153,69,14,0.0905511811024,0.202898550725,0.0915032679739,1.01051435067
1,0.2,850,153,69,13,0.0905511811024,0.188405797101,0.0849673202614,0.938334754192
1,0.2,851,153,69,14,0.0905511811024,0.202898550725,0.0915032679739,1.01051435067
1,0.2,852,153,69,13,0.0905511811024,0.188405797101,0.0849673202614,0.938334754192
1,0.2,853,153,69,11,0.0905511811024,0.159420289855,0.0718954248366,0.793975561239
1,0.2,854,153,69,12,0.0905511811024,0.173913043478,0.078431372549,0.866155157715
1,0.2,855,153,69,14,0.0905511811024,0.202898550725,0.0915032679739,1.01051435067
1,0.2,856,153,69,14,0.0905511811024,0.202898550725,0.0915032679739,1.01051435067
1,0.2,857,153,69,15,0.0905511811024,0.217391304348,0.0980392156863,1.08269394714
1,0.2,858,153,69,18,0.0905511811024,0.260869565217,0.117647058824,1.29923273657
1,0.2,859,153,69,10,0.0905511811024,0.144927536232,0.0653594771242,0.721795964763
1,0.2,860,153,69,17,0.0905511811024,0.246376811594,0.111111111111,1.2270531401
1,0.2,861,153,69,19,0.0905511811024,0.275362318841,0.124183006536,1.37141233305
1,0.2,862,153,69,13,0.0905511811024,0.188405797101,0.0849673202614,0.938334754192
1,0.2,863,153,69,15,0.0905511811024,0.217391304348,0.0980392156863,1.08269394714
1,0.2,864,153,69,13,0.0905511811024,0.188405797101,0.0849673202614,0.938334754192
1,0.2,865,153,69,15,0.0905511811024,0.217391304348,0.0980392156863,1.08269394714
1,0.2,866,153,69,19,0.0905511811024,0.275362318841,0.124183006536,1.37141233305
1,0.2,867,153,69,13,0.0905511811024,0.188405797101,0.0849673202614,0.938334754192
1,0.2,868,153,69,16,0.0905511811024,0.231884057971,0.104575163399,1.15487354362
1,0.2,869,153,69,13,0.0905511811024,0.188405797101,0.0849673202614,0.938334754192
1,0.2,870,153,69,12,0.0905511811024,0.173913043478,0.078431372549,0.866155157715
1,0.2,871,153,69,16,0.0905511811024,0.231884057971,0.104575163399,1.15487354362
1,0.2,872,153,69,9,0.0905511811024,0.130434782609,0.0588235294118,0.649616368286
1,0.2,873,153,69,13,0.0905511811024,0.188405797101,0.0849673202614,0.938334754192
1,0.2,874,153,69,13,0.0905511811024,0.188405797101,0.0849673202614,0.938334754192
1,0.2,875,153,69,12,0.0905511811024,0.173913043478,0.078431372549,0.866155157715
1,0.2,876,153,69,15,0.0905511811024,0.217391304348,0.0980392156863,1.08269394714
1,0.2,877,153,69,13,0.0905511811024,0.188405797101,0.0849673202614,0.938334754192
1,0.2,878,153,69,14,0.0905511811024,0.202898550725,0.0915032679739,1.01051435067
1,0.2,879,153,69,17,0.0905511811024,0.246376811594,0.111111111111,1.2270531401
1,0.2,880,153,69,14,0.0905511811024,0.202898550725,0.0915032679739,1.01051435067
1,0.2,881,153,69,7,0.0905511811024,0.101449275362,0.0457516339869,0.505257175334
1,0.2,882,153,69,14,0.0905511811024,0.202898550725,0.0915032679739,1.01051435067
1,0.2,883,153,69,12,0.0905511811024,0.173913043478,0.078431372549,0.866155157715
1,0.2,884,153,69,14,0.0905511811024,0.202898550725,0.0915032679739,1.01051435067
1,0.2,885,153,69,15,0.0905511811024,0.217391304348,0.0980392156863,1.08269394714
1,0.2,886,153,69,12,0.0905511811024,0.173913043478,0.078431372549,0.866155157715
1,0.2,887,153,69,11,0.0905511811024,0.159420289855,0.0718954248366,0.793975561239
1,0.2,888,153,69,10,0.0905511811024,0.144927536232,0.0653594771242,0.721795964763
1,0.2,889,153,69,11,0.0905511811024,0.159420289855,0.0718954248366,0.793975561239
1,0.2,890,153,69,11,0.0905511811024,0.159420289855,0.0718954248366,0.793975561239
1,0.2,891,153,69,17,0.0905511811024,0.246376811594,0.111111111111,1.2270531401
1,0.2,892,153,69,11,0.0905511811024,0.159420289855,0.0718954248366,0.793975561239
1,0.2,893,153,69,15,0.0905511811024,0.217391304348,0.0980392156863,1.08269394714
1,0.2,894,153,69,8,0.0905511811024,0.115942028986,0.0522875816993,0.57743677181
1,0.2,895,153,69,10,0.0905511811024,0.144927536232,0.0653594771242,0.721795964763
1,0.2,896,153,69,13,0.0905511811024,0.188405797101,0.0849673202614,0.938334754192
1,0.2,897,153,69,17,0.0905511811024,0.246376811594,0.111111111111,1.2270531401
1,0.2,898,153,69,17,0.0905511811024,0.246376811594,0.111111111111,1.2270531401
1,0.2,899,153,69,15,0.0905511811024,0.217391304348,0.0980392156863,1.08269394714
1,0.2,900,153,69,11,0.0905511811024,0.159420289855,0.0718954248366,0.793975561239
1,0.2,901,153,69,13,0.0905511811024,0.188405797101,0.0849673202614,0.938334754192
1,0.2,902,153,69,11,0.0905511811024,0.159420289855,0.0718954248366,0.793975561239
1,0.2,903,153,69,20,0.0905511811024,0.289855072464,0.130718954248,1.44359192953
1,0.2,904,153,69,10,0.0905511811024,0.144927536232,0.0653594771242,0.721795964763
1,0.2,905,153,69,16,0.0905511811024,0.231884057971,0.104575163399,1.15487354362
1,0.2,906,153,69,9,0.0905511811024,0.130434782609,0.0588235294118,0.649616368286
1,0.2,907,153,69,15,0.0905511811024,0.217391304348,0.0980392156863,1.08269394714
1,0.2,908,153,69,9,0.0905511811024,0.130434782609,0.0588235294118,0.649616368286
1,0.2,909,153,69,14,0.0905511811024,0.202898550725,0.0915032679739,1.01051435067
1,0.2,910,153,69,19,0.0905511811024,0.275362318841,0.124183006536,1.37141233305
1,0.2,911,153,69,13,0.0905511811024,0.188405797101,0.0849673202614,0.938334754192
1,0.2,912,153,69,12,0.0905511811024,0.173913043478,0.078431372549,0.866155157715
1,0.2,913,153,69,15,0.0905511811024,0.217391304348,0.0980392156863,1.08269394714
1,0.2,914,153,69,15,0.0905511811024,0.217391304348,0.0980392156863,1.08269394714
1,0.2,915,153,69,9,0.0905511811024,0.130434782609,0.0588235294118,0.649616368286
1,0.2,916,153,69,16,0.0905511811024,0.231884057971,0.104575163399,1.15487354362
1,0.2,917,153,69,18,0.0905511811024,0.260869565217,0.117647058824,1.29923273657
1,0.2,918,153,69,18,0.0905511811024,0.260869565217,0.117647058824,1.29923273657
1,0.2,919,153,69,14,0.0905511811024,0.202898550725,0.0915032679739,1.01051435067
1,0.2,920,153,69,11,0.0905511811024,0.159420289855,0.0718954248366,0.793975561239
1,0.2,921,153,69,16,0.0905511811024,0.231884057971,0.104575163399,1.15487354362
1,0.2,922,153,69,17,0.0905511811024,0.246376811594,0.111111111111,1.2270531401
1,0.2,923,153,69,10,0.0905511811024,0.144927536232,0.0653594771242,0.721795964763
1,0.2,924,153,69,14,0.0905511811024,0.202898550725,0.0915032679739,1.01051435067
1,0.2,925,153,69,11,0.0905511811024,0.159420289855,0.0718954248366,0.793975561239
1,0.2,926,153,69,14,0.0905511811024,0.202898550725,0.0915032679739,1.01051435067
1,0.2,927,153,69,17,0.0905511811024,0.246376811594,0.111111111111,1.2270531401
1,0.2,928,153,69,16,0.0905511811024,0.231884057971,0.104575163399,1.15487354362
1,0.2,929,153,69,15,0.0905511811024,0.217391304348,0.0980392156863,1.08269394714
1,0.2,930,153,69,11,0.0905511811024,0.159420289855,0.0718954248366,0.793975561239
1,0.2,931,153,69,15,0.0905511811024,0.217391304348,0.0980392156863,1.08269394714
1,0.2,932,153,69,10,0.0905511811024,0.144927536232,0.0653594771242,0.721795964763
1,0.2,933,153,69,8,0.0905511811024,0.115942028986,0.0522875816993,0.57743677181
1,0.2,934,153,69,13,0.0905511811024,0.188405797101,0.0849673202614,0.938334754192
1,0.2,935,153,69,14,0.0905511811024,0.202898550725,0.0915032679739,1.01051435067
1,0.2,936,153,69,15,0.0905511811024,0.217391304348,0.0980392156863,1.08269394714
1,0.2,937,153,69,17,0.0905511811024,0.246376811594,0.111111111111,1.2270531401
1,0.2,938,153,69,15,0.0905511811024,0.217391304348,0.0980392156863,1.08269394714
1,0.2,939,153,69,13,0.0905511811024,0.188405797101,0.0849673202614,0.938334754192
1,0.2,940,153,69,15,0.0905511811024,0.217391304348,0.0980392156863,1.08269394714
1,0.2,941,153,69,15,0.0905511811024,0.217391304348,0.0980392156863,1.08269394714
1,0.2,942,153,69,14,0.0905511811024,0.202898550725,0.0915032679739,1.01051435067
1,0.2,943,153,69,21,0.0905511811024,0.304347826087,0.137254901961,1.515771526
1,0.2,944,153,69,19,0.0905511811024,0.275362318841,0.124183006536,1.37141233305
1,0.2,945,153,69,16,0.0905511811024,0.231884057971,0.104575163399,1.15487354362
1,0.2,946,153,69,20,0.0905511811024,0.289855072464,0.130718954248,1.44359192953
1,0.2,947,153,69,12,0.0905511811024,0.173913043478,0.078431372549,0.866155157715
1,0.2,948,153,69,14,0.0905511811024,0.202898550725,0.0915032679739,1.01051435067
1,0.2,949,153,69,13,0.0905511811024,0.188405797101,0.0849673202614,0.938334754192
1,0.2,950,153,69,14,0.0905511811024,0.202898550725,0.0915032679739,1.01051435067
1,0.2,951,153,69,8,0.0905511811024,0.115942028986,0.0522875816993,0.57743677181
1,0.2,952,153,69,7,0.0905511811024,0.101449275362,0.0457516339869,0.505257175334
1,0.2,953,153,69,9,0.0905511811024,0.130434782609,0.0588235294118,0.649616368286
1,0.2,954,153,69,9,0.0905511811024,0.130434782609,0.0588235294118,0.649616368286
1,0.2,955,153,69,14,0.0905511811024,0.202898550725,0.0915032679739,1.01051435067
1,0.2,956,153,69,16,0.0905511811024,0.231884057971,0.104575163399,1.15487354362
1,0.2,957,153,69,12,0.0905511811024,0.173913043478,0.078431372549,0.866155157715
1,0.2,958,153,69,16,0.0905511811024,0.231884057971,0.104575163399,1.15487354362
1,0.2,959,153,69,17,0.0905511811024,0.246376811594,0.111111111111,1.2270531401
1,0.2,960,153,69,15,0.0905511811024,0.217391304348,0.0980392156863,1.08269394714
1,0.2,961,153,69,16,0.0905511811024,0.231884057971,0.104575163399,1.15487354362
1,0.2,962,153,69,14,0.0905511811024,0.202898550725,0.0915032679739,1.01051435067
1,0.2,963,153,69,16,0.0905511811024,0.231884057971,0.104575163399,1.15487354362
1,0.2,964,153,69,15,0.0905511811024,0.217391304348,0.0980392156863,1.08269394714
1,0.2,965,153,69,18,0.0905511811024,0.260869565217,0.117647058824,1.29923273657
1,0.2,966,153,69,20,0.0905511811024,0.289855072464,0.130718954248,1.44359192953
1,0.2,967,153,69,13,0.0905511811024,0.188405797101,0.0849673202614,0.938334754192
1,0.2,968,153,69,17,0.0905511811024,0.246376811594,0.111111111111,1.2270531401
1,0.2,969,153,69,20,0.0905511811024,0.289855072464,0.130718954248,1.44359192953
1,0.2,970,153,69,17,0.0905511811024,0.246376811594,0.111111111111,1.2270531401
1,0.2,971,153,69,16,0.0905511811024,0.231884057971,0.104575163399,1.15487354362
1,0.2,972,153,69,15,0.0905511811024,0.217391304348,0.0980392156863,1.08269394714
1,0.2,973,153,69,14,0.0905511811024,0.202898550725,0.0915032679739,1.01051435067
1,0.2,974,153,69,19,0.0905511811024,0.275362318841,0.124183006536,1.37141233305
1,0.2,975,153,69,8,0.0905511811024,0.115942028986,0.0522875816993,0.57743677181
1,0.2,976,153,69,16,0.0905511811024,0.231884057971,0.104575163399,1.15487354362
1,0.2,977,153,69,18,0.0905511811024,0.260869565217,0.117647058824,1.29923273657
1,0.2,978,153,69,19,0.0905511811024,0.275362318841,0.124183006536,1.37141233305
1,0.2,979,153,69,16,0.0905511811024,0.231884057971,0.104575163399,1.15487354362
1,0.2,980,153,69,14,0.0905511811024,0.202898550725,0.0915032679739,1.01051435067
1,0.2,981,153,69,17,0.0905511811024,0.246376811594,0.111111111111,1.2270531401
1,0.2,982,153,69,16,0.0905511811024,0.231884057971,0.104575163399,1.15487354362
1,0.2,983,153,69,17,0.0905511811024,0.246376811594,0.111111111111,1.2270531401
1,0.2,984,153,69,11,0.0905511811024,0.159420289855,0.0718954248366,0.793975561239
1,0.2,985,153,69,19,0.0905511811024,0.275362318841,0.124183006536,1.37141233305
1,0.2,986,153,69,14,0.0905511811024,0.202898550725,0.0915032679739,1.01051435067
1,0.2,987,153,69,11,0.0905511811024,0.159420289855,0.0718954248366,0.793975561239
1,0.2,988,153,69,16,0.0905511811024,0.231884057971,0.104575163399,1.15487354362
1,0.2,989,153,69,14,0.0905511811024,0.202898550725,0.0915032679739,1.01051435067
1,0.2,990,153,69,12,0.0905511811024,0.173913043478,0.078431372549,0.866155157715
1,0.2,991,153,69,11,0.0905511811024,0.159420289855,0.0718954248366,0.793975561239
1,0.2,992,153,69,12,0.0905511811024,0.173913043478,0.078431372549,0.866155157715
1,0.2,993,153,69,14,0.0905511811024,0.202898550725,0.0915032679739,1.01051435067
1,0.2,994,153,69,10,0.0905511811024,0.144927536232,0.0653594771242,0.721795964763
1,0.2,995,153,69,16,0.0905511811024,0.231884057971,0.104575163399,1.15487354362
1,0.2,996,153,69,12,0.0905511811024,0.173913043478,0.078431372549,0.866155157715
1,0.2,997,153,69,17,0.0905511811024,0.246376811594,0.111111111111,1.2270531401
1,0.2,998,153,69,13,0.0905511811024,0.188405797101,0.0849673202614,0.938334754192
1,0.2,999,153,69,16,0.0905511811024,0.231884057971,0.104575163399,1.15487354362
1,0.2,1000,153,69,11,0.0905511811024,0.159420289855,0.0718954248366,0.793975561239
1,0.3,1,229,69,17,0.0905511811024,0.246376811594,0.0742358078603,0.819821530283
1,0.3,2,229,69,18,0.0905511811024,0.260869565217,0.0786026200873,0.868046326182
1,0.3,3,229,69,20,0.0905511811024,0.289855072464,0.0873362445415,0.96449591798
1,0.3,4,229,69,14,0.0905511811024,0.202898550725,0.061135371179,0.675147142586
1,0.3,5,229,69,21,0.0905511811024,0.304347826087,0.0917030567686,1.01272071388
1,0.3,6,229,69,19,0.0905511811024,0.275362318841,0.0829694323144,0.916271122081
1,0.3,7,229,69,21,0.0905511811024,0.304347826087,0.0917030567686,1.01272071388
1,0.3,8,229,69,22,0.0905511811024,0.31884057971,0.0960698689956,1.06094550978
1,0.3,9,229,69,21,0.0905511811024,0.304347826087,0.0917030567686,1.01272071388
1,0.3,10,229,69,19,0.0905511811024,0.275362318841,0.0829694323144,0.916271122081
1,0.3,11,229,69,29,0.0905511811024,0.420289855072,0.126637554585,1.39851908107
1,0.3,12,229,69,18,0.0905511811024,0.260869565217,0.0786026200873,0.868046326182
1,0.3,13,229,69,22,0.0905511811024,0.31884057971,0.0960698689956,1.06094550978
1,0.3,14,229,69,22,0.0905511811024,0.31884057971,0.0960698689956,1.06094550978
1,0.3,15,229,69,20,0.0905511811024,0.289855072464,0.0873362445415,0.96449591798
1,0.3,16,229,69,22,0.0905511811024,0.31884057971,0.0960698689956,1.06094550978
1,0.3,17,229,69,19,0.0905511811024,0.275362318841,0.0829694323144,0.916271122081
1,0.3,18,229,69,23,0.0905511811024,0.333333333333,0.100436681223,1.10917030568
1,0.3,19,229,69,19,0.0905511811024,0.275362318841,0.0829694323144,0.916271122081
1,0.3,20,229,69,22,0.0905511811024,0.31884057971,0.0960698689956,1.06094550978
1,0.3,21,229,69,20,0.0905511811024,0.289855072464,0.0873362445415,0.96449591798
1,0.3,22,229,69,21,0.0905511811024,0.304347826087,0.0917030567686,1.01272071388
1,0.3,23,229,69,18,0.0905511811024,0.260869565217,0.0786026200873,0.868046326182
1,0.3,24,229,69,26,0.0905511811024,0.376811594203,0.113537117904,1.25384469337
1,0.3,25,229,69,26,0.0905511811024,0.376811594203,0.113537117904,1.25384469337
1,0.3,26,229,69,19,0.0905511811024,0.275362318841,0.0829694323144,0.916271122081
1,0.3,27,229,69,25,0.0905511811024,0.36231884058,0.109170305677,1.20561989747
1,0.3,28,229,69,20,0.0905511811024,0.289855072464,0.0873362445415,0.96449591798
1,0.3,29,229,69,17,0.0905511811024,0.246376811594,0.0742358078603,0.819821530283
1,0.3,30,229,69,22,0.0905511811024,0.31884057971,0.0960698689956,1.06094550978
1,0.3,31,229,69,17,0.0905511811024,0.246376811594,0.0742358078603,0.819821530283
1,0.3,32,229,69,21,0.0905511811024,0.304347826087,0.0917030567686,1.01272071388
1,0.3,33,229,69,26,0.0905511811024,0.376811594203,0.113537117904,1.25384469337
1,0.3,34,229,69,19,0.0905511811024,0.275362318841,0.0829694323144,0.916271122081
1,0.3,35,229,69,21,0.0905511811024,0.304347826087,0.0917030567686,1.01272071388
1,0.3,36,229,69,9,0.0905511811024,0.130434782609,0.0393013100437,0.434023163091
1,0.3,37,229,69,21,0.0905511811024,0.304347826087,0.0917030567686,1.01272071388
1,0.3,38,229,69,22,0.0905511811024,0.31884057971,0.0960698689956,1.06094550978
1,0.3,39,229,69,19,0.0905511811024,0.275362318841,0.0829694323144,0.916271122081
1,0.3,40,229,69,18,0.0905511811024,0.260869565217,0.0786026200873,0.868046326182
1,0.3,41,229,69,25,0.0905511811024,0.36231884058,0.109170305677,1.20561989747
1,0.3,42,229,69,20,0.0905511811024,0.289855072464,0.0873362445415,0.96449591798
1,0.3,43,229,69,16,0.0905511811024,0.231884057971,0.0698689956332,0.771596734384
1,0.3,44,229,69,16,0.0905511811024,0.231884057971,0.0698689956332,0.771596734384
1,0.3,45,229,69,23,0.0905511811024,0.333333333333,0.100436681223,1.10917030568
1,0.3,46,229,69,23,0.0905511811024,0.333333333333,0.100436681223,1.10917030568
1,0.3,47,229,69,21,0.0905511811024,0.304347826087,0.0917030567686,1.01272071388
1,0.3,48,229,69,28,0.0905511811024,0.405797101449,0.122270742358,1.35029428517
1,0.3,49,229,69,24,0.0905511811024,0.347826086957,0.10480349345,1.15739510158
1,0.3,50,229,69,19,0.0905511811024,0.275362318841,0.0829694323144,0.916271122081
1,0.3,51,229,69,21,0.0905511811024,0.304347826087,0.0917030567686,1.01272071388
1,0.3,52,229,69,18,0.0905511811024,0.260869565217,0.0786026200873,0.868046326182
1,0.3,53,229,69,17,0.0905511811024,0.246376811594,0.0742358078603,0.819821530283
1,0.3,54,229,69,18,0.0905511811024,0.260869565217,0.0786026200873,0.868046326182
1,0.3,55,229,69,23,0.0905511811024,0.333333333333,0.100436681223,1.10917030568
1,0.3,56,229,69,21,0.0905511811024,0.304347826087,0.0917030567686,1.01272071388
1,0.3,57,229,69,17,0.0905511811024,0.246376811594,0.0742358078603,0.819821530283
1,0.3,58,229,69,24,0.0905511811024,0.347826086957,0.10480349345,1.15739510158
1,0.3,59,229,69,24,0.0905511811024,0.347826086957,0.10480349345,1.15739510158
1,0.3,60,229,69,22,0.0905511811024,0.31884057971,0.0960698689956,1.06094550978
1,0.3,61,229,69,17,0.0905511811024,0.246376811594,0.0742358078603,0.819821530283
1,0.3,62,229,69,20,0.0905511811024,0.289855072464,0.0873362445415,0.96449591798
1,0.3,63,229,69,14,0.0905511811024,0.202898550725,0.061135371179,0.675147142586
1,0.3,64,229,69,19,0.0905511811024,0.275362318841,0.0829694323144,0.916271122081
1,0.3,65,229,69,22,0.0905511811024,0.31884057971,0.0960698689956,1.06094550978
1,0.3,66,229,69,17,0.0905511811024,0.246376811594,0.0742358078603,0.819821530283
1,0.3,67,229,69,20,0.0905511811024,0.289855072464,0.0873362445415,0.96449591798
1,0.3,68,229,69,22,0.0905511811024,0.31884057971,0.0960698689956,1.06094550978
1,0.3,69,229,69,21,0.0905511811024,0.304347826087,0.0917030567686,1.01272071388
1,0.3,70,229,69,17,0.0905511811024,0.246376811594,0.0742358078603,0.819821530283
1,0.3,71,229,69,19,0.0905511811024,0.275362318841,0.0829694323144,0.916271122081
1,0.3,72,229,69,17,0.0905511811024,0.246376811594,0.0742358078603,0.819821530283
1,0.3,73,229,69,18,0.0905511811024,0.260869565217,0.0786026200873,0.868046326182
1,0.3,74,229,69,17,0.0905511811024,0.246376811594,0.0742358078603,0.819821530283
1,0.3,75,229,69,16,0.0905511811024,0.231884057971,0.0698689956332,0.771596734384
1,0.3,76,229,69,15,0.0905511811024,0.217391304348,0.0655021834061,0.723371938485
1,0.3,77,229,69,22,0.0905511811024,0.31884057971,0.0960698689956,1.06094550978
1,0.3,78,229,69,18,0.0905511811024,0.260869565217,0.0786026200873,0.868046326182
1,0.3,79,229,69,26,0.0905511811024,0.376811594203,0.113537117904,1.25384469337
1,0.3,80,229,69,31,0.0905511811024,0.449275362319,0.135371179039,1.49496867287
1,0.3,81,229,69,21,0.0905511811024,0.304347826087,0.0917030567686,1.01272071388
1,0.3,82,229,69,25,0.0905511811024,0.36231884058,0.109170305677,1.20561989747
1,0.3,83,229,69,18,0.0905511811024,0.260869565217,0.0786026200873,0.868046326182
1,0.3,84,229,69,22,0.0905511811024,0.31884057971,0.0960698689956,1.06094550978
1,0.3,85,229,69,19,0.0905511811024,0.275362318841,0.0829694323144,0.916271122081
1,0.3,86,229,69,22,0.0905511811024,0.31884057971,0.0960698689956,1.06094550978
1,0.3,87,229,69,22,0.0905511811024,0.31884057971,0.0960698689956,1.06094550978
1,0.3,88,229,69,16,0.0905511811024,0.231884057971,0.0698689956332,0.771596734384
1,0.3,89,229,69,22,0.0905511811024,0.31884057971,0.0960698689956,1.06094550978
1,0.3,90,229,69,21,0.0905511811024,0.304347826087,0.0917030567686,1.01272071388
1,0.3,91,229,69,22,0.0905511811024,0.31884057971,0.0960698689956,1.06094550978
1,0.3,92,229,69,22,0.0905511811024,0.31884057971,0.0960698689956,1.06094550978
1,0.3,93,229,69,16,0.0905511811024,0.231884057971,0.0698689956332,0.771596734384
1,0.3,94,229,69,17,0.0905511811024,0.246376811594,0.0742358078603,0.819821530283
1,0.3,95,229,69,20,0.0905511811024,0.289855072464,0.0873362445415,0.96449591798
1,0.3,96,229,69,18,0.0905511811024,0.260869565217,0.0786026200873,0.868046326182
1,0.3,97,229,69,23,0.0905511811024,0.333333333333,0.100436681223,1.10917030568
1,0.3,98,229,69,28,0.0905511811024,0.405797101449,0.122270742358,1.35029428517
1,0.3,99,229,69,19,0.0905511811024,0.275362318841,0.0829694323144,0.916271122081
1,0.3,100,229,69,22,0.0905511811024,0.31884057971,0.0960698689956,1.06094550978
1,0.3,101,229,69,19,0.0905511811024,0.275362318841,0.0829694323144,0.916271122081
1,0.3,102,229,69,24,0.0905511811024,0.347826086957,0.10480349345,1.15739510158
1,0.3,103,229,69,20,0.0905511811024,0.289855072464,0.0873362445415,0.96449591798
1,0.3,104,229,69,23,0.0905511811024,0.333333333333,0.100436681223,1.10917030568
1,0.3,105,229,69,19,0.0905511811024,0.275362318841,0.0829694323144,0.916271122081
1,0.3,106,229,69,20,0.0905511811024,0.289855072464,0.0873362445415,0.96449591798
1,0.3,107,229,69,22,0.0905511811024,0.31884057971,0.0960698689956,1.06094550978
1,0.3,108,229,69,24,0.0905511811024,0.347826086957,0.10480349345,1.15739510158
1,0.3,109,229,69,25,0.0905511811024,0.36231884058,0.109170305677,1.20561989747
1,0.3,110,229,69,17,0.0905511811024,0.246376811594,0.0742358078603,0.819821530283
1,0.3,111,229,69,18,0.0905511811024,0.260869565217,0.0786026200873,0.868046326182
1,0.3,112,229,69,15,0.0905511811024,0.217391304348,0.0655021834061,0.723371938485
1,0.3,113,229,69,22,0.0905511811024,0.31884057971,0.0960698689956,1.06094550978
1,0.3,114,229,69,23,0.0905511811024,0.333333333333,0.100436681223,1.10917030568
1,0.3,115,229,69,24,0.0905511811024,0.347826086957,0.10480349345,1.15739510158
1,0.3,116,229,69,21,0.0905511811024,0.304347826087,0.0917030567686,1.01272071388
1,0.3,117,229,69,17,0.0905511811024,0.246376811594,0.0742358078603,0.819821530283
1,0.3,118,229,69,23,0.0905511811024,0.333333333333,0.100436681223,1.10917030568
1,0.3,119,229,69,21,0.0905511811024,0.304347826087,0.0917030567686,1.01272071388
1,0.3,120,229,69,25,0.0905511811024,0.36231884058,0.109170305677,1.20561989747
1,0.3,121,229,69,21,0.0905511811024,0.304347826087,0.0917030567686,1.01272071388
1,0.3,122,229,69,17,0.0905511811024,0.246376811594,0.0742358078603,0.819821530283
1,0.3,123,229,69,17,0.0905511811024,0.246376811594,0.0742358078603,0.819821530283
1,0.3,124,229,69,16,0.0905511811024,0.231884057971,0.0698689956332,0.771596734384
1,0.3,125,229,69,22,0.0905511811024,0.31884057971,0.0960698689956,1.06094550978
1,0.3,126,229,69,26,0.0905511811024,0.376811594203,0.113537117904,1.25384469337
1,0.3,127,229,69,16,0.0905511811024,0.231884057971,0.0698689956332,0.771596734384
1,0.3,128,229,69,12,0.0905511811024,0.173913043478,0.0524017467249,0.578697550788
1,0.3,129,229,69,26,0.0905511811024,0.376811594203,0.113537117904,1.25384469337
1,0.3,130,229,69,23,0.0905511811024,0.333333333333,0.100436681223,1.10917030568
1,0.3,131,229,69,22,0.0905511811024,0.31884057971,0.0960698689956,1.06094550978
1,0.3,132,229,69,16,0.0905511811024,0.231884057971,0.0698689956332,0.771596734384
1,0.3,133,229,69,15,0.0905511811024,0.217391304348,0.0655021834061,0.723371938485
1,0.3,134,229,69,26,0.0905511811024,0.376811594203,0.113537117904,1.25384469337
1,0.3,135,229,69,27,0.0905511811024,0.391304347826,0.117903930131,1.30206948927
1,0.3,136,229,69,20,0.0905511811024,0.289855072464,0.0873362445415,0.96449591798
1,0.3,137,229,69,22,0.0905511811024,0.31884057971,0.0960698689956,1.06094550978
1,0.3,138,229,69,24,0.0905511811024,0.347826086957,0.10480349345,1.15739510158
1,0.3,139,229,69,30,0.0905511811024,0.434782608696,0.131004366812,1.44674387697
1,0.3,140,229,69,22,0.0905511811024,0.31884057971,0.0960698689956,1.06094550978
1,0.3,141,229,69,22,0.0905511811024,0.31884057971,0.0960698689956,1.06094550978
1,0.3,142,229,69,25,0.0905511811024,0.36231884058,0.109170305677,1.20561989747
1,0.3,143,229,69,18,0.0905511811024,0.260869565217,0.0786026200873,0.868046326182
1,0.3,144,229,69,21,0.0905511811024,0.304347826087,0.0917030567686,1.01272071388
1,0.3,145,229,69,20,0.0905511811024,0.289855072464,0.0873362445415,0.96449591798
1,0.3,146,229,69,23,0.0905511811024,0.333333333333,0.100436681223,1.10917030568
1,0.3,147,229,69,27,0.0905511811024,0.391304347826,0.117903930131,1.30206948927
1,0.3,148,229,69,28,0.0905511811024,0.405797101449,0.122270742358,1.35029428517
1,0.3,149,229,69,17,0.0905511811024,0.246376811594,0.0742358078603,0.819821530283
1,0.3,150,229,69,18,0.0905511811024,0.260869565217,0.0786026200873,0.868046326182
1,0.3,151,229,69,29,0.0905511811024,0.420289855072,0.126637554585,1.39851908107
1,0.3,152,229,69,24,0.0905511811024,0.347826086957,0.10480349345,1.15739510158
1,0.3,153,229,69,31,0.0905511811024,0.449275362319,0.135371179039,1.49496867287
1,0.3,154,229,69,21,0.0905511811024,0.304347826087,0.0917030567686,1.01272071388
1,0.3,155,229,69,20,0.0905511811024,0.289855072464,0.0873362445415,0.96449591798
1,0.3,156,229,69,29,0.0905511811024,0.420289855072,0.126637554585,1.39851908107
1,0.3,157,229,69,25,0.0905511811024,0.36231884058,0.109170305677,1.20561989747
1,0.3,158,229,69,17,0.0905511811024,0.246376811594,0.0742358078603,0.819821530283
1,0.3,159,229,69,21,0.0905511811024,0.304347826087,0.0917030567686,1.01272071388
1,0.3,160,229,69,25,0.0905511811024,0.36231884058,0.109170305677,1.20561989747
1,0.3,161,229,69,19,0.0905511811024,0.275362318841,0.0829694323144,0.916271122081
1,0.3,162,229,69,26,0.0905511811024,0.376811594203,0.113537117904,1.25384469337
1,0.3,163,229,69,27,0.0905511811024,0.391304347826,0.117903930131,1.30206948927
1,0.3,164,229,69,20,0.0905511811024,0.289855072464,0.0873362445415,0.96449591798
1,0.3,165,229,69,26,0.0905511811024,0.376811594203,0.113537117904,1.25384469337
1,0.3,166,229,69,23,0.0905511811024,0.333333333333,0.100436681223,1.10917030568
1,0.3,167,229,69,19,0.0905511811024,0.275362318841,0.0829694323144,0.916271122081
1,0.3,168,229,69,23,0.0905511811024,0.333333333333,0.100436681223,1.10917030568
1,0.3,169,229,69,20,0.0905511811024,0.289855072464,0.0873362445415,0.96449591798
1,0.3,170,229,69,19,0.0905511811024,0.275362318841,0.0829694323144,0.916271122081
1,0.3,171,229,69,27,0.0905511811024,0.391304347826,0.117903930131,1.30206948927
1,0.3,172,229,69,21,0.0905511811024,0.304347826087,0.0917030567686,1.01272071388
1,0.3,173,229,69,20,0.0905511811024,0.289855072464,0.0873362445415,0.96449591798
1,0.3,174,229,69,23,0.0905511811024,0.333333333333,0.100436681223,1.10917030568
1,0.3,175,229,69,16,0.0905511811024,0.231884057971,0.0698689956332,0.771596734384
1,0.3,176,229,69,14,0.0905511811024,0.202898550725,0.061135371179,0.675147142586
1,0.3,177,229,69,24,0.0905511811024,0.347826086957,0.10480349345,1.15739510158
1,0.3,178,229,69,25,0.0905511811024,0.36231884058,0.109170305677,1.20561989747
1,0.3,179,229,69,18,0.0905511811024,0.260869565217,0.0786026200873,0.868046326182
1,0.3,180,229,69,22,0.0905511811024,0.31884057971,0.0960698689956,1.06094550978
1,0.3,181,229,69,17,0.0905511811024,0.246376811594,0.0742358078603,0.819821530283
1,0.3,182,229,69,28,0.0905511811024,0.405797101449,0.122270742358,1.35029428517
1,0.3,183,229,69,19,0.0905511811024,0.275362318841,0.0829694323144,0.916271122081
1,0.3,184,229,69,15,0.0905511811024,0.217391304348,0.0655021834061,0.723371938485
1,0.3,185,229,69,23,0.0905511811024,0.333333333333,0.100436681223,1.10917030568
1,0.3,186,229,69,25,0.0905511811024,0.36231884058,0.109170305677,1.20561989747
1,0.3,187,229,69,18,0.0905511811024,0.260869565217,0.0786026200873,0.868046326182
1,0.3,188,229,69,14,0.0905511811024,0.202898550725,0.061135371179,0.675147142586
1,0.3,189,229,69,24,0.0905511811024,0.347826086957,0.10480349345,1.15739510158
1,0.3,190,229,69,20,0.0905511811024,0.289855072464,0.0873362445415,0.96449591798
1,0.3,191,229,69,23,0.0905511811024,0.333333333333,0.100436681223,1.10917030568
1,0.3,192,229,69,27,0.0905511811024,0.391304347826,0.117903930131,1.30206948927
1,0.3,193,229,69,23,0.0905511811024,0.333333333333,0.100436681223,1.10917030568
1,0.3,194,229,69,25,0.0905511811024,0.36231884058,0.109170305677,1.20561989747
1,0.3,195,229,69,27,0.0905511811024,0.391304347826,0.117903930131,1.30206948927
1,0.3,196,229,69,26,0.0905511811024,0.376811594203,0.113537117904,1.25384469337
1,0.3,197,229,69,20,0.0905511811024,0.289855072464,0.0873362445415,0.96449591798
1,0.3,198,229,69,19,0.0905511811024,0.275362318841,0.0829694323144,0.916271122081
1,0.3,199,229,69,21,0.0905511811024,0.304347826087,0.0917030567686,1.01272071388
1,0.3,200,229,69,17,0.0905511811024,0.246376811594,0.0742358078603,0.819821530283
1,0.3,201,229,69,17,0.0905511811024,0.246376811594,0.0742358078603,0.819821530283
1,0.3,202,229,69,16,0.0905511811024,0.231884057971,0.0698689956332,0.771596734384
1,0.3,203,229,69,19,0.0905511811024,0.275362318841,0.0829694323144,0.916271122081
1,0.3,204,229,69,24,0.0905511811024,0.347826086957,0.10480349345,1.15739510158
1,0.3,205,229,69,19,0.0905511811024,0.275362318841,0.0829694323144,0.916271122081
1,0.3,206,229,69,22,0.0905511811024,0.31884057971,0.0960698689956,1.06094550978
1,0.3,207,229,69,17,0.0905511811024,0.246376811594,0.0742358078603,0.819821530283
1,0.3,208,229,69,22,0.0905511811024,0.31884057971,0.0960698689956,1.06094550978
1,0.3,209,229,69,21,0.0905511811024,0.304347826087,0.0917030567686,1.01272071388
1,0.3,210,229,69,19,0.0905511811024,0.275362318841,0.0829694323144,0.916271122081
1,0.3,211,229,69,25,0.0905511811024,0.36231884058,0.109170305677,1.20561989747
1,0.3,212,229,69,23,0.0905511811024,0.333333333333,0.100436681223,1.10917030568
1,0.3,213,229,69,17,0.0905511811024,0.246376811594,0.0742358078603,0.819821530283
1,0.3,214,229,69,23,0.0905511811024,0.333333333333,0.100436681223,1.10917030568
1,0.3,215,229,69,22,0.0905511811024,0.31884057971,0.0960698689956,1.06094550978
1,0.3,216,229,69,13,0.0905511811024,0.188405797101,0.056768558952,0.626922346687
1,0.3,217,229,69,20,0.0905511811024,0.289855072464,0.0873362445415,0.96449591798
1,0.3,218,229,69,21,0.0905511811024,0.304347826087,0.0917030567686,1.01272071388
1,0.3,219,229,69,20,0.0905511811024,0.289855072464,0.0873362445415,0.96449591798
1,0.3,220,229,69,26,0.0905511811024,0.376811594203,0.113537117904,1.25384469337
1,0.3,221,229,69,23,0.0905511811024,0.333333333333,0.100436681223,1.10917030568
1,0.3,222,229,69,28,0.0905511811024,0.405797101449,0.122270742358,1.35029428517
1,0.3,223,229,69,24,0.0905511811024,0.347826086957,0.10480349345,1.15739510158
1,0.3,224,229,69,22,0.0905511811024,0.31884057971,0.0960698689956,1.06094550978
1,0.3,225,229,69,19,0.0905511811024,0.275362318841,0.0829694323144,0.916271122081
1,0.3,226,229,69,23,0.0905511811024,0.333333333333,0.100436681223,1.10917030568
1,0.3,227,229,69,21,0.0905511811024,0.304347826087,0.0917030567686,1.01272071388
1,0.3,228,229,69,21,0.0905511811024,0.304347826087,0.0917030567686,1.01272071388
1,0.3,229,229,69,23,0.0905511811024,0.333333333333,0.100436681223,1.10917030568
1,0.3,230,229,69,19,0.0905511811024,0.275362318841,0.0829694323144,0.916271122081
1,0.3,231,229,69,19,0.0905511811024,0.275362318841,0.0829694323144,0.916271122081
1,0.3,232,229,69,19,0.0905511811024,0.275362318841,0.0829694323144,0.916271122081
1,0.3,233,229,69,20,0.0905511811024,0.289855072464,0.0873362445415,0.96449591798
1,0.3,234,229,69,22,0.0905511811024,0.31884057971,0.0960698689956,1.06094550978
1,0.3,235,229,69,20,0.0905511811024,0.289855072464,0.0873362445415,0.96449591798
1,0.3,236,229,69,25,0.0905511811024,0.36231884058,0.109170305677,1.20561989747
1,0.3,237,229,69,17,0.0905511811024,0.246376811594,0.0742358078603,0.819821530283
1,0.3,238,229,69,20,0.0905511811024,0.289855072464,0.0873362445415,0.96449591798
1,0.3,239,229,69,26,0.0905511811024,0.376811594203,0.113537117904,1.25384469337
1,0.3,240,229,69,28,0.0905511811024,0.405797101449,0.122270742358,1.35029428517
1,0.3,241,229,69,20,0.0905511811024,0.289855072464,0.0873362445415,0.96449591798
1,0.3,242,229,69,21,0.0905511811024,0.304347826087,0.0917030567686,1.01272071388
1,0.3,243,229,69,22,0.0905511811024,0.31884057971,0.0960698689956,1.06094550978
1,0.3,244,229,69,16,0.0905511811024,0.231884057971,0.0698689956332,0.771596734384
1,0.3,245,229,69,21,0.0905511811024,0.304347826087,0.0917030567686,1.01272071388
1,0.3,246,229,69,21,0.0905511811024,0.304347826087,0.0917030567686,1.01272071388
1,0.3,247,229,69,18,0.0905511811024,0.260869565217,0.0786026200873,0.868046326182
1,0.3,248,229,69,24,0.0905511811024,0.347826086957,0.10480349345,1.15739510158
1,0.3,249,229,69,14,0.0905511811024,0.202898550725,0.061135371179,0.675147142586
1,0.3,250,229,69,21,0.0905511811024,0.304347826087,0.0917030567686,1.01272071388
1,0.3,251,229,69,23,0.0905511811024,0.333333333333,0.100436681223,1.10917030568
1,0.3,252,229,69,21,0.0905511811024,0.304347826087,0.0917030567686,1.01272071388
1,0.3,253,229,69,20,0.0905511811024,0.289855072464,0.0873362445415,0.96449591798
1,0.3,254,229,69,21,0.0905511811024,0.304347826087,0.0917030567686,1.01272071388
1,0.3,255,229,69,21,0.0905511811024,0.304347826087,0.0917030567686,1.01272071388
1,0.3,256,229,69,22,0.0905511811024,0.31884057971,0.0960698689956,1.06094550978
1,0.3,257,229,69,18,0.0905511811024,0.260869565217,0.0786026200873,0.868046326182
1,0.3,258,229,69,23,0.0905511811024,0.333333333333,0.100436681223,1.10917030568
1,0.3,259,229,69,23,0.0905511811024,0.333333333333,0.100436681223,1.10917030568
1,0.3,260,229,69,20,0.0905511811024,0.289855072464,0.0873362445415,0.96449591798
1,0.3,261,229,69,17,0.0905511811024,0.246376811594,0.0742358078603,0.819821530283
1,0.3,262,229,69,19,0.0905511811024,0.275362318841,0.0829694323144,0.916271122081
1,0.3,263,229,69,25,0.0905511811024,0.36231884058,0.109170305677,1.20561989747
1,0.3,264,229,69,28,0.0905511811024,0.405797101449,0.122270742358,1.35029428517
1,0.3,265,229,69,21,0.0905511811024,0.304347826087,0.0917030567686,1.01272071388
1,0.3,266,229,69,26,0.0905511811024,0.376811594203,0.113537117904,1.25384469337
1,0.3,267,229,69,21,0.0905511811024,0.304347826087,0.0917030567686,1.01272071388
1,0.3,268,229,69,22,0.0905511811024,0.31884057971,0.0960698689956,1.06094550978
1,0.3,269,229,69,19,0.0905511811024,0.275362318841,0.0829694323144,0.916271122081
1,0.3,270,229,69,21,0.0905511811024,0.304347826087,0.0917030567686,1.01272071388
1,0.3,271,229,69,17,0.0905511811024,0.246376811594,0.0742358078603,0.819821530283
1,0.3,272,229,69,14,0.0905511811024,0.202898550725,0.061135371179,0.675147142586
1,0.3,273,229,69,17,0.0905511811024,0.246376811594,0.0742358078603,0.819821530283
1,0.3,274,229,69,19,0.0905511811024,0.275362318841,0.0829694323144,0.916271122081
1,0.3,275,229,69,20,0.0905511811024,0.289855072464,0.0873362445415,0.96449591798
1,0.3,276,229,69,20,0.0905511811024,0.289855072464,0.0873362445415,0.96449591798
1,0.3,277,229,69,24,0.0905511811024,0.347826086957,0.10480349345,1.15739510158
1,0.3,278,229,69,18,0.0905511811024,0.260869565217,0.0786026200873,0.868046326182
1,0.3,279,229,69,20,0.0905511811024,0.289855072464,0.0873362445415,0.96449591798
1,0.3,280,229,69,18,0.0905511811024,0.260869565217,0.0786026200873,0.868046326182
1,0.3,281,229,69,22,0.0905511811024,0.31884057971,0.0960698689956,1.06094550978
1,0.3,282,229,69,25,0.0905511811024,0.36231884058,0.109170305677,1.20561989747
1,0.3,283,229,69,17,0.0905511811024,0.246376811594,0.0742358078603,0.819821530283
1,0.3,284,229,69,28,0.0905511811024,0.405797101449,0.122270742358,1.35029428517
1,0.3,285,229,69,23,0.0905511811024,0.333333333333,0.100436681223,1.10917030568
1,0.3,286,229,69,19,0.0905511811024,0.275362318841,0.0829694323144,0.916271122081
1,0.3,287,229,69,24,0.0905511811024,0.347826086957,0.10480349345,1.15739510158
1,0.3,288,229,69,16,0.0905511811024,0.231884057971,0.0698689956332,0.771596734384
1,0.3,289,229,69,18,0.0905511811024,0.260869565217,0.0786026200873,0.868046326182
1,0.3,290,229,69,15,0.0905511811024,0.217391304348,0.0655021834061,0.723371938485
1,0.3,291,229,69,21,0.0905511811024,0.304347826087,0.0917030567686,1.01272071388
1,0.3,292,229,69,22,0.0905511811024,0.31884057971,0.0960698689956,1.06094550978
1,0.3,293,229,69,20,0.0905511811024,0.289855072464,0.0873362445415,0.96449591798
1,0.3,294,229,69,18,0.0905511811024,0.260869565217,0.0786026200873,0.868046326182
1,0.3,295,229,69,16,0.0905511811024,0.231884057971,0.0698689956332,0.771596734384
1,0.3,296,229,69,16,0.0905511811024,0.231884057971,0.0698689956332,0.771596734384
1,0.3,297,229,69,21,0.0905511811024,0.304347826087,0.0917030567686,1.01272071388
1,0.3,298,229,69,15,0.0905511811024,0.217391304348,0.0655021834061,0.723371938485
1,0.3,299,229,69,21,0.0905511811024,0.304347826087,0.0917030567686,1.01272071388
1,0.3,300,229,69,21,0.0905511811024,0.304347826087,0.0917030567686,1.01272071388
1,0.3,301,229,69,25,0.0905511811024,0.36231884058,0.109170305677,1.20561989747
1,0.3,302,229,69,19,0.0905511811024,0.275362318841,0.0829694323144,0.916271122081
1,0.3,303,229,69,23,0.0905511811024,0.333333333333,0.100436681223,1.10917030568
1,0.3,304,229,69,26,0.0905511811024,0.376811594203,0.113537117904,1.25384469337
1,0.3,305,229,69,16,0.0905511811024,0.231884057971,0.0698689956332,0.771596734384
1,0.3,306,229,69,16,0.0905511811024,0.231884057971,0.0698689956332,0.771596734384
1,0.3,307,229,69,23,0.0905511811024,0.333333333333,0.100436681223,1.10917030568
1,0.3,308,229,69,24,0.0905511811024,0.347826086957,0.10480349345,1.15739510158
1,0.3,309,229,69,25,0.0905511811024,0.36231884058,0.109170305677,1.20561989747
1,0.3,310,229,69,28,0.0905511811024,0.405797101449,0.122270742358,1.35029428517
1,0.3,311,229,69,27,0.0905511811024,0.391304347826,0.117903930131,1.30206948927
1,0.3,312,229,69,21,0.0905511811024,0.304347826087,0.0917030567686,1.01272071388
1,0.3,313,229,69,17,0.0905511811024,0.246376811594,0.0742358078603,0.819821530283
1,0.3,314,229,69,19,0.0905511811024,0.275362318841,0.0829694323144,0.916271122081
1,0.3,315,229,69,23,0.0905511811024,0.333333333333,0.100436681223,1.10917030568
1,0.3,316,229,69,19,0.0905511811024,0.275362318841,0.0829694323144,0.916271122081
1,0.3,317,229,69,19,0.0905511811024,0.275362318841,0.0829694323144,0.916271122081
1,0.3,318,229,69,17,0.0905511811024,0.246376811594,0.0742358078603,0.819821530283
1,0.3,319,229,69,19,0.0905511811024,0.275362318841,0.0829694323144,0.916271122081
1,0.3,320,229,69,24,0.0905511811024,0.347826086957,0.10480349345,1.15739510158
1,0.3,321,229,69,14,0.0905511811024,0.202898550725,0.061135371179,0.675147142586
1,0.3,322,229,69,27,0.0905511811024,0.391304347826,0.117903930131,1.30206948927
1,0.3,323,229,69,20,0.0905511811024,0.289855072464,0.0873362445415,0.96449591798
1,0.3,324,229,69,17,0.0905511811024,0.246376811594,0.0742358078603,0.819821530283
1,0.3,325,229,69,22,0.0905511811024,0.31884057971,0.0960698689956,1.06094550978
1,0.3,326,229,69,17,0.0905511811024,0.246376811594,0.0742358078603,0.819821530283
1,0.3,327,229,69,19,0.0905511811024,0.275362318841,0.0829694323144,0.916271122081
1,0.3,328,229,69,20,0.0905511811024,0.289855072464,0.0873362445415,0.96449591798
1,0.3,329,229,69,21,0.0905511811024,0.304347826087,0.0917030567686,1.01272071388
1,0.3,330,229,69,22,0.0905511811024,0.31884057971,0.0960698689956,1.06094550978
1,0.3,331,229,69,27,0.0905511811024,0.391304347826,0.117903930131,1.30206948927
1,0.3,332,229,69,21,0.0905511811024,0.304347826087,0.0917030567686,1.01272071388
1,0.3,333,229,69,21,0.0905511811024,0.304347826087,0.0917030567686,1.01272071388
1,0.3,334,229,69,19,0.0905511811024,0.275362318841,0.0829694323144,0.916271122081
1,0.3,335,229,69,20,0.0905511811024,0.289855072464,0.0873362445415,0.96449591798
1,0.3,336,229,69,21,0.0905511811024,0.304347826087,0.0917030567686,1.01272071388
1,0.3,337,229,69,25,0.0905511811024,0.36231884058,0.109170305677,1.20561989747
1,0.3,338,229,69,16,0.0905511811024,0.231884057971,0.0698689956332,0.771596734384
1,0.3,339,229,69,23,0.0905511811024,0.333333333333,0.100436681223,1.10917030568
1,0.3,340,229,69,23,0.0905511811024,0.333333333333,0.100436681223,1.10917030568
1,0.3,341,229,69,15,0.0905511811024,0.217391304348,0.0655021834061,0.723371938485
1,0.3,342,229,69,18,0.0905511811024,0.260869565217,0.0786026200873,0.868046326182
1,0.3,343,229,69,18,0.0905511811024,0.260869565217,0.0786026200873,0.868046326182
1,0.3,344,229,69,21,0.0905511811024,0.304347826087,0.0917030567686,1.01272071388
1,0.3,345,229,69,24,0.0905511811024,0.347826086957,0.10480349345,1.15739510158
1,0.3,346,229,69,21,0.0905511811024,0.304347826087,0.0917030567686,1.01272071388
1,0.3,347,229,69,12,0.0905511811024,0.173913043478,0.0524017467249,0.578697550788
1,0.3,348,229,69,23,0.0905511811024,0.333333333333,0.100436681223,1.10917030568
1,0.3,349,229,69,22,0.0905511811024,0.31884057971,0.0960698689956,1.06094550978
1,0.3,350,229,69,19,0.0905511811024,0.275362318841,0.0829694323144,0.916271122081
1,0.3,351,229,69,19,0.0905511811024,0.275362318841,0.0829694323144,0.916271122081
1,0.3,352,229,69,20,0.0905511811024,0.289855072464,0.0873362445415,0.96449591798
1,0.3,353,229,69,24,0.0905511811024,0.347826086957,0.10480349345,1.15739510158
1,0.3,354,229,69,14,0.0905511811024,0.202898550725,0.061135371179,0.675147142586
1,0.3,355,229,69,23,0.0905511811024,0.333333333333,0.100436681223,1.10917030568
1,0.3,356,229,69,24,0.0905511811024,0.347826086957,0.10480349345,1.15739510158
1,0.3,357,229,69,21,0.0905511811024,0.304347826087,0.0917030567686,1.01272071388
1,0.3,358,229,69,21,0.0905511811024,0.304347826087,0.0917030567686,1.01272071388
1,0.3,359,229,69,21,0.0905511811024,0.304347826087,0.0917030567686,1.01272071388
1,0.3,360,229,69,23,0.0905511811024,0.333333333333,0.100436681223,1.10917030568
1,0.3,361,229,69,20,0.0905511811024,0.289855072464,0.0873362445415,0.96449591798
1,0.3,362,229,69,29,0.0905511811024,0.420289855072,0.126637554585,1.39851908107
1,0.3,363,229,69,22,0.0905511811024,0.31884057971,0.0960698689956,1.06094550978
1,0.3,364,229,69,19,0.0905511811024,0.275362318841,0.0829694323144,0.916271122081
1,0.3,365,229,69,24,0.0905511811024,0.347826086957,0.10480349345,1.15739510158
1,0.3,366,229,69,21,0.0905511811024,0.304347826087,0.0917030567686,1.01272071388
1,0.3,367,229,69,17,0.0905511811024,0.246376811594,0.0742358078603,0.819821530283
1,0.3,368,229,69,20,0.0905511811024,0.289855072464,0.0873362445415,0.96449591798
1,0.3,369,229,69,20,0.0905511811024,0.289855072464,0.0873362445415,0.96449591798
1,0.3,370,229,69,19,0.0905511811024,0.275362318841,0.0829694323144,0.916271122081
1,0.3,371,229,69,19,0.0905511811024,0.275362318841,0.0829694323144,0.916271122081
1,0.3,372,229,69,17,0.0905511811024,0.246376811594,0.0742358078603,0.819821530283
1,0.3,373,229,69,19,0.0905511811024,0.275362318841,0.0829694323144,0.916271122081
1,0.3,374,229,69,14,0.0905511811024,0.202898550725,0.061135371179,0.675147142586
1,0.3,375,229,69,26,0.0905511811024,0.376811594203,0.113537117904,1.25384469337
1,0.3,376,229,69,21,0.0905511811024,0.304347826087,0.0917030567686,1.01272071388
1,0.3,377,229,69,25,0.0905511811024,0.36231884058,0.109170305677,1.20561989747
1,0.3,378,229,69,18,0.0905511811024,0.260869565217,0.0786026200873,0.868046326182
1,0.3,379,229,69,29,0.0905511811024,0.420289855072,0.126637554585,1.39851908107
1,0.3,380,229,69,17,0.0905511811024,0.246376811594,0.0742358078603,0.819821530283
1,0.3,381,229,69,20,0.0905511811024,0.289855072464,0.0873362445415,0.96449591798
1,0.3,382,229,69,23,0.0905511811024,0.333333333333,0.100436681223,1.10917030568
1,0.3,383,229,69,27,0.0905511811024,0.391304347826,0.117903930131,1.30206948927
1,0.3,384,229,69,12,0.0905511811024,0.173913043478,0.0524017467249,0.578697550788
1,0.3,385,229,69,27,0.0905511811024,0.391304347826,0.117903930131,1.30206948927
1,0.3,386,229,69,13,0.0905511811024,0.188405797101,0.056768558952,0.626922346687
1,0.3,387,229,69,22,0.0905511811024,0.31884057971,0.0960698689956,1.06094550978
1,0.3,388,229,69,27,0.0905511811024,0.391304347826,0.117903930131,1.30206948927
1,0.3,389,229,69,25,0.0905511811024,0.36231884058,0.109170305677,1.20561989747
1,0.3,390,229,69,23,0.0905511811024,0.333333333333,0.100436681223,1.10917030568
1,0.3,391,229,69,18,0.0905511811024,0.260869565217,0.0786026200873,0.868046326182
1,0.3,392,229,69,21,0.0905511811024,0.304347826087,0.0917030567686,1.01272071388
1,0.3,393,229,69,17,0.0905511811024,0.246376811594,0.0742358078603,0.819821530283
1,0.3,394,229,69,23,0.0905511811024,0.333333333333,0.100436681223,1.10917030568
1,0.3,395,229,69,17,0.0905511811024,0.246376811594,0.0742358078603,0.819821530283
1,0.3,396,229,69,17,0.0905511811024,0.246376811594,0.0742358078603,0.819821530283
1,0.3,397,229,69,20,0.0905511811024,0.289855072464,0.0873362445415,0.96449591798
1,0.3,398,229,69,27,0.0905511811024,0.391304347826,0.117903930131,1.30206948927
1,0.3,399,229,69,22,0.0905511811024,0.31884057971,0.0960698689956,1.06094550978
1,0.3,400,229,69,15,0.0905511811024,0.217391304348,0.0655021834061,0.723371938485
1,0.3,401,229,69,21,0.0905511811024,0.304347826087,0.0917030567686,1.01272071388
1,0.3,402,229,69,19,0.0905511811024,0.275362318841,0.0829694323144,0.916271122081
1,0.3,403,229,69,22,0.0905511811024,0.31884057971,0.0960698689956,1.06094550978
1,0.3,404,229,69,26,0.0905511811024,0.376811594203,0.113537117904,1.25384469337
1,0.3,405,229,69,21,0.0905511811024,0.304347826087,0.0917030567686,1.01272071388
1,0.3,406,229,69,19,0.0905511811024,0.275362318841,0.0829694323144,0.916271122081
1,0.3,407,229,69,22,0.0905511811024,0.31884057971,0.0960698689956,1.06094550978
1,0.3,408,229,69,26,0.0905511811024,0.376811594203,0.113537117904,1.25384469337
1,0.3,409,229,69,22,0.0905511811024,0.31884057971,0.0960698689956,1.06094550978
1,0.3,410,229,69,18,0.0905511811024,0.260869565217,0.0786026200873,0.868046326182
1,0.3,411,229,69,19,0.0905511811024,0.275362318841,0.0829694323144,0.916271122081
1,0.3,412,229,69,21,0.0905511811024,0.304347826087,0.0917030567686,1.01272071388
1,0.3,413,229,69,18,0.0905511811024,0.260869565217,0.0786026200873,0.868046326182
1,0.3,414,229,69,18,0.0905511811024,0.260869565217,0.0786026200873,0.868046326182
1,0.3,415,229,69,24,0.0905511811024,0.347826086957,0.10480349345,1.15739510158
1,0.3,416,229,69,26,0.0905511811024,0.376811594203,0.113537117904,1.25384469337
1,0.3,417,229,69,22,0.0905511811024,0.31884057971,0.0960698689956,1.06094550978
1,0.3,418,229,69,18,0.0905511811024,0.260869565217,0.0786026200873,0.868046326182
1,0.3,419,229,69,22,0.0905511811024,0.31884057971,0.0960698689956,1.06094550978
1,0.3,420,229,69,16,0.0905511811024,0.231884057971,0.0698689956332,0.771596734384
1,0.3,421,229,69,19,0.0905511811024,0.275362318841,0.0829694323144,0.916271122081
1,0.3,422,229,69,23,0.0905511811024,0.333333333333,0.100436681223,1.10917030568
1,0.3,423,229,69,17,0.0905511811024,0.246376811594,0.0742358078603,0.819821530283
1,0.3,424,229,69,21,0.0905511811024,0.304347826087,0.0917030567686,1.01272071388
1,0.3,425,229,69,18,0.0905511811024,0.260869565217,0.0786026200873,0.868046326182
1,0.3,426,229,69,23,0.0905511811024,0.333333333333,0.100436681223,1.10917030568
1,0.3,427,229,69,19,0.0905511811024,0.275362318841,0.0829694323144,0.916271122081
1,0.3,428,229,69,19,0.0905511811024,0.275362318841,0.0829694323144,0.916271122081
1,0.3,429,229,69,22,0.0905511811024,0.31884057971,0.0960698689956,1.06094550978
1,0.3,430,229,69,22,0.0905511811024,0.31884057971,0.0960698689956,1.06094550978
1,0.3,431,229,69,21,0.0905511811024,0.304347826087,0.0917030567686,1.01272071388
1,0.3,432,229,69,26,0.0905511811024,0.376811594203,0.113537117904,1.25384469337
1,0.3,433,229,69,16,0.0905511811024,0.231884057971,0.0698689956332,0.771596734384
1,0.3,434,229,69,13,0.0905511811024,0.188405797101,0.056768558952,0.626922346687
1,0.3,435,229,69,26,0.0905511811024,0.376811594203,0.113537117904,1.25384469337
1,0.3,436,229,69,21,0.0905511811024,0.304347826087,0.0917030567686,1.01272071388
1,0.3,437,229,69,19,0.0905511811024,0.275362318841,0.0829694323144,0.916271122081
1,0.3,438,229,69,30,0.0905511811024,0.434782608696,0.131004366812,1.44674387697
1,0.3,439,229,69,24,0.0905511811024,0.347826086957,0.10480349345,1.15739510158
1,0.3,440,229,69,21,0.0905511811024,0.304347826087,0.0917030567686,1.01272071388
1,0.3,441,229,69,27,0.0905511811024,0.391304347826,0.117903930131,1.30206948927
1,0.3,442,229,69,23,0.0905511811024,0.333333333333,0.100436681223,1.10917030568
1,0.3,443,229,69,25,0.0905511811024,0.36231884058,0.109170305677,1.20561989747
1,0.3,444,229,69,17,0.0905511811024,0.246376811594,0.0742358078603,0.819821530283
1,0.3,445,229,69,21,0.0905511811024,0.304347826087,0.0917030567686,1.01272071388
1,0.3,446,229,69,21,0.0905511811024,0.304347826087,0.0917030567686,1.01272071388
1,0.3,447,229,69,13,0.0905511811024,0.188405797101,0.056768558952,0.626922346687
1,0.3,448,229,69,23,0.0905511811024,0.333333333333,0.100436681223,1.10917030568
1,0.3,449,229,69,23,0.0905511811024,0.333333333333,0.100436681223,1.10917030568
1,0.3,450,229,69,21,0.0905511811024,0.304347826087,0.0917030567686,1.01272071388
1,0.3,451,229,69,17,0.0905511811024,0.246376811594,0.0742358078603,0.819821530283
1,0.3,452,229,69,22,0.0905511811024,0.31884057971,0.0960698689956,1.06094550978
1,0.3,453,229,69,22,0.0905511811024,0.31884057971,0.0960698689956,1.06094550978
1,0.3,454,229,69,27,0.0905511811024,0.391304347826,0.117903930131,1.30206948927
1,0.3,455,229,69,18,0.0905511811024,0.260869565217,0.0786026200873,0.868046326182
1,0.3,456,229,69,28,0.0905511811024,0.405797101449,0.122270742358,1.35029428517
1,0.3,457,229,69,18,0.0905511811024,0.260869565217,0.0786026200873,0.868046326182
1,0.3,458,229,69,19,0.0905511811024,0.275362318841,0.0829694323144,0.916271122081
1,0.3,459,229,69,25,0.0905511811024,0.36231884058,0.109170305677,1.20561989747
1,0.3,460,229,69,21,0.0905511811024,0.304347826087,0.0917030567686,1.01272071388
1,0.3,461,229,69,20,0.0905511811024,0.289855072464,0.0873362445415,0.96449591798
1,0.3,462,229,69,21,0.0905511811024,0.304347826087,0.0917030567686,1.01272071388
1,0.3,463,229,69,17,0.0905511811024,0.246376811594,0.0742358078603,0.819821530283
1,0.3,464,229,69,19,0.0905511811024,0.275362318841,0.0829694323144,0.916271122081
1,0.3,465,229,69,15,0.0905511811024,0.217391304348,0.0655021834061,0.723371938485
1,0.3,466,229,69,22,0.0905511811024,0.31884057971,0.0960698689956,1.06094550978
1,0.3,467,229,69,23,0.0905511811024,0.333333333333,0.100436681223,1.10917030568
1,0.3,468,229,69,23,0.0905511811024,0.333333333333,0.100436681223,1.10917030568
1,0.3,469,229,69,22,0.0905511811024,0.31884057971,0.0960698689956,1.06094550978
1,0.3,470,229,69,31,0.0905511811024,0.449275362319,0.135371179039,1.49496867287
1,0.3,471,229,69,23,0.0905511811024,0.333333333333,0.100436681223,1.10917030568
1,0.3,472,229,69,22,0.0905511811024,0.31884057971,0.0960698689956,1.06094550978
1,0.3,473,229,69,16,0.0905511811024,0.231884057971,0.0698689956332,0.771596734384
1,0.3,474,229,69,14,0.0905511811024,0.202898550725,0.061135371179,0.675147142586
1,0.3,475,229,69,20,0.0905511811024,0.289855072464,0.0873362445415,0.96449591798
1,0.3,476,229,69,15,0.0905511811024,0.217391304348,0.0655021834061,0.723371938485
1,0.3,477,229,69,22,0.0905511811024,0.31884057971,0.0960698689956,1.06094550978
1,0.3,478,229,69,15,0.0905511811024,0.217391304348,0.0655021834061,0.723371938485
1,0.3,479,229,69,21,0.0905511811024,0.304347826087,0.0917030567686,1.01272071388
1,0.3,480,229,69,14,0.0905511811024,0.202898550725,0.061135371179,0.675147142586
1,0.3,481,229,69,23,0.0905511811024,0.333333333333,0.100436681223,1.10917030568
1,0.3,482,229,69,23,0.0905511811024,0.333333333333,0.100436681223,1.10917030568
1,0.3,483,229,69,20,0.0905511811024,0.289855072464,0.0873362445415,0.96449591798
1,0.3,484,229,69,29,0.0905511811024,0.420289855072,0.126637554585,1.39851908107
1,0.3,485,229,69,18,0.0905511811024,0.260869565217,0.0786026200873,0.868046326182
1,0.3,486,229,69,20,0.0905511811024,0.289855072464,0.0873362445415,0.96449591798
1,0.3,487,229,69,22,0.0905511811024,0.31884057971,0.0960698689956,1.06094550978
1,0.3,488,229,69,25,0.0905511811024,0.36231884058,0.109170305677,1.20561989747
1,0.3,489,229,69,21,0.0905511811024,0.304347826087,0.0917030567686,1.01272071388
1,0.3,490,229,69,20,0.0905511811024,0.289855072464,0.0873362445415,0.96449591798
1,0.3,491,229,69,23,0.0905511811024,0.333333333333,0.100436681223,1.10917030568
1,0.3,492,229,69,19,0.0905511811024,0.275362318841,0.0829694323144,0.916271122081
1,0.3,493,229,69,18,0.0905511811024,0.260869565217,0.0786026200873,0.868046326182
1,0.3,494,229,69,25,0.0905511811024,0.36231884058,0.109170305677,1.20561989747
1,0.3,495,229,69,24,0.0905511811024,0.347826086957,0.10480349345,1.15739510158
1,0.3,496,229,69,22,0.0905511811024,0.31884057971,0.0960698689956,1.06094550978
1,0.3,497,229,69,24,0.0905511811024,0.347826086957,0.10480349345,1.15739510158
1,0.3,498,229,69,21,0.0905511811024,0.304347826087,0.0917030567686,1.01272071388
1,0.3,499,229,69,24,0.0905511811024,0.347826086957,0.10480349345,1.15739510158
1,0.3,500,229,69,25,0.0905511811024,0.36231884058,0.109170305677,1.20561989747
1,0.3,501,229,69,22,0.0905511811024,0.31884057971,0.0960698689956,1.06094550978
1,0.3,502,229,69,21,0.0905511811024,0.304347826087,0.0917030567686,1.01272071388
1,0.3,503,229,69,24,0.0905511811024,0.347826086957,0.10480349345,1.15739510158
1,0.3,504,229,69,19,0.0905511811024,0.275362318841,0.0829694323144,0.916271122081
1,0.3,505,229,69,18,0.0905511811024,0.260869565217,0.0786026200873,0.868046326182
1,0.3,506,229,69,17,0.0905511811024,0.246376811594,0.0742358078603,0.819821530283
1,0.3,507,229,69,27,0.0905511811024,0.391304347826,0.117903930131,1.30206948927
1,0.3,508,229,69,19,0.0905511811024,0.275362318841,0.0829694323144,0.916271122081
1,0.3,509,229,69,19,0.0905511811024,0.275362318841,0.0829694323144,0.916271122081
1,0.3,510,229,69,23,0.0905511811024,0.333333333333,0.100436681223,1.10917030568
1,0.3,511,229,69,19,0.0905511811024,0.275362318841,0.0829694323144,0.916271122081
1,0.3,512,229,69,23,0.0905511811024,0.333333333333,0.100436681223,1.10917030568
1,0.3,513,229,69,19,0.0905511811024,0.275362318841,0.0829694323144,0.916271122081
1,0.3,514,229,69,28,0.0905511811024,0.405797101449,0.122270742358,1.35029428517
1,0.3,515,229,69,17,0.0905511811024,0.246376811594,0.0742358078603,0.819821530283
1,0.3,516,229,69,17,0.0905511811024,0.246376811594,0.0742358078603,0.819821530283
1,0.3,517,229,69,23,0.0905511811024,0.333333333333,0.100436681223,1.10917030568
1,0.3,518,229,69,19,0.0905511811024,0.275362318841,0.0829694323144,0.916271122081
1,0.3,519,229,69,21,0.0905511811024,0.304347826087,0.0917030567686,1.01272071388
1,0.3,520,229,69,18,0.0905511811024,0.260869565217,0.0786026200873,0.868046326182
1,0.3,521,229,69,21,0.0905511811024,0.304347826087,0.0917030567686,1.01272071388
1,0.3,522,229,69,21,0.0905511811024,0.304347826087,0.0917030567686,1.01272071388
1,0.3,523,229,69,22,0.0905511811024,0.31884057971,0.0960698689956,1.06094550978
1,0.3,524,229,69,28,0.0905511811024,0.405797101449,0.122270742358,1.35029428517
1,0.3,525,229,69,14,0.0905511811024,0.202898550725,0.061135371179,0.675147142586
1,0.3,526,229,69,27,0.0905511811024,0.391304347826,0.117903930131,1.30206948927
1,0.3,527,229,69,14,0.0905511811024,0.202898550725,0.061135371179,0.675147142586
1,0.3,528,229,69,19,0.0905511811024,0.275362318841,0.0829694323144,0.916271122081
1,0.3,529,229,69,21,0.0905511811024,0.304347826087,0.0917030567686,1.01272071388
1,0.3,530,229,69,15,0.0905511811024,0.217391304348,0.0655021834061,0.723371938485
1,0.3,531,229,69,18,0.0905511811024,0.260869565217,0.0786026200873,0.868046326182
1,0.3,532,229,69,19,0.0905511811024,0.275362318841,0.0829694323144,0.916271122081
1,0.3,533,229,69,24,0.0905511811024,0.347826086957,0.10480349345,1.15739510158
1,0.3,534,229,69,20,0.0905511811024,0.289855072464,0.0873362445415,0.96449591798
1,0.3,535,229,69,17,0.0905511811024,0.246376811594,0.0742358078603,0.819821530283
1,0.3,536,229,69,20,0.0905511811024,0.289855072464,0.0873362445415,0.96449591798
1,0.3,537,229,69,19,0.0905511811024,0.275362318841,0.0829694323144,0.916271122081
1,0.3,538,229,69,20,0.0905511811024,0.289855072464,0.0873362445415,0.96449591798
1,0.3,539,229,69,20,0.0905511811024,0.289855072464,0.0873362445415,0.96449591798
1,0.3,540,229,69,18,0.0905511811024,0.260869565217,0.0786026200873,0.868046326182
1,0.3,541,229,69,16,0.0905511811024,0.231884057971,0.0698689956332,0.771596734384
1,0.3,542,229,69,24,0.0905511811024,0.347826086957,0.10480349345,1.15739510158
1,0.3,543,229,69,17,0.0905511811024,0.246376811594,0.0742358078603,0.819821530283
1,0.3,544,229,69,22,0.0905511811024,0.31884057971,0.0960698689956,1.06094550978
1,0.3,545,229,69,21,0.0905511811024,0.304347826087,0.0917030567686,1.01272071388
1,0.3,546,229,69,18,0.0905511811024,0.260869565217,0.0786026200873,0.868046326182
1,0.3,547,229,69,23,0.0905511811024,0.333333333333,0.100436681223,1.10917030568
1,0.3,548,229,69,20,0.0905511811024,0.289855072464,0.0873362445415,0.96449591798
1,0.3,549,229,69,23,0.0905511811024,0.333333333333,0.100436681223,1.10917030568
1,0.3,550,229,69,21,0.0905511811024,0.304347826087,0.0917030567686,1.01272071388
1,0.3,551,229,69,16,0.0905511811024,0.231884057971,0.0698689956332,0.771596734384
1,0.3,552,229,69,19,0.0905511811024,0.275362318841,0.0829694323144,0.916271122081
1,0.3,553,229,69,21,0.0905511811024,0.304347826087,0.0917030567686,1.01272071388
1,0.3,554,229,69,18,0.0905511811024,0.260869565217,0.0786026200873,0.868046326182
1,0.3,555,229,69,23,0.0905511811024,0.333333333333,0.100436681223,1.10917030568
1,0.3,556,229,69,21,0.0905511811024,0.304347826087,0.0917030567686,1.01272071388
1,0.3,557,229,69,18,0.0905511811024,0.260869565217,0.0786026200873,0.868046326182
1,0.3,558,229,69,27,0.0905511811024,0.391304347826,0.117903930131,1.30206948927
1,0.3,559,229,69,15,0.0905511811024,0.217391304348,0.0655021834061,0.723371938485
1,0.3,560,229,69,18,0.0905511811024,0.260869565217,0.0786026200873,0.868046326182
1,0.3,561,229,69,16,0.0905511811024,0.231884057971,0.0698689956332,0.771596734384
1,0.3,562,229,69,20,0.0905511811024,0.289855072464,0.0873362445415,0.96449591798
1,0.3,563,229,69,19,0.0905511811024,0.275362318841,0.0829694323144,0.916271122081
1,0.3,564,229,69,13,0.0905511811024,0.188405797101,0.056768558952,0.626922346687
1,0.3,565,229,69,27,0.0905511811024,0.391304347826,0.117903930131,1.30206948927
1,0.3,566,229,69,22,0.0905511811024,0.31884057971,0.0960698689956,1.06094550978
1,0.3,567,229,69,21,0.0905511811024,0.304347826087,0.0917030567686,1.01272071388
1,0.3,568,229,69,22,0.0905511811024,0.31884057971,0.0960698689956,1.06094550978
1,0.3,569,229,69,20,0.0905511811024,0.289855072464,0.0873362445415,0.96449591798
1,0.3,570,229,69,26,0.0905511811024,0.376811594203,0.113537117904,1.25384469337
1,0.3,571,229,69,26,0.0905511811024,0.376811594203,0.113537117904,1.25384469337
1,0.3,572,229,69,21,0.0905511811024,0.304347826087,0.0917030567686,1.01272071388
1,0.3,573,229,69,22,0.0905511811024,0.31884057971,0.0960698689956,1.06094550978
1,0.3,574,229,69,25,0.0905511811024,0.36231884058,0.109170305677,1.20561989747
1,0.3,575,229,69,18,0.0905511811024,0.260869565217,0.0786026200873,0.868046326182
1,0.3,576,229,69,25,0.0905511811024,0.36231884058,0.109170305677,1.20561989747
1,0.3,577,229,69,18,0.0905511811024,0.260869565217,0.0786026200873,0.868046326182
1,0.3,578,229,69,20,0.0905511811024,0.289855072464,0.0873362445415,0.96449591798
1,0.3,579,229,69,19,0.0905511811024,0.275362318841,0.0829694323144,0.916271122081
1,0.3,580,229,69,18,0.0905511811024,0.260869565217,0.0786026200873,0.868046326182
1,0.3,581,229,69,22,0.0905511811024,0.31884057971,0.0960698689956,1.06094550978
1,0.3,582,229,69,21,0.0905511811024,0.304347826087,0.0917030567686,1.01272071388
1,0.3,583,229,69,18,0.0905511811024,0.260869565217,0.0786026200873,0.868046326182
1,0.3,584,229,69,23,0.0905511811024,0.333333333333,0.100436681223,1.10917030568
1,0.3,585,229,69,23,0.0905511811024,0.333333333333,0.100436681223,1.10917030568
1,0.3,586,229,69,19,0.0905511811024,0.275362318841,0.0829694323144,0.916271122081
1,0.3,587,229,69,16,0.0905511811024,0.231884057971,0.0698689956332,0.771596734384
1,0.3,588,229,69,23,0.0905511811024,0.333333333333,0.100436681223,1.10917030568
1,0.3,589,229,69,24,0.0905511811024,0.347826086957,0.10480349345,1.15739510158
1,0.3,590,229,69,18,0.0905511811024,0.260869565217,0.0786026200873,0.868046326182
1,0.3,591,229,69,22,0.0905511811024,0.31884057971,0.0960698689956,1.06094550978
1,0.3,592,229,69,25,0.0905511811024,0.36231884058,0.109170305677,1.20561989747
1,0.3,593,229,69,19,0.0905511811024,0.275362318841,0.0829694323144,0.916271122081
1,0.3,594,229,69,21,0.0905511811024,0.304347826087,0.0917030567686,1.01272071388
1,0.3,595,229,69,19,0.0905511811024,0.275362318841,0.0829694323144,0.916271122081
1,0.3,596,229,69,31,0.0905511811024,0.449275362319,0.135371179039,1.49496867287
1,0.3,597,229,69,17,0.0905511811024,0.246376811594,0.0742358078603,0.819821530283
1,0.3,598,229,69,13,0.0905511811024,0.188405797101,0.056768558952,0.626922346687
1,0.3,599,229,69,22,0.0905511811024,0.31884057971,0.0960698689956,1.06094550978
1,0.3,600,229,69,22,0.0905511811024,0.31884057971,0.0960698689956,1.06094550978
1,0.3,601,229,69,16,0.0905511811024,0.231884057971,0.0698689956332,0.771596734384
1,0.3,602,229,69,21,0.0905511811024,0.304347826087,0.0917030567686,1.01272071388
1,0.3,603,229,69,15,0.0905511811024,0.217391304348,0.0655021834061,0.723371938485
1,0.3,604,229,69,21,0.0905511811024,0.304347826087,0.0917030567686,1.01272071388
1,0.3,605,229,69,21,0.0905511811024,0.304347826087,0.0917030567686,1.01272071388
1,0.3,606,229,69,15,0.0905511811024,0.217391304348,0.0655021834061,0.723371938485
1,0.3,607,229,69,25,0.0905511811024,0.36231884058,0.109170305677,1.20561989747
1,0.3,608,229,69,18,0.0905511811024,0.260869565217,0.0786026200873,0.868046326182
1,0.3,609,229,69,21,0.0905511811024,0.304347826087,0.0917030567686,1.01272071388
1,0.3,610,229,69,23,0.0905511811024,0.333333333333,0.100436681223,1.10917030568
1,0.3,611,229,69,24,0.0905511811024,0.347826086957,0.10480349345,1.15739510158
1,0.3,612,229,69,20,0.0905511811024,0.289855072464,0.0873362445415,0.96449591798
1,0.3,613,229,69,19,0.0905511811024,0.275362318841,0.0829694323144,0.916271122081
1,0.3,614,229,69,20,0.0905511811024,0.289855072464,0.0873362445415,0.96449591798
1,0.3,615,229,69,18,0.0905511811024,0.260869565217,0.0786026200873,0.868046326182
1,0.3,616,229,69,17,0.0905511811024,0.246376811594,0.0742358078603,0.819821530283
1,0.3,617,229,69,22,0.0905511811024,0.31884057971,0.0960698689956,1.06094550978
1,0.3,618,229,69,27,0.0905511811024,0.391304347826,0.117903930131,1.30206948927
1,0.3,619,229,69,22,0.0905511811024,0.31884057971,0.0960698689956,1.06094550978
1,0.3,620,229,69,27,0.0905511811024,0.391304347826,0.117903930131,1.30206948927
1,0.3,621,229,69,26,0.0905511811024,0.376811594203,0.113537117904,1.25384469337
1,0.3,622,229,69,16,0.0905511811024,0.231884057971,0.0698689956332,0.771596734384
1,0.3,623,229,69,24,0.0905511811024,0.347826086957,0.10480349345,1.15739510158
1,0.3,624,229,69,13,0.0905511811024,0.188405797101,0.056768558952,0.626922346687
1,0.3,625,229,69,21,0.0905511811024,0.304347826087,0.0917030567686,1.01272071388
1,0.3,626,229,69,14,0.0905511811024,0.202898550725,0.061135371179,0.675147142586
1,0.3,627,229,69,18,0.0905511811024,0.260869565217,0.0786026200873,0.868046326182
1,0.3,628,229,69,16,0.0905511811024,0.231884057971,0.0698689956332,0.771596734384
1,0.3,629,229,69,18,0.0905511811024,0.260869565217,0.0786026200873,0.868046326182
1,0.3,630,229,69,21,0.0905511811024,0.304347826087,0.0917030567686,1.01272071388
1,0.3,631,229,69,20,0.0905511811024,0.289855072464,0.0873362445415,0.96449591798
1,0.3,632,229,69,26,0.0905511811024,0.376811594203,0.113537117904,1.25384469337
1,0.3,633,229,69,19,0.0905511811024,0.275362318841,0.0829694323144,0.916271122081
1,0.3,634,229,69,21,0.0905511811024,0.304347826087,0.0917030567686,1.01272071388
1,0.3,635,229,69,21,0.0905511811024,0.304347826087,0.0917030567686,1.01272071388
1,0.3,636,229,69,22,0.0905511811024,0.31884057971,0.0960698689956,1.06094550978
1,0.3,637,229,69,18,0.0905511811024,0.260869565217,0.0786026200873,0.868046326182
1,0.3,638,229,69,19,0.0905511811024,0.275362318841,0.0829694323144,0.916271122081
1,0.3,639,229,69,20,0.0905511811024,0.289855072464,0.0873362445415,0.96449591798
1,0.3,640,229,69,23,0.0905511811024,0.333333333333,0.100436681223,1.10917030568
1,0.3,641,229,69,19,0.0905511811024,0.275362318841,0.0829694323144,0.916271122081
1,0.3,642,229,69,23,0.0905511811024,0.333333333333,0.100436681223,1.10917030568
1,0.3,643,229,69,17,0.0905511811024,0.246376811594,0.0742358078603,0.819821530283
1,0.3,644,229,69,27,0.0905511811024,0.391304347826,0.117903930131,1.30206948927
1,0.3,645,229,69,16,0.0905511811024,0.231884057971,0.0698689956332,0.771596734384
1,0.3,646,229,69,18,0.0905511811024,0.260869565217,0.0786026200873,0.868046326182
1,0.3,647,229,69,17,0.0905511811024,0.246376811594,0.0742358078603,0.819821530283
1,0.3,648,229,69,20,0.0905511811024,0.289855072464,0.0873362445415,0.96449591798
1,0.3,649,229,69,18,0.0905511811024,0.260869565217,0.0786026200873,0.868046326182
1,0.3,650,229,69,26,0.0905511811024,0.376811594203,0.113537117904,1.25384469337
1,0.3,651,229,69,26,0.0905511811024,0.376811594203,0.113537117904,1.25384469337
1,0.3,652,229,69,27,0.0905511811024,0.391304347826,0.117903930131,1.30206948927
1,0.3,653,229,69,19,0.0905511811024,0.275362318841,0.0829694323144,0.916271122081
1,0.3,654,229,69,23,0.0905511811024,0.333333333333,0.100436681223,1.10917030568
1,0.3,655,229,69,24,0.0905511811024,0.347826086957,0.10480349345,1.15739510158
1,0.3,656,229,69,17,0.0905511811024,0.246376811594,0.0742358078603,0.819821530283
1,0.3,657,229,69,24,0.0905511811024,0.347826086957,0.10480349345,1.15739510158
1,0.3,658,229,69,18,0.0905511811024,0.260869565217,0.0786026200873,0.868046326182
1,0.3,659,229,69,13,0.0905511811024,0.188405797101,0.056768558952,0.626922346687
1,0.3,660,229,69,22,0.0905511811024,0.31884057971,0.0960698689956,1.06094550978
1,0.3,661,229,69,21,0.0905511811024,0.304347826087,0.0917030567686,1.01272071388
1,0.3,662,229,69,21,0.0905511811024,0.304347826087,0.0917030567686,1.01272071388
1,0.3,663,229,69,22,0.0905511811024,0.31884057971,0.0960698689956,1.06094550978
1,0.3,664,229,69,23,0.0905511811024,0.333333333333,0.100436681223,1.10917030568
1,0.3,665,229,69,20,0.0905511811024,0.289855072464,0.0873362445415,0.96449591798
1,0.3,666,229,69,17,0.0905511811024,0.246376811594,0.0742358078603,0.819821530283
1,0.3,667,229,69,24,0.0905511811024,0.347826086957,0.10480349345,1.15739510158
1,0.3,668,229,69,26,0.0905511811024,0.376811594203,0.113537117904,1.25384469337
1,0.3,669,229,69,18,0.0905511811024,0.260869565217,0.0786026200873,0.868046326182
1,0.3,670,229,69,21,0.0905511811024,0.304347826087,0.0917030567686,1.01272071388
1,0.3,671,229,69,24,0.0905511811024,0.347826086957,0.10480349345,1.15739510158
1,0.3,672,229,69,15,0.0905511811024,0.217391304348,0.0655021834061,0.723371938485
1,0.3,673,229,69,20,0.0905511811024,0.289855072464,0.0873362445415,0.96449591798
1,0.3,674,229,69,19,0.0905511811024,0.275362318841,0.0829694323144,0.916271122081
1,0.3,675,229,69,26,0.0905511811024,0.376811594203,0.113537117904,1.25384469337
1,0.3,676,229,69,23,0.0905511811024,0.333333333333,0.100436681223,1.10917030568
1,0.3,677,229,69,26,0.0905511811024,0.376811594203,0.113537117904,1.25384469337
1,0.3,678,229,69,18,0.0905511811024,0.260869565217,0.0786026200873,0.868046326182
1,0.3,679,229,69,16,0.0905511811024,0.231884057971,0.0698689956332,0.771596734384
1,0.3,680,229,69,20,0.0905511811024,0.289855072464,0.0873362445415,0.96449591798
1,0.3,681,229,69,14,0.0905511811024,0.202898550725,0.061135371179,0.675147142586
1,0.3,682,229,69,18,0.0905511811024,0.260869565217,0.0786026200873,0.868046326182
1,0.3,683,229,69,21,0.0905511811024,0.304347826087,0.0917030567686,1.01272071388
1,0.3,684,229,69,20,0.0905511811024,0.289855072464,0.0873362445415,0.96449591798
1,0.3,685,229,69,23,0.0905511811024,0.333333333333,0.100436681223,1.10917030568
1,0.3,686,229,69,19,0.0905511811024,0.275362318841,0.0829694323144,0.916271122081
1,0.3,687,229,69,19,0.0905511811024,0.275362318841,0.0829694323144,0.916271122081
1,0.3,688,229,69,20,0.0905511811024,0.289855072464,0.0873362445415,0.96449591798
1,0.3,689,229,69,17,0.0905511811024,0.246376811594,0.0742358078603,0.819821530283
1,0.3,690,229,69,20,0.0905511811024,0.289855072464,0.0873362445415,0.96449591798
1,0.3,691,229,69,20,0.0905511811024,0.289855072464,0.0873362445415,0.96449591798
1,0.3,692,229,69,23,0.0905511811024,0.333333333333,0.100436681223,1.10917030568
1,0.3,693,229,69,21,0.0905511811024,0.304347826087,0.0917030567686,1.01272071388
1,0.3,694,229,69,24,0.0905511811024,0.347826086957,0.10480349345,1.15739510158
1,0.3,695,229,69,19,0.0905511811024,0.275362318841,0.0829694323144,0.916271122081
1,0.3,696,229,69,25,0.0905511811024,0.36231884058,0.109170305677,1.20561989747
1,0.3,697,229,69,22,0.0905511811024,0.31884057971,0.0960698689956,1.06094550978
1,0.3,698,229,69,23,0.0905511811024,0.333333333333,0.100436681223,1.10917030568
1,0.3,699,229,69,20,0.0905511811024,0.289855072464,0.0873362445415,0.96449591798
1,0.3,700,229,69,21,0.0905511811024,0.304347826087,0.0917030567686,1.01272071388
1,0.3,701,229,69,19,0.0905511811024,0.275362318841,0.0829694323144,0.916271122081
1,0.3,702,229,69,23,0.0905511811024,0.333333333333,0.100436681223,1.10917030568
1,0.3,703,229,69,23,0.0905511811024,0.333333333333,0.100436681223,1.10917030568
1,0.3,704,229,69,21,0.0905511811024,0.304347826087,0.0917030567686,1.01272071388
1,0.3,705,229,69,21,0.0905511811024,0.304347826087,0.0917030567686,1.01272071388
1,0.3,706,229,69,20,0.0905511811024,0.289855072464,0.0873362445415,0.96449591798
1,0.3,707,229,69,18,0.0905511811024,0.260869565217,0.0786026200873,0.868046326182
1,0.3,708,229,69,20,0.0905511811024,0.289855072464,0.0873362445415,0.96449591798
1,0.3,709,229,69,20,0.0905511811024,0.289855072464,0.0873362445415,0.96449591798
1,0.3,710,229,69,25,0.0905511811024,0.36231884058,0.109170305677,1.20561989747
1,0.3,711,229,69,22,0.0905511811024,0.31884057971,0.0960698689956,1.06094550978
1,0.3,712,229,69,19,0.0905511811024,0.275362318841,0.0829694323144,0.916271122081
1,0.3,713,229,69,23,0.0905511811024,0.333333333333,0.100436681223,1.10917030568
1,0.3,714,229,69,25,0.0905511811024,0.36231884058,0.109170305677,1.20561989747
1,0.3,715,229,69,26,0.0905511811024,0.376811594203,0.113537117904,1.25384469337
1,0.3,716,229,69,22,0.0905511811024,0.31884057971,0.0960698689956,1.06094550978
1,0.3,717,229,69,17,0.0905511811024,0.246376811594,0.0742358078603,0.819821530283
1,0.3,718,229,69,21,0.0905511811024,0.304347826087,0.0917030567686,1.01272071388
1,0.3,719,229,69,20,0.0905511811024,0.289855072464,0.0873362445415,0.96449591798
1,0.3,720,229,69,17,0.0905511811024,0.246376811594,0.0742358078603,0.819821530283
1,0.3,721,229,69,23,0.0905511811024,0.333333333333,0.100436681223,1.10917030568
1,0.3,722,229,69,25,0.0905511811024,0.36231884058,0.109170305677,1.20561989747
1,0.3,723,229,69,18,0.0905511811024,0.260869565217,0.0786026200873,0.868046326182
1,0.3,724,229,69,15,0.0905511811024,0.217391304348,0.0655021834061,0.723371938485
1,0.3,725,229,69,19,0.0905511811024,0.275362318841,0.0829694323144,0.916271122081
1,0.3,726,229,69,20,0.0905511811024,0.289855072464,0.0873362445415,0.96449591798
1,0.3,727,229,69,20,0.0905511811024,0.289855072464,0.0873362445415,0.96449591798
1,0.3,728,229,69,21,0.0905511811024,0.304347826087,0.0917030567686,1.01272071388
1,0.3,729,229,69,16,0.0905511811024,0.231884057971,0.0698689956332,0.771596734384
1,0.3,730,229,69,21,0.0905511811024,0.304347826087,0.0917030567686,1.01272071388
1,0.3,731,229,69,19,0.0905511811024,0.275362318841,0.0829694323144,0.916271122081
1,0.3,732,229,69,19,0.0905511811024,0.275362318841,0.0829694323144,0.916271122081
1,0.3,733,229,69,23,0.0905511811024,0.333333333333,0.100436681223,1.10917030568
1,0.3,734,229,69,24,0.0905511811024,0.347826086957,0.10480349345,1.15739510158
1,0.3,735,229,69,20,0.0905511811024,0.289855072464,0.0873362445415,0.96449591798
1,0.3,736,229,69,29,0.0905511811024,0.420289855072,0.126637554585,1.39851908107
1,0.3,737,229,69,24,0.0905511811024,0.347826086957,0.10480349345,1.15739510158
1,0.3,738,229,69,22,0.0905511811024,0.31884057971,0.0960698689956,1.06094550978
1,0.3,739,229,69,18,0.0905511811024,0.260869565217,0.0786026200873,0.868046326182
1,0.3,740,229,69,20,0.0905511811024,0.289855072464,0.0873362445415,0.96449591798
1,0.3,741,229,69,21,0.0905511811024,0.304347826087,0.0917030567686,1.01272071388
1,0.3,742,229,69,18,0.0905511811024,0.260869565217,0.0786026200873,0.868046326182
1,0.3,743,229,69,17,0.0905511811024,0.246376811594,0.0742358078603,0.819821530283
1,0.3,744,229,69,20,0.0905511811024,0.289855072464,0.0873362445415,0.96449591798
1,0.3,745,229,69,24,0.0905511811024,0.347826086957,0.10480349345,1.15739510158
1,0.3,746,229,69,25,0.0905511811024,0.36231884058,0.109170305677,1.20561989747
1,0.3,747,229,69,16,0.0905511811024,0.231884057971,0.0698689956332,0.771596734384
1,0.3,748,229,69,22,0.0905511811024,0.31884057971,0.0960698689956,1.06094550978
1,0.3,749,229,69,22,0.0905511811024,0.31884057971,0.0960698689956,1.06094550978
1,0.3,750,229,69,22,0.0905511811024,0.31884057971,0.0960698689956,1.06094550978
1,0.3,751,229,69,22,0.0905511811024,0.31884057971,0.0960698689956,1.06094550978
1,0.3,752,229,69,22,0.0905511811024,0.31884057971,0.0960698689956,1.06094550978
1,0.3,753,229,69,19,0.0905511811024,0.275362318841,0.0829694323144,0.916271122081
1,0.3,754,229,69,17,0.0905511811024,0.246376811594,0.0742358078603,0.819821530283
1,0.3,755,229,69,19,0.0905511811024,0.275362318841,0.0829694323144,0.916271122081
1,0.3,756,229,69,17,0.0905511811024,0.246376811594,0.0742358078603,0.819821530283
1,0.3,757,229,69,17,0.0905511811024,0.246376811594,0.0742358078603,0.819821530283
1,0.3,758,229,69,14,0.0905511811024,0.202898550725,0.061135371179,0.675147142586
1,0.3,759,229,69,24,0.0905511811024,0.347826086957,0.10480349345,1.15739510158
1,0.3,760,229,69,22,0.0905511811024,0.31884057971,0.0960698689956,1.06094550978
1,0.3,761,229,69,19,0.0905511811024,0.275362318841,0.0829694323144,0.916271122081
1,0.3,762,229,69,15,0.0905511811024,0.217391304348,0.0655021834061,0.723371938485
1,0.3,763,229,69,28,0.0905511811024,0.405797101449,0.122270742358,1.35029428517
1,0.3,764,229,69,21,0.0905511811024,0.304347826087,0.0917030567686,1.01272071388
1,0.3,765,229,69,23,0.0905511811024,0.333333333333,0.100436681223,1.10917030568
1,0.3,766,229,69,26,0.0905511811024,0.376811594203,0.113537117904,1.25384469337
1,0.3,767,229,69,19,0.0905511811024,0.275362318841,0.0829694323144,0.916271122081
1,0.3,768,229,69,21,0.0905511811024,0.304347826087,0.0917030567686,1.01272071388
1,0.3,769,229,69,19,0.0905511811024,0.275362318841,0.0829694323144,0.916271122081
1,0.3,770,229,69,26,0.0905511811024,0.376811594203,0.113537117904,1.25384469337
1,0.3,771,229,69,18,0.0905511811024,0.260869565217,0.0786026200873,0.868046326182
1,0.3,772,229,69,20,0.0905511811024,0.289855072464,0.0873362445415,0.96449591798
1,0.3,773,229,69,23,0.0905511811024,0.333333333333,0.100436681223,1.10917030568
1,0.3,774,229,69,22,0.0905511811024,0.31884057971,0.0960698689956,1.06094550978
1,0.3,775,229,69,17,0.0905511811024,0.246376811594,0.0742358078603,0.819821530283
1,0.3,776,229,69,21,0.0905511811024,0.304347826087,0.0917030567686,1.01272071388
1,0.3,777,229,69,26,0.0905511811024,0.376811594203,0.113537117904,1.25384469337
1,0.3,778,229,69,20,0.0905511811024,0.289855072464,0.0873362445415,0.96449591798
1,0.3,779,229,69,29,0.0905511811024,0.420289855072,0.126637554585,1.39851908107
1,0.3,780,229,69,24,0.0905511811024,0.347826086957,0.10480349345,1.15739510158
1,0.3,781,229,69,19,0.0905511811024,0.275362318841,0.0829694323144,0.916271122081
1,0.3,782,229,69,19,0.0905511811024,0.275362318841,0.0829694323144,0.916271122081
1,0.3,783,229,69,22,0.0905511811024,0.31884057971,0.0960698689956,1.06094550978
1,0.3,784,229,69,21,0.0905511811024,0.304347826087,0.0917030567686,1.01272071388
1,0.3,785,229,69,17,0.0905511811024,0.246376811594,0.0742358078603,0.819821530283
1,0.3,786,229,69,25,0.0905511811024,0.36231884058,0.109170305677,1.20561989747
1,0.3,787,229,69,18,0.0905511811024,0.260869565217,0.0786026200873,0.868046326182
1,0.3,788,229,69,17,0.0905511811024,0.246376811594,0.0742358078603,0.819821530283
1,0.3,789,229,69,25,0.0905511811024,0.36231884058,0.109170305677,1.20561989747
1,0.3,790,229,69,16,0.0905511811024,0.231884057971,0.0698689956332,0.771596734384
1,0.3,791,229,69,22,0.0905511811024,0.31884057971,0.0960698689956,1.06094550978
1,0.3,792,229,69,24,0.0905511811024,0.347826086957,0.10480349345,1.15739510158
1,0.3,793,229,69,26,0.0905511811024,0.376811594203,0.113537117904,1.25384469337
1,0.3,794,229,69,15,0.0905511811024,0.217391304348,0.0655021834061,0.723371938485
1,0.3,795,229,69,17,0.0905511811024,0.246376811594,0.0742358078603,0.819821530283
1,0.3,796,229,69,14,0.0905511811024,0.202898550725,0.061135371179,0.675147142586
1,0.3,797,229,69,20,0.0905511811024,0.289855072464,0.0873362445415,0.96449591798
1,0.3,798,229,69,28,0.0905511811024,0.405797101449,0.122270742358,1.35029428517
1,0.3,799,229,69,21,0.0905511811024,0.304347826087,0.0917030567686,1.01272071388
1,0.3,800,229,69,18,0.0905511811024,0.260869565217,0.0786026200873,0.868046326182
1,0.3,801,229,69,22,0.0905511811024,0.31884057971,0.0960698689956,1.06094550978
1,0.3,802,229,69,23,0.0905511811024,0.333333333333,0.100436681223,1.10917030568
1,0.3,803,229,69,22,0.0905511811024,0.31884057971,0.0960698689956,1.06094550978
1,0.3,804,229,69,15,0.0905511811024,0.217391304348,0.0655021834061,0.723371938485
1,0.3,805,229,69,22,0.0905511811024,0.31884057971,0.0960698689956,1.06094550978
1,0.3,806,229,69,22,0.0905511811024,0.31884057971,0.0960698689956,1.06094550978
1,0.3,807,229,69,11,0.0905511811024,0.159420289855,0.0480349344978,0.530472754889
1,0.3,808,229,69,24,0.0905511811024,0.347826086957,0.10480349345,1.15739510158
1,0.3,809,229,69,15,0.0905511811024,0.217391304348,0.0655021834061,0.723371938485
1,0.3,810,229,69,16,0.0905511811024,0.231884057971,0.0698689956332,0.771596734384
1,0.3,811,229,69,22,0.0905511811024,0.31884057971,0.0960698689956,1.06094550978
1,0.3,812,229,69,28,0.0905511811024,0.405797101449,0.122270742358,1.35029428517
1,0.3,813,229,69,21,0.0905511811024,0.304347826087,0.0917030567686,1.01272071388
1,0.3,814,229,69,27,0.0905511811024,0.391304347826,0.117903930131,1.30206948927
1,0.3,815,229,69,20,0.0905511811024,0.289855072464,0.0873362445415,0.96449591798
1,0.3,816,229,69,29,0.0905511811024,0.420289855072,0.126637554585,1.39851908107
1,0.3,817,229,69,18,0.0905511811024,0.260869565217,0.0786026200873,0.868046326182
1,0.3,818,229,69,17,0.0905511811024,0.246376811594,0.0742358078603,0.819821530283
1,0.3,819,229,69,17,0.0905511811024,0.246376811594,0.0742358078603,0.819821530283
1,0.3,820,229,69,20,0.0905511811024,0.289855072464,0.0873362445415,0.96449591798
1,0.3,821,229,69,27,0.0905511811024,0.391304347826,0.117903930131,1.30206948927
1,0.3,822,229,69,17,0.0905511811024,0.246376811594,0.0742358078603,0.819821530283
1,0.3,823,229,69,21,0.0905511811024,0.304347826087,0.0917030567686,1.01272071388
1,0.3,824,229,69,21,0.0905511811024,0.304347826087,0.0917030567686,1.01272071388
1,0.3,825,229,69,23,0.0905511811024,0.333333333333,0.100436681223,1.10917030568
1,0.3,826,229,69,19,0.0905511811024,0.275362318841,0.0829694323144,0.916271122081
1,0.3,827,229,69,22,0.0905511811024,0.31884057971,0.0960698689956,1.06094550978
1,0.3,828,229,69,22,0.0905511811024,0.31884057971,0.0960698689956,1.06094550978
1,0.3,829,229,69,17,0.0905511811024,0.246376811594,0.0742358078603,0.819821530283
1,0.3,830,229,69,17,0.0905511811024,0.246376811594,0.0742358078603,0.819821530283
1,0.3,831,229,69,26,0.0905511811024,0.376811594203,0.113537117904,1.25384469337
1,0.3,832,229,69,19,0.0905511811024,0.275362318841,0.0829694323144,0.916271122081
1,0.3,833,229,69,24,0.0905511811024,0.347826086957,0.10480349345,1.15739510158
1,0.3,834,229,69,23,0.0905511811024,0.333333333333,0.100436681223,1.10917030568
1,0.3,835,229,69,10,0.0905511811024,0.144927536232,0.0436681222707,0.48224795899
1,0.3,836,229,69,15,0.0905511811024,0.217391304348,0.0655021834061,0.723371938485
1,0.3,837,229,69,24,0.0905511811024,0.347826086957,0.10480349345,1.15739510158
1,0.3,838,229,69,20,0.0905511811024,0.289855072464,0.0873362445415,0.96449591798
1,0.3,839,229,69,27,0.0905511811024,0.391304347826,0.117903930131,1.30206948927
1,0.3,840,229,69,27,0.0905511811024,0.391304347826,0.117903930131,1.30206948927
1,0.3,841,229,69,30,0.0905511811024,0.434782608696,0.131004366812,1.44674387697
1,0.3,842,229,69,26,0.0905511811024,0.376811594203,0.113537117904,1.25384469337
1,0.3,843,229,69,20,0.0905511811024,0.289855072464,0.0873362445415,0.96449591798
1,0.3,844,229,69,29,0.0905511811024,0.420289855072,0.126637554585,1.39851908107
1,0.3,845,229,69,17,0.0905511811024,0.246376811594,0.0742358078603,0.819821530283
1,0.3,846,229,69,23,0.0905511811024,0.333333333333,0.100436681223,1.10917030568
1,0.3,847,229,69,23,0.0905511811024,0.333333333333,0.100436681223,1.10917030568
1,0.3,848,229,69,20,0.0905511811024,0.289855072464,0.0873362445415,0.96449591798
1,0.3,849,229,69,26,0.0905511811024,0.376811594203,0.113537117904,1.25384469337
1,0.3,850,229,69,20,0.0905511811024,0.289855072464,0.0873362445415,0.96449591798
1,0.3,851,229,69,23,0.0905511811024,0.333333333333,0.100436681223,1.10917030568
1,0.3,852,229,69,21,0.0905511811024,0.304347826087,0.0917030567686,1.01272071388
1,0.3,853,229,69,19,0.0905511811024,0.275362318841,0.0829694323144,0.916271122081
1,0.3,854,229,69,20,0.0905511811024,0.289855072464,0.0873362445415,0.96449591798
1,0.3,855,229,69,22,0.0905511811024,0.31884057971,0.0960698689956,1.06094550978
1,0.3,856,229,69,26,0.0905511811024,0.376811594203,0.113537117904,1.25384469337
1,0.3,857,229,69,20,0.0905511811024,0.289855072464,0.0873362445415,0.96449591798
1,0.3,858,229,69,24,0.0905511811024,0.347826086957,0.10480349345,1.15739510158
1,0.3,859,229,69,21,0.0905511811024,0.304347826087,0.0917030567686,1.01272071388
1,0.3,860,229,69,24,0.0905511811024,0.347826086957,0.10480349345,1.15739510158
1,0.3,861,229,69,21,0.0905511811024,0.304347826087,0.0917030567686,1.01272071388
1,0.3,862,229,69,25,0.0905511811024,0.36231884058,0.109170305677,1.20561989747
1,0.3,863,229,69,21,0.0905511811024,0.304347826087,0.0917030567686,1.01272071388
1,0.3,864,229,69,24,0.0905511811024,0.347826086957,0.10480349345,1.15739510158
1,0.3,865,229,69,15,0.0905511811024,0.217391304348,0.0655021834061,0.723371938485
1,0.3,866,229,69,20,0.0905511811024,0.289855072464,0.0873362445415,0.96449591798
1,0.3,867,229,69,21,0.0905511811024,0.304347826087,0.0917030567686,1.01272071388
1,0.3,868,229,69,16,0.0905511811024,0.231884057971,0.0698689956332,0.771596734384
1,0.3,869,229,69,20,0.0905511811024,0.289855072464,0.0873362445415,0.96449591798
1,0.3,870,229,69,21,0.0905511811024,0.304347826087,0.0917030567686,1.01272071388
1,0.3,871,229,69,18,0.0905511811024,0.260869565217,0.0786026200873,0.868046326182
1,0.3,872,229,69,24,0.0905511811024,0.347826086957,0.10480349345,1.15739510158
1,0.3,873,229,69,23,0.0905511811024,0.333333333333,0.100436681223,1.10917030568
1,0.3,874,229,69,19,0.0905511811024,0.275362318841,0.0829694323144,0.916271122081
1,0.3,875,229,69,20,0.0905511811024,0.289855072464,0.0873362445415,0.96449591798
1,0.3,876,229,69,25,0.0905511811024,0.36231884058,0.109170305677,1.20561989747
1,0.3,877,229,69,22,0.0905511811024,0.31884057971,0.0960698689956,1.06094550978
1,0.3,878,229,69,19,0.0905511811024,0.275362318841,0.0829694323144,0.916271122081
1,0.3,879,229,69,18,0.0905511811024,0.260869565217,0.0786026200873,0.868046326182
1,0.3,880,229,69,23,0.0905511811024,0.333333333333,0.100436681223,1.10917030568
1,0.3,881,229,69,18,0.0905511811024,0.260869565217,0.0786026200873,0.868046326182
1,0.3,882,229,69,17,0.0905511811024,0.246376811594,0.0742358078603,0.819821530283
1,0.3,883,229,69,23,0.0905511811024,0.333333333333,0.100436681223,1.10917030568
1,0.3,884,229,69,20,0.0905511811024,0.289855072464,0.0873362445415,0.96449591798
1,0.3,885,229,69,20,0.0905511811024,0.289855072464,0.0873362445415,0.96449591798
1,0.3,886,229,69,26,0.0905511811024,0.376811594203,0.113537117904,1.25384469337
1,0.3,887,229,69,19,0.0905511811024,0.275362318841,0.0829694323144,0.916271122081
1,0.3,888,229,69,16,0.0905511811024,0.231884057971,0.0698689956332,0.771596734384
1,0.3,889,229,69,22,0.0905511811024,0.31884057971,0.0960698689956,1.06094550978
1,0.3,890,229,69,21,0.0905511811024,0.304347826087,0.0917030567686,1.01272071388
1,0.3,891,229,69,25,0.0905511811024,0.36231884058,0.109170305677,1.20561989747
1,0.3,892,229,69,22,0.0905511811024,0.31884057971,0.0960698689956,1.06094550978
1,0.3,893,229,69,21,0.0905511811024,0.304347826087,0.0917030567686,1.01272071388
1,0.3,894,229,69,24,0.0905511811024,0.347826086957,0.10480349345,1.15739510158
1,0.3,895,229,69,25,0.0905511811024,0.36231884058,0.109170305677,1.20561989747
1,0.3,896,229,69,20,0.0905511811024,0.289855072464,0.0873362445415,0.96449591798
1,0.3,897,229,69,17,0.0905511811024,0.246376811594,0.0742358078603,0.819821530283
1,0.3,898,229,69,23,0.0905511811024,0.333333333333,0.100436681223,1.10917030568
1,0.3,899,229,69,23,0.0905511811024,0.333333333333,0.100436681223,1.10917030568
1,0.3,900,229,69,27,0.0905511811024,0.391304347826,0.117903930131,1.30206948927
1,0.3,901,229,69,15,0.0905511811024,0.217391304348,0.0655021834061,0.723371938485
1,0.3,902,229,69,14,0.0905511811024,0.202898550725,0.061135371179,0.675147142586
1,0.3,903,229,69,20,0.0905511811024,0.289855072464,0.0873362445415,0.96449591798
1,0.3,904,229,69,16,0.0905511811024,0.231884057971,0.0698689956332,0.771596734384
1,0.3,905,229,69,16,0.0905511811024,0.231884057971,0.0698689956332,0.771596734384
1,0.3,906,229,69,20,0.0905511811024,0.289855072464,0.0873362445415,0.96449591798
1,0.3,907,229,69,19,0.0905511811024,0.275362318841,0.0829694323144,0.916271122081
1,0.3,908,229,69,19,0.0905511811024,0.275362318841,0.0829694323144,0.916271122081
1,0.3,909,229,69,24,0.0905511811024,0.347826086957,0.10480349345,1.15739510158
1,0.3,910,229,69,14,0.0905511811024,0.202898550725,0.061135371179,0.675147142586
1,0.3,911,229,69,28,0.0905511811024,0.405797101449,0.122270742358,1.35029428517
1,0.3,912,229,69,18,0.0905511811024,0.260869565217,0.0786026200873,0.868046326182
1,0.3,913,229,69,19,0.0905511811024,0.275362318841,0.0829694323144,0.916271122081
1,0.3,914,229,69,16,0.0905511811024,0.231884057971,0.0698689956332,0.771596734384
1,0.3,915,229,69,12,0.0905511811024,0.173913043478,0.0524017467249,0.578697550788
1,0.3,916,229,69,29,0.0905511811024,0.420289855072,0.126637554585,1.39851908107
1,0.3,917,229,69,17,0.0905511811024,0.246376811594,0.0742358078603,0.819821530283
1,0.3,918,229,69,20,0.0905511811024,0.289855072464,0.0873362445415,0.96449591798
1,0.3,919,229,69,19,0.0905511811024,0.275362318841,0.0829694323144,0.916271122081
1,0.3,920,229,69,15,0.0905511811024,0.217391304348,0.0655021834061,0.723371938485
1,0.3,921,229,69,14,0.0905511811024,0.202898550725,0.061135371179,0.675147142586
1,0.3,922,229,69,24,0.0905511811024,0.347826086957,0.10480349345,1.15739510158
1,0.3,923,229,69,25,0.0905511811024,0.36231884058,0.109170305677,1.20561989747
1,0.3,924,229,69,24,0.0905511811024,0.347826086957,0.10480349345,1.15739510158
1,0.3,925,229,69,24,0.0905511811024,0.347826086957,0.10480349345,1.15739510158
1,0.3,926,229,69,29,0.0905511811024,0.420289855072,0.126637554585,1.39851908107
1,0.3,927,229,69,24,0.0905511811024,0.347826086957,0.10480349345,1.15739510158
1,0.3,928,229,69,18,0.0905511811024,0.260869565217,0.0786026200873,0.868046326182
1,0.3,929,229,69,25,0.0905511811024,0.36231884058,0.109170305677,1.20561989747
1,0.3,930,229,69,20,0.0905511811024,0.289855072464,0.0873362445415,0.96449591798
1,0.3,931,229,69,23,0.0905511811024,0.333333333333,0.100436681223,1.10917030568
1,0.3,932,229,69,24,0.0905511811024,0.347826086957,0.10480349345,1.15739510158
1,0.3,933,229,69,24,0.0905511811024,0.347826086957,0.10480349345,1.15739510158
1,0.3,934,229,69,20,0.0905511811024,0.289855072464,0.0873362445415,0.96449591798
1,0.3,935,229,69,15,0.0905511811024,0.217391304348,0.0655021834061,0.723371938485
1,0.3,936,229,69,18,0.0905511811024,0.260869565217,0.0786026200873,0.868046326182
1,0.3,937,229,69,23,0.0905511811024,0.333333333333,0.100436681223,1.10917030568
1,0.3,938,229,69,16,0.0905511811024,0.231884057971,0.0698689956332,0.771596734384
1,0.3,939,229,69,17,0.0905511811024,0.246376811594,0.0742358078603,0.819821530283
1,0.3,940,229,69,19,0.0905511811024,0.275362318841,0.0829694323144,0.916271122081
1,0.3,941,229,69,25,0.0905511811024,0.36231884058,0.109170305677,1.20561989747
1,0.3,942,229,69,18,0.0905511811024,0.260869565217,0.0786026200873,0.868046326182
1,0.3,943,229,69,22,0.0905511811024,0.31884057971,0.0960698689956,1.06094550978
1,0.3,944,229,69,19,0.0905511811024,0.275362318841,0.0829694323144,0.916271122081
1,0.3,945,229,69,24,0.0905511811024,0.347826086957,0.10480349345,1.15739510158
1,0.3,946,229,69,22,0.0905511811024,0.31884057971,0.0960698689956,1.06094550978
1,0.3,947,229,69,20,0.0905511811024,0.289855072464,0.0873362445415,0.96449591798
1,0.3,948,229,69,21,0.0905511811024,0.304347826087,0.0917030567686,1.01272071388
1,0.3,949,229,69,23,0.0905511811024,0.333333333333,0.100436681223,1.10917030568
1,0.3,950,229,69,24,0.0905511811024,0.347826086957,0.10480349345,1.15739510158
1,0.3,951,229,69,26,0.0905511811024,0.376811594203,0.113537117904,1.25384469337
1,0.3,952,229,69,21,0.0905511811024,0.304347826087,0.0917030567686,1.01272071388
1,0.3,953,229,69,30,0.0905511811024,0.434782608696,0.131004366812,1.44674387697
1,0.3,954,229,69,22,0.0905511811024,0.31884057971,0.0960698689956,1.06094550978
1,0.3,955,229,69,22,0.0905511811024,0.31884057971,0.0960698689956,1.06094550978
1,0.3,956,229,69,17,0.0905511811024,0.246376811594,0.0742358078603,0.819821530283
1,0.3,957,229,69,20,0.0905511811024,0.289855072464,0.0873362445415,0.96449591798
1,0.3,958,229,69,15,0.0905511811024,0.217391304348,0.0655021834061,0.723371938485
1,0.3,959,229,69,20,0.0905511811024,0.289855072464,0.0873362445415,0.96449591798
1,0.3,960,229,69,20,0.0905511811024,0.289855072464,0.0873362445415,0.96449591798
1,0.3,961,229,69,21,0.0905511811024,0.304347826087,0.0917030567686,1.01272071388
1,0.3,962,229,69,20,0.0905511811024,0.289855072464,0.0873362445415,0.96449591798
1,0.3,963,229,69,19,0.0905511811024,0.275362318841,0.0829694323144,0.916271122081
1,0.3,964,229,69,20,0.0905511811024,0.289855072464,0.0873362445415,0.96449591798
1,0.3,965,229,69,18,0.0905511811024,0.260869565217,0.0786026200873,0.868046326182
1,0.3,966,229,69,25,0.0905511811024,0.36231884058,0.109170305677,1.20561989747
1,0.3,967,229,69,20,0.0905511811024,0.289855072464,0.0873362445415,0.96449591798
1,0.3,968,229,69,20,0.0905511811024,0.289855072464,0.0873362445415,0.96449591798
1,0.3,969,229,69,19,0.0905511811024,0.275362318841,0.0829694323144,0.916271122081
1,0.3,970,229,69,20,0.0905511811024,0.289855072464,0.0873362445415,0.96449591798
1,0.3,971,229,69,15,0.0905511811024,0.217391304348,0.0655021834061,0.723371938485
1,0.3,972,229,69,19,0.0905511811024,0.275362318841,0.0829694323144,0.916271122081
1,0.3,973,229,69,20,0.0905511811024,0.289855072464,0.0873362445415,0.96449591798
1,0.3,974,229,69,21,0.0905511811024,0.304347826087,0.0917030567686,1.01272071388
1,0.3,975,229,69,21,0.0905511811024,0.304347826087,0.0917030567686,1.01272071388
1,0.3,976,229,69,20,0.0905511811024,0.289855072464,0.0873362445415,0.96449591798
1,0.3,977,229,69,13,0.0905511811024,0.188405797101,0.056768558952,0.626922346687
1,0.3,978,229,69,24,0.0905511811024,0.347826086957,0.10480349345,1.15739510158
1,0.3,979,229,69,16,0.0905511811024,0.231884057971,0.0698689956332,0.771596734384
1,0.3,980,229,69,20,0.0905511811024,0.289855072464,0.0873362445415,0.96449591798
1,0.3,981,229,69,22,0.0905511811024,0.31884057971,0.0960698689956,1.06094550978
1,0.3,982,229,69,29,0.0905511811024,0.420289855072,0.126637554585,1.39851908107
1,0.3,983,229,69,24,0.0905511811024,0.347826086957,0.10480349345,1.15739510158
1,0.3,984,229,69,21,0.0905511811024,0.304347826087,0.0917030567686,1.01272071388
1,0.3,985,229,69,18,0.0905511811024,0.260869565217,0.0786026200873,0.868046326182
1,0.3,986,229,69,19,0.0905511811024,0.275362318841,0.0829694323144,0.916271122081
1,0.3,987,229,69,18,0.0905511811024,0.260869565217,0.0786026200873,0.868046326182
1,0.3,988,229,69,22,0.0905511811024,0.31884057971,0.0960698689956,1.06094550978
1,0.3,989,229,69,18,0.0905511811024,0.260869565217,0.0786026200873,0.868046326182
1,0.3,990,229,69,14,0.0905511811024,0.202898550725,0.061135371179,0.675147142586
1,0.3,991,229,69,19,0.0905511811024,0.275362318841,0.0829694323144,0.916271122081
1,0.3,992,229,69,20,0.0905511811024,0.289855072464,0.0873362445415,0.96449591798
1,0.3,993,229,69,18,0.0905511811024,0.260869565217,0.0786026200873,0.868046326182
1,0.3,994,229,69,15,0.0905511811024,0.217391304348,0.0655021834061,0.723371938485
1,0.3,995,229,69,20,0.0905511811024,0.289855072464,0.0873362445415,0.96449591798
1,0.3,996,229,69,22,0.0905511811024,0.31884057971,0.0960698689956,1.06094550978
1,0.3,997,229,69,16,0.0905511811024,0.231884057971,0.0698689956332,0.771596734384
1,0.3,998,229,69,21,0.0905511811024,0.304347826087,0.0917030567686,1.01272071388
1,0.3,999,229,69,22,0.0905511811024,0.31884057971,0.0960698689956,1.06094550978
1,0.3,1000,229,69,25,0.0905511811024,0.36231884058,0.109170305677,1.20561989747
1.5,0.1,1,77,2,0,0.00262467191601,0,0,0
1.5,0.1,2,77,2,0,0.00262467191601,0,0,0
1.5,0.1,3,77,2,0,0.00262467191601,0,0,0
1.5,0.1,4,77,2,0,0.00262467191601,0,0,0
1.5,0.1,5,77,2,0,0.00262467191601,0,0,0
1.5,0.1,6,77,2,0,0.00262467191601,0,0,0
1.5,0.1,7,77,2,1,0.00262467191601,0.5,0.012987012987,4.94805194805
1.5,0.1,8,77,2,1,0.00262467191601,0.5,0.012987012987,4.94805194805
1.5,0.1,9,77,2,0,0.00262467191601,0,0,0
1.5,0.1,10,77,2,0,0.00262467191601,0,0,0
1.5,0.1,11,77,2,0,0.00262467191601,0,0,0
1.5,0.1,12,77,2,1,0.00262467191601,0.5,0.012987012987,4.94805194805
1.5,0.1,13,77,2,0,0.00262467191601,0,0,0
1.5,0.1,14,77,2,1,0.00262467191601,0.5,0.012987012987,4.94805194805
1.5,0.1,15,77,2,1,0.00262467191601,0.5,0.012987012987,4.94805194805
1.5,0.1,16,77,2,0,0.00262467191601,0,0,0
1.5,0.1,17,77,2,0,0.00262467191601,0,0,0
1.5,0.1,18,77,2,0,0.00262467191601,0,0,0
1.5,0.1,19,77,2,0,0.00262467191601,0,0,0
1.5,0.1,20,77,2,0,0.00262467191601,0,0,0
1.5,0.1,21,77,2,0,0.00262467191601,0,0,0
1.5,0.1,22,77,2,0,0.00262467191601,0,0,0
1.5,0.1,23,77,2,0,0.00262467191601,0,0,0
1.5,0.1,24,77,2,0,0.00262467191601,0,0,0
1.5,0.1,25,77,2,0,0.00262467191601,0,0,0
1.5,0.1,26,77,2,0,0.00262467191601,0,0,0
1.5,0.1,27,77,2,0,0.00262467191601,0,0,0
1.5,0.1,28,77,2,1,0.00262467191601,0.5,0.012987012987,4.94805194805
1.5,0.1,29,77,2,0,0.00262467191601,0,0,0
1.5,0.1,30,77,2,0,0.00262467191601,0,0,0
1.5,0.1,31,77,2,1,0.00262467191601,0.5,0.012987012987,4.94805194805
1.5,0.1,32,77,2,1,0.00262467191601,0.5,0.012987012987,4.94805194805
1.5,0.1,33,77,2,0,0.00262467191601,0,0,0
1.5,0.1,34,77,2,0,0.00262467191601,0,0,0
1.5,0.1,35,77,2,0,0.00262467191601,0,0,0
1.5,0.1,36,77,2,1,0.00262467191601,0.5,0.012987012987,4.94805194805
1.5,0.1,37,77,2,0,0.00262467191601,0,0,0
1.5,0.1,38,77,2,0,0.00262467191601,0,0,0
1.5,0.1,39,77,2,0,0.00262467191601,0,0,0
1.5,0.1,40,77,2,0,0.00262467191601,0,0,0
1.5,0.1,41,77,2,0,0.00262467191601,0,0,0
1.5,0.1,42,77,2,0,0.00262467191601,0,0,0
1.5,0.1,43,77,2,0,0.00262467191601,0,0,0
1.5,0.1,44,77,2,0,0.00262467191601,0,0,0
1.5,0.1,45,77,2,0,0.00262467191601,0,0,0
1.5,0.1,46,77,2,0,0.00262467191601,0,0,0
1.5,0.1,47,77,2,1,0.00262467191601,0.5,0.012987012987,4.94805194805
1.5,0.1,48,77,2,0,0.00262467191601,0,0,0
1.5,0.1,49,77,2,0,0.00262467191601,0,0,0
1.5,0.1,50,77,2,0,0.00262467191601,0,0,0
1.5,0.1,51,77,2,1,0.00262467191601,0.5,0.012987012987,4.94805194805
1.5,0.1,52,77,2,0,0.00262467191601,0,0,0
1.5,0.1,53,77,2,0,0.00262467191601,0,0,0
1.5,0.1,54,77,2,0,0.00262467191601,0,0,0
1.5,0.1,55,77,2,0,0.00262467191601,0,0,0
1.5,0.1,56,77,2,1,0.00262467191601,0.5,0.012987012987,4.94805194805
1.5,0.1,57,77,2,0,0.00262467191601,0,0,0
1.5,0.1,58,77,2,1,0.00262467191601,0.5,0.012987012987,4.94805194805
1.5,0.1,59,77,2,0,0.00262467191601,0,0,0
1.5,0.1,60,77,2,0,0.00262467191601,0,0,0
1.5,0.1,61,77,2,0,0.00262467191601,0,0,0
1.5,0.1,62,77,2,0,0.00262467191601,0,0,0
1.5,0.1,63,77,2,0,0.00262467191601,0,0,0
1.5,0.1,64,77,2,0,0.00262467191601,0,0,0
1.5,0.1,65,77,2,0,0.00262467191601,0,0,0
1.5,0.1,66,77,2,0,0.00262467191601,0,0,0
1.5,0.1,67,77,2,0,0.00262467191601,0,0,0
1.5,0.1,68,77,2,0,0.00262467191601,0,0,0
1.5,0.1,69,77,2,0,0.00262467191601,0,0,0
1.5,0.1,70,77,2,0,0.00262467191601,0,0,0
1.5,0.1,71,77,2,1,0.00262467191601,0.5,0.012987012987,4.94805194805
1.5,0.1,72,77,2,0,0.00262467191601,0,0,0
1.5,0.1,73,77,2,0,0.00262467191601,0,0,0
1.5,0.1,74,77,2,0,0.00262467191601,0,0,0
1.5,0.1,75,77,2,0,0.00262467191601,0,0,0
1.5,0.1,76,77,2,0,0.00262467191601,0,0,0
1.5,0.1,77,77,2,0,0.00262467191601,0,0,0
1.5,0.1,78,77,2,0,0.00262467191601,0,0,0
1.5,0.1,79,77,2,0,0.00262467191601,0,0,0
1.5,0.1,80,77,2,1,0.00262467191601,0.5,0.012987012987,4.94805194805
1.5,0.1,81,77,2,0,0.00262467191601,0,0,0
1.5,0.1,82,77,2,0,0.00262467191601,0,0,0
1.5,0.1,83,77,2,0,0.00262467191601,0,0,0
1.5,0.1,84,77,2,0,0.00262467191601,0,0,0
1.5,0.1,85,77,2,0,0.00262467191601,0,0,0
1.5,0.1,86,77,2,0,0.00262467191601,0,0,0
1.5,0.1,87,77,2,0,0.00262467191601,0,0,0
1.5,0.1,88,77,2,1,0.00262467191601,0.5,0.012987012987,4.94805194805
1.5,0.1,89,77,2,1,0.00262467191601,0.5,0.012987012987,4.94805194805
1.5,0.1,90,77,2,0,0.00262467191601,0,0,0
1.5,0.1,91,77,2,0,0.00262467191601,0,0,0
1.5,0.1,92,77,2,0,0.00262467191601,0,0,0
1.5,0.1,93,77,2,0,0.00262467191601,0,0,0
1.5,0.1,94,77,2,0,0.00262467191601,0,0,0
1.5,0.1,95,77,2,2,0.00262467191601,1,0.025974025974,9.8961038961
1.5,0.1,96,77,2,0,0.00262467191601,0,0,0
1.5,0.1,97,77,2,0,0.00262467191601,0,0,0
1.5,0.1,98,77,2,0,0.00262467191601,0,0,0
1.5,0.1,99,77,2,0,0.00262467191601,0,0,0
1.5,0.1,100,77,2,0,0.00262467191601,0,0,0
1.5,0.1,101,77,2,0,0.00262467191601,0,0,0
1.5,0.1,102,77,2,0,0.00262467191601,0,0,0
1.5,0.1,103,77,2,0,0.00262467191601,0,0,0
1.5,0.1,104,77,2,0,0.00262467191601,0,0,0
1.5,0.1,105,77,2,0,0.00262467191601,0,0,0
1.5,0.1,106,77,2,0,0.00262467191601,0,0,0
1.5,0.1,107,77,2,1,0.00262467191601,0.5,0.012987012987,4.94805194805
1.5,0.1,108,77,2,1,0.00262467191601,0.5,0.012987012987,4.94805194805
1.5,0.1,109,77,2,0,0.00262467191601,0,0,0
1.5,0.1,110,77,2,0,0.00262467191601,0,0,0
1.5,0.1,111,77,2,0,0.00262467191601,0,0,0
1.5,0.1,112,77,2,0,0.00262467191601,0,0,0
1.5,0.1,113,77,2,0,0.00262467191601,0,0,0
1.5,0.1,114,77,2,0,0.00262467191601,0,0,0
1.5,0.1,115,77,2,0,0.00262467191601,0,0,0
1.5,0.1,116,77,2,0,0.00262467191601,0,0,0
1.5,0.1,117,77,2,0,0.00262467191601,0,0,0
1.5,0.1,118,77,2,0,0.00262467191601,0,0,0
1.5,0.1,119,77,2,0,0.00262467191601,0,0,0
1.5,0.1,120,77,2,0,0.00262467191601,0,0,0
1.5,0.1,121,77,2,0,0.00262467191601,0,0,0
1.5,0.1,122,77,2,1,0.00262467191601,0.5,0.012987012987,4.94805194805
1.5,0.1,123,77,2,1,0.00262467191601,0.5,0.012987012987,4.94805194805
1.5,0.1,124,77,2,0,0.00262467191601,0,0,0
1.5,0.1,125,77,2,0,0.00262467191601,0,0,0
1.5,0.1,126,77,2,0,0.00262467191601,0,0,0
1.5,0.1,127,77,2,0,0.00262467191601,0,0,0
1.5,0.1,128,77,2,0,0.00262467191601,0,0,0
1.5,0.1,129,77,2,0,0.00262467191601,0,0,0
1.5,0.1,130,77,2,0,0.00262467191601,0,0,0
1.5,0.1,131,77,2,0,0.00262467191601,0,0,0
1.5,0.1,132,77,2,0,0.00262467191601,0,0,0
1.5,0.1,133,77,2,0,0.00262467191601,0,0,0
1.5,0.1,134,77,2,2,0.00262467191601,1,0.025974025974,9.8961038961
1.5,0.1,135,77,2,0,0.00262467191601,0,0,0
1.5,0.1,136,77,2,0,0.00262467191601,0,0,0
1.5,0.1,137,77,2,1,0.00262467191601,0.5,0.012987012987,4.94805194805
1.5,0.1,138,77,2,1,0.00262467191601,0.5,0.012987012987,4.94805194805
1.5,0.1,139,77,2,0,0.00262467191601,0,0,0
1.5,0.1,140,77,2,1,0.00262467191601,0.5,0.012987012987,4.94805194805
1.5,0.1,141,77,2,0,0.00262467191601,0,0,0
1.5,0.1,142,77,2,0,0.00262467191601,0,0,0
1.5,0.1,143,77,2,0,0.00262467191601,0,0,0
1.5,0.1,144,77,2,0,0.00262467191601,0,0,0
1.5,0.1,145,77,2,0,0.00262467191601,0,0,0
1.5,0.1,146,77,2,1,0.00262467191601,0.5,0.012987012987,4.94805194805
1.5,0.1,147,77,2,0,0.00262467191601,0,0,0
1.5,0.1,148,77,2,0,0.00262467191601,0,0,0
1.5,0.1,149,77,2,0,0.00262467191601,0,0,0
1.5,0.1,150,77,2,0,0.00262467191601,0,0,0
1.5,0.1,151,77,2,0,0.00262467191601,0,0,0
1.5,0.1,152,77,2,0,0.00262467191601,0,0,0
1.5,0.1,153,77,2,0,0.00262467191601,0,0,0
1.5,0.1,154,77,2,0,0.00262467191601,0,0,0
1.5,0.1,155,77,2,0,0.00262467191601,0,0,0
1.5,0.1,156,77,2,0,0.00262467191601,0,0,0
1.5,0.1,157,77,2,0,0.00262467191601,0,0,0
1.5,0.1,158,77,2,0,0.00262467191601,0,0,0
1.5,0.1,159,77,2,0,0.00262467191601,0,0,0
1.5,0.1,160,77,2,1,0.00262467191601,0.5,0.012987012987,4.94805194805
1.5,0.1,161,77,2,0,0.00262467191601,0,0,0
1.5,0.1,162,77,2,0,0.00262467191601,0,0,0
1.5,0.1,163,77,2,0,0.00262467191601,0,0,0
1.5,0.1,164,77,2,0,0.00262467191601,0,0,0
1.5,0.1,165,77,2,0,0.00262467191601,0,0,0
1.5,0.1,166,77,2,0,0.00262467191601,0,0,0
1.5,0.1,167,77,2,1,0.00262467191601,0.5,0.012987012987,4.94805194805
1.5,0.1,168,77,2,0,0.00262467191601,0,0,0
1.5,0.1,169,77,2,0,0.00262467191601,0,0,0
1.5,0.1,170,77,2,0,0.00262467191601,0,0,0
1.5,0.1,171,77,2,0,0.00262467191601,0,0,0
1.5,0.1,172,77,2,0,0.00262467191601,0,0,0
1.5,0.1,173,77,2,1,0.00262467191601,0.5,0.012987012987,4.94805194805
1.5,0.1,174,77,2,0,0.00262467191601,0,0,0
1.5,0.1,175,77,2,0,0.00262467191601,0,0,0
1.5,0.1,176,77,2,0,0.00262467191601,0,0,0
1.5,0.1,177,77,2,0,0.00262467191601,0,0,0
1.5,0.1,178,77,2,1,0.00262467191601,0.5,0.012987012987,4.94805194805
1.5,0.1,179,77,2,0,0.00262467191601,0,0,0
1.5,0.1,180,77,2,0,0.00262467191601,0,0,0
1.5,0.1,181,77,2,1,0.00262467191601,0.5,0.012987012987,4.94805194805
1.5,0.1,182,77,2,0,0.00262467191601,0,0,0
1.5,0.1,183,77,2,0,0.00262467191601,0,0,0
1.5,0.1,184,77,2,0,0.00262467191601,0,0,0
1.5,0.1,185,77,2,1,0.00262467191601,0.5,0.012987012987,4.94805194805
1.5,0.1,186,77,2,0,0.00262467191601,0,0,0
1.5,0.1,187,77,2,1,0.00262467191601,0.5,0.012987012987,4.94805194805
1.5,0.1,188,77,2,0,0.00262467191601,0,0,0
1.5,0.1,189,77,2,0,0.00262467191601,0,0,0
1.5,0.1,190,77,2,0,0.00262467191601,0,0,0
1.5,0.1,191,77,2,0,0.00262467191601,0,0,0
1.5,0.1,192,77,2,0,0.00262467191601,0,0,0
1.5,0.1,193,77,2,0,0.00262467191601,0,0,0
1.5,0.1,194,77,2,0,0.00262467191601,0,0,0
1.5,0.1,195,77,2,0,0.00262467191601,0,0,0
1.5,0.1,196,77,2,1,0.00262467191601,0.5,0.012987012987,4.94805194805
1.5,0.1,197,77,2,0,0.00262467191601,0,0,0
1.5,0.1,198,77,2,0,0.00262467191601,0,0,0
1.5,0.1,199,77,2,0,0.00262467191601,0,0,0
1.5,0.1,200,77,2,0,0.00262467191601,0,0,0
1.5,0.1,201,77,2,0,0.00262467191601,0,0,0
1.5,0.1,202,77,2,0,0.00262467191601,0,0,0
1.5,0.1,203,77,2,0,0.00262467191601,0,0,0
1.5,0.1,204,77,2,0,0.00262467191601,0,0,0
1.5,0.1,205,77,2,0,0.00262467191601,0,0,0
1.5,0.1,206,77,2,0,0.00262467191601,0,0,0
1.5,0.1,207,77,2,1,0.00262467191601,0.5,0.012987012987,4.94805194805
1.5,0.1,208,77,2,1,0.00262467191601,0.5,0.012987012987,4.94805194805
1.5,0.1,209,77,2,0,0.00262467191601,0,0,0
1.5,0.1,210,77,2,0,0.00262467191601,0,0,0
1.5,0.1,211,77,2,0,0.00262467191601,0,0,0
1.5,0.1,212,77,2,0,0.00262467191601,0,0,0
1.5,0.1,213,77,2,0,0.00262467191601,0,0,0
1.5,0.1,214,77,2,0,0.00262467191601,0,0,0
1.5,0.1,215,77,2,0,0.00262467191601,0,0,0
1.5,0.1,216,77,2,0,0.00262467191601,0,0,0
1.5,0.1,217,77,2,0,0.00262467191601,0,0,0
1.5,0.1,218,77,2,0,0.00262467191601,0,0,0
1.5,0.1,219,77,2,1,0.00262467191601,0.5,0.012987012987,4.94805194805
1.5,0.1,220,77,2,0,0.00262467191601,0,0,0
1.5,0.1,221,77,2,0,0.00262467191601,0,0,0
1.5,0.1,222,77,2,0,0.00262467191601,0,0,0
1.5,0.1,223,77,2,0,0.00262467191601,0,0,0
1.5,0.1,224,77,2,0,0.00262467191601,0,0,0
1.5,0.1,225,77,2,0,0.00262467191601,0,0,0
1.5,0.1,226,77,2,0,0.00262467191601,0,0,0
1.5,0.1,227,77,2,0,0.00262467191601,0,0,0
1.5,0.1,228,77,2,1,0.00262467191601,0.5,0.012987012987,4.94805194805
1.5,0.1,229,77,2,0,0.00262467191601,0,0,0
1.5,0.1,230,77,2,0,0.00262467191601,0,0,0
1.5,0.1,231,77,2,0,0.00262467191601,0,0,0
1.5,0.1,232,77,2,0,0.00262467191601,0,0,0
1.5,0.1,233,77,2,0,0.00262467191601,0,0,0
1.5,0.1,234,77,2,0,0.00262467191601,0,0,0
1.5,0.1,235,77,2,0,0.00262467191601,0,0,0
1.5,0.1,236,77,2,0,0.00262467191601,0,0,0
1.5,0.1,237,77,2,0,0.00262467191601,0,0,0
1.5,0.1,238,77,2,0,0.00262467191601,0,0,0
1.5,0.1,239,77,2,0,0.00262467191601,0,0,0
1.5,0.1,240,77,2,0,0.00262467191601,0,0,0
1.5,0.1,241,77,2,0,0.00262467191601,0,0,0
1.5,0.1,242,77,2,0,0.00262467191601,0,0,0
1.5,0.1,243,77,2,0,0.00262467191601,0,0,0
1.5,0.1,244,77,2,0,0.00262467191601,0,0,0
1.5,0.1,245,77,2,1,0.00262467191601,0.5,0.012987012987,4.94805194805
1.5,0.1,246,77,2,1,0.00262467191601,0.5,0.012987012987,4.94805194805
1.5,0.1,247,77,2,0,0.00262467191601,0,0,0
1.5,0.1,248,77,2,1,0.00262467191601,0.5,0.012987012987,4.94805194805
1.5,0.1,249,77,2,0,0.00262467191601,0,0,0
1.5,0.1,250,77,2,0,0.00262467191601,0,0,0
1.5,0.1,251,77,2,0,0.00262467191601,0,0,0
1.5,0.1,252,77,2,0,0.00262467191601,0,0,0
1.5,0.1,253,77,2,0,0.00262467191601,0,0,0
1.5,0.1,254,77,2,1,0.00262467191601,0.5,0.012987012987,4.94805194805
1.5,0.1,255,77,2,0,0.00262467191601,0,0,0
1.5,0.1,256,77,2,0,0.00262467191601,0,0,0
1.5,0.1,257,77,2,0,0.00262467191601,0,0,0
1.5,0.1,258,77,2,1,0.00262467191601,0.5,0.012987012987,4.94805194805
1.5,0.1,259,77,2,0,0.00262467191601,0,0,0
1.5,0.1,260,77,2,0,0.00262467191601,0,0,0
1.5,0.1,261,77,2,0,0.00262467191601,0,0,0
1.5,0.1,262,77,2,2,0.00262467191601,1,0.025974025974,9.8961038961
1.5,0.1,263,77,2,0,0.00262467191601,0,0,0
1.5,0.1,264,77,2,0,0.00262467191601,0,0,0
1.5,0.1,265,77,2,1,0.00262467191601,0.5,0.012987012987,4.94805194805
1.5,0.1,266,77,2,0,0.00262467191601,0,0,0
1.5,0.1,267,77,2,0,0.00262467191601,0,0,0
1.5,0.1,268,77,2,0,0.00262467191601,0,0,0
1.5,0.1,269,77,2,0,0.00262467191601,0,0,0
1.5,0.1,270,77,2,0,0.00262467191601,0,0,0
1.5,0.1,271,77,2,0,0.00262467191601,0,0,0
1.5,0.1,272,77,2,0,0.00262467191601,0,0,0
1.5,0.1,273,77,2,1,0.00262467191601,0.5,0.012987012987,4.94805194805
1.5,0.1,274,77,2,1,0.00262467191601,0.5,0.012987012987,4.94805194805
1.5,0.1,275,77,2,0,0.00262467191601,0,0,0
1.5,0.1,276,77,2,0,0.00262467191601,0,0,0
1.5,0.1,277,77,2,1,0.00262467191601,0.5,0.012987012987,4.94805194805
1.5,0.1,278,77,2,0,0.00262467191601,0,0,0
1.5,0.1,279,77,2,0,0.00262467191601,0,0,0
1.5,0.1,280,77,2,0,0.00262467191601,0,0,0
1.5,0.1,281,77,2,0,0.00262467191601,0,0,0
1.5,0.1,282,77,2,0,0.00262467191601,0,0,0
1.5,0.1,283,77,2,0,0.00262467191601,0,0,0
1.5,0.1,284,77,2,0,0.00262467191601,0,0,0
1.5,0.1,285,77,2,1,0.00262467191601,0.5,0.012987012987,4.94805194805
1.5,0.1,286,77,2,0,0.00262467191601,0,0,0
1.5,0.1,287,77,2,0,0.00262467191601,0,0,0
1.5,0.1,288,77,2,0,0.00262467191601,0,0,0
1.5,0.1,289,77,2,0,0.00262467191601,0,0,0
1.5,0.1,290,77,2,0,0.00262467191601,0,0,0
1.5,0.1,291,77,2,0,0.00262467191601,0,0,0
1.5,0.1,292,77,2,0,0.00262467191601,0,0,0
1.5,0.1,293,77,2,0,0.00262467191601,0,0,0
1.5,0.1,294,77,2,0,0.00262467191601,0,0,0
1.5,0.1,295,77,2,0,0.00262467191601,0,0,0
1.5,0.1,296,77,2,0,0.00262467191601,0,0,0
1.5,0.1,297,77,2,1,0.00262467191601,0.5,0.012987012987,4.94805194805
1.5,0.1,298,77,2,0,0.00262467191601,0,0,0
1.5,0.1,299,77,2,0,0.00262467191601,0,0,0
1.5,0.1,300,77,2,0,0.00262467191601,0,0,0
1.5,0.1,301,77,2,0,0.00262467191601,0,0,0
1.5,0.1,302,77,2,0,0.00262467191601,0,0,0
1.5,0.1,303,77,2,0,0.00262467191601,0,0,0
1.5,0.1,304,77,2,0,0.00262467191601,0,0,0
1.5,0.1,305,77,2,0,0.00262467191601,0,0,0
1.5,0.1,306,77,2,0,0.00262467191601,0,0,0
1.5,0.1,307,77,2,0,0.00262467191601,0,0,0
1.5,0.1,308,77,2,0,0.00262467191601,0,0,0
1.5,0.1,309,77,2,0,0.00262467191601,0,0,0
1.5,0.1,310,77,2,1,0.00262467191601,0.5,0.012987012987,4.94805194805
1.5,0.1,311,77,2,0,0.00262467191601,0,0,0
1.5,0.1,312,77,2,0,0.00262467191601,0,0,0
1.5,0.1,313,77,2,0,0.00262467191601,0,0,0
1.5,0.1,314,77,2,0,0.00262467191601,0,0,0
1.5,0.1,315,77,2,1,0.00262467191601,0.5,0.012987012987,4.94805194805
1.5,0.1,316,77,2,0,0.00262467191601,0,0,0
1.5,0.1,317,77,2,0,0.00262467191601,0,0,0
1.5,0.1,318,77,2,0,0.00262467191601,0,0,0
1.5,0.1,319,77,2,0,0.00262467191601,0,0,0
1.5,0.1,320,77,2,0,0.00262467191601,0,0,0
1.5,0.1,321,77,2,0,0.00262467191601,0,0,0
1.5,0.1,322,77,2,0,0.00262467191601,0,0,0
1.5,0.1,323,77,2,0,0.00262467191601,0,0,0
1.5,0.1,324,77,2,0,0.00262467191601,0,0,0
1.5,0.1,325,77,2,0,0.00262467191601,0,0,0
1.5,0.1,326,77,2,0,0.00262467191601,0,0,0
1.5,0.1,327,77,2,0,0.00262467191601,0,0,0
1.5,0.1,328,77,2,0,0.00262467191601,0,0,0
1.5,0.1,329,77,2,1,0.00262467191601,0.5,0.012987012987,4.94805194805
1.5,0.1,330,77,2,0,0.00262467191601,0,0,0
1.5,0.1,331,77,2,1,0.00262467191601,0.5,0.012987012987,4.94805194805
1.5,0.1,332,77,2,0,0.00262467191601,0,0,0
1.5,0.1,333,77,2,0,0.00262467191601,0,0,0
1.5,0.1,334,77,2,0,0.00262467191601,0,0,0
1.5,0.1,335,77,2,0,0.00262467191601,0,0,0
1.5,0.1,336,77,2,0,0.00262467191601,0,0,0
1.5,0.1,337,77,2,0,0.00262467191601,0,0,0
1.5,0.1,338,77,2,0,0.00262467191601,0,0,0
1.5,0.1,339,77,2,0,0.00262467191601,0,0,0
1.5,0.1,340,77,2,0,0.00262467191601,0,0,0
1.5,0.1,341,77,2,0,0.00262467191601,0,0,0
1.5,0.1,342,77,2,0,0.00262467191601,0,0,0
1.5,0.1,343,77,2,0,0.00262467191601,0,0,0
1.5,0.1,344,77,2,1,0.00262467191601,0.5,0.012987012987,4.94805194805
1.5,0.1,345,77,2,0,0.00262467191601,0,0,0
1.5,0.1,346,77,2,0,0.00262467191601,0,0,0
1.5,0.1,347,77,2,0,0.00262467191601,0,0,0
1.5,0.1,348,77,2,1,0.00262467191601,0.5,0.012987012987,4.94805194805
1.5,0.1,349,77,2,0,0.00262467191601,0,0,0
1.5,0.1,350,77,2,0,0.00262467191601,0,0,0
1.5,0.1,351,77,2,0,0.00262467191601,0,0,0
1.5,0.1,352,77,2,1,0.00262467191601,0.5,0.012987012987,4.94805194805
1.5,0.1,353,77,2,0,0.00262467191601,0,0,0
1.5,0.1,354,77,2,0,0.00262467191601,0,0,0
1.5,0.1,355,77,2,1,0.00262467191601,0.5,0.012987012987,4.94805194805
1.5,0.1,356,77,2,0,0.00262467191601,0,0,0
1.5,0.1,357,77,2,0,0.00262467191601,0,0,0
1.5,0.1,358,77,2,0,0.00262467191601,0,0,0
1.5,0.1,359,77,2,0,0.00262467191601,0,0,0
1.5,0.1,360,77,2,0,0.00262467191601,0,0,0
1.5,0.1,361,77,2,1,0.00262467191601,0.5,0.012987012987,4.94805194805
1.5,0.1,362,77,2,0,0.00262467191601,0,0,0
1.5,0.1,363,77,2,0,0.00262467191601,0,0,0
1.5,0.1,364,77,2,1,0.00262467191601,0.5,0.012987012987,4.94805194805
1.5,0.1,365,77,2,0,0.00262467191601,0,0,0
1.5,0.1,366,77,2,0,0.00262467191601,0,0,0
1.5,0.1,367,77,2,0,0.00262467191601,0,0,0
1.5,0.1,368,77,2,0,0.00262467191601,0,0,0
1.5,0.1,369,77,2,0,0.00262467191601,0,0,0
1.5,0.1,370,77,2,0,0.00262467191601,0,0,0
1.5,0.1,371,77,2,0,0.00262467191601,0,0,0
1.5,0.1,372,77,2,0,0.00262467191601,0,0,0
1.5,0.1,373,77,2,0,0.00262467191601,0,0,0
1.5,0.1,374,77,2,0,0.00262467191601,0,0,0
1.5,0.1,375,77,2,0,0.00262467191601,0,0,0
1.5,0.1,376,77,2,0,0.00262467191601,0,0,0
1.5,0.1,377,77,2,1,0.00262467191601,0.5,0.012987012987,4.94805194805
1.5,0.1,378,77,2,2,0.00262467191601,1,0.025974025974,9.8961038961
1.5,0.1,379,77,2,0,0.00262467191601,0,0,0
1.5,0.1,380,77,2,0,0.00262467191601,0,0,0
1.5,0.1,381,77,2,0,0.00262467191601,0,0,0
1.5,0.1,382,77,2,0,0.00262467191601,0,0,0
1.5,0.1,383,77,2,1,0.00262467191601,0.5,0.012987012987,4.94805194805
1.5,0.1,384,77,2,0,0.00262467191601,0,0,0
1.5,0.1,385,77,2,0,0.00262467191601,0,0,0
1.5,0.1,386,77,2,0,0.00262467191601,0,0,0
1.5,0.1,387,77,2,0,0.00262467191601,0,0,0
1.5,0.1,388,77,2,0,0.00262467191601,0,0,0
1.5,0.1,389,77,2,0,0.00262467191601,0,0,0
1.5,0.1,390,77,2,0,0.00262467191601,0,0,0
1.5,0.1,391,77,2,0,0.00262467191601,0,0,0
1.5,0.1,392,77,2,1,0.00262467191601,0.5,0.012987012987,4.94805194805
1.5,0.1,393,77,2,0,0.00262467191601,0,0,0
1.5,0.1,394,77,2,0,0.00262467191601,0,0,0
1.5,0.1,395,77,2,0,0.00262467191601,0,0,0
1.5,0.1,396,77,2,0,0.00262467191601,0,0,0
1.5,0.1,397,77,2,0,0.00262467191601,0,0,0
1.5,0.1,398,77,2,0,0.00262467191601,0,0,0
1.5,0.1,399,77,2,0,0.00262467191601,0,0,0
1.5,0.1,400,77,2,0,0.00262467191601,0,0,0
1.5,0.1,401,77,2,0,0.00262467191601,0,0,0
1.5,0.1,402,77,2,0,0.00262467191601,0,0,0
1.5,0.1,403,77,2,0,0.00262467191601,0,0,0
1.5,0.1,404,77,2,0,0.00262467191601,0,0,0
1.5,0.1,405,77,2,0,0.00262467191601,0,0,0
1.5,0.1,406,77,2,0,0.00262467191601,0,0,0
1.5,0.1,407,77,2,0,0.00262467191601,0,0,0
1.5,0.1,408,77,2,0,0.00262467191601,0,0,0
1.5,0.1,409,77,2,0,0.00262467191601,0,0,0
1.5,0.1,410,77,2,0,0.00262467191601,0,0,0
1.5,0.1,411,77,2,0,0.00262467191601,0,0,0
1.5,0.1,412,77,2,0,0.00262467191601,0,0,0
1.5,0.1,413,77,2,0,0.00262467191601,0,0,0
1.5,0.1,414,77,2,0,0.00262467191601,0,0,0
1.5,0.1,415,77,2,0,0.00262467191601,0,0,0
1.5,0.1,416,77,2,0,0.00262467191601,0,0,0
1.5,0.1,417,77,2,0,0.00262467191601,0,0,0
1.5,0.1,418,77,2,0,0.00262467191601,0,0,0
1.5,0.1,419,77,2,0,0.00262467191601,0,0,0
1.5,0.1,420,77,2,1,0.00262467191601,0.5,0.012987012987,4.94805194805
1.5,0.1,421,77,2,0,0.00262467191601,0,0,0
1.5,0.1,422,77,2,0,0.00262467191601,0,0,0
1.5,0.1,423,77,2,0,0.00262467191601,0,0,0
1.5,0.1,424,77,2,0,0.00262467191601,0,0,0
1.5,0.1,425,77,2,0,0.00262467191601,0,0,0
1.5,0.1,426,77,2,0,0.00262467191601,0,0,0
1.5,0.1,427,77,2,0,0.00262467191601,0,0,0
1.5,0.1,428,77,2,0,0.00262467191601,0,0,0
1.5,0.1,429,77,2,2,0.00262467191601,1,0.025974025974,9.8961038961
1.5,0.1,430,77,2,0,0.00262467191601,0,0,0
1.5,0.1,431,77,2,0,0.00262467191601,0,0,0
1.5,0.1,432,77,2,0,0.00262467191601,0,0,0
1.5,0.1,433,77,2,0,0.00262467191601,0,0,0
1.5,0.1,434,77,2,0,0.00262467191601,0,0,0
1.5,0.1,435,77,2,0,0.00262467191601,0,0,0
1.5,0.1,436,77,2,0,0.00262467191601,0,0,0
1.5,0.1,437,77,2,1,0.00262467191601,0.5,0.012987012987,4.94805194805
1.5,0.1,438,77,2,1,0.00262467191601,0.5,0.012987012987,4.94805194805
1.5,0.1,439,77,2,0,0.00262467191601,0,0,0
1.5,0.1,440,77,2,1,0.00262467191601,0.5,0.012987012987,4.94805194805
1.5,0.1,441,77,2,0,0.00262467191601,0,0,0
1.5,0.1,442,77,2,0,0.00262467191601,0,0,0
1.5,0.1,443,77,2,0,0.00262467191601,0,0,0
1.5,0.1,444,77,2,1,0.00262467191601,0.5,0.012987012987,4.94805194805
1.5,0.1,445,77,2,0,0.00262467191601,0,0,0
1.5,0.1,446,77,2,0,0.00262467191601,0,0,0
1.5,0.1,447,77,2,0,0.00262467191601,0,0,0
1.5,0.1,448,77,2,0,0.00262467191601,0,0,0
1.5,0.1,449,77,2,0,0.00262467191601,0,0,0
1.5,0.1,450,77,2,0,0.00262467191601,0,0,0
1.5,0.1,451,77,2,0,0.00262467191601,0,0,0
1.5,0.1,452,77,2,0,0.00262467191601,0,0,0
1.5,0.1,453,77,2,0,0.00262467191601,0,0,0
1.5,0.1,454,77,2,1,0.00262467191601,0.5,0.012987012987,4.94805194805
1.5,0.1,455,77,2,0,0.00262467191601,0,0,0
1.5,0.1,456,77,2,0,0.00262467191601,0,0,0
1.5,0.1,457,77,2,0,0.00262467191601,0,0,0
1.5,0.1,458,77,2,0,0.00262467191601,0,0,0
1.5,0.1,459,77,2,0,0.00262467191601,0,0,0
1.5,0.1,460,77,2,0,0.00262467191601,0,0,0
1.5,0.1,461,77,2,0,0.00262467191601,0,0,0
1.5,0.1,462,77,2,0,0.00262467191601,0,0,0
1.5,0.1,463,77,2,2,0.00262467191601,1,0.025974025974,9.8961038961
1.5,0.1,464,77,2,1,0.00262467191601,0.5,0.012987012987,4.94805194805
1.5,0.1,465,77,2,1,0.00262467191601,0.5,0.012987012987,4.94805194805
1.5,0.1,466,77,2,1,0.00262467191601,0.5,0.012987012987,4.94805194805
1.5,0.1,467,77,2,0,0.00262467191601,0,0,0
1.5,0.1,468,77,2,1,0.00262467191601,0.5,0.012987012987,4.94805194805
1.5,0.1,469,77,2,0,0.00262467191601,0,0,0
1.5,0.1,470,77,2,0,0.00262467191601,0,0,0
1.5,0.1,471,77,2,0,0.00262467191601,0,0,0
1.5,0.1,472,77,2,1,0.00262467191601,0.5,0.012987012987,4.94805194805
1.5,0.1,473,77,2,0,0.00262467191601,0,0,0
1.5,0.1,474,77,2,1,0.00262467191601,0.5,0.012987012987,4.94805194805
1.5,0.1,475,77,2,1,0.00262467191601,0.5,0.012987012987,4.94805194805
1.5,0.1,476,77,2,0,0.00262467191601,0,0,0
1.5,0.1,477,77,2,0,0.00262467191601,0,0,0
1.5,0.1,478,77,2,0,0.00262467191601,0,0,0
1.5,0.1,479,77,2,0,0.00262467191601,0,0,0
1.5,0.1,480,77,2,2,0.00262467191601,1,0.025974025974,9.8961038961
1.5,0.1,481,77,2,0,0.00262467191601,0,0,0
1.5,0.1,482,77,2,0,0.00262467191601,0,0,0
1.5,0.1,483,77,2,0,0.00262467191601,0,0,0
1.5,0.1,484,77,2,0,0.00262467191601,0,0,0
1.5,0.1,485,77,2,0,0.00262467191601,0,0,0
1.5,0.1,486,77,2,0,0.00262467191601,0,0,0
1.5,0.1,487,77,2,0,0.00262467191601,0,0,0
1.5,0.1,488,77,2,1,0.00262467191601,0.5,0.012987012987,4.94805194805
1.5,0.1,489,77,2,0,0.00262467191601,0,0,0
1.5,0.1,490,77,2,0,0.00262467191601,0,0,0
1.5,0.1,491,77,2,0,0.00262467191601,0,0,0
1.5,0.1,492,77,2,0,0.00262467191601,0,0,0
1.5,0.1,493,77,2,0,0.00262467191601,0,0,0
1.5,0.1,494,77,2,0,0.00262467191601,0,0,0
1.5,0.1,495,77,2,0,0.00262467191601,0,0,0
1.5,0.1,496,77,2,0,0.00262467191601,0,0,0
1.5,0.1,497,77,2,0,0.00262467191601,0,0,0
1.5,0.1,498,77,2,0,0.00262467191601,0,0,0
1.5,0.1,499,77,2,1,0.00262467191601,0.5,0.012987012987,4.94805194805
1.5,0.1,500,77,2,0,0.00262467191601,0,0,0
1.5,0.1,501,77,2,1,0.00262467191601,0.5,0.012987012987,4.94805194805
1.5,0.1,502,77,2,0,0.00262467191601,0,0,0
1.5,0.1,503,77,2,0,0.00262467191601,0,0,0
1.5,0.1,504,77,2,0,0.00262467191601,0,0,0
1.5,0.1,505,77,2,0,0.00262467191601,0,0,0
1.5,0.1,506,77,2,1,0.00262467191601,0.5,0.012987012987,4.94805194805
1.5,0.1,507,77,2,0,0.00262467191601,0,0,0
1.5,0.1,508,77,2,0,0.00262467191601,0,0,0
1.5,0.1,509,77,2,0,0.00262467191601,0,0,0
1.5,0.1,510,77,2,1,0.00262467191601,0.5,0.012987012987,4.94805194805
1.5,0.1,511,77,2,1,0.00262467191601,0.5,0.012987012987,4.94805194805
1.5,0.1,512,77,2,1,0.00262467191601,0.5,0.012987012987,4.94805194805
1.5,0.1,513,77,2,0,0.00262467191601,0,0,0
1.5,0.1,514,77,2,0,0.00262467191601,0,0,0
1.5,0.1,515,77,2,0,0.00262467191601,0,0,0
1.5,0.1,516,77,2,0,0.00262467191601,0,0,0
1.5,0.1,517,77,2,0,0.00262467191601,0,0,0
1.5,0.1,518,77,2,1,0.00262467191601,0.5,0.012987012987,4.94805194805
1.5,0.1,519,77,2,0,0.00262467191601,0,0,0
1.5,0.1,520,77,2,0,0.00262467191601,0,0,0
1.5,0.1,521,77,2,0,0.00262467191601,0,0,0
1.5,0.1,522,77,2,0,0.00262467191601,0,0,0
1.5,0.1,523,77,2,0,0.00262467191601,0,0,0
1.5,0.1,524,77,2,0,0.00262467191601,0,0,0
1.5,0.1,525,77,2,0,0.00262467191601,0,0,0
1.5,0.1,526,77,2,0,0.00262467191601,0,0,0
1.5,0.1,527,77,2,0,0.00262467191601,0,0,0
1.5,0.1,528,77,2,0,0.00262467191601,0,0,0
1.5,0.1,529,77,2,0,0.00262467191601,0,0,0
1.5,0.1,530,77,2,1,0.00262467191601,0.5,0.012987012987,4.94805194805
1.5,0.1,531,77,2,0,0.00262467191601,0,0,0
1.5,0.1,532,77,2,1,0.00262467191601,0.5,0.012987012987,4.94805194805
1.5,0.1,533,77,2,0,0.00262467191601,0,0,0
1.5,0.1,534,77,2,0,0.00262467191601,0,0,0
1.5,0.1,535,77,2,0,0.00262467191601,0,0,0
1.5,0.1,536,77,2,0,0.00262467191601,0,0,0
1.5,0.1,537,77,2,1,0.00262467191601,0.5,0.012987012987,4.94805194805
1.5,0.1,538,77,2,0,0.00262467191601,0,0,0
1.5,0.1,539,77,2,0,0.00262467191601,0,0,0
1.5,0.1,540,77,2,0,0.00262467191601,0,0,0
1.5,0.1,541,77,2,0,0.00262467191601,0,0,0
1.5,0.1,542,77,2,0,0.00262467191601,0,0,0
1.5,0.1,543,77,2,1,0.00262467191601,0.5,0.012987012987,4.94805194805
1.5,0.1,544,77,2,0,0.00262467191601,0,0,0
1.5,0.1,545,77,2,0,0.00262467191601,0,0,0
1.5,0.1,546,77,2,0,0.00262467191601,0,0,0
1.5,0.1,547,77,2,0,0.00262467191601,0,0,0
1.5,0.1,548,77,2,0,0.00262467191601,0,0,0
1.5,0.1,549,77,2,0,0.00262467191601,0,0,0
1.5,0.1,550,77,2,0,0.00262467191601,0,0,0
1.5,0.1,551,77,2,0,0.00262467191601,0,0,0
1.5,0.1,552,77,2,0,0.00262467191601,0,0,0
1.5,0.1,553,77,2,0,0.00262467191601,0,0,0
1.5,0.1,554,77,2,0,0.00262467191601,0,0,0
1.5,0.1,555,77,2,0,0.00262467191601,0,0,0
1.5,0.1,556,77,2,0,0.00262467191601,0,0,0
1.5,0.1,557,77,2,0,0.00262467191601,0,0,0
1.5,0.1,558,77,2,0,0.00262467191601,0,0,0
1.5,0.1,559,77,2,0,0.00262467191601,0,0,0
1.5,0.1,560,77,2,0,0.00262467191601,0,0,0
1.5,0.1,561,77,2,1,0.00262467191601,0.5,0.012987012987,4.94805194805
1.5,0.1,562,77,2,0,0.00262467191601,0,0,0
1.5,0.1,563,77,2,0,0.00262467191601,0,0,0
1.5,0.1,564,77,2,1,0.00262467191601,0.5,0.012987012987,4.94805194805
1.5,0.1,565,77,2,2,0.00262467191601,1,0.025974025974,9.8961038961
1.5,0.1,566,77,2,1,0.00262467191601,0.5,0.012987012987,4.94805194805
1.5,0.1,567,77,2,0,0.00262467191601,0,0,0
1.5,0.1,568,77,2,1,0.00262467191601,0.5,0.012987012987,4.94805194805
1.5,0.1,569,77,2,0,0.00262467191601,0,0,0
1.5,0.1,570,77,2,1,0.00262467191601,0.5,0.012987012987,4.94805194805
1.5,0.1,571,77,2,2,0.00262467191601,1,0.025974025974,9.8961038961
1.5,0.1,572,77,2,0,0.00262467191601,0,0,0
1.5,0.1,573,77,2,0,0.00262467191601,0,0,0
1.5,0.1,574,77,2,0,0.00262467191601,0,0,0
1.5,0.1,575,77,2,0,0.00262467191601,0,0,0
1.5,0.1,576,77,2,0,0.00262467191601,0,0,0
1.5,0.1,577,77,2,0,0.00262467191601,0,0,0
1.5,0.1,578,77,2,0,0.00262467191601,0,0,0
1.5,0.1,579,77,2,1,0.00262467191601,0.5,0.012987012987,4.94805194805
1.5,0.1,580,77,2,0,0.00262467191601,0,0,0
1.5,0.1,581,77,2,1,0.00262467191601,0.5,0.012987012987,4.94805194805
1.5,0.1,582,77,2,0,0.00262467191601,0,0,0
1.5,0.1,583,77,2,0,0.00262467191601,0,0,0
1.5,0.1,584,77,2,0,0.00262467191601,0,0,0
1.5,0.1,585,77,2,0,0.00262467191601,0,0,0
1.5,0.1,586,77,2,0,0.00262467191601,0,0,0
1.5,0.1,587,77,2,0,0.00262467191601,0,0,0
1.5,0.1,588,77,2,0,0.00262467191601,0,0,0
1.5,0.1,589,77,2,1,0.00262467191601,0.5,0.012987012987,4.94805194805
1.5,0.1,590,77,2,0,0.00262467191601,0,0,0
1.5,0.1,591,77,2,0,0.00262467191601,0,0,0
1.5,0.1,592,77,2,0,0.00262467191601,0,0,0
1.5,0.1,593,77,2,0,0.00262467191601,0,0,0
1.5,0.1,594,77,2,0,0.00262467191601,0,0,0
1.5,0.1,595,77,2,0,0.00262467191601,0,0,0
1.5,0.1,596,77,2,0,0.00262467191601,0,0,0
1.5,0.1,597,77,2,0,0.00262467191601,0,0,0
1.5,0.1,598,77,2,1,0.00262467191601,0.5,0.012987012987,4.94805194805
1.5,0.1,599,77,2,0,0.00262467191601,0,0,0
1.5,0.1,600,77,2,0,0.00262467191601,0,0,0
1.5,0.1,601,77,2,0,0.00262467191601,0,0,0
1.5,0.1,602,77,2,0,0.00262467191601,0,0,0
1.5,0.1,603,77,2,0,0.00262467191601,0,0,0
1.5,0.1,604,77,2,0,0.00262467191601,0,0,0
1.5,0.1,605,77,2,0,0.00262467191601,0,0,0
1.5,0.1,606,77,2,0,0.00262467191601,0,0,0
1.5,0.1,607,77,2,0,0.00262467191601,0,0,0
1.5,0.1,608,77,2,2,0.00262467191601,1,0.025974025974,9.8961038961
1.5,0.1,609,77,2,0,0.00262467191601,0,0,0
1.5,0.1,610,77,2,0,0.00262467191601,0,0,0
1.5,0.1,611,77,2,1,0.00262467191601,0.5,0.012987012987,4.94805194805
1.5,0.1,612,77,2,1,0.00262467191601,0.5,0.012987012987,4.94805194805
1.5,0.1,613,77,2,0,0.00262467191601,0,0,0
1.5,0.1,614,77,2,0,0.00262467191601,0,0,0
1.5,0.1,615,77,2,0,0.00262467191601,0,0,0
1.5,0.1,616,77,2,1,0.00262467191601,0.5,0.012987012987,4.94805194805
1.5,0.1,617,77,2,0,0.00262467191601,0,0,0
1.5,0.1,618,77,2,1,0.00262467191601,0.5,0.012987012987,4.94805194805
1.5,0.1,619,77,2,0,0.00262467191601,0,0,0
1.5,0.1,620,77,2,0,0.00262467191601,0,0,0
1.5,0.1,621,77,2,0,0.00262467191601,0,0,0
1.5,0.1,622,77,2,0,0.00262467191601,0,0,0
1.5,0.1,623,77,2,0,0.00262467191601,0,0,0
1.5,0.1,624,77,2,0,0.00262467191601,0,0,0
1.5,0.1,625,77,2,0,0.00262467191601,0,0,0
1.5,0.1,626,77,2,0,0.00262467191601,0,0,0
1.5,0.1,627,77,2,1,0.00262467191601,0.5,0.012987012987,4.94805194805
1.5,0.1,628,77,2,0,0.00262467191601,0,0,0
1.5,0.1,629,77,2,0,0.00262467191601,0,0,0
1.5,0.1,630,77,2,0,0.00262467191601,0,0,0
1.5,0.1,631,77,2,0,0.00262467191601,0,0,0
1.5,0.1,632,77,2,0,0.00262467191601,0,0,0
1.5,0.1,633,77,2,1,0.00262467191601,0.5,0.012987012987,4.94805194805
1.5,0.1,634,77,2,0,0.00262467191601,0,0,0
1.5,0.1,635,77,2,0,0.00262467191601,0,0,0
1.5,0.1,636,77,2,0,0.00262467191601,0,0,0
1.5,0.1,637,77,2,0,0.00262467191601,0,0,0
1.5,0.1,638,77,2,0,0.00262467191601,0,0,0
1.5,0.1,639,77,2,0,0.00262467191601,0,0,0
1.5,0.1,640,77,2,0,0.00262467191601,0,0,0
1.5,0.1,641,77,2,1,0.00262467191601,0.5,0.012987012987,4.94805194805
1.5,0.1,642,77,2,0,0.00262467191601,0,0,0
1.5,0.1,643,77,2,0,0.00262467191601,0,0,0
1.5,0.1,644,77,2,1,0.00262467191601,0.5,0.012987012987,4.94805194805
1.5,0.1,645,77,2,0,0.00262467191601,0,0,0
1.5,0.1,646,77,2,0,0.00262467191601,0,0,0
1.5,0.1,647,77,2,0,0.00262467191601,0,0,0
1.5,0.1,648,77,2,0,0.00262467191601,0,0,0
1.5,0.1,649,77,2,0,0.00262467191601,0,0,0
1.5,0.1,650,77,2,1,0.00262467191601,0.5,0.012987012987,4.94805194805
1.5,0.1,651,77,2,0,0.00262467191601,0,0,0
1.5,0.1,652,77,2,0,0.00262467191601,0,0,0
1.5,0.1,653,77,2,0,0.00262467191601,0,0,0
1.5,0.1,654,77,2,0,0.00262467191601,0,0,0
1.5,0.1,655,77,2,0,0.00262467191601,0,0,0
1.5,0.1,656,77,2,0,0.00262467191601,0,0,0
1.5,0.1,657,77,2,0,0.00262467191601,0,0,0
1.5,0.1,658,77,2,0,0.00262467191601,0,0,0
1.5,0.1,659,77,2,1,0.00262467191601,0.5,0.012987012987,4.94805194805
1.5,0.1,660,77,2,0,0.00262467191601,0,0,0
1.5,0.1,661,77,2,0,0.00262467191601,0,0,0
1.5,0.1,662,77,2,0,0.00262467191601,0,0,0
1.5,0.1,663,77,2,0,0.00262467191601,0,0,0
1.5,0.1,664,77,2,0,0.00262467191601,0,0,0
1.5,0.1,665,77,2,1,0.00262467191601,0.5,0.012987012987,4.94805194805
1.5,0.1,666,77,2,1,0.00262467191601,0.5,0.012987012987,4.94805194805
1.5,0.1,667,77,2,0,0.00262467191601,0,0,0
1.5,0.1,668,77,2,0,0.00262467191601,0,0,0
1.5,0.1,669,77,2,0,0.00262467191601,0,0,0
1.5,0.1,670,77,2,0,0.00262467191601,0,0,0
1.5,0.1,671,77,2,0,0.00262467191601,0,0,0
1.5,0.1,672,77,2,1,0.00262467191601,0.5,0.012987012987,4.94805194805
1.5,0.1,673,77,2,0,0.00262467191601,0,0,0
1.5,0.1,674,77,2,1,0.00262467191601,0.5,0.012987012987,4.94805194805
1.5,0.1,675,77,2,0,0.00262467191601,0,0,0
1.5,0.1,676,77,2,1,0.00262467191601,0.5,0.012987012987,4.94805194805
1.5,0.1,677,77,2,0,0.00262467191601,0,0,0
1.5,0.1,678,77,2,0,0.00262467191601,0,0,0
1.5,0.1,679,77,2,1,0.00262467191601,0.5,0.012987012987,4.94805194805
1.5,0.1,680,77,2,0,0.00262467191601,0,0,0
1.5,0.1,681,77,2,1,0.00262467191601,0.5,0.012987012987,4.94805194805
1.5,0.1,682,77,2,1,0.00262467191601,0.5,0.012987012987,4.94805194805
1.5,0.1,683,77,2,0,0.00262467191601,0,0,0
1.5,0.1,684,77,2,1,0.00262467191601,0.5,0.012987012987,4.94805194805
1.5,0.1,685,77,2,0,0.00262467191601,0,0,0
1.5,0.1,686,77,2,0,0.00262467191601,0,0,0
1.5,0.1,687,77,2,0,0.00262467191601,0,0,0
1.5,0.1,688,77,2,0,0.00262467191601,0,0,0
1.5,0.1,689,77,2,0,0.00262467191601,0,0,0
1.5,0.1,690,77,2,1,0.00262467191601,0.5,0.012987012987,4.94805194805
1.5,0.1,691,77,2,1,0.00262467191601,0.5,0.012987012987,4.94805194805
1.5,0.1,692,77,2,0,0.00262467191601,0,0,0
1.5,0.1,693,77,2,1,0.00262467191601,0.5,0.012987012987,4.94805194805
1.5,0.1,694,77,2,0,0.00262467191601,0,0,0
1.5,0.1,695,77,2,0,0.00262467191601,0,0,0
1.5,0.1,696,77,2,0,0.00262467191601,0,0,0
1.5,0.1,697,77,2,0,0.00262467191601,0,0,0
1.5,0.1,698,77,2,0,0.00262467191601,0,0,0
1.5,0.1,699,77,2,1,0.00262467191601,0.5,0.012987012987,4.94805194805
1.5,0.1,700,77,2,0,0.00262467191601,0,0,0
1.5,0.1,701,77,2,0,0.00262467191601,0,0,0
1.5,0.1,702,77,2,0,0.00262467191601,0,0,0
1.5,0.1,703,77,2,2,0.00262467191601,1,0.025974025974,9.8961038961
1.5,0.1,704,77,2,0,0.00262467191601,0,0,0
1.5,0.1,705,77,2,0,0.00262467191601,0,0,0
1.5,0.1,706,77,2,0,0.00262467191601,0,0,0
1.5,0.1,707,77,2,0,0.00262467191601,0,0,0
1.5,0.1,708,77,2,1,0.00262467191601,0.5,0.012987012987,4.94805194805
1.5,0.1,709,77,2,0,0.00262467191601,0,0,0
1.5,0.1,710,77,2,1,0.00262467191601,0.5,0.012987012987,4.94805194805
1.5,0.1,711,77,2,0,0.00262467191601,0,0,0
1.5,0.1,712,77,2,0,0.00262467191601,0,0,0
1.5,0.1,713,77,2,1,0.00262467191601,0.5,0.012987012987,4.94805194805
1.5,0.1,714,77,2,1,0.00262467191601,0.5,0.012987012987,4.94805194805
1.5,0.1,715,77,2,0,0.00262467191601,0,0,0
1.5,0.1,716,77,2,0,0.00262467191601,0,0,0
1.5,0.1,717,77,2,0,0.00262467191601,0,0,0
1.5,0.1,718,77,2,0,0.00262467191601,0,0,0
1.5,0.1,719,77,2,0,0.00262467191601,0,0,0
1.5,0.1,720,77,2,0,0.00262467191601,0,0,0
1.5,0.1,721,77,2,0,0.00262467191601,0,0,0
1.5,0.1,722,77,2,0,0.00262467191601,0,0,0
1.5,0.1,723,77,2,0,0.00262467191601,0,0,0
1.5,0.1,724,77,2,0,0.00262467191601,0,0,0
1.5,0.1,725,77,2,0,0.00262467191601,0,0,0
1.5,0.1,726,77,2,1,0.00262467191601,0.5,0.012987012987,4.94805194805
1.5,0.1,727,77,2,0,0.00262467191601,0,0,0
1.5,0.1,728,77,2,0,0.00262467191601,0,0,0
1.5,0.1,729,77,2,0,0.00262467191601,0,0,0
1.5,0.1,730,77,2,0,0.00262467191601,0,0,0
1.5,0.1,731,77,2,0,0.00262467191601,0,0,0
1.5,0.1,732,77,2,0,0.00262467191601,0,0,0
1.5,0.1,733,77,2,1,0.00262467191601,0.5,0.012987012987,4.94805194805
1.5,0.1,734,77,2,0,0.00262467191601,0,0,0
1.5,0.1,735,77,2,0,0.00262467191601,0,0,0
1.5,0.1,736,77,2,1,0.00262467191601,0.5,0.012987012987,4.94805194805
1.5,0.1,737,77,2,0,0.00262467191601,0,0,0
1.5,0.1,738,77,2,1,0.00262467191601,0.5,0.012987012987,4.94805194805
1.5,0.1,739,77,2,0,0.00262467191601,0,0,0
1.5,0.1,740,77,2,0,0.00262467191601,0,0,0
1.5,0.1,741,77,2,0,0.00262467191601,0,0,0
1.5,0.1,742,77,2,0,0.00262467191601,0,0,0
1.5,0.1,743,77,2,0,0.00262467191601,0,0,0
1.5,0.1,744,77,2,0,0.00262467191601,0,0,0
1.5,0.1,745,77,2,0,0.00262467191601,0,0,0
1.5,0.1,746,77,2,0,0.00262467191601,0,0,0
1.5,0.1,747,77,2,0,0.00262467191601,0,0,0
1.5,0.1,748,77,2,0,0.00262467191601,0,0,0
1.5,0.1,749,77,2,0,0.00262467191601,0,0,0
1.5,0.1,750,77,2,0,0.00262467191601,0,0,0
1.5,0.1,751,77,2,0,0.00262467191601,0,0,0
1.5,0.1,752,77,2,0,0.00262467191601,0,0,0
1.5,0.1,753,77,2,0,0.00262467191601,0,0,0
1.5,0.1,754,77,2,0,0.00262467191601,0,0,0
1.5,0.1,755,77,2,0,0.00262467191601,0,0,0
1.5,0.1,756,77,2,1,0.00262467191601,0.5,0.012987012987,4.94805194805
1.5,0.1,757,77,2,0,0.00262467191601,0,0,0
1.5,0.1,758,77,2,0,0.00262467191601,0,0,0
1.5,0.1,759,77,2,0,0.00262467191601,0,0,0
1.5,0.1,760,77,2,0,0.00262467191601,0,0,0
1.5,0.1,761,77,2,0,0.00262467191601,0,0,0
1.5,0.1,762,77,2,0,0.00262467191601,0,0,0
1.5,0.1,763,77,2,0,0.00262467191601,0,0,0
1.5,0.1,764,77,2,0,0.00262467191601,0,0,0
1.5,0.1,765,77,2,0,0.00262467191601,0,0,0
1.5,0.1,766,77,2,0,0.00262467191601,0,0,0
1.5,0.1,767,77,2,0,0.00262467191601,0,0,0
1.5,0.1,768,77,2,0,0.00262467191601,0,0,0
1.5,0.1,769,77,2,0,0.00262467191601,0,0,0
1.5,0.1,770,77,2,0,0.00262467191601,0,0,0
1.5,0.1,771,77,2,0,0.00262467191601,0,0,0
1.5,0.1,772,77,2,0,0.00262467191601,0,0,0
1.5,0.1,773,77,2,0,0.00262467191601,0,0,0
1.5,0.1,774,77,2,0,0.00262467191601,0,0,0
1.5,0.1,775,77,2,0,0.00262467191601,0,0,0
1.5,0.1,776,77,2,0,0.00262467191601,0,0,0
1.5,0.1,777,77,2,1,0.00262467191601,0.5,0.012987012987,4.94805194805
1.5,0.1,778,77,2,0,0.00262467191601,0,0,0
1.5,0.1,779,77,2,0,0.00262467191601,0,0,0
1.5,0.1,780,77,2,1,0.00262467191601,0.5,0.012987012987,4.94805194805
1.5,0.1,781,77,2,0,0.00262467191601,0,0,0
1.5,0.1,782,77,2,0,0.00262467191601,0,0,0
1.5,0.1,783,77,2,2,0.00262467191601,1,0.025974025974,9.8961038961
1.5,0.1,784,77,2,0,0.00262467191601,0,0,0
1.5,0.1,785,77,2,1,0.00262467191601,0.5,0.012987012987,4.94805194805
1.5,0.1,786,77,2,0,0.00262467191601,0,0,0
1.5,0.1,787,77,2,0,0.00262467191601,0,0,0
1.5,0.1,788,77,2,0,0.00262467191601,0,0,0
1.5,0.1,789,77,2,0,0.00262467191601,0,0,0
1.5,0.1,790,77,2,0,0.00262467191601,0,0,0
1.5,0.1,791,77,2,0,0.00262467191601,0,0,0
1.5,0.1,792,77,2,2,0.00262467191601,1,0.025974025974,9.8961038961
1.5,0.1,793,77,2,1,0.00262467191601,0.5,0.012987012987,4.94805194805
1.5,0.1,794,77,2,0,0.00262467191601,0,0,0
1.5,0.1,795,77,2,1,0.00262467191601,0.5,0.012987012987,4.94805194805
1.5,0.1,796,77,2,0,0.00262467191601,0,0,0
1.5,0.1,797,77,2,0,0.00262467191601,0,0,0
1.5,0.1,798,77,2,0,0.00262467191601,0,0,0
1.5,0.1,799,77,2,1,0.00262467191601,0.5,0.012987012987,4.94805194805
1.5,0.1,800,77,2,0,0.00262467191601,0,0,0
1.5,0.1,801,77,2,0,0.00262467191601,0,0,0
1.5,0.1,802,77,2,0,0.00262467191601,0,0,0
1.5,0.1,803,77,2,1,0.00262467191601,0.5,0.012987012987,4.94805194805
1.5,0.1,804,77,2,0,0.00262467191601,0,0,0
1.5,0.1,805,77,2,1,0.00262467191601,0.5,0.012987012987,4.94805194805
1.5,0.1,806,77,2,0,0.00262467191601,0,0,0
1.5,0.1,807,77,2,0,0.00262467191601,0,0,0
1.5,0.1,808,77,2,0,0.00262467191601,0,0,0
1.5,0.1,809,77,2,0,0.00262467191601,0,0,0
1.5,0.1,810,77,2,0,0.00262467191601,0,0,0
1.5,0.1,811,77,2,0,0.00262467191601,0,0,0
1.5,0.1,812,77,2,0,0.00262467191601,0,0,0
1.5,0.1,813,77,2,0,0.00262467191601,0,0,0
1.5,0.1,814,77,2,0,0.00262467191601,0,0,0
1.5,0.1,815,77,2,1,0.00262467191601,0.5,0.012987012987,4.94805194805
1.5,0.1,816,77,2,0,0.00262467191601,0,0,0
1.5,0.1,817,77,2,0,0.00262467191601,0,0,0
1.5,0.1,818,77,2,0,0.00262467191601,0,0,0
1.5,0.1,819,77,2,0,0.00262467191601,0,0,0
1.5,0.1,820,77,2,0,0.00262467191601,0,0,0
1.5,0.1,821,77,2,0,0.00262467191601,0,0,0
1.5,0.1,822,77,2,0,0.00262467191601,0,0,0
1.5,0.1,823,77,2,1,0.00262467191601,0.5,0.012987012987,4.94805194805
1.5,0.1,824,77,2,0,0.00262467191601,0,0,0
1.5,0.1,825,77,2,0,0.00262467191601,0,0,0
1.5,0.1,826,77,2,0,0.00262467191601,0,0,0
1.5,0.1,827,77,2,0,0.00262467191601,0,0,0
1.5,0.1,828,77,2,0,0.00262467191601,0,0,0
1.5,0.1,829,77,2,0,0.00262467191601,0,0,0
1.5,0.1,830,77,2,0,0.00262467191601,0,0,0
1.5,0.1,831,77,2,1,0.00262467191601,0.5,0.012987012987,4.94805194805
1.5,0.1,832,77,2,0,0.00262467191601,0,0,0
1.5,0.1,833,77,2,0,0.00262467191601,0,0,0
1.5,0.1,834,77,2,0,0.00262467191601,0,0,0
1.5,0.1,835,77,2,1,0.00262467191601,0.5,0.012987012987,4.94805194805
1.5,0.1,836,77,2,0,0.00262467191601,0,0,0
1.5,0.1,837,77,2,0,0.00262467191601,0,0,0
1.5,0.1,838,77,2,0,0.00262467191601,0,0,0
1.5,0.1,839,77,2,0,0.00262467191601,0,0,0
1.5,0.1,840,77,2,0,0.00262467191601,0,0,0
1.5,0.1,841,77,2,0,0.00262467191601,0,0,0
1.5,0.1,842,77,2,0,0.00262467191601,0,0,0
1.5,0.1,843,77,2,0,0.00262467191601,0,0,0
1.5,0.1,844,77,2,0,0.00262467191601,0,0,0
1.5,0.1,845,77,2,0,0.00262467191601,0,0,0
1.5,0.1,846,77,2,0,0.00262467191601,0,0,0
1.5,0.1,847,77,2,0,0.00262467191601,0,0,0
1.5,0.1,848,77,2,0,0.00262467191601,0,0,0
1.5,0.1,849,77,2,0,0.00262467191601,0,0,0
1.5,0.1,850,77,2,1,0.00262467191601,0.5,0.012987012987,4.94805194805
1.5,0.1,851,77,2,0,0.00262467191601,0,0,0
1.5,0.1,852,77,2,0,0.00262467191601,0,0,0
1.5,0.1,853,77,2,0,0.00262467191601,0,0,0
1.5,0.1,854,77,2,0,0.00262467191601,0,0,0
1.5,0.1,855,77,2,0,0.00262467191601,0,0,0
1.5,0.1,856,77,2,0,0.00262467191601,0,0,0
1.5,0.1,857,77,2,1,0.00262467191601,0.5,0.012987012987,4.94805194805
1.5,0.1,858,77,2,0,0.00262467191601,0,0,0
1.5,0.1,859,77,2,0,0.00262467191601,0,0,0
1.5,0.1,860,77,2,0,0.00262467191601,0,0,0
1.5,0.1,861,77,2,0,0.00262467191601,0,0,0
1.5,0.1,862,77,2,0,0.00262467191601,0,0,0
1.5,0.1,863,77,2,0,0.00262467191601,0,0,0
1.5,0.1,864,77,2,1,0.00262467191601,0.5,0.012987012987,4.94805194805
1.5,0.1,865,77,2,1,0.00262467191601,0.5,0.012987012987,4.94805194805
1.5,0.1,866,77,2,0,0.00262467191601,0,0,0
1.5,0.1,867,77,2,0,0.00262467191601,0,0,0
1.5,0.1,868,77,2,1,0.00262467191601,0.5,0.012987012987,4.94805194805
1.5,0.1,869,77,2,0,0.00262467191601,0,0,0
1.5,0.1,870,77,2,0,0.00262467191601,0,0,0
1.5,0.1,871,77,2,0,0.00262467191601,0,0,0
1.5,0.1,872,77,2,0,0.00262467191601,0,0,0
1.5,0.1,873,77,2,0,0.00262467191601,0,0,0
1.5,0.1,874,77,2,0,0.00262467191601,0,0,0
1.5,0.1,875,77,2,0,0.00262467191601,0,0,0
1.5,0.1,876,77,2,0,0.00262467191601,0,0,0
1.5,0.1,877,77,2,1,0.00262467191601,0.5,0.012987012987,4.94805194805
1.5,0.1,878,77,2,0,0.00262467191601,0,0,0
1.5,0.1,879,77,2,1,0.00262467191601,0.5,0.012987012987,4.94805194805
1.5,0.1,880,77,2,0,0.00262467191601,0,0,0
1.5,0.1,881,77,2,1,0.00262467191601,0.5,0.012987012987,4.94805194805
1.5,0.1,882,77,2,0,0.00262467191601,0,0,0
1.5,0.1,883,77,2,1,0.00262467191601,0.5,0.012987012987,4.94805194805
1.5,0.1,884,77,2,0,0.00262467191601,0,0,0
1.5,0.1,885,77,2,0,0.00262467191601,0,0,0
1.5,0.1,886,77,2,0,0.00262467191601,0,0,0
1.5,0.1,887,77,2,1,0.00262467191601,0.5,0.012987012987,4.94805194805
1.5,0.1,888,77,2,0,0.00262467191601,0,0,0
1.5,0.1,889,77,2,0,0.00262467191601,0,0,0
1.5,0.1,890,77,2,0,0.00262467191601,0,0,0
1.5,0.1,891,77,2,0,0.00262467191601,0,0,0
1.5,0.1,892,77,2,0,0.00262467191601,0,0,0
1.5,0.1,893,77,2,0,0.00262467191601,0,0,0
1.5,0.1,894,77,2,0,0.00262467191601,0,0,0
1.5,0.1,895,77,2,0,0.00262467191601,0,0,0
1.5,0.1,896,77,2,1,0.00262467191601,0.5,0.012987012987,4.94805194805
1.5,0.1,897,77,2,0,0.00262467191601,0,0,0
1.5,0.1,898,77,2,0,0.00262467191601,0,0,0
1.5,0.1,899,77,2,0,0.00262467191601,0,0,0
1.5,0.1,900,77,2,0,0.00262467191601,0,0,0
1.5,0.1,901,77,2,0,0.00262467191601,0,0,0
1.5,0.1,902,77,2,1,0.00262467191601,0.5,0.012987012987,4.94805194805
1.5,0.1,903,77,2,0,0.00262467191601,0,0,0
1.5,0.1,904,77,2,0,0.00262467191601,0,0,0
1.5,0.1,905,77,2,1,0.00262467191601,0.5,0.012987012987,4.94805194805
1.5,0.1,906,77,2,0,0.00262467191601,0,0,0
1.5,0.1,907,77,2,0,0.00262467191601,0,0,0
1.5,0.1,908,77,2,0,0.00262467191601,0,0,0
1.5,0.1,909,77,2,0,0.00262467191601,0,0,0
1.5,0.1,910,77,2,1,0.00262467191601,0.5,0.012987012987,4.94805194805
1.5,0.1,911,77,2,0,0.00262467191601,0,0,0
1.5,0.1,912,77,2,0,0.00262467191601,0,0,0
1.5,0.1,913,77,2,0,0.00262467191601,0,0,0
1.5,0.1,914,77,2,0,0.00262467191601,0,0,0
1.5,0.1,915,77,2,0,0.00262467191601,0,0,0
1.5,0.1,916,77,2,1,0.00262467191601,0.5,0.012987012987,4.94805194805
1.5,0.1,917,77,2,1,0.00262467191601,0.5,0.012987012987,4.94805194805
1.5,0.1,918,77,2,0,0.00262467191601,0,0,0
1.5,0.1,919,77,2,0,0.00262467191601,0,0,0
1.5,0.1,920,77,2,0,0.00262467191601,0,0,0
1.5,0.1,921,77,2,0,0.00262467191601,0,0,0
1.5,0.1,922,77,2,0,0.00262467191601,0,0,0
1.5,0.1,923,77,2,0,0.00262467191601,0,0,0
1.5,0.1,924,77,2,0,0.00262467191601,0,0,0
1.5,0.1,925,77,2,0,0.00262467191601,0,0,0
1.5,0.1,926,77,2,0,0.00262467191601,0,0,0
1.5,0.1,927,77,2,0,0.00262467191601,0,0,0
1.5,0.1,928,77,2,0,0.00262467191601,0,0,0
1.5,0.1,929,77,2,0,0.00262467191601,0,0,0
1.5,0.1,930,77,2,0,0.00262467191601,0,0,0
1.5,0.1,931,77,2,0,0.00262467191601,0,0,0
1.5,0.1,932,77,2,0,0.00262467191601,0,0,0
1.5,0.1,933,77,2,0,0.00262467191601,0,0,0
1.5,0.1,934,77,2,0,0.00262467191601,0,0,0
1.5,0.1,935,77,2,0,0.00262467191601,0,0,0
1.5,0.1,936,77,2,0,0.00262467191601,0,0,0
1.5,0.1,937,77,2,0,0.00262467191601,0,0,0
1.5,0.1,938,77,2,0,0.00262467191601,0,0,0
1.5,0.1,939,77,2,0,0.00262467191601,0,0,0
1.5,0.1,940,77,2,0,0.00262467191601,0,0,0
1.5,0.1,941,77,2,0,0.00262467191601,0,0,0
1.5,0.1,942,77,2,0,0.00262467191601,0,0,0
1.5,0.1,943,77,2,1,0.00262467191601,0.5,0.012987012987,4.94805194805
1.5,0.1,944,77,2,0,0.00262467191601,0,0,0
1.5,0.1,945,77,2,0,0.00262467191601,0,0,0
1.5,0.1,946,77,2,0,0.00262467191601,0,0,0
1.5,0.1,947,77,2,1,0.00262467191601,0.5,0.012987012987,4.94805194805
1.5,0.1,948,77,2,0,0.00262467191601,0,0,0
1.5,0.1,949,77,2,0,0.00262467191601,0,0,0
1.5,0.1,950,77,2,1,0.00262467191601,0.5,0.012987012987,4.94805194805
1.5,0.1,951,77,2,0,0.00262467191601,0,0,0
1.5,0.1,952,77,2,0,0.00262467191601,0,0,0
1.5,0.1,953,77,2,1,0.00262467191601,0.5,0.012987012987,4.94805194805
1.5,0.1,954,77,2,0,0.00262467191601,0,0,0
1.5,0.1,955,77,2,0,0.00262467191601,0,0,0
1.5,0.1,956,77,2,0,0.00262467191601,0,0,0
1.5,0.1,957,77,2,0,0.00262467191601,0,0,0
1.5,0.1,958,77,2,0,0.00262467191601,0,0,0
1.5,0.1,959,77,2,0,0.00262467191601,0,0,0
1.5,0.1,960,77,2,0,0.00262467191601,0,0,0
1.5,0.1,961,77,2,0,0.00262467191601,0,0,0
1.5,0.1,962,77,2,0,0.00262467191601,0,0,0
1.5,0.1,963,77,2,0,0.00262467191601,0,0,0
1.5,0.1,964,77,2,1,0.00262467191601,0.5,0.012987012987,4.94805194805
1.5,0.1,965,77,2,1,0.00262467191601,0.5,0.012987012987,4.94805194805
1.5,0.1,966,77,2,0,0.00262467191601,0,0,0
1.5,0.1,967,77,2,1,0.00262467191601,0.5,0.012987012987,4.94805194805
1.5,0.1,968,77,2,0,0.00262467191601,0,0,0
1.5,0.1,969,77,2,0,0.00262467191601,0,0,0
1.5,0.1,970,77,2,0,0.00262467191601,0,0,0
1.5,0.1,971,77,2,0,0.00262467191601,0,0,0
1.5,0.1,972,77,2,0,0.00262467191601,0,0,0
1.5,0.1,973,77,2,0,0.00262467191601,0,0,0
1.5,0.1,974,77,2,0,0.00262467191601,0,0,0
1.5,0.1,975,77,2,1,0.00262467191601,0.5,0.012987012987,4.94805194805
1.5,0.1,976,77,2,0,0.00262467191601,0,0,0
1.5,0.1,977,77,2,1,0.00262467191601,0.5,0.012987012987,4.94805194805
1.5,0.1,978,77,2,0,0.00262467191601,0,0,0
1.5,0.1,979,77,2,0,0.00262467191601,0,0,0
1.5,0.1,980,77,2,0,0.00262467191601,0,0,0
1.5,0.1,981,77,2,0,0.00262467191601,0,0,0
1.5,0.1,982,77,2,0,0.00262467191601,0,0,0
1.5,0.1,983,77,2,0,0.00262467191601,0,0,0
1.5,0.1,984,77,2,0,0.00262467191601,0,0,0
1.5,0.1,985,77,2,0,0.00262467191601,0,0,0
1.5,0.1,986,77,2,0,0.00262467191601,0,0,0
1.5,0.1,987,77,2,1,0.00262467191601,0.5,0.012987012987,4.94805194805
1.5,0.1,988,77,2,0,0.00262467191601,0,0,0
1.5,0.1,989,77,2,1,0.00262467191601,0.5,0.012987012987,4.94805194805
1.5,0.1,990,77,2,0,0.00262467191601,0,0,0
1.5,0.1,991,77,2,0,0.00262467191601,0,0,0
1.5,0.1,992,77,2,0,0.00262467191601,0,0,0
1.5,0.1,993,77,2,0,0.00262467191601,0,0,0
1.5,0.1,994,77,2,0,0.00262467191601,0,0,0
1.5,0.1,995,77,2,0,0.00262467191601,0,0,0
1.5,0.1,996,77,2,1,0.00262467191601,0.5,0.012987012987,4.94805194805
1.5,0.1,997,77,2,0,0.00262467191601,0,0,0
1.5,0.1,998,77,2,0,0.00262467191601,0,0,0
1.5,0.1,999,77,2,0,0.00262467191601,0,0,0
1.5,0.1,1000,77,2,1,0.00262467191601,0.5,0.012987012987,4.94805194805
1.5,0.2,1,153,2,1,0.00262467191601,0.5,0.00653594771242,2.49019607843
1.5,0.2,2,153,2,1,0.00262467191601,0.5,0.00653594771242,2.49019607843
1.5,0.2,3,153,2,0,0.00262467191601,0,0,0
1.5,0.2,4,153,2,1,0.00262467191601,0.5,0.00653594771242,2.49019607843
1.5,0.2,5,153,2,0,0.00262467191601,0,0,0
1.5,0.2,6,153,2,1,0.00262467191601,0.5,0.00653594771242,2.49019607843
1.5,0.2,7,153,2,0,0.00262467191601,0,0,0
1.5,0.2,8,153,2,0,0.00262467191601,0,0,0
1.5,0.2,9,153,2,0,0.00262467191601,0,0,0
1.5,0.2,10,153,2,1,0.00262467191601,0.5,0.00653594771242,2.49019607843
1.5,0.2,11,153,2,0,0.00262467191601,0,0,0
1.5,0.2,12,153,2,1,0.00262467191601,0.5,0.00653594771242,2.49019607843
1.5,0.2,13,153,2,0,0.00262467191601,0,0,0
1.5,0.2,14,153,2,1,0.00262467191601,0.5,0.00653594771242,2.49019607843
1.5,0.2,15,153,2,0,0.00262467191601,0,0,0
1.5,0.2,16,153,2,1,0.00262467191601,0.5,0.00653594771242,2.49019607843
1.5,0.2,17,153,2,0,0.00262467191601,0,0,0
1.5,0.2,18,153,2,0,0.00262467191601,0,0,0
1.5,0.2,19,153,2,1,0.00262467191601,0.5,0.00653594771242,2.49019607843
1.5,0.2,20,153,2,0,0.00262467191601,0,0,0
1.5,0.2,21,153,2,1,0.00262467191601,0.5,0.00653594771242,2.49019607843
1.5,0.2,22,153,2,0,0.00262467191601,0,0,0
1.5,0.2,23,153,2,0,0.00262467191601,0,0,0
1.5,0.2,24,153,2,0,0.00262467191601,0,0,0
1.5,0.2,25,153,2,0,0.00262467191601,0,0,0
1.5,0.2,26,153,2,2,0.00262467191601,1,0.0130718954248,4.98039215686
1.5,0.2,27,153,2,0,0.00262467191601,0,0,0
1.5,0.2,28,153,2,0,0.00262467191601,0,0,0
1.5,0.2,29,153,2,1,0.00262467191601,0.5,0.00653594771242,2.49019607843
1.5,0.2,30,153,2,0,0.00262467191601,0,0,0
1.5,0.2,31,153,2,1,0.00262467191601,0.5,0.00653594771242,2.49019607843
1.5,0.2,32,153,2,1,0.00262467191601,0.5,0.00653594771242,2.49019607843
1.5,0.2,33,153,2,0,0.00262467191601,0,0,0
1.5,0.2,34,153,2,0,0.00262467191601,0,0,0
1.5,0.2,35,153,2,1,0.00262467191601,0.5,0.00653594771242,2.49019607843
1.5,0.2,36,153,2,2,0.00262467191601,1,0.0130718954248,4.98039215686
1.5,0.2,37,153,2,1,0.00262467191601,0.5,0.00653594771242,2.49019607843
1.5,0.2,38,153,2,1,0.00262467191601,0.5,0.00653594771242,2.49019607843
1.5,0.2,39,153,2,1,0.00262467191601,0.5,0.00653594771242,2.49019607843
1.5,0.2,40,153,2,2,0.00262467191601,1,0.0130718954248,4.98039215686
1.5,0.2,41,153,2,1,0.00262467191601,0.5,0.00653594771242,2.49019607843
1.5,0.2,42,153,2,0,0.00262467191601,0,0,0
1.5,0.2,43,153,2,1,0.00262467191601,0.5,0.00653594771242,2.49019607843
1.5,0.2,44,153,2,1,0.00262467191601,0.5,0.00653594771242,2.49019607843
1.5,0.2,45,153,2,0,0.00262467191601,0,0,0
1.5,0.2,46,153,2,1,0.00262467191601,0.5,0.00653594771242,2.49019607843
1.5,0.2,47,153,2,0,0.00262467191601,0,0,0
1.5,0.2,48,153,2,0,0.00262467191601,0,0,0
1.5,0.2,49,153,2,2,0.00262467191601,1,0.0130718954248,4.98039215686
1.5,0.2,50,153,2,1,0.00262467191601,0.5,0.00653594771242,2.49019607843
1.5,0.2,51,153,2,0,0.00262467191601,0,0,0
1.5,0.2,52,153,2,1,0.00262467191601,0.5,0.00653594771242,2.49019607843
1.5,0.2,53,153,2,1,0.00262467191601,0.5,0.00653594771242,2.49019607843
1.5,0.2,54,153,2,0,0.00262467191601,0,0,0
1.5,0.2,55,153,2,1,0.00262467191601,0.5,0.00653594771242,2.49019607843
1.5,0.2,56,153,2,0,0.00262467191601,0,0,0
1.5,0.2,57,153,2,0,0.00262467191601,0,0,0
1.5,0.2,58,153,2,0,0.00262467191601,0,0,0
1.5,0.2,59,153,2,0,0.00262467191601,0,0,0
1.5,0.2,60,153,2,0,0.00262467191601,0,0,0
1.5,0.2,61,153,2,1,0.00262467191601,0.5,0.00653594771242,2.49019607843
1.5,0.2,62,153,2,0,0.00262467191601,0,0,0
1.5,0.2,63,153,2,0,0.00262467191601,0,0,0
1.5,0.2,64,153,2,0,0.00262467191601,0,0,0
1.5,0.2,65,153,2,0,0.00262467191601,0,0,0
1.5,0.2,66,153,2,0,0.00262467191601,0,0,0
1.5,0.2,67,153,2,0,0.00262467191601,0,0,0
1.5,0.2,68,153,2,0,0.00262467191601,0,0,0
1.5,0.2,69,153,2,0,0.00262467191601,0,0,0
1.5,0.2,70,153,2,0,0.00262467191601,0,0,0
1.5,0.2,71,153,2,1,0.00262467191601,0.5,0.00653594771242,2.49019607843
1.5,0.2,72,153,2,0,0.00262467191601,0,0,0
1.5,0.2,73,153,2,0,0.00262467191601,0,0,0
1.5,0.2,74,153,2,0,0.00262467191601,0,0,0
1.5,0.2,75,153,2,1,0.00262467191601,0.5,0.00653594771242,2.49019607843
1.5,0.2,76,153,2,0,0.00262467191601,0,0,0
1.5,0.2,77,153,2,0,0.00262467191601,0,0,0
1.5,0.2,78,153,2,0,0.00262467191601,0,0,0
1.5,0.2,79,153,2,0,0.00262467191601,0,0,0
1.5,0.2,80,153,2,0,0.00262467191601,0,0,0
1.5,0.2,81,153,2,0,0.00262467191601,0,0,0
1.5,0.2,82,153,2,0,0.00262467191601,0,0,0
1.5,0.2,83,153,2,1,0.00262467191601,0.5,0.00653594771242,2.49019607843
1.5,0.2,84,153,2,0,0.00262467191601,0,0,0
1.5,0.2,85,153,2,0,0.00262467191601,0,0,0
1.5,0.2,86,153,2,0,0.00262467191601,0,0,0
1.5,0.2,87,153,2,0,0.00262467191601,0,0,0
1.5,0.2,88,153,2,2,0.00262467191601,1,0.0130718954248,4.98039215686
1.5,0.2,89,153,2,1,0.00262467191601,0.5,0.00653594771242,2.49019607843
1.5,0.2,90,153,2,0,0.00262467191601,0,0,0
1.5,0.2,91,153,2,1,0.00262467191601,0.5,0.00653594771242,2.49019607843
1.5,0.2,92,153,2,1,0.00262467191601,0.5,0.00653594771242,2.49019607843
1.5,0.2,93,153,2,0,0.00262467191601,0,0,0
1.5,0.2,94,153,2,0,0.00262467191601,0,0,0
1.5,0.2,95,153,2,0,0.00262467191601,0,0,0
1.5,0.2,96,153,2,0,0.00262467191601,0,0,0
1.5,0.2,97,153,2,0,0.00262467191601,0,0,0
1.5,0.2,98,153,2,1,0.00262467191601,0.5,0.00653594771242,2.49019607843
1.5,0.2,99,153,2,0,0.00262467191601,0,0,0
1.5,0.2,100,153,2,0,0.00262467191601,0,0,0
1.5,0.2,101,153,2,0,0.00262467191601,0,0,0
1.5,0.2,102,153,2,0,0.00262467191601,0,0,0
1.5,0.2,103,153,2,1,0.00262467191601,0.5,0.00653594771242,2.49019607843
1.5,0.2,104,153,2,0,0.00262467191601,0,0,0
1.5,0.2,105,153,2,0,0.00262467191601,0,0,0
1.5,0.2,106,153,2,1,0.00262467191601,0.5,0.00653594771242,2.49019607843
1.5,0.2,107,153,2,0,0.00262467191601,0,0,0
1.5,0.2,108,153,2,0,0.00262467191601,0,0,0
1.5,0.2,109,153,2,2,0.00262467191601,1,0.0130718954248,4.98039215686
1.5,0.2,110,153,2,0,0.00262467191601,0,0,0
1.5,0.2,111,153,2,0,0.00262467191601,0,0,0
1.5,0.2,112,153,2,1,0.00262467191601,0.5,0.00653594771242,2.49019607843
1.5,0.2,113,153,2,1,0.00262467191601,0.5,0.00653594771242,2.49019607843
1.5,0.2,114,153,2,0,0.00262467191601,0,0,0
1.5,0.2,115,153,2,1,0.00262467191601,0.5,0.00653594771242,2.49019607843
1.5,0.2,116,153,2,0,0.00262467191601,0,0,0
1.5,0.2,117,153,2,1,0.00262467191601,0.5,0.00653594771242,2.49019607843
1.5,0.2,118,153,2,0,0.00262467191601,0,0,0
1.5,0.2,119,153,2,1,0.00262467191601,0.5,0.00653594771242,2.49019607843
1.5,0.2,120,153,2,0,0.00262467191601,0,0,0
1.5,0.2,121,153,2,0,0.00262467191601,0,0,0
1.5,0.2,122,153,2,0,0.00262467191601,0,0,0
1.5,0.2,123,153,2,0,0.00262467191601,0,0,0
1.5,0.2,124,153,2,1,0.00262467191601,0.5,0.00653594771242,2.49019607843
1.5,0.2,125,153,2,0,0.00262467191601,0,0,0
1.5,0.2,126,153,2,1,0.00262467191601,0.5,0.00653594771242,2.49019607843
1.5,0.2,127,153,2,0,0.00262467191601,0,0,0
1.5,0.2,128,153,2,0,0.00262467191601,0,0,0
1.5,0.2,129,153,2,1,0.00262467191601,0.5,0.00653594771242,2.49019607843
1.5,0.2,130,153,2,0,0.00262467191601,0,0,0
1.5,0.2,131,153,2,1,0.00262467191601,0.5,0.00653594771242,2.49019607843
1.5,0.2,132,153,2,1,0.00262467191601,0.5,0.00653594771242,2.49019607843
1.5,0.2,133,153,2,1,0.00262467191601,0.5,0.00653594771242,2.49019607843
1.5,0.2,134,153,2,0,0.00262467191601,0,0,0
1.5,0.2,135,153,2,1,0.00262467191601,0.5,0.00653594771242,2.49019607843
1.5,0.2,136,153,2,0,0.00262467191601,0,0,0
1.5,0.2,137,153,2,0,0.00262467191601,0,0,0
1.5,0.2,138,153,2,0,0.00262467191601,0,0,0
1.5,0.2,139,153,2,0,0.00262467191601,0,0,0
1.5,0.2,140,153,2,1,0.00262467191601,0.5,0.00653594771242,2.49019607843
1.5,0.2,141,153,2,1,0.00262467191601,0.5,0.00653594771242,2.49019607843
1.5,0.2,142,153,2,0,0.00262467191601,0,0,0
1.5,0.2,143,153,2,0,0.00262467191601,0,0,0
1.5,0.2,144,153,2,1,0.00262467191601,0.5,0.00653594771242,2.49019607843
1.5,0.2,145,153,2,0,0.00262467191601,0,0,0
1.5,0.2,146,153,2,2,0.00262467191601,1,0.0130718954248,4.98039215686
1.5,0.2,147,153,2,1,0.00262467191601,0.5,0.00653594771242,2.49019607843
1.5,0.2,148,153,2,0,0.00262467191601,0,0,0
1.5,0.2,149,153,2,1,0.00262467191601,0.5,0.00653594771242,2.49019607843
1.5,0.2,150,153,2,0,0.00262467191601,0,0,0
1.5,0.2,151,153,2,0,0.00262467191601,0,0,0
1.5,0.2,152,153,2,0,0.00262467191601,0,0,0
1.5,0.2,153,153,2,0,0.00262467191601,0,0,0
1.5,0.2,154,153,2,1,0.00262467191601,0.5,0.00653594771242,2.49019607843
1.5,0.2,155,153,2,0,0.00262467191601,0,0,0
1.5,0.2,156,153,2,0,0.00262467191601,0,0,0
1.5,0.2,157,153,2,0,0.00262467191601,0,0,0
1.5,0.2,158,153,2,0,0.00262467191601,0,0,0
1.5,0.2,159,153,2,0,0.00262467191601,0,0,0
1.5,0.2,160,153,2,0,0.00262467191601,0,0,0
1.5,0.2,161,153,2,1,0.00262467191601,0.5,0.00653594771242,2.49019607843
1.5,0.2,162,153,2,1,0.00262467191601,0.5,0.00653594771242,2.49019607843
1.5,0.2,163,153,2,0,0.00262467191601,0,0,0
1.5,0.2,164,153,2,2,0.00262467191601,1,0.0130718954248,4.98039215686
1.5,0.2,165,153,2,0,0.00262467191601,0,0,0
1.5,0.2,166,153,2,0,0.00262467191601,0,0,0
1.5,0.2,167,153,2,0,0.00262467191601,0,0,0
1.5,0.2,168,153,2,1,0.00262467191601,0.5,0.00653594771242,2.49019607843
1.5,0.2,169,153,2,0,0.00262467191601,0,0,0
1.5,0.2,170,153,2,0,0.00262467191601,0,0,0
1.5,0.2,171,153,2,0,0.00262467191601,0,0,0
1.5,0.2,172,153,2,0,0.00262467191601,0,0,0
1.5,0.2,173,153,2,2,0.00262467191601,1,0.0130718954248,4.98039215686
1.5,0.2,174,153,2,0,0.00262467191601,0,0,0
1.5,0.2,175,153,2,1,0.00262467191601,0.5,0.00653594771242,2.49019607843
1.5,0.2,176,153,2,0,0.00262467191601,0,0,0
1.5,0.2,177,153,2,0,0.00262467191601,0,0,0
1.5,0.2,178,153,2,1,0.00262467191601,0.5,0.00653594771242,2.49019607843
1.5,0.2,179,153,2,0,0.00262467191601,0,0,0
1.5,0.2,180,153,2,0,0.00262467191601,0,0,0
1.5,0.2,181,153,2,0,0.00262467191601,0,0,0
1.5,0.2,182,153,2,0,0.00262467191601,0,0,0
1.5,0.2,183,153,2,1,0.00262467191601,0.5,0.00653594771242,2.49019607843
1.5,0.2,184,153,2,0,0.00262467191601,0,0,0
1.5,0.2,185,153,2,1,0.00262467191601,0.5,0.00653594771242,2.49019607843
1.5,0.2,186,153,2,0,0.00262467191601,0,0,0
1.5,0.2,187,153,2,0,0.00262467191601,0,0,0
1.5,0.2,188,153,2,0,0.00262467191601,0,0,0
1.5,0.2,189,153,2,0,0.00262467191601,0,0,0
1.5,0.2,190,153,2,1,0.00262467191601,0.5,0.00653594771242,2.49019607843
1.5,0.2,191,153,2,0,0.00262467191601,0,0,0
1.5,0.2,192,153,2,0,0.00262467191601,0,0,0
1.5,0.2,193,153,2,0,0.00262467191601,0,0,0
1.5,0.2,194,153,2,0,0.00262467191601,0,0,0
1.5,0.2,195,153,2,0,0.00262467191601,0,0,0
1.5,0.2,196,153,2,1,0.00262467191601,0.5,0.00653594771242,2.49019607843
1.5,0.2,197,153,2,1,0.00262467191601,0.5,0.00653594771242,2.49019607843
1.5,0.2,198,153,2,0,0.00262467191601,0,0,0
1.5,0.2,199,153,2,0,0.00262467191601,0,0,0
1.5,0.2,200,153,2,0,0.00262467191601,0,0,0
1.5,0.2,201,153,2,0,0.00262467191601,0,0,0
1.5,0.2,202,153,2,1,0.00262467191601,0.5,0.00653594771242,2.49019607843
1.5,0.2,203,153,2,2,0.00262467191601,1,0.0130718954248,4.98039215686
1.5,0.2,204,153,2,1,0.00262467191601,0.5,0.00653594771242,2.49019607843
1.5,0.2,205,153,2,0,0.00262467191601,0,0,0
1.5,0.2,206,153,2,0,0.00262467191601,0,0,0
1.5,0.2,207,153,2,0,0.00262467191601,0,0,0
1.5,0.2,208,153,2,0,0.00262467191601,0,0,0
1.5,0.2,209,153,2,1,0.00262467191601,0.5,0.00653594771242,2.49019607843
1.5,0.2,210,153,2,1,0.00262467191601,0.5,0.00653594771242,2.49019607843
1.5,0.2,211,153,2,0,0.00262467191601,0,0,0
1.5,0.2,212,153,2,1,0.00262467191601,0.5,0.00653594771242,2.49019607843
1.5,0.2,213,153,2,0,0.00262467191601,0,0,0
1.5,0.2,214,153,2,0,0.00262467191601,0,0,0
1.5,0.2,215,153,2,0,0.00262467191601,0,0,0
1.5,0.2,216,153,2,0,0.00262467191601,0,0,0
1.5,0.2,217,153,2,1,0.00262467191601,0.5,0.00653594771242,2.49019607843
1.5,0.2,218,153,2,2,0.00262467191601,1,0.0130718954248,4.98039215686
1.5,0.2,219,153,2,0,0.00262467191601,0,0,0
1.5,0.2,220,153,2,2,0.00262467191601,1,0.0130718954248,4.98039215686
1.5,0.2,221,153,2,1,0.00262467191601,0.5,0.00653594771242,2.49019607843
1.5,0.2,222,153,2,0,0.00262467191601,0,0,0
1.5,0.2,223,153,2,1,0.00262467191601,0.5,0.00653594771242,2.49019607843
1.5,0.2,224,153,2,0,0.00262467191601,0,0,0
1.5,0.2,225,153,2,0,0.00262467191601,0,0,0
1.5,0.2,226,153,2,0,0.00262467191601,0,0,0
1.5,0.2,227,153,2,0,0.00262467191601,0,0,0
1.5,0.2,228,153,2,0,0.00262467191601,0,0,0
1.5,0.2,229,153,2,1,0.00262467191601,0.5,0.00653594771242,2.49019607843
1.5,0.2,230,153,2,0,0.00262467191601,0,0,0
1.5,0.2,231,153,2,0,0.00262467191601,0,0,0
1.5,0.2,232,153,2,0,0.00262467191601,0,0,0
1.5,0.2,233,153,2,0,0.00262467191601,0,0,0
1.5,0.2,234,153,2,0,0.00262467191601,0,0,0
1.5,0.2,235,153,2,2,0.00262467191601,1,0.0130718954248,4.98039215686
1.5,0.2,236,153,2,0,0.00262467191601,0,0,0
1.5,0.2,237,153,2,2,0.00262467191601,1,0.0130718954248,4.98039215686
1.5,0.2,238,153,2,0,0.00262467191601,0,0,0
1.5,0.2,239,153,2,0,0.00262467191601,0,0,0
1.5,0.2,240,153,2,1,0.00262467191601,0.5,0.00653594771242,2.49019607843
1.5,0.2,241,153,2,0,0.00262467191601,0,0,0
1.5,0.2,242,153,2,1,0.00262467191601,0.5,0.00653594771242,2.49019607843
1.5,0.2,243,153,2,0,0.00262467191601,0,0,0
1.5,0.2,244,153,2,1,0.00262467191601,0.5,0.00653594771242,2.49019607843
1.5,0.2,245,153,2,0,0.00262467191601,0,0,0
1.5,0.2,246,153,2,0,0.00262467191601,0,0,0
1.5,0.2,247,153,2,1,0.00262467191601,0.5,0.00653594771242,2.49019607843
1.5,0.2,248,153,2,1,0.00262467191601,0.5,0.00653594771242,2.49019607843
1.5,0.2,249,153,2,0,0.00262467191601,0,0,0
1.5,0.2,250,153,2,1,0.00262467191601,0.5,0.00653594771242,2.49019607843
1.5,0.2,251,153,2,0,0.00262467191601,0,0,0
1.5,0.2,252,153,2,1,0.00262467191601,0.5,0.00653594771242,2.49019607843
1.5,0.2,253,153,2,0,0.00262467191601,0,0,0
1.5,0.2,254,153,2,1,0.00262467191601,0.5,0.00653594771242,2.49019607843
1.5,0.2,255,153,2,0,0.00262467191601,0,0,0
1.5,0.2,256,153,2,0,0.00262467191601,0,0,0
1.5,0.2,257,153,2,0,0.00262467191601,0,0,0
1.5,0.2,258,153,2,0,0.00262467191601,0,0,0
1.5,0.2,259,153,2,0,0.00262467191601,0,0,0
1.5,0.2,260,153,2,0,0.00262467191601,0,0,0
1.5,0.2,261,153,2,1,0.00262467191601,0.5,0.00653594771242,2.49019607843
1.5,0.2,262,153,2,0,0.00262467191601,0,0,0
1.5,0.2,263,153,2,0,0.00262467191601,0,0,0
1.5,0.2,264,153,2,0,0.00262467191601,0,0,0
1.5,0.2,265,153,2,0,0.00262467191601,0,0,0
1.5,0.2,266,153,2,0,0.00262467191601,0,0,0
1.5,0.2,267,153,2,1,0.00262467191601,0.5,0.00653594771242,2.49019607843
1.5,0.2,268,153,2,0,0.00262467191601,0,0,0
1.5,0.2,269,153,2,0,0.00262467191601,0,0,0
1.5,0.2,270,153,2,1,0.00262467191601,0.5,0.00653594771242,2.49019607843
1.5,0.2,271,153,2,1,0.00262467191601,0.5,0.00653594771242,2.49019607843
1.5,0.2,272,153,2,0,0.00262467191601,0,0,0
1.5,0.2,273,153,2,0,0.00262467191601,0,0,0
1.5,0.2,274,153,2,0,0.00262467191601,0,0,0
1.5,0.2,275,153,2,1,0.00262467191601,0.5,0.00653594771242,2.49019607843
1.5,0.2,276,153,2,1,0.00262467191601,0.5,0.00653594771242,2.49019607843
1.5,0.2,277,153,2,0,0.00262467191601,0,0,0
1.5,0.2,278,153,2,1,0.00262467191601,0.5,0.00653594771242,2.49019607843
1.5,0.2,279,153,2,0,0.00262467191601,0,0,0
1.5,0.2,280,153,2,0,0.00262467191601,0,0,0
1.5,0.2,281,153,2,0,0.00262467191601,0,0,0
1.5,0.2,282,153,2,1,0.00262467191601,0.5,0.00653594771242,2.49019607843
1.5,0.2,283,153,2,2,0.00262467191601,1,0.0130718954248,4.98039215686
1.5,0.2,284,153,2,1,0.00262467191601,0.5,0.00653594771242,2.49019607843
1.5,0.2,285,153,2,1,0.00262467191601,0.5,0.00653594771242,2.49019607843
1.5,0.2,286,153,2,1,0.00262467191601,0.5,0.00653594771242,2.49019607843
1.5,0.2,287,153,2,0,0.00262467191601,0,0,0
1.5,0.2,288,153,2,0,0.00262467191601,0,0,0
1.5,0.2,289,153,2,0,0.00262467191601,0,0,0
1.5,0.2,290,153,2,1,0.00262467191601,0.5,0.00653594771242,2.49019607843
1.5,0.2,291,153,2,1,0.00262467191601,0.5,0.00653594771242,2.49019607843
1.5,0.2,292,153,2,0,0.00262467191601,0,0,0
1.5,0.2,293,153,2,0,0.00262467191601,0,0,0
1.5,0.2,294,153,2,1,0.00262467191601,0.5,0.00653594771242,2.49019607843
1.5,0.2,295,153,2,0,0.00262467191601,0,0,0
1.5,0.2,296,153,2,0,0.00262467191601,0,0,0
1.5,0.2,297,153,2,1,0.00262467191601,0.5,0.00653594771242,2.49019607843
1.5,0.2,298,153,2,0,0.00262467191601,0,0,0
1.5,0.2,299,153,2,1,0.00262467191601,0.5,0.00653594771242,2.49019607843
1.5,0.2,300,153,2,0,0.00262467191601,0,0,0
1.5,0.2,301,153,2,1,0.00262467191601,0.5,0.00653594771242,2.49019607843
1.5,0.2,302,153,2,2,0.00262467191601,1,0.0130718954248,4.98039215686
1.5,0.2,303,153,2,0,0.00262467191601,0,0,0
1.5,0.2,304,153,2,0,0.00262467191601,0,0,0
1.5,0.2,305,153,2,0,0.00262467191601,0,0,0
1.5,0.2,306,153,2,0,0.00262467191601,0,0,0
1.5,0.2,307,153,2,0,0.00262467191601,0,0,0
1.5,0.2,308,153,2,1,0.00262467191601,0.5,0.00653594771242,2.49019607843
1.5,0.2,309,153,2,0,0.00262467191601,0,0,0
1.5,0.2,310,153,2,0,0.00262467191601,0,0,0
1.5,0.2,311,153,2,1,0.00262467191601,0.5,0.00653594771242,2.49019607843
1.5,0.2,312,153,2,1,0.00262467191601,0.5,0.00653594771242,2.49019607843
1.5,0.2,313,153,2,0,0.00262467191601,0,0,0
1.5,0.2,314,153,2,1,0.00262467191601,0.5,0.00653594771242,2.49019607843
1.5,0.2,315,153,2,0,0.00262467191601,0,0,0
1.5,0.2,316,153,2,1,0.00262467191601,0.5,0.00653594771242,2.49019607843
1.5,0.2,317,153,2,1,0.00262467191601,0.5,0.00653594771242,2.49019607843
1.5,0.2,318,153,2,2,0.00262467191601,1,0.0130718954248,4.98039215686
1.5,0.2,319,153,2,0,0.00262467191601,0,0,0
1.5,0.2,320,153,2,1,0.00262467191601,0.5,0.00653594771242,2.49019607843
1.5,0.2,321,153,2,0,0.00262467191601,0,0,0
1.5,0.2,322,153,2,2,0.00262467191601,1,0.0130718954248,4.98039215686
1.5,0.2,323,153,2,0,0.00262467191601,0,0,0
1.5,0.2,324,153,2,2,0.00262467191601,1,0.0130718954248,4.98039215686
1.5,0.2,325,153,2,0,0.00262467191601,0,0,0
1.5,0.2,326,153,2,2,0.00262467191601,1,0.0130718954248,4.98039215686
1.5,0.2,327,153,2,0,0.00262467191601,0,0,0
1.5,0.2,328,153,2,1,0.00262467191601,0.5,0.00653594771242,2.49019607843
1.5,0.2,329,153,2,0,0.00262467191601,0,0,0
1.5,0.2,330,153,2,1,0.00262467191601,0.5,0.00653594771242,2.49019607843
1.5,0.2,331,153,2,1,0.00262467191601,0.5,0.00653594771242,2.49019607843
1.5,0.2,332,153,2,0,0.00262467191601,0,0,0
1.5,0.2,333,153,2,0,0.00262467191601,0,0,0
1.5,0.2,334,153,2,0,0.00262467191601,0,0,0
1.5,0.2,335,153,2,0,0.00262467191601,0,0,0
1.5,0.2,336,153,2,0,0.00262467191601,0,0,0
1.5,0.2,337,153,2,1,0.00262467191601,0.5,0.00653594771242,2.49019607843
1.5,0.2,338,153,2,0,0.00262467191601,0,0,0
1.5,0.2,339,153,2,0,0.00262467191601,0,0,0
1.5,0.2,340,153,2,0,0.00262467191601,0,0,0
1.5,0.2,341,153,2,0,0.00262467191601,0,0,0
1.5,0.2,342,153,2,0,0.00262467191601,0,0,0
1.5,0.2,343,153,2,0,0.00262467191601,0,0,0
1.5,0.2,344,153,2,0,0.00262467191601,0,0,0
1.5,0.2,345,153,2,1,0.00262467191601,0.5,0.00653594771242,2.49019607843
1.5,0.2,346,153,2,0,0.00262467191601,0,0,0
1.5,0.2,347,153,2,0,0.00262467191601,0,0,0
1.5,0.2,348,153,2,0,0.00262467191601,0,0,0
1.5,0.2,349,153,2,1,0.00262467191601,0.5,0.00653594771242,2.49019607843
1.5,0.2,350,153,2,0,0.00262467191601,0,0,0
1.5,0.2,351,153,2,1,0.00262467191601,0.5,0.00653594771242,2.49019607843
1.5,0.2,352,153,2,0,0.00262467191601,0,0,0
1.5,0.2,353,153,2,0,0.00262467191601,0,0,0
1.5,0.2,354,153,2,1,0.00262467191601,0.5,0.00653594771242,2.49019607843
1.5,0.2,355,153,2,0,0.00262467191601,0,0,0
1.5,0.2,356,153,2,1,0.00262467191601,0.5,0.00653594771242,2.49019607843
1.5,0.2,357,153,2,1,0.00262467191601,0.5,0.00653594771242,2.49019607843
1.5,0.2,358,153,2,1,0.00262467191601,0.5,0.00653594771242,2.49019607843
1.5,0.2,359,153,2,0,0.00262467191601,0,0,0
1.5,0.2,360,153,2,0,0.00262467191601,0,0,0
1.5,0.2,361,153,2,1,0.00262467191601,0.5,0.00653594771242,2.49019607843
1.5,0.2,362,153,2,0,0.00262467191601,0,0,0
1.5,0.2,363,153,2,1,0.00262467191601,0.5,0.00653594771242,2.49019607843
1.5,0.2,364,153,2,0,0.00262467191601,0,0,0
1.5,0.2,365,153,2,0,0.00262467191601,0,0,0
1.5,0.2,366,153,2,0,0.00262467191601,0,0,0
1.5,0.2,367,153,2,2,0.00262467191601,1,0.0130718954248,4.98039215686
1.5,0.2,368,153,2,0,0.00262467191601,0,0,0
1.5,0.2,369,153,2,1,0.00262467191601,0.5,0.00653594771242,2.49019607843
1.5,0.2,370,153,2,0,0.00262467191601,0,0,0
1.5,0.2,371,153,2,0,0.00262467191601,0,0,0
1.5,0.2,372,153,2,1,0.00262467191601,0.5,0.00653594771242,2.49019607843
1.5,0.2,373,153,2,1,0.00262467191601,0.5,0.00653594771242,2.49019607843
1.5,0.2,374,153,2,0,0.00262467191601,0,0,0
1.5,0.2,375,153,2,0,0.00262467191601,0,0,0
1.5,0.2,376,153,2,0,0.00262467191601,0,0,0
1.5,0.2,377,153,2,1,0.00262467191601,0.5,0.00653594771242,2.49019607843
1.5,0.2,378,153,2,0,0.00262467191601,0,0,0
1.5,0.2,379,153,2,1,0.00262467191601,0.5,0.00653594771242,2.49019607843
1.5,0.2,380,153,2,0,0.00262467191601,0,0,0
1.5,0.2,381,153,2,1,0.00262467191601,0.5,0.00653594771242,2.49019607843
1.5,0.2,382,153,2,0,0.00262467191601,0,0,0
1.5,0.2,383,153,2,0,0.00262467191601,0,0,0
1.5,0.2,384,153,2,0,0.00262467191601,0,0,0
1.5,0.2,385,153,2,1,0.00262467191601,0.5,0.00653594771242,2.49019607843
1.5,0.2,386,153,2,0,0.00262467191601,0,0,0
1.5,0.2,387,153,2,0,0.00262467191601,0,0,0
1.5,0.2,388,153,2,1,0.00262467191601,0.5,0.00653594771242,2.49019607843
1.5,0.2,389,153,2,0,0.00262467191601,0,0,0
1.5,0.2,390,153,2,1,0.00262467191601,0.5,0.00653594771242,2.49019607843
1.5,0.2,391,153,2,1,0.00262467191601,0.5,0.00653594771242,2.49019607843
1.5,0.2,392,153,2,0,0.00262467191601,0,0,0
1.5,0.2,393,153,2,1,0.00262467191601,0.5,0.00653594771242,2.49019607843
1.5,0.2,394,153,2,0,0.00262467191601,0,0,0
1.5,0.2,395,153,2,1,0.00262467191601,0.5,0.00653594771242,2.49019607843
1.5,0.2,396,153,2,0,0.00262467191601,0,0,0
1.5,0.2,397,153,2,1,0.00262467191601,0.5,0.00653594771242,2.49019607843
1.5,0.2,398,153,2,1,0.00262467191601,0.5,0.00653594771242,2.49019607843
1.5,0.2,399,153,2,1,0.00262467191601,0.5,0.00653594771242,2.49019607843
1.5,0.2,400,153,2,0,0.00262467191601,0,0,0
1.5,0.2,401,153,2,1,0.00262467191601,0.5,0.00653594771242,2.49019607843
1.5,0.2,402,153,2,0,0.00262467191601,0,0,0
1.5,0.2,403,153,2,0,0.00262467191601,0,0,0
1.5,0.2,404,153,2,1,0.00262467191601,0.5,0.00653594771242,2.49019607843
1.5,0.2,405,153,2,0,0.00262467191601,0,0,0
1.5,0.2,406,153,2,0,0.00262467191601,0,0,0
1.5,0.2,407,153,2,0,0.00262467191601,0,0,0
1.5,0.2,408,153,2,0,0.00262467191601,0,0,0
1.5,0.2,409,153,2,0,0.00262467191601,0,0,0
1.5,0.2,410,153,2,1,0.00262467191601,0.5,0.00653594771242,2.49019607843
1.5,0.2,411,153,2,0,0.00262467191601,0,0,0
1.5,0.2,412,153,2,1,0.00262467191601,0.5,0.00653594771242,2.49019607843
1.5,0.2,413,153,2,0,0.00262467191601,0,0,0
1.5,0.2,414,153,2,1,0.00262467191601,0.5,0.00653594771242,2.49019607843
1.5,0.2,415,153,2,0,0.00262467191601,0,0,0
1.5,0.2,416,153,2,0,0.00262467191601,0,0,0
1.5,0.2,417,153,2,0,0.00262467191601,0,0,0
1.5,0.2,418,153,2,1,0.00262467191601,0.5,0.00653594771242,2.49019607843
1.5,0.2,419,153,2,0,0.00262467191601,0,0,0
1.5,0.2,420,153,2,0,0.00262467191601,0,0,0
1.5,0.2,421,153,2,0,0.00262467191601,0,0,0
1.5,0.2,422,153,2,1,0.00262467191601,0.5,0.00653594771242,2.49019607843
1.5,0.2,423,153,2,0,0.00262467191601,0,0,0
1.5,0.2,424,153,2,0,0.00262467191601,0,0,0
1.5,0.2,425,153,2,0,0.00262467191601,0,0,0
1.5,0.2,426,153,2,0,0.00262467191601,0,0,0
1.5,0.2,427,153,2,1,0.00262467191601,0.5,0.00653594771242,2.49019607843
1.5,0.2,428,153,2,0,0.00262467191601,0,0,0
1.5,0.2,429,153,2,0,0.00262467191601,0,0,0
1.5,0.2,430,153,2,0,0.00262467191601,0,0,0
1.5,0.2,431,153,2,1,0.00262467191601,0.5,0.00653594771242,2.49019607843
1.5,0.2,432,153,2,0,0.00262467191601,0,0,0
1.5,0.2,433,153,2,1,0.00262467191601,0.5,0.00653594771242,2.49019607843
1.5,0.2,434,153,2,1,0.00262467191601,0.5,0.00653594771242,2.49019607843
1.5,0.2,435,153,2,0,0.00262467191601,0,0,0
1.5,0.2,436,153,2,0,0.00262467191601,0,0,0
1.5,0.2,437,153,2,1,0.00262467191601,0.5,0.00653594771242,2.49019607843
1.5,0.2,438,153,2,0,0.00262467191601,0,0,0
1.5,0.2,439,153,2,0,0.00262467191601,0,0,0
1.5,0.2,440,153,2,0,0.00262467191601,0,0,0
1.5,0.2,441,153,2,0,0.00262467191601,0,0,0
1.5,0.2,442,153,2,0,0.00262467191601,0,0,0
1.5,0.2,443,153,2,0,0.00262467191601,0,0,0
1.5,0.2,444,153,2,0,0.00262467191601,0,0,0
1.5,0.2,445,153,2,1,0.00262467191601,0.5,0.00653594771242,2.49019607843
1.5,0.2,446,153,2,1,0.00262467191601,0.5,0.00653594771242,2.49019607843
1.5,0.2,447,153,2,1,0.00262467191601,0.5,0.00653594771242,2.49019607843
1.5,0.2,448,153,2,1,0.00262467191601,0.5,0.00653594771242,2.49019607843
1.5,0.2,449,153,2,0,0.00262467191601,0,0,0
1.5,0.2,450,153,2,1,0.00262467191601,0.5,0.00653594771242,2.49019607843
1.5,0.2,451,153,2,0,0.00262467191601,0,0,0
1.5,0.2,452,153,2,0,0.00262467191601,0,0,0
1.5,0.2,453,153,2,0,0.00262467191601,0,0,0
1.5,0.2,454,153,2,0,0.00262467191601,0,0,0
1.5,0.2,455,153,2,0,0.00262467191601,0,0,0
1.5,0.2,456,153,2,1,0.00262467191601,0.5,0.00653594771242,2.49019607843
1.5,0.2,457,153,2,1,0.00262467191601,0.5,0.00653594771242,2.49019607843
1.5,0.2,458,153,2,2,0.00262467191601,1,0.0130718954248,4.98039215686
1.5,0.2,459,153,2,0,0.00262467191601,0,0,0
1.5,0.2,460,153,2,0,0.00262467191601,0,0,0
1.5,0.2,461,153,2,2,0.00262467191601,1,0.0130718954248,4.98039215686
1.5,0.2,462,153,2,0,0.00262467191601,0,0,0
1.5,0.2,463,153,2,1,0.00262467191601,0.5,0.00653594771242,2.49019607843
1.5,0.2,464,153,2,0,0.00262467191601,0,0,0
1.5,0.2,465,153,2,2,0.00262467191601,1,0.0130718954248,4.98039215686
1.5,0.2,466,153,2,2,0.00262467191601,1,0.0130718954248,4.98039215686
1.5,0.2,467,153,2,0,0.00262467191601,0,0,0
1.5,0.2,468,153,2,0,0.00262467191601,0,0,0
1.5,0.2,469,153,2,0,0.00262467191601,0,0,0
1.5,0.2,470,153,2,0,0.00262467191601,0,0,0
1.5,0.2,471,153,2,0,0.00262467191601,0,0,0
1.5,0.2,472,153,2,0,0.00262467191601,0,0,0
1.5,0.2,473,153,2,0,0.00262467191601,0,0,0
1.5,0.2,474,153,2,1,0.00262467191601,0.5,0.00653594771242,2.49019607843
1.5,0.2,475,153,2,0,0.00262467191601,0,0,0
1.5,0.2,476,153,2,0,0.00262467191601,0,0,0
1.5,0.2,477,153,2,0,0.00262467191601,0,0,0
1.5,0.2,478,153,2,1,0.00262467191601,0.5,0.00653594771242,2.49019607843
1.5,0.2,479,153,2,1,0.00262467191601,0.5,0.00653594771242,2.49019607843
1.5,0.2,480,153,2,0,0.00262467191601,0,0,0
1.5,0.2,481,153,2,1,0.00262467191601,0.5,0.00653594771242,2.49019607843
1.5,0.2,482,153,2,1,0.00262467191601,0.5,0.00653594771242,2.49019607843
1.5,0.2,483,153,2,0,0.00262467191601,0,0,0
1.5,0.2,484,153,2,0,0.00262467191601,0,0,0
1.5,0.2,485,153,2,0,0.00262467191601,0,0,0
1.5,0.2,486,153,2,1,0.00262467191601,0.5,0.00653594771242,2.49019607843
1.5,0.2,487,153,2,0,0.00262467191601,0,0,0
1.5,0.2,488,153,2,0,0.00262467191601,0,0,0
1.5,0.2,489,153,2,1,0.00262467191601,0.5,0.00653594771242,2.49019607843
1.5,0.2,490,153,2,0,0.00262467191601,0,0,0
1.5,0.2,491,153,2,0,0.00262467191601,0,0,0
1.5,0.2,492,153,2,1,0.00262467191601,0.5,0.00653594771242,2.49019607843
1.5,0.2,493,153,2,0,0.00262467191601,0,0,0
1.5,0.2,494,153,2,0,0.00262467191601,0,0,0
1.5,0.2,495,153,2,0,0.00262467191601,0,0,0
1.5,0.2,496,153,2,0,0.00262467191601,0,0,0
1.5,0.2,497,153,2,0,0.00262467191601,0,0,0
1.5,0.2,498,153,2,1,0.00262467191601,0.5,0.00653594771242,2.49019607843
1.5,0.2,499,153,2,0,0.00262467191601,0,0,0
1.5,0.2,500,153,2,0,0.00262467191601,0,0,0
1.5,0.2,501,153,2,0,0.00262467191601,0,0,0
1.5,0.2,502,153,2,0,0.00262467191601,0,0,0
1.5,0.2,503,153,2,0,0.00262467191601,0,0,0
1.5,0.2,504,153,2,1,0.00262467191601,0.5,0.00653594771242,2.49019607843
1.5,0.2,505,153,2,0,0.00262467191601,0,0,0
1.5,0.2,506,153,2,0,0.00262467191601,0,0,0
1.5,0.2,507,153,2,1,0.00262467191601,0.5,0.00653594771242,2.49019607843
1.5,0.2,508,153,2,0,0.00262467191601,0,0,0
1.5,0.2,509,153,2,0,0.00262467191601,0,0,0
1.5,0.2,510,153,2,0,0.00262467191601,0,0,0
1.5,0.2,511,153,2,0,0.00262467191601,0,0,0
1.5,0.2,512,153,2,0,0.00262467191601,0,0,0
1.5,0.2,513,153,2,0,0.00262467191601,0,0,0
1.5,0.2,514,153,2,0,0.00262467191601,0,0,0
1.5,0.2,515,153,2,0,0.00262467191601,0,0,0
1.5,0.2,516,153,2,0,0.00262467191601,0,0,0
1.5,0.2,517,153,2,1,0.00262467191601,0.5,0.00653594771242,2.49019607843
1.5,0.2,518,153,2,2,0.00262467191601,1,0.0130718954248,4.98039215686
1.5,0.2,519,153,2,0,0.00262467191601,0,0,0
1.5,0.2,520,153,2,1,0.00262467191601,0.5,0.00653594771242,2.49019607843
1.5,0.2,521,153,2,0,0.00262467191601,0,0,0
1.5,0.2,522,153,2,0,0.00262467191601,0,0,0
1.5,0.2,523,153,2,0,0.00262467191601,0,0,0
1.5,0.2,524,153,2,0,0.00262467191601,0,0,0
1.5,0.2,525,153,2,0,0.00262467191601,0,0,0
1.5,0.2,526,153,2,1,0.00262467191601,0.5,0.00653594771242,2.49019607843
1.5,0.2,527,153,2,1,0.00262467191601,0.5,0.00653594771242,2.49019607843
1.5,0.2,528,153,2,0,0.00262467191601,0,0,0
1.5,0.2,529,153,2,1,0.00262467191601,0.5,0.00653594771242,2.49019607843
1.5,0.2,530,153,2,0,0.00262467191601,0,0,0
1.5,0.2,531,153,2,0,0.00262467191601,0,0,0
1.5,0.2,532,153,2,1,0.00262467191601,0.5,0.00653594771242,2.49019607843
1.5,0.2,533,153,2,0,0.00262467191601,0,0,0
1.5,0.2,534,153,2,0,0.00262467191601,0,0,0
1.5,0.2,535,153,2,0,0.00262467191601,0,0,0
1.5,0.2,536,153,2,0,0.00262467191601,0,0,0
1.5,0.2,537,153,2,0,0.00262467191601,0,0,0
1.5,0.2,538,153,2,0,0.00262467191601,0,0,0
1.5,0.2,539,153,2,0,0.00262467191601,0,0,0
1.5,0.2,540,153,2,0,0.00262467191601,0,0,0
1.5,0.2,541,153,2,1,0.00262467191601,0.5,0.00653594771242,2.49019607843
1.5,0.2,542,153,2,1,0.00262467191601,0.5,0.00653594771242,2.49019607843
1.5,0.2,543,153,2,0,0.00262467191601,0,0,0
1.5,0.2,544,153,2,1,0.00262467191601,0.5,0.00653594771242,2.49019607843
1.5,0.2,545,153,2,0,0.00262467191601,0,0,0
1.5,0.2,546,153,2,0,0.00262467191601,0,0,0
1.5,0.2,547,153,2,0,0.00262467191601,0,0,0
1.5,0.2,548,153,2,1,0.00262467191601,0.5,0.00653594771242,2.49019607843
1.5,0.2,549,153,2,0,0.00262467191601,0,0,0
1.5,0.2,550,153,2,1,0.00262467191601,0.5,0.00653594771242,2.49019607843
1.5,0.2,551,153,2,0,0.00262467191601,0,0,0
1.5,0.2,552,153,2,1,0.00262467191601,0.5,0.00653594771242,2.49019607843
1.5,0.2,553,153,2,1,0.00262467191601,0.5,0.00653594771242,2.49019607843
1.5,0.2,554,153,2,1,0.00262467191601,0.5,0.00653594771242,2.49019607843
1.5,0.2,555,153,2,0,0.00262467191601,0,0,0
1.5,0.2,556,153,2,1,0.00262467191601,0.5,0.00653594771242,2.49019607843
1.5,0.2,557,153,2,1,0.00262467191601,0.5,0.00653594771242,2.49019607843
1.5,0.2,558,153,2,1,0.00262467191601,0.5,0.00653594771242,2.49019607843
1.5,0.2,559,153,2,1,0.00262467191601,0.5,0.00653594771242,2.49019607843
1.5,0.2,560,153,2,0,0.00262467191601,0,0,0
1.5,0.2,561,153,2,0,0.00262467191601,0,0,0
1.5,0.2,562,153,2,1,0.00262467191601,0.5,0.00653594771242,2.49019607843
1.5,0.2,563,153,2,2,0.00262467191601,1,0.0130718954248,4.98039215686
1.5,0.2,564,153,2,1,0.00262467191601,0.5,0.00653594771242,2.49019607843
1.5,0.2,565,153,2,0,0.00262467191601,0,0,0
1.5,0.2,566,153,2,0,0.00262467191601,0,0,0
1.5,0.2,567,153,2,0,0.00262467191601,0,0,0
1.5,0.2,568,153,2,0,0.00262467191601,0,0,0
1.5,0.2,569,153,2,2,0.00262467191601,1,0.0130718954248,4.98039215686
1.5,0.2,570,153,2,0,0.00262467191601,0,0,0
1.5,0.2,571,153,2,0,0.00262467191601,0,0,0
1.5,0.2,572,153,2,0,0.00262467191601,0,0,0
1.5,0.2,573,153,2,1,0.00262467191601,0.5,0.00653594771242,2.49019607843
1.5,0.2,574,153,2,1,0.00262467191601,0.5,0.00653594771242,2.49019607843
1.5,0.2,575,153,2,1,0.00262467191601,0.5,0.00653594771242,2.49019607843
1.5,0.2,576,153,2,0,0.00262467191601,0,0,0
1.5,0.2,577,153,2,0,0.00262467191601,0,0,0
1.5,0.2,578,153,2,0,0.00262467191601,0,0,0
1.5,0.2,579,153,2,0,0.00262467191601,0,0,0
1.5,0.2,580,153,2,1,0.00262467191601,0.5,0.00653594771242,2.49019607843
1.5,0.2,581,153,2,0,0.00262467191601,0,0,0
1.5,0.2,582,153,2,0,0.00262467191601,0,0,0
1.5,0.2,583,153,2,1,0.00262467191601,0.5,0.00653594771242,2.49019607843
1.5,0.2,584,153,2,0,0.00262467191601,0,0,0
1.5,0.2,585,153,2,0,0.00262467191601,0,0,0
1.5,0.2,586,153,2,0,0.00262467191601,0,0,0
1.5,0.2,587,153,2,0,0.00262467191601,0,0,0
1.5,0.2,588,153,2,0,0.00262467191601,0,0,0
1.5,0.2,589,153,2,1,0.00262467191601,0.5,0.00653594771242,2.49019607843
1.5,0.2,590,153,2,0,0.00262467191601,0,0,0
1.5,0.2,591,153,2,0,0.00262467191601,0,0,0
1.5,0.2,592,153,2,0,0.00262467191601,0,0,0
1.5,0.2,593,153,2,0,0.00262467191601,0,0,0
1.5,0.2,594,153,2,1,0.00262467191601,0.5,0.00653594771242,2.49019607843
1.5,0.2,595,153,2,0,0.00262467191601,0,0,0
1.5,0.2,596,153,2,0,0.00262467191601,0,0,0
1.5,0.2,597,153,2,1,0.00262467191601,0.5,0.00653594771242,2.49019607843
1.5,0.2,598,153,2,1,0.00262467191601,0.5,0.00653594771242,2.49019607843
1.5,0.2,599,153,2,1,0.00262467191601,0.5,0.00653594771242,2.49019607843
1.5,0.2,600,153,2,0,0.00262467191601,0,0,0
1.5,0.2,601,153,2,0,0.00262467191601,0,0,0
1.5,0.2,602,153,2,0,0.00262467191601,0,0,0
1.5,0.2,603,153,2,0,0.00262467191601,0,0,0
1.5,0.2,604,153,2,0,0.00262467191601,0,0,0
1.5,0.2,605,153,2,1,0.00262467191601,0.5,0.00653594771242,2.49019607843
1.5,0.2,606,153,2,0,0.00262467191601,0,0,0
1.5,0.2,607,153,2,0,0.00262467191601,0,0,0
1.5,0.2,608,153,2,0,0.00262467191601,0,0,0
1.5,0.2,609,153,2,0,0.00262467191601,0,0,0
1.5,0.2,610,153,2,1,0.00262467191601,0.5,0.00653594771242,2.49019607843
1.5,0.2,611,153,2,0,0.00262467191601,0,0,0
1.5,0.2,612,153,2,0,0.00262467191601,0,0,0
1.5,0.2,613,153,2,0,0.00262467191601,0,0,0
1.5,0.2,614,153,2,0,0.00262467191601,0,0,0
1.5,0.2,615,153,2,1,0.00262467191601,0.5,0.00653594771242,2.49019607843
1.5,0.2,616,153,2,0,0.00262467191601,0,0,0
1.5,0.2,617,153,2,0,0.00262467191601,0,0,0
1.5,0.2,618,153,2,1,0.00262467191601,0.5,0.00653594771242,2.49019607843
1.5,0.2,619,153,2,0,0.00262467191601,0,0,0
1.5,0.2,620,153,2,0,0.00262467191601,0,0,0
1.5,0.2,621,153,2,0,0.00262467191601,0,0,0
1.5,0.2,622,153,2,0,0.00262467191601,0,0,0
1.5,0.2,623,153,2,0,0.00262467191601,0,0,0
1.5,0.2,624,153,2,0,0.00262467191601,0,0,0
1.5,0.2,625,153,2,0,0.00262467191601,0,0,0
1.5,0.2,626,153,2,0,0.00262467191601,0,0,0
1.5,0.2,627,153,2,0,0.00262467191601,0,0,0
1.5,0.2,628,153,2,2,0.00262467191601,1,0.0130718954248,4.98039215686
1.5,0.2,629,153,2,1,0.00262467191601,0.5,0.00653594771242,2.49019607843
1.5,0.2,630,153,2,0,0.00262467191601,0,0,0
1.5,0.2,631,153,2,1,0.00262467191601,0.5,0.00653594771242,2.49019607843
1.5,0.2,632,153,2,1,0.00262467191601,0.5,0.00653594771242,2.49019607843
1.5,0.2,633,153,2,0,0.00262467191601,0,0,0
1.5,0.2,634,153,2,0,0.00262467191601,0,0,0
1.5,0.2,635,153,2,0,0.00262467191601,0,0,0
1.5,0.2,636,153,2,2,0.00262467191601,1,0.0130718954248,4.98039215686
1.5,0.2,637,153,2,0,0.00262467191601,0,0,0
1.5,0.2,638,153,2,0,0.00262467191601,0,0,0
1.5,0.2,639,153,2,0,0.00262467191601,0,0,0
1.5,0.2,640,153,2,0,0.00262467191601,0,0,0
1.5,0.2,641,153,2,0,0.00262467191601,0,0,0
1.5,0.2,642,153,2,0,0.00262467191601,0,0,0
1.5,0.2,643,153,2,1,0.00262467191601,0.5,0.00653594771242,2.49019607843
1.5,0.2,644,153,2,0,0.00262467191601,0,0,0
1.5,0.2,645,153,2,1,0.00262467191601,0.5,0.00653594771242,2.49019607843
1.5,0.2,646,153,2,0,0.00262467191601,0,0,0
1.5,0.2,647,153,2,1,0.00262467191601,0.5,0.00653594771242,2.49019607843
1.5,0.2,648,153,2,0,0.00262467191601,0,0,0
1.5,0.2,649,153,2,0,0.00262467191601,0,0,0
1.5,0.2,650,153,2,1,0.00262467191601,0.5,0.00653594771242,2.49019607843
1.5,0.2,651,153,2,2,0.00262467191601,1,0.0130718954248,4.98039215686
1.5,0.2,652,153,2,1,0.00262467191601,0.5,0.00653594771242,2.49019607843
1.5,0.2,653,153,2,0,0.00262467191601,0,0,0
1.5,0.2,654,153,2,0,0.00262467191601,0,0,0
1.5,0.2,655,153,2,0,0.00262467191601,0,0,0
1.5,0.2,656,153,2,0,0.00262467191601,0,0,0
1.5,0.2,657,153,2,0,0.00262467191601,0,0,0
1.5,0.2,658,153,2,0,0.00262467191601,0,0,0
1.5,0.2,659,153,2,0,0.00262467191601,0,0,0
1.5,0.2,660,153,2,0,0.00262467191601,0,0,0
1.5,0.2,661,153,2,1,0.00262467191601,0.5,0.00653594771242,2.49019607843
1.5,0.2,662,153,2,1,0.00262467191601,0.5,0.00653594771242,2.49019607843
1.5,0.2,663,153,2,0,0.00262467191601,0,0,0
1.5,0.2,664,153,2,0,0.00262467191601,0,0,0
1.5,0.2,665,153,2,0,0.00262467191601,0,0,0
1.5,0.2,666,153,2,1,0.00262467191601,0.5,0.00653594771242,2.49019607843
1.5,0.2,667,153,2,1,0.00262467191601,0.5,0.00653594771242,2.49019607843
1.5,0.2,668,153,2,1,0.00262467191601,0.5,0.00653594771242,2.49019607843
1.5,0.2,669,153,2,0,0.00262467191601,0,0,0
1.5,0.2,670,153,2,0,0.00262467191601,0,0,0
1.5,0.2,671,153,2,0,0.00262467191601,0,0,0
1.5,0.2,672,153,2,0,0.00262467191601,0,0,0
1.5,0.2,673,153,2,0,0.00262467191601,0,0,0
1.5,0.2,674,153,2,0,0.00262467191601,0,0,0
1.5,0.2,675,153,2,1,0.00262467191601,0.5,0.00653594771242,2.49019607843
1.5,0.2,676,153,2,1,0.00262467191601,0.5,0.00653594771242,2.49019607843
1.5,0.2,677,153,2,0,0.00262467191601,0,0,0
1.5,0.2,678,153,2,0,0.00262467191601,0,0,0
1.5,0.2,679,153,2,0,0.00262467191601,0,0,0
1.5,0.2,680,153,2,0,0.00262467191601,0,0,0
1.5,0.2,681,153,2,0,0.00262467191601,0,0,0
1.5,0.2,682,153,2,2,0.00262467191601,1,0.0130718954248,4.98039215686
1.5,0.2,683,153,2,0,0.00262467191601,0,0,0
1.5,0.2,684,153,2,0,0.00262467191601,0,0,0
1.5,0.2,685,153,2,0,0.00262467191601,0,0,0
1.5,0.2,686,153,2,1,0.00262467191601,0.5,0.00653594771242,2.49019607843
1.5,0.2,687,153,2,0,0.00262467191601,0,0,0
1.5,0.2,688,153,2,0,0.00262467191601,0,0,0
1.5,0.2,689,153,2,1,0.00262467191601,0.5,0.00653594771242,2.49019607843
1.5,0.2,690,153,2,0,0.00262467191601,0,0,0
1.5,0.2,691,153,2,0,0.00262467191601,0,0,0
1.5,0.2,692,153,2,1,0.00262467191601,0.5,0.00653594771242,2.49019607843
1.5,0.2,693,153,2,0,0.00262467191601,0,0,0
1.5,0.2,694,153,2,0,0.00262467191601,0,0,0
1.5,0.2,695,153,2,0,0.00262467191601,0,0,0
1.5,0.2,696,153,2,0,0.00262467191601,0,0,0
1.5,0.2,697,153,2,0,0.00262467191601,0,0,0
1.5,0.2,698,153,2,1,0.00262467191601,0.5,0.00653594771242,2.49019607843
1.5,0.2,699,153,2,0,0.00262467191601,0,0,0
1.5,0.2,700,153,2,1,0.00262467191601,0.5,0.00653594771242,2.49019607843
1.5,0.2,701,153,2,1,0.00262467191601,0.5,0.00653594771242,2.49019607843
1.5,0.2,702,153,2,0,0.00262467191601,0,0,0
1.5,0.2,703,153,2,0,0.00262467191601,0,0,0
1.5,0.2,704,153,2,0,0.00262467191601,0,0,0
1.5,0.2,705,153,2,0,0.00262467191601,0,0,0
1.5,0.2,706,153,2,0,0.00262467191601,0,0,0
1.5,0.2,707,153,2,1,0.00262467191601,0.5,0.00653594771242,2.49019607843
1.5,0.2,708,153,2,0,0.00262467191601,0,0,0
1.5,0.2,709,153,2,0,0.00262467191601,0,0,0
1.5,0.2,710,153,2,0,0.00262467191601,0,0,0
1.5,0.2,711,153,2,0,0.00262467191601,0,0,0
1.5,0.2,712,153,2,0,0.00262467191601,0,0,0
1.5,0.2,713,153,2,1,0.00262467191601,0.5,0.00653594771242,2.49019607843
1.5,0.2,714,153,2,0,0.00262467191601,0,0,0
1.5,0.2,715,153,2,0,0.00262467191601,0,0,0
1.5,0.2,716,153,2,0,0.00262467191601,0,0,0
1.5,0.2,717,153,2,0,0.00262467191601,0,0,0
1.5,0.2,718,153,2,1,0.00262467191601,0.5,0.00653594771242,2.49019607843
1.5,0.2,719,153,2,0,0.00262467191601,0,0,0
1.5,0.2,720,153,2,0,0.00262467191601,0,0,0
1.5,0.2,721,153,2,1,0.00262467191601,0.5,0.00653594771242,2.49019607843
1.5,0.2,722,153,2,1,0.00262467191601,0.5,0.00653594771242,2.49019607843
1.5,0.2,723,153,2,2,0.00262467191601,1,0.0130718954248,4.98039215686
1.5,0.2,724,153,2,1,0.00262467191601,0.5,0.00653594771242,2.49019607843
1.5,0.2,725,153,2,1,0.00262467191601,0.5,0.00653594771242,2.49019607843
1.5,0.2,726,153,2,0,0.00262467191601,0,0,0
1.5,0.2,727,153,2,0,0.00262467191601,0,0,0
1.5,0.2,728,153,2,0,0.00262467191601,0,0,0
1.5,0.2,729,153,2,0,0.00262467191601,0,0,0
1.5,0.2,730,153,2,1,0.00262467191601,0.5,0.00653594771242,2.49019607843
1.5,0.2,731,153,2,0,0.00262467191601,0,0,0
1.5,0.2,732,153,2,1,0.00262467191601,0.5,0.00653594771242,2.49019607843
1.5,0.2,733,153,2,0,0.00262467191601,0,0,0
1.5,0.2,734,153,2,0,0.00262467191601,0,0,0
1.5,0.2,735,153,2,1,0.00262467191601,0.5,0.00653594771242,2.49019607843
1.5,0.2,736,153,2,0,0.00262467191601,0,0,0
1.5,0.2,737,153,2,1,0.00262467191601,0.5,0.00653594771242,2.49019607843
1.5,0.2,738,153,2,0,0.00262467191601,0,0,0
1.5,0.2,739,153,2,1,0.00262467191601,0.5,0.00653594771242,2.49019607843
1.5,0.2,740,153,2,0,0.00262467191601,0,0,0
1.5,0.2,741,153,2,1,0.00262467191601,0.5,0.00653594771242,2.49019607843
1.5,0.2,742,153,2,0,0.00262467191601,0,0,0
1.5,0.2,743,153,2,1,0.00262467191601,0.5,0.00653594771242,2.49019607843
1.5,0.2,744,153,2,0,0.00262467191601,0,0,0
1.5,0.2,745,153,2,1,0.00262467191601,0.5,0.00653594771242,2.49019607843
1.5,0.2,746,153,2,0,0.00262467191601,0,0,0
1.5,0.2,747,153,2,1,0.00262467191601,0.5,0.00653594771242,2.49019607843
1.5,0.2,748,153,2,0,0.00262467191601,0,0,0
1.5,0.2,749,153,2,0,0.00262467191601,0,0,0
1.5,0.2,750,153,2,0,0.00262467191601,0,0,0
1.5,0.2,751,153,2,0,0.00262467191601,0,0,0
1.5,0.2,752,153,2,1,0.00262467191601,0.5,0.00653594771242,2.49019607843
1.5,0.2,753,153,2,0,0.00262467191601,0,0,0
1.5,0.2,754,153,2,0,0.00262467191601,0,0,0
1.5,0.2,755,153,2,1,0.00262467191601,0.5,0.00653594771242,2.49019607843
1.5,0.2,756,153,2,1,0.00262467191601,0.5,0.00653594771242,2.49019607843
1.5,0.2,757,153,2,2,0.00262467191601,1,0.0130718954248,4.98039215686
1.5,0.2,758,153,2,0,0.00262467191601,0,0,0
1.5,0.2,759,153,2,0,0.00262467191601,0,0,0
1.5,0.2,760,153,2,0,0.00262467191601,0,0,0
1.5,0.2,761,153,2,0,0.00262467191601,0,0,0
1.5,0.2,762,153,2,1,0.00262467191601,0.5,0.00653594771242,2.49019607843
1.5,0.2,763,153,2,0,0.00262467191601,0,0,0
1.5,0.2,764,153,2,0,0.00262467191601,0,0,0
1.5,0.2,765,153,2,1,0.00262467191601,0.5,0.00653594771242,2.49019607843
1.5,0.2,766,153,2,0,0.00262467191601,0,0,0
1.5,0.2,767,153,2,0,0.00262467191601,0,0,0
1.5,0.2,768,153,2,0,0.00262467191601,0,0,0
1.5,0.2,769,153,2,1,0.00262467191601,0.5,0.00653594771242,2.49019607843
1.5,0.2,770,153,2,1,0.00262467191601,0.5,0.00653594771242,2.49019607843
1.5,0.2,771,153,2,0,0.00262467191601,0,0,0
1.5,0.2,772,153,2,0,0.00262467191601,0,0,0
1.5,0.2,773,153,2,0,0.00262467191601,0,0,0
1.5,0.2,774,153,2,1,0.00262467191601,0.5,0.00653594771242,2.49019607843
1.5,0.2,775,153,2,0,0.00262467191601,0,0,0
1.5,0.2,776,153,2,1,0.00262467191601,0.5,0.00653594771242,2.49019607843
1.5,0.2,777,153,2,0,0.00262467191601,0,0,0
1.5,0.2,778,153,2,1,0.00262467191601,0.5,0.00653594771242,2.49019607843
1.5,0.2,779,153,2,0,0.00262467191601,0,0,0
1.5,0.2,780,153,2,1,0.00262467191601,0.5,0.00653594771242,2.49019607843
1.5,0.2,781,153,2,1,0.00262467191601,0.5,0.00653594771242,2.49019607843
1.5,0.2,782,153,2,1,0.00262467191601,0.5,0.00653594771242,2.49019607843
1.5,0.2,783,153,2,0,0.00262467191601,0,0,0
1.5,0.2,784,153,2,0,0.00262467191601,0,0,0
1.5,0.2,785,153,2,1,0.00262467191601,0.5,0.00653594771242,2.49019607843
1.5,0.2,786,153,2,2,0.00262467191601,1,0.0130718954248,4.98039215686
1.5,0.2,787,153,2,0,0.00262467191601,0,0,0
1.5,0.2,788,153,2,0,0.00262467191601,0,0,0
1.5,0.2,789,153,2,0,0.00262467191601,0,0,0
1.5,0.2,790,153,2,0,0.00262467191601,0,0,0
1.5,0.2,791,153,2,0,0.00262467191601,0,0,0
1.5,0.2,792,153,2,0,0.00262467191601,0,0,0
1.5,0.2,793,153,2,0,0.00262467191601,0,0,0
1.5,0.2,794,153,2,0,0.00262467191601,0,0,0
1.5,0.2,795,153,2,0,0.00262467191601,0,0,0
1.5,0.2,796,153,2,1,0.00262467191601,0.5,0.00653594771242,2.49019607843
1.5,0.2,797,153,2,0,0.00262467191601,0,0,0
1.5,0.2,798,153,2,0,0.00262467191601,0,0,0
1.5,0.2,799,153,2,1,0.00262467191601,0.5,0.00653594771242,2.49019607843
1.5,0.2,800,153,2,0,0.00262467191601,0,0,0
1.5,0.2,801,153,2,0,0.00262467191601,0,0,0
1.5,0.2,802,153,2,1,0.00262467191601,0.5,0.00653594771242,2.49019607843
1.5,0.2,803,153,2,0,0.00262467191601,0,0,0
1.5,0.2,804,153,2,0,0.00262467191601,0,0,0
1.5,0.2,805,153,2,0,0.00262467191601,0,0,0
1.5,0.2,806,153,2,0,0.00262467191601,0,0,0
1.5,0.2,807,153,2,0,0.00262467191601,0,0,0
1.5,0.2,808,153,2,1,0.00262467191601,0.5,0.00653594771242,2.49019607843
1.5,0.2,809,153,2,0,0.00262467191601,0,0,0
1.5,0.2,810,153,2,1,0.00262467191601,0.5,0.00653594771242,2.49019607843
1.5,0.2,811,153,2,0,0.00262467191601,0,0,0
1.5,0.2,812,153,2,0,0.00262467191601,0,0,0
1.5,0.2,813,153,2,1,0.00262467191601,0.5,0.00653594771242,2.49019607843
1.5,0.2,814,153,2,1,0.00262467191601,0.5,0.00653594771242,2.49019607843
1.5,0.2,815,153,2,1,0.00262467191601,0.5,0.00653594771242,2.49019607843
1.5,0.2,816,153,2,1,0.00262467191601,0.5,0.00653594771242,2.49019607843
1.5,0.2,817,153,2,0,0.00262467191601,0,0,0
1.5,0.2,818,153,2,0,0.00262467191601,0,0,0
1.5,0.2,819,153,2,0,0.00262467191601,0,0,0
1.5,0.2,820,153,2,0,0.00262467191601,0,0,0
1.5,0.2,821,153,2,0,0.00262467191601,0,0,0
1.5,0.2,822,153,2,0,0.00262467191601,0,0,0
1.5,0.2,823,153,2,0,0.00262467191601,0,0,0
1.5,0.2,824,153,2,0,0.00262467191601,0,0,0
1.5,0.2,825,153,2,0,0.00262467191601,0,0,0
1.5,0.2,826,153,2,1,0.00262467191601,0.5,0.00653594771242,2.49019607843
1.5,0.2,827,153,2,0,0.00262467191601,0,0,0
1.5,0.2,828,153,2,0,0.00262467191601,0,0,0
1.5,0.2,829,153,2,1,0.00262467191601,0.5,0.00653594771242,2.49019607843
1.5,0.2,830,153,2,0,0.00262467191601,0,0,0
1.5,0.2,831,153,2,0,0.00262467191601,0,0,0
1.5,0.2,832,153,2,0,0.00262467191601,0,0,0
1.5,0.2,833,153,2,1,0.00262467191601,0.5,0.00653594771242,2.49019607843
1.5,0.2,834,153,2,0,0.00262467191601,0,0,0
1.5,0.2,835,153,2,0,0.00262467191601,0,0,0
1.5,0.2,836,153,2,0,0.00262467191601,0,0,0
1.5,0.2,837,153,2,0,0.00262467191601,0,0,0
1.5,0.2,838,153,2,0,0.00262467191601,0,0,0
1.5,0.2,839,153,2,0,0.00262467191601,0,0,0
1.5,0.2,840,153,2,2,0.00262467191601,1,0.0130718954248,4.98039215686
1.5,0.2,841,153,2,0,0.00262467191601,0,0,0
1.5,0.2,842,153,2,0,0.00262467191601,0,0,0
1.5,0.2,843,153,2,2,0.00262467191601,1,0.0130718954248,4.98039215686
1.5,0.2,844,153,2,0,0.00262467191601,0,0,0
1.5,0.2,845,153,2,0,0.00262467191601,0,0,0
1.5,0.2,846,153,2,1,0.00262467191601,0.5,0.00653594771242,2.49019607843
1.5,0.2,847,153,2,0,0.00262467191601,0,0,0
1.5,0.2,848,153,2,1,0.00262467191601,0.5,0.00653594771242,2.49019607843
1.5,0.2,849,153,2,0,0.00262467191601,0,0,0
1.5,0.2,850,153,2,0,0.00262467191601,0,0,0
1.5,0.2,851,153,2,0,0.00262467191601,0,0,0
1.5,0.2,852,153,2,2,0.00262467191601,1,0.0130718954248,4.98039215686
1.5,0.2,853,153,2,1,0.00262467191601,0.5,0.00653594771242,2.49019607843
1.5,0.2,854,153,2,0,0.00262467191601,0,0,0
1.5,0.2,855,153,2,2,0.00262467191601,1,0.0130718954248,4.98039215686
1.5,0.2,856,153,2,0,0.00262467191601,0,0,0
1.5,0.2,857,153,2,0,0.00262467191601,0,0,0
1.5,0.2,858,153,2,1,0.00262467191601,0.5,0.00653594771242,2.49019607843
1.5,0.2,859,153,2,0,0.00262467191601,0,0,0
1.5,0.2,860,153,2,1,0.00262467191601,0.5,0.00653594771242,2.49019607843
1.5,0.2,861,153,2,1,0.00262467191601,0.5,0.00653594771242,2.49019607843
1.5,0.2,862,153,2,0,0.00262467191601,0,0,0
1.5,0.2,863,153,2,1,0.00262467191601,0.5,0.00653594771242,2.49019607843
1.5,0.2,864,153,2,0,0.00262467191601,0,0,0
1.5,0.2,865,153,2,0,0.00262467191601,0,0,0
1.5,0.2,866,153,2,1,0.00262467191601,0.5,0.00653594771242,2.49019607843
1.5,0.2,867,153,2,0,0.00262467191601,0,0,0
1.5,0.2,868,153,2,1,0.00262467191601,0.5,0.00653594771242,2.49019607843
1.5,0.2,869,153,2,1,0.00262467191601,0.5,0.00653594771242,2.49019607843
1.5,0.2,870,153,2,1,0.00262467191601,0.5,0.00653594771242,2.49019607843
1.5,0.2,871,153,2,0,0.00262467191601,0,0,0
1.5,0.2,872,153,2,1,0.00262467191601,0.5,0.00653594771242,2.49019607843
1.5,0.2,873,153,2,0,0.00262467191601,0,0,0
1.5,0.2,874,153,2,1,0.00262467191601,0.5,0.00653594771242,2.49019607843
1.5,0.2,875,153,2,1,0.00262467191601,0.5,0.00653594771242,2.49019607843
1.5,0.2,876,153,2,1,0.00262467191601,0.5,0.00653594771242,2.49019607843
1.5,0.2,877,153,2,1,0.00262467191601,0.5,0.00653594771242,2.49019607843
1.5,0.2,878,153,2,1,0.00262467191601,0.5,0.00653594771242,2.49019607843
1.5,0.2,879,153,2,0,0.00262467191601,0,0,0
1.5,0.2,880,153,2,0,0.00262467191601,0,0,0
1.5,0.2,881,153,2,0,0.00262467191601,0,0,0
1.5,0.2,882,153,2,1,0.00262467191601,0.5,0.00653594771242,2.49019607843
1.5,0.2,883,153,2,1,0.00262467191601,0.5,0.00653594771242,2.49019607843
1.5,0.2,884,153,2,0,0.00262467191601,0,0,0
1.5,0.2,885,153,2,1,0.00262467191601,0.5,0.00653594771242,2.49019607843
1.5,0.2,886,153,2,0,0.00262467191601,0,0,0
1.5,0.2,887,153,2,0,0.00262467191601,0,0,0
1.5,0.2,888,153,2,0,0.00262467191601,0,0,0
1.5,0.2,889,153,2,0,0.00262467191601,0,0,0
1.5,0.2,890,153,2,0,0.00262467191601,0,0,0
1.5,0.2,891,153,2,0,0.00262467191601,0,0,0
1.5,0.2,892,153,2,1,0.00262467191601,0.5,0.00653594771242,2.49019607843
1.5,0.2,893,153,2,2,0.00262467191601,1,0.0130718954248,4.98039215686
1.5,0.2,894,153,2,0,0.00262467191601,0,0,0
1.5,0.2,895,153,2,0,0.00262467191601,0,0,0
1.5,0.2,896,153,2,0,0.00262467191601,0,0,0
1.5,0.2,897,153,2,0,0.00262467191601,0,0,0
1.5,0.2,898,153,2,1,0.00262467191601,0.5,0.00653594771242,2.49019607843
1.5,0.2,899,153,2,1,0.00262467191601,0.5,0.00653594771242,2.49019607843
1.5,0.2,900,153,2,1,0.00262467191601,0.5,0.00653594771242,2.49019607843
1.5,0.2,901,153,2,1,0.00262467191601,0.5,0.00653594771242,2.49019607843
1.5,0.2,902,153,2,0,0.00262467191601,0,0,0
1.5,0.2,903,153,2,0,0.00262467191601,0,0,0
1.5,0.2,904,153,2,0,0.00262467191601,0,0,0
1.5,0.2,905,153,2,0,0.00262467191601,0,0,0
1.5,0.2,906,153,2,0,0.00262467191601,0,0,0
1.5,0.2,907,153,2,1,0.00262467191601,0.5,0.00653594771242,2.49019607843
1.5,0.2,908,153,2,0,0.00262467191601,0,0,0
1.5,0.2,909,153,2,0,0.00262467191601,0,0,0
1.5,0.2,910,153,2,2,0.00262467191601,1,0.0130718954248,4.98039215686
1.5,0.2,911,153,2,0,0.00262467191601,0,0,0
1.5,0.2,912,153,2,2,0.00262467191601,1,0.0130718954248,4.98039215686
1.5,0.2,913,153,2,0,0.00262467191601,0,0,0
1.5,0.2,914,153,2,1,0.00262467191601,0.5,0.00653594771242,2.49019607843
1.5,0.2,915,153,2,0,0.00262467191601,0,0,0
1.5,0.2,916,153,2,1,0.00262467191601,0.5,0.00653594771242,2.49019607843
1.5,0.2,917,153,2,2,0.00262467191601,1,0.0130718954248,4.98039215686
1.5,0.2,918,153,2,0,0.00262467191601,0,0,0
1.5,0.2,919,153,2,1,0.00262467191601,0.5,0.00653594771242,2.49019607843
1.5,0.2,920,153,2,1,0.00262467191601,0.5,0.00653594771242,2.49019607843
1.5,0.2,921,153,2,0,0.00262467191601,0,0,0
1.5,0.2,922,153,2,0,0.00262467191601,0,0,0
1.5,0.2,923,153,2,0,0.00262467191601,0,0,0
1.5,0.2,924,153,2,1,0.00262467191601,0.5,0.00653594771242,2.49019607843
1.5,0.2,925,153,2,0,0.00262467191601,0,0,0
1.5,0.2,926,153,2,0,0.00262467191601,0,0,0
1.5,0.2,927,153,2,0,0.00262467191601,0,0,0
1.5,0.2,928,153,2,0,0.00262467191601,0,0,0
1.5,0.2,929,153,2,0,0.00262467191601,0,0,0
1.5,0.2,930,153,2,0,0.00262467191601,0,0,0
1.5,0.2,931,153,2,1,0.00262467191601,0.5,0.00653594771242,2.49019607843
1.5,0.2,932,153,2,0,0.00262467191601,0,0,0
1.5,0.2,933,153,2,0,0.00262467191601,0,0,0
1.5,0.2,934,153,2,0,0.00262467191601,0,0,0
1.5,0.2,935,153,2,1,0.00262467191601,0.5,0.00653594771242,2.49019607843
1.5,0.2,936,153,2,0,0.00262467191601,0,0,0
1.5,0.2,937,153,2,1,0.00262467191601,0.5,0.00653594771242,2.49019607843
1.5,0.2,938,153,2,0,0.00262467191601,0,0,0
1.5,0.2,939,153,2,0,0.00262467191601,0,0,0
1.5,0.2,940,153,2,1,0.00262467191601,0.5,0.00653594771242,2.49019607843
1.5,0.2,941,153,2,0,0.00262467191601,0,0,0
1.5,0.2,942,153,2,0,0.00262467191601,0,0,0
1.5,0.2,943,153,2,1,0.00262467191601,0.5,0.00653594771242,2.49019607843
1.5,0.2,944,153,2,0,0.00262467191601,0,0,0
1.5,0.2,945,153,2,0,0.00262467191601,0,0,0
1.5,0.2,946,153,2,0,0.00262467191601,0,0,0
1.5,0.2,947,153,2,0,0.00262467191601,0,0,0
1.5,0.2,948,153,2,1,0.00262467191601,0.5,0.00653594771242,2.49019607843
1.5,0.2,949,153,2,0,0.00262467191601,0,0,0
1.5,0.2,950,153,2,1,0.00262467191601,0.5,0.00653594771242,2.49019607843
1.5,0.2,951,153,2,0,0.00262467191601,0,0,0
1.5,0.2,952,153,2,0,0.00262467191601,0,0,0
1.5,0.2,953,153,2,0,0.00262467191601,0,0,0
1.5,0.2,954,153,2,0,0.00262467191601,0,0,0
1.5,0.2,955,153,2,0,0.00262467191601,0,0,0
1.5,0.2,956,153,2,0,0.00262467191601,0,0,0
1.5,0.2,957,153,2,0,0.00262467191601,0,0,0
1.5,0.2,958,153,2,1,0.00262467191601,0.5,0.00653594771242,2.49019607843
1.5,0.2,959,153,2,0,0.00262467191601,0,0,0
1.5,0.2,960,153,2,1,0.00262467191601,0.5,0.00653594771242,2.49019607843
1.5,0.2,961,153,2,0,0.00262467191601,0,0,0
1.5,0.2,962,153,2,0,0.00262467191601,0,0,0
1.5,0.2,963,153,2,1,0.00262467191601,0.5,0.00653594771242,2.49019607843
1.5,0.2,964,153,2,1,0.00262467191601,0.5,0.00653594771242,2.49019607843
1.5,0.2,965,153,2,0,0.00262467191601,0,0,0
1.5,0.2,966,153,2,2,0.00262467191601,1,0.0130718954248,4.98039215686
1.5,0.2,967,153,2,0,0.00262467191601,0,0,0
1.5,0.2,968,153,2,0,0.00262467191601,0,0,0
1.5,0.2,969,153,2,0,0.00262467191601,0,0,0
1.5,0.2,970,153,2,1,0.00262467191601,0.5,0.00653594771242,2.49019607843
1.5,0.2,971,153,2,2,0.00262467191601,1,0.0130718954248,4.98039215686
1.5,0.2,972,153,2,0,0.00262467191601,0,0,0
1.5,0.2,973,153,2,0,0.00262467191601,0,0,0
1.5,0.2,974,153,2,0,0.00262467191601,0,0,0
1.5,0.2,975,153,2,0,0.00262467191601,0,0,0
1.5,0.2,976,153,2,1,0.00262467191601,0.5,0.00653594771242,2.49019607843
1.5,0.2,977,153,2,1,0.00262467191601,0.5,0.00653594771242,2.49019607843
1.5,0.2,978,153,2,0,0.00262467191601,0,0,0
1.5,0.2,979,153,2,0,0.00262467191601,0,0,0
1.5,0.2,980,153,2,1,0.00262467191601,0.5,0.00653594771242,2.49019607843
1.5,0.2,981,153,2,0,0.00262467191601,0,0,0
1.5,0.2,982,153,2,0,0.00262467191601,0,0,0
1.5,0.2,983,153,2,1,0.00262467191601,0.5,0.00653594771242,2.49019607843
1.5,0.2,984,153,2,0,0.00262467191601,0,0,0
1.5,0.2,985,153,2,1,0.00262467191601,0.5,0.00653594771242,2.49019607843
1.5,0.2,986,153,2,1,0.00262467191601,0.5,0.00653594771242,2.49019607843
1.5,0.2,987,153,2,1,0.00262467191601,0.5,0.00653594771242,2.49019607843
1.5,0.2,988,153,2,0,0.00262467191601,0,0,0
1.5,0.2,989,153,2,1,0.00262467191601,0.5,0.00653594771242,2.49019607843
1.5,0.2,990,153,2,1,0.00262467191601,0.5,0.00653594771242,2.49019607843
1.5,0.2,991,153,2,1,0.00262467191601,0.5,0.00653594771242,2.49019607843
1.5,0.2,992,153,2,0,0.00262467191601,0,0,0
1.5,0.2,993,153,2,0,0.00262467191601,0,0,0
1.5,0.2,994,153,2,0,0.00262467191601,0,0,0
1.5,0.2,995,153,2,1,0.00262467191601,0.5,0.00653594771242,2.49019607843
1.5,0.2,996,153,2,0,0.00262467191601,0,0,0
1.5,0.2,997,153,2,0,0.00262467191601,0,0,0
1.5,0.2,998,153,2,0,0.00262467191601,0,0,0
1.5,0.2,999,153,2,1,0.00262467191601,0.5,0.00653594771242,2.49019607843
1.5,0.2,1000,153,2,0,0.00262467191601,0,0,0
1.5,0.3,1,229,2,1,0.00262467191601,0.5,0.00436681222707,1.66375545852
1.5,0.3,2,229,2,1,0.00262467191601,0.5,0.00436681222707,1.66375545852
1.5,0.3,3,229,2,2,0.00262467191601,1,0.00873362445415,3.32751091703
1.5,0.3,4,229,2,1,0.00262467191601,0.5,0.00436681222707,1.66375545852
1.5,0.3,5,229,2,1,0.00262467191601,0.5,0.00436681222707,1.66375545852
1.5,0.3,6,229,2,2,0.00262467191601,1,0.00873362445415,3.32751091703
1.5,0.3,7,229,2,1,0.00262467191601,0.5,0.00436681222707,1.66375545852
1.5,0.3,8,229,2,0,0.00262467191601,0,0,0
1.5,0.3,9,229,2,1,0.00262467191601,0.5,0.00436681222707,1.66375545852
1.5,0.3,10,229,2,1,0.00262467191601,0.5,0.00436681222707,1.66375545852
1.5,0.3,11,229,2,2,0.00262467191601,1,0.00873362445415,3.32751091703
1.5,0.3,12,229,2,0,0.00262467191601,0,0,0
1.5,0.3,13,229,2,1,0.00262467191601,0.5,0.00436681222707,1.66375545852
1.5,0.3,14,229,2,0,0.00262467191601,0,0,0
1.5,0.3,15,229,2,1,0.00262467191601,0.5,0.00436681222707,1.66375545852
1.5,0.3,16,229,2,0,0.00262467191601,0,0,0
1.5,0.3,17,229,2,2,0.00262467191601,1,0.00873362445415,3.32751091703
1.5,0.3,18,229,2,0,0.00262467191601,0,0,0
1.5,0.3,19,229,2,0,0.00262467191601,0,0,0
1.5,0.3,20,229,2,1,0.00262467191601,0.5,0.00436681222707,1.66375545852
1.5,0.3,21,229,2,1,0.00262467191601,0.5,0.00436681222707,1.66375545852
1.5,0.3,22,229,2,0,0.00262467191601,0,0,0
1.5,0.3,23,229,2,1,0.00262467191601,0.5,0.00436681222707,1.66375545852
1.5,0.3,24,229,2,1,0.00262467191601,0.5,0.00436681222707,1.66375545852
1.5,0.3,25,229,2,0,0.00262467191601,0,0,0
1.5,0.3,26,229,2,0,0.00262467191601,0,0,0
1.5,0.3,27,229,2,0,0.00262467191601,0,0,0
1.5,0.3,28,229,2,1,0.00262467191601,0.5,0.00436681222707,1.66375545852
1.5,0.3,29,229,2,0,0.00262467191601,0,0,0
1.5,0.3,30,229,2,0,0.00262467191601,0,0,0
1.5,0.3,31,229,2,1,0.00262467191601,0.5,0.00436681222707,1.66375545852
1.5,0.3,32,229,2,0,0.00262467191601,0,0,0
1.5,0.3,33,229,2,0,0.00262467191601,0,0,0
1.5,0.3,34,229,2,1,0.00262467191601,0.5,0.00436681222707,1.66375545852
1.5,0.3,35,229,2,0,0.00262467191601,0,0,0
1.5,0.3,36,229,2,0,0.00262467191601,0,0,0
1.5,0.3,37,229,2,0,0.00262467191601,0,0,0
1.5,0.3,38,229,2,1,0.00262467191601,0.5,0.00436681222707,1.66375545852
1.5,0.3,39,229,2,0,0.00262467191601,0,0,0
1.5,0.3,40,229,2,0,0.00262467191601,0,0,0
1.5,0.3,41,229,2,1,0.00262467191601,0.5,0.00436681222707,1.66375545852
1.5,0.3,42,229,2,0,0.00262467191601,0,0,0
1.5,0.3,43,229,2,1,0.00262467191601,0.5,0.00436681222707,1.66375545852
1.5,0.3,44,229,2,1,0.00262467191601,0.5,0.00436681222707,1.66375545852
1.5,0.3,45,229,2,1,0.00262467191601,0.5,0.00436681222707,1.66375545852
1.5,0.3,46,229,2,0,0.00262467191601,0,0,0
1.5,0.3,47,229,2,0,0.00262467191601,0,0,0
1.5,0.3,48,229,2,1,0.00262467191601,0.5,0.00436681222707,1.66375545852
1.5,0.3,49,229,2,0,0.00262467191601,0,0,0
1.5,0.3,50,229,2,0,0.00262467191601,0,0,0
1.5,0.3,51,229,2,1,0.00262467191601,0.5,0.00436681222707,1.66375545852
1.5,0.3,52,229,2,0,0.00262467191601,0,0,0
1.5,0.3,53,229,2,0,0.00262467191601,0,0,0
1.5,0.3,54,229,2,0,0.00262467191601,0,0,0
1.5,0.3,55,229,2,2,0.00262467191601,1,0.00873362445415,3.32751091703
1.5,0.3,56,229,2,0,0.00262467191601,0,0,0
1.5,0.3,57,229,2,0,0.00262467191601,0,0,0
1.5,0.3,58,229,2,0,0.00262467191601,0,0,0
1.5,0.3,59,229,2,2,0.00262467191601,1,0.00873362445415,3.32751091703
1.5,0.3,60,229,2,1,0.00262467191601,0.5,0.00436681222707,1.66375545852
1.5,0.3,61,229,2,0,0.00262467191601,0,0,0
1.5,0.3,62,229,2,0,0.00262467191601,0,0,0
1.5,0.3,63,229,2,1,0.00262467191601,0.5,0.00436681222707,1.66375545852
1.5,0.3,64,229,2,1,0.00262467191601,0.5,0.00436681222707,1.66375545852
1.5,0.3,65,229,2,0,0.00262467191601,0,0,0
1.5,0.3,66,229,2,0,0.00262467191601,0,0,0
1.5,0.3,67,229,2,2,0.00262467191601,1,0.00873362445415,3.32751091703
1.5,0.3,68,229,2,1,0.00262467191601,0.5,0.00436681222707,1.66375545852
1.5,0.3,69,229,2,0,0.00262467191601,0,0,0
1.5,0.3,70,229,2,0,0.00262467191601,0,0,0
1.5,0.3,71,229,2,0,0.00262467191601,0,0,0
1.5,0.3,72,229,2,0,0.00262467191601,0,0,0
1.5,0.3,73,229,2,0,0.00262467191601,0,0,0
1.5,0.3,74,229,2,1,0.00262467191601,0.5,0.00436681222707,1.66375545852
1.5,0.3,75,229,2,0,0.00262467191601,0,0,0
1.5,0.3,76,229,2,0,0.00262467191601,0,0,0
1.5,0.3,77,229,2,0,0.00262467191601,0,0,0
1.5,0.3,78,229,2,0,0.00262467191601,0,0,0
1.5,0.3,79,229,2,1,0.00262467191601,0.5,0.00436681222707,1.66375545852
1.5,0.3,80,229,2,0,0.00262467191601,0,0,0
1.5,0.3,81,229,2,1,0.00262467191601,0.5,0.00436681222707,1.66375545852
1.5,0.3,82,229,2,0,0.00262467191601,0,0,0
1.5,0.3,83,229,2,1,0.00262467191601,0.5,0.00436681222707,1.66375545852
1.5,0.3,84,229,2,0,0.00262467191601,0,0,0
1.5,0.3,85,229,2,1,0.00262467191601,0.5,0.00436681222707,1.66375545852
1.5,0.3,86,229,2,1,0.00262467191601,0.5,0.00436681222707,1.66375545852
1.5,0.3,87,229,2,0,0.00262467191601,0,0,0
1.5,0.3,88,229,2,0,0.00262467191601,0,0,0
1.5,0.3,89,229,2,1,0.00262467191601,0.5,0.00436681222707,1.66375545852
1.5,0.3,90,229,2,0,0.00262467191601,0,0,0
1.5,0.3,91,229,2,0,0.00262467191601,0,0,0
1.5,0.3,92,229,2,0,0.00262467191601,0,0,0
1.5,0.3,93,229,2,1,0.00262467191601,0.5,0.00436681222707,1.66375545852
1.5,0.3,94,229,2,0,0.00262467191601,0,0,0
1.5,0.3,95,229,2,0,0.00262467191601,0,0,0
1.5,0.3,96,229,2,0,0.00262467191601,0,0,0
1.5,0.3,97,229,2,0,0.00262467191601,0,0,0
1.5,0.3,98,229,2,1,0.00262467191601,0.5,0.00436681222707,1.66375545852
1.5,0.3,99,229,2,2,0.00262467191601,1,0.00873362445415,3.32751091703
1.5,0.3,100,229,2,0,0.00262467191601,0,0,0
1.5,0.3,101,229,2,1,0.00262467191601,0.5,0.00436681222707,1.66375545852
1.5,0.3,102,229,2,0,0.00262467191601,0,0,0
1.5,0.3,103,229,2,0,0.00262467191601,0,0,0
1.5,0.3,104,229,2,2,0.00262467191601,1,0.00873362445415,3.32751091703
1.5,0.3,105,229,2,1,0.00262467191601,0.5,0.00436681222707,1.66375545852
1.5,0.3,106,229,2,1,0.00262467191601,0.5,0.00436681222707,1.66375545852
1.5,0.3,107,229,2,2,0.00262467191601,1,0.00873362445415,3.32751091703
1.5,0.3,108,229,2,0,0.00262467191601,0,0,0
1.5,0.3,109,229,2,0,0.00262467191601,0,0,0
1.5,0.3,110,229,2,0,0.00262467191601,0,0,0
1.5,0.3,111,229,2,0,0.00262467191601,0,0,0
1.5,0.3,112,229,2,1,0.00262467191601,0.5,0.00436681222707,1.66375545852
1.5,0.3,113,229,2,0,0.00262467191601,0,0,0
1.5,0.3,114,229,2,0,0.00262467191601,0,0,0
1.5,0.3,115,229,2,1,0.00262467191601,0.5,0.00436681222707,1.66375545852
1.5,0.3,116,229,2,0,0.00262467191601,0,0,0
1.5,0.3,117,229,2,2,0.00262467191601,1,0.00873362445415,3.32751091703
1.5,0.3,118,229,2,1,0.00262467191601,0.5,0.00436681222707,1.66375545852
1.5,0.3,119,229,2,0,0.00262467191601,0,0,0
1.5,0.3,120,229,2,2,0.00262467191601,1,0.00873362445415,3.32751091703
1.5,0.3,121,229,2,2,0.00262467191601,1,0.00873362445415,3.32751091703
1.5,0.3,122,229,2,0,0.00262467191601,0,0,0
1.5,0.3,123,229,2,0,0.00262467191601,0,0,0
1.5,0.3,124,229,2,1,0.00262467191601,0.5,0.00436681222707,1.66375545852
1.5,0.3,125,229,2,0,0.00262467191601,0,0,0
1.5,0.3,126,229,2,1,0.00262467191601,0.5,0.00436681222707,1.66375545852
1.5,0.3,127,229,2,0,0.00262467191601,0,0,0
1.5,0.3,128,229,2,0,0.00262467191601,0,0,0
1.5,0.3,129,229,2,0,0.00262467191601,0,0,0
1.5,0.3,130,229,2,0,0.00262467191601,0,0,0
1.5,0.3,131,229,2,0,0.00262467191601,0,0,0
1.5,0.3,132,229,2,0,0.00262467191601,0,0,0
1.5,0.3,133,229,2,0,0.00262467191601,0,0,0
1.5,0.3,134,229,2,0,0.00262467191601,0,0,0
1.5,0.3,135,229,2,0,0.00262467191601,0,0,0
1.5,0.3,136,229,2,0,0.00262467191601,0,0,0
1.5,0.3,137,229,2,1,0.00262467191601,0.5,0.00436681222707,1.66375545852
1.5,0.3,138,229,2,2,0.00262467191601,1,0.00873362445415,3.32751091703
1.5,0.3,139,229,2,1,0.00262467191601,0.5,0.00436681222707,1.66375545852
1.5,0.3,140,229,2,1,0.00262467191601,0.5,0.00436681222707,1.66375545852
1.5,0.3,141,229,2,1,0.00262467191601,0.5,0.00436681222707,1.66375545852
1.5,0.3,142,229,2,0,0.00262467191601,0,0,0
1.5,0.3,143,229,2,0,0.00262467191601,0,0,0
1.5,0.3,144,229,2,0,0.00262467191601,0,0,0
1.5,0.3,145,229,2,1,0.00262467191601,0.5,0.00436681222707,1.66375545852
1.5,0.3,146,229,2,0,0.00262467191601,0,0,0
1.5,0.3,147,229,2,1,0.00262467191601,0.5,0.00436681222707,1.66375545852
1.5,0.3,148,229,2,2,0.00262467191601,1,0.00873362445415,3.32751091703
1.5,0.3,149,229,2,1,0.00262467191601,0.5,0.00436681222707,1.66375545852
1.5,0.3,150,229,2,1,0.00262467191601,0.5,0.00436681222707,1.66375545852
1.5,0.3,151,229,2,0,0.00262467191601,0,0,0
1.5,0.3,152,229,2,1,0.00262467191601,0.5,0.00436681222707,1.66375545852
1.5,0.3,153,229,2,1,0.00262467191601,0.5,0.00436681222707,1.66375545852
1.5,0.3,154,229,2,0,0.00262467191601,0,0,0
1.5,0.3,155,229,2,1,0.00262467191601,0.5,0.00436681222707,1.66375545852
1.5,0.3,156,229,2,2,0.00262467191601,1,0.00873362445415,3.32751091703
1.5,0.3,157,229,2,2,0.00262467191601,1,0.00873362445415,3.32751091703
1.5,0.3,158,229,2,0,0.00262467191601,0,0,0
1.5,0.3,159,229,2,1,0.00262467191601,0.5,0.00436681222707,1.66375545852
1.5,0.3,160,229,2,1,0.00262467191601,0.5,0.00436681222707,1.66375545852
1.5,0.3,161,229,2,0,0.00262467191601,0,0,0
1.5,0.3,162,229,2,1,0.00262467191601,0.5,0.00436681222707,1.66375545852
1.5,0.3,163,229,2,1,0.00262467191601,0.5,0.00436681222707,1.66375545852
1.5,0.3,164,229,2,1,0.00262467191601,0.5,0.00436681222707,1.66375545852
1.5,0.3,165,229,2,2,0.00262467191601,1,0.00873362445415,3.32751091703
1.5,0.3,166,229,2,1,0.00262467191601,0.5,0.00436681222707,1.66375545852
1.5,0.3,167,229,2,1,0.00262467191601,0.5,0.00436681222707,1.66375545852
1.5,0.3,168,229,2,0,0.00262467191601,0,0,0
1.5,0.3,169,229,2,0,0.00262467191601,0,0,0
1.5,0.3,170,229,2,0,0.00262467191601,0,0,0
1.5,0.3,171,229,2,2,0.00262467191601,1,0.00873362445415,3.32751091703
1.5,0.3,172,229,2,1,0.00262467191601,0.5,0.00436681222707,1.66375545852
1.5,0.3,173,229,2,0,0.00262467191601,0,0,0
1.5,0.3,174,229,2,0,0.00262467191601,0,0,0
1.5,0.3,175,229,2,0,0.00262467191601,0,0,0
1.5,0.3,176,229,2,0,0.00262467191601,0,0,0
1.5,0.3,177,229,2,2,0.00262467191601,1,0.00873362445415,3.32751091703
1.5,0.3,178,229,2,0,0.00262467191601,0,0,0
1.5,0.3,179,229,2,1,0.00262467191601,0.5,0.00436681222707,1.66375545852
1.5,0.3,180,229,2,0,0.00262467191601,0,0,0
1.5,0.3,181,229,2,1,0.00262467191601,0.5,0.00436681222707,1.66375545852
1.5,0.3,182,229,2,0,0.00262467191601,0,0,0
1.5,0.3,183,229,2,0,0.00262467191601,0,0,0
1.5,0.3,184,229,2,0,0.00262467191601,0,0,0
1.5,0.3,185,229,2,1,0.00262467191601,0.5,0.00436681222707,1.66375545852
1.5,0.3,186,229,2,2,0.00262467191601,1,0.00873362445415,3.32751091703
1.5,0.3,187,229,2,1,0.00262467191601,0.5,0.00436681222707,1.66375545852
1.5,0.3,188,229,2,0,0.00262467191601,0,0,0
1.5,0.3,189,229,2,1,0.00262467191601,0.5,0.00436681222707,1.66375545852
1.5,0.3,190,229,2,1,0.00262467191601,0.5,0.00436681222707,1.66375545852
1.5,0.3,191,229,2,0,0.00262467191601,0,0,0
1.5,0.3,192,229,2,1,0.00262467191601,0.5,0.00436681222707,1.66375545852
1.5,0.3,193,229,2,0,0.00262467191601,0,0,0
1.5,0.3,194,229,2,0,0.00262467191601,0,0,0
1.5,0.3,195,229,2,1,0.00262467191601,0.5,0.00436681222707,1.66375545852
1.5,0.3,196,229,2,0,0.00262467191601,0,0,0
1.5,0.3,197,229,2,1,0.00262467191601,0.5,0.00436681222707,1.66375545852
1.5,0.3,198,229,2,2,0.00262467191601,1,0.00873362445415,3.32751091703
1.5,0.3,199,229,2,1,0.00262467191601,0.5,0.00436681222707,1.66375545852
1.5,0.3,200,229,2,0,0.00262467191601,0,0,0
1.5,0.3,201,229,2,0,0.00262467191601,0,0,0
1.5,0.3,202,229,2,1,0.00262467191601,0.5,0.00436681222707,1.66375545852
1.5,0.3,203,229,2,0,0.00262467191601,0,0,0
1.5,0.3,204,229,2,1,0.00262467191601,0.5,0.00436681222707,1.66375545852
1.5,0.3,205,229,2,2,0.00262467191601,1,0.00873362445415,3.32751091703
1.5,0.3,206,229,2,1,0.00262467191601,0.5,0.00436681222707,1.66375545852
1.5,0.3,207,229,2,2,0.00262467191601,1,0.00873362445415,3.32751091703
1.5,0.3,208,229,2,0,0.00262467191601,0,0,0
1.5,0.3,209,229,2,1,0.00262467191601,0.5,0.00436681222707,1.66375545852
1.5,0.3,210,229,2,0,0.00262467191601,0,0,0
1.5,0.3,211,229,2,1,0.00262467191601,0.5,0.00436681222707,1.66375545852
1.5,0.3,212,229,2,0,0.00262467191601,0,0,0
1.5,0.3,213,229,2,0,0.00262467191601,0,0,0
1.5,0.3,214,229,2,0,0.00262467191601,0,0,0
1.5,0.3,215,229,2,0,0.00262467191601,0,0,0
1.5,0.3,216,229,2,1,0.00262467191601,0.5,0.00436681222707,1.66375545852
1.5,0.3,217,229,2,1,0.00262467191601,0.5,0.00436681222707,1.66375545852
1.5,0.3,218,229,2,1,0.00262467191601,0.5,0.00436681222707,1.66375545852
1.5,0.3,219,229,2,0,0.00262467191601,0,0,0
1.5,0.3,220,229,2,0,0.00262467191601,0,0,0
1.5,0.3,221,229,2,1,0.00262467191601,0.5,0.00436681222707,1.66375545852
1.5,0.3,222,229,2,1,0.00262467191601,0.5,0.00436681222707,1.66375545852
1.5,0.3,223,229,2,1,0.00262467191601,0.5,0.00436681222707,1.66375545852
1.5,0.3,224,229,2,0,0.00262467191601,0,0,0
1.5,0.3,225,229,2,0,0.00262467191601,0,0,0
1.5,0.3,226,229,2,1,0.00262467191601,0.5,0.00436681222707,1.66375545852
1.5,0.3,227,229,2,1,0.00262467191601,0.5,0.00436681222707,1.66375545852
1.5,0.3,228,229,2,1,0.00262467191601,0.5,0.00436681222707,1.66375545852
1.5,0.3,229,229,2,2,0.00262467191601,1,0.00873362445415,3.32751091703
1.5,0.3,230,229,2,0,0.00262467191601,0,0,0
1.5,0.3,231,229,2,0,0.00262467191601,0,0,0
1.5,0.3,232,229,2,0,0.00262467191601,0,0,0
1.5,0.3,233,229,2,1,0.00262467191601,0.5,0.00436681222707,1.66375545852
1.5,0.3,234,229,2,1,0.00262467191601,0.5,0.00436681222707,1.66375545852
1.5,0.3,235,229,2,1,0.00262467191601,0.5,0.00436681222707,1.66375545852
1.5,0.3,236,229,2,0,0.00262467191601,0,0,0
1.5,0.3,237,229,2,0,0.00262467191601,0,0,0
1.5,0.3,238,229,2,0,0.00262467191601,0,0,0
1.5,0.3,239,229,2,0,0.00262467191601,0,0,0
1.5,0.3,240,229,2,0,0.00262467191601,0,0,0
1.5,0.3,241,229,2,0,0.00262467191601,0,0,0
1.5,0.3,242,229,2,0,0.00262467191601,0,0,0
1.5,0.3,243,229,2,0,0.00262467191601,0,0,0
1.5,0.3,244,229,2,1,0.00262467191601,0.5,0.00436681222707,1.66375545852
1.5,0.3,245,229,2,1,0.00262467191601,0.5,0.00436681222707,1.66375545852
1.5,0.3,246,229,2,1,0.00262467191601,0.5,0.00436681222707,1.66375545852
1.5,0.3,247,229,2,2,0.00262467191601,1,0.00873362445415,3.32751091703
1.5,0.3,248,229,2,1,0.00262467191601,0.5,0.00436681222707,1.66375545852
1.5,0.3,249,229,2,0,0.00262467191601,0,0,0
1.5,0.3,250,229,2,1,0.00262467191601,0.5,0.00436681222707,1.66375545852
1.5,0.3,251,229,2,0,0.00262467191601,0,0,0
1.5,0.3,252,229,2,1,0.00262467191601,0.5,0.00436681222707,1.66375545852
1.5,0.3,253,229,2,1,0.00262467191601,0.5,0.00436681222707,1.66375545852
1.5,0.3,254,229,2,2,0.00262467191601,1,0.00873362445415,3.32751091703
1.5,0.3,255,229,2,1,0.00262467191601,0.5,0.00436681222707,1.66375545852
1.5,0.3,256,229,2,1,0.00262467191601,0.5,0.00436681222707,1.66375545852
1.5,0.3,257,229,2,0,0.00262467191601,0,0,0
1.5,0.3,258,229,2,0,0.00262467191601,0,0,0
1.5,0.3,259,229,2,1,0.00262467191601,0.5,0.00436681222707,1.66375545852
1.5,0.3,260,229,2,2,0.00262467191601,1,0.00873362445415,3.32751091703
1.5,0.3,261,229,2,1,0.00262467191601,0.5,0.00436681222707,1.66375545852
1.5,0.3,262,229,2,0,0.00262467191601,0,0,0
1.5,0.3,263,229,2,1,0.00262467191601,0.5,0.00436681222707,1.66375545852
1.5,0.3,264,229,2,1,0.00262467191601,0.5,0.00436681222707,1.66375545852
1.5,0.3,265,229,2,0,0.00262467191601,0,0,0
1.5,0.3,266,229,2,1,0.00262467191601,0.5,0.00436681222707,1.66375545852
1.5,0.3,267,229,2,1,0.00262467191601,0.5,0.00436681222707,1.66375545852
1.5,0.3,268,229,2,1,0.00262467191601,0.5,0.00436681222707,1.66375545852
1.5,0.3,269,229,2,0,0.00262467191601,0,0,0
1.5,0.3,270,229,2,2,0.00262467191601,1,0.00873362445415,3.32751091703
1.5,0.3,271,229,2,0,0.00262467191601,0,0,0
1.5,0.3,272,229,2,0,0.00262467191601,0,0,0
1.5,0.3,273,229,2,1,0.00262467191601,0.5,0.00436681222707,1.66375545852
1.5,0.3,274,229,2,0,0.00262467191601,0,0,0
1.5,0.3,275,229,2,0,0.00262467191601,0,0,0
1.5,0.3,276,229,2,0,0.00262467191601,0,0,0
1.5,0.3,277,229,2,0,0.00262467191601,0,0,0
1.5,0.3,278,229,2,2,0.00262467191601,1,0.00873362445415,3.32751091703
1.5,0.3,279,229,2,1,0.00262467191601,0.5,0.00436681222707,1.66375545852
1.5,0.3,280,229,2,0,0.00262467191601,0,0,0
1.5,0.3,281,229,2,0,0.00262467191601,0,0,0
1.5,0.3,282,229,2,0,0.00262467191601,0,0,0
1.5,0.3,283,229,2,1,0.00262467191601,0.5,0.00436681222707,1.66375545852
1.5,0.3,284,229,2,0,0.00262467191601,0,0,0
1.5,0.3,285,229,2,0,0.00262467191601,0,0,0
1.5,0.3,286,229,2,0,0.00262467191601,0,0,0
1.5,0.3,287,229,2,0,0.00262467191601,0,0,0
1.5,0.3,288,229,2,0,0.00262467191601,0,0,0
1.5,0.3,289,229,2,1,0.00262467191601,0.5,0.00436681222707,1.66375545852
1.5,0.3,290,229,2,2,0.00262467191601,1,0.00873362445415,3.32751091703
1.5,0.3,291,229,2,1,0.00262467191601,0.5,0.00436681222707,1.66375545852
1.5,0.3,292,229,2,1,0.00262467191601,0.5,0.00436681222707,1.66375545852
1.5,0.3,293,229,2,1,0.00262467191601,0.5,0.00436681222707,1.66375545852
1.5,0.3,294,229,2,0,0.00262467191601,0,0,0
1.5,0.3,295,229,2,1,0.00262467191601,0.5,0.00436681222707,1.66375545852
1.5,0.3,296,229,2,1,0.00262467191601,0.5,0.00436681222707,1.66375545852
1.5,0.3,297,229,2,1,0.00262467191601,0.5,0.00436681222707,1.66375545852
1.5,0.3,298,229,2,0,0.00262467191601,0,0,0
1.5,0.3,299,229,2,2,0.00262467191601,1,0.00873362445415,3.32751091703
1.5,0.3,300,229,2,1,0.00262467191601,0.5,0.00436681222707,1.66375545852
1.5,0.3,301,229,2,0,0.00262467191601,0,0,0
1.5,0.3,302,229,2,0,0.00262467191601,0,0,0
1.5,0.3,303,229,2,1,0.00262467191601,0.5,0.00436681222707,1.66375545852
1.5,0.3,304,229,2,2,0.00262467191601,1,0.00873362445415,3.32751091703
1.5,0.3,305,229,2,1,0.00262467191601,0.5,0.00436681222707,1.66375545852
1.5,0.3,306,229,2,0,0.00262467191601,0,0,0
1.5,0.3,307,229,2,1,0.00262467191601,0.5,0.00436681222707,1.66375545852
1.5,0.3,308,229,2,0,0.00262467191601,0,0,0
1.5,0.3,309,229,2,1,0.00262467191601,0.5,0.00436681222707,1.66375545852
1.5,0.3,310,229,2,1,0.00262467191601,0.5,0.00436681222707,1.66375545852
1.5,0.3,311,229,2,0,0.00262467191601,0,0,0
1.5,0.3,312,229,2,1,0.00262467191601,0.5,0.00436681222707,1.66375545852
1.5,0.3,313,229,2,0,0.00262467191601,0,0,0
1.5,0.3,314,229,2,1,0.00262467191601,0.5,0.00436681222707,1.66375545852
1.5,0.3,315,229,2,1,0.00262467191601,0.5,0.00436681222707,1.66375545852
1.5,0.3,316,229,2,0,0.00262467191601,0,0,0
1.5,0.3,317,229,2,0,0.00262467191601,0,0,0
1.5,0.3,318,229,2,1,0.00262467191601,0.5,0.00436681222707,1.66375545852
1.5,0.3,319,229,2,1,0.00262467191601,0.5,0.00436681222707,1.66375545852
1.5,0.3,320,229,2,1,0.00262467191601,0.5,0.00436681222707,1.66375545852
1.5,0.3,321,229,2,0,0.00262467191601,0,0,0
1.5,0.3,322,229,2,2,0.00262467191601,1,0.00873362445415,3.32751091703
1.5,0.3,323,229,2,1,0.00262467191601,0.5,0.00436681222707,1.66375545852
1.5,0.3,324,229,2,0,0.00262467191601,0,0,0
1.5,0.3,325,229,2,1,0.00262467191601,0.5,0.00436681222707,1.66375545852
1.5,0.3,326,229,2,0,0.00262467191601,0,0,0
1.5,0.3,327,229,2,0,0.00262467191601,0,0,0
1.5,0.3,328,229,2,1,0.00262467191601,0.5,0.00436681222707,1.66375545852
1.5,0.3,329,229,2,2,0.00262467191601,1,0.00873362445415,3.32751091703
1.5,0.3,330,229,2,0,0.00262467191601,0,0,0
1.5,0.3,331,229,2,1,0.00262467191601,0.5,0.00436681222707,1.66375545852
1.5,0.3,332,229,2,0,0.00262467191601,0,0,0
1.5,0.3,333,229,2,1,0.00262467191601,0.5,0.00436681222707,1.66375545852
1.5,0.3,334,229,2,0,0.00262467191601,0,0,0
1.5,0.3,335,229,2,0,0.00262467191601,0,0,0
1.5,0.3,336,229,2,0,0.00262467191601,0,0,0
1.5,0.3,337,229,2,0,0.00262467191601,0,0,0
1.5,0.3,338,229,2,0,0.00262467191601,0,0,0
1.5,0.3,339,229,2,0,0.00262467191601,0,0,0
1.5,0.3,340,229,2,1,0.00262467191601,0.5,0.00436681222707,1.66375545852
1.5,0.3,341,229,2,0,0.00262467191601,0,0,0
1.5,0.3,342,229,2,0,0.00262467191601,0,0,0
1.5,0.3,343,229,2,2,0.00262467191601,1,0.00873362445415,3.32751091703
1.5,0.3,344,229,2,1,0.00262467191601,0.5,0.00436681222707,1.66375545852
1.5,0.3,345,229,2,0,0.00262467191601,0,0,0
1.5,0.3,346,229,2,0,0.00262467191601,0,0,0
1.5,0.3,347,229,2,0,0.00262467191601,0,0,0
1.5,0.3,348,229,2,1,0.00262467191601,0.5,0.00436681222707,1.66375545852
1.5,0.3,349,229,2,2,0.00262467191601,1,0.00873362445415,3.32751091703
1.5,0.3,350,229,2,0,0.00262467191601,0,0,0
1.5,0.3,351,229,2,1,0.00262467191601,0.5,0.00436681222707,1.66375545852
1.5,0.3,352,229,2,1,0.00262467191601,0.5,0.00436681222707,1.66375545852
1.5,0.3,353,229,2,0,0.00262467191601,0,0,0
1.5,0.3,354,229,2,1,0.00262467191601,0.5,0.00436681222707,1.66375545852
1.5,0.3,355,229,2,0,0.00262467191601,0,0,0
1.5,0.3,356,229,2,1,0.00262467191601,0.5,0.00436681222707,1.66375545852
1.5,0.3,357,229,2,0,0.00262467191601,0,0,0
1.5,0.3,358,229,2,0,0.00262467191601,0,0,0
1.5,0.3,359,229,2,0,0.00262467191601,0,0,0
1.5,0.3,360,229,2,0,0.00262467191601,0,0,0
1.5,0.3,361,229,2,0,0.00262467191601,0,0,0
1.5,0.3,362,229,2,2,0.00262467191601,1,0.00873362445415,3.32751091703
1.5,0.3,363,229,2,0,0.00262467191601,0,0,0
1.5,0.3,364,229,2,1,0.00262467191601,0.5,0.00436681222707,1.66375545852
1.5,0.3,365,229,2,1,0.00262467191601,0.5,0.00436681222707,1.66375545852
1.5,0.3,366,229,2,0,0.00262467191601,0,0,0
1.5,0.3,367,229,2,0,0.00262467191601,0,0,0
1.5,0.3,368,229,2,1,0.00262467191601,0.5,0.00436681222707,1.66375545852
1.5,0.3,369,229,2,1,0.00262467191601,0.5,0.00436681222707,1.66375545852
1.5,0.3,370,229,2,0,0.00262467191601,0,0,0
1.5,0.3,371,229,2,1,0.00262467191601,0.5,0.00436681222707,1.66375545852
1.5,0.3,372,229,2,1,0.00262467191601,0.5,0.00436681222707,1.66375545852
1.5,0.3,373,229,2,0,0.00262467191601,0,0,0
1.5,0.3,374,229,2,0,0.00262467191601,0,0,0
1.5,0.3,375,229,2,2,0.00262467191601,1,0.00873362445415,3.32751091703
1.5,0.3,376,229,2,1,0.00262467191601,0.5,0.00436681222707,1.66375545852
1.5,0.3,377,229,2,0,0.00262467191601,0,0,0
1.5,0.3,378,229,2,0,0.00262467191601,0,0,0
1.5,0.3,379,229,2,1,0.00262467191601,0.5,0.00436681222707,1.66375545852
1.5,0.3,380,229,2,1,0.00262467191601,0.5,0.00436681222707,1.66375545852
1.5,0.3,381,229,2,1,0.00262467191601,0.5,0.00436681222707,1.66375545852
1.5,0.3,382,229,2,0,0.00262467191601,0,0,0
1.5,0.3,383,229,2,1,0.00262467191601,0.5,0.00436681222707,1.66375545852
1.5,0.3,384,229,2,1,0.00262467191601,0.5,0.00436681222707,1.66375545852
1.5,0.3,385,229,2,1,0.00262467191601,0.5,0.00436681222707,1.66375545852
1.5,0.3,386,229,2,0,0.00262467191601,0,0,0
1.5,0.3,387,229,2,1,0.00262467191601,0.5,0.00436681222707,1.66375545852
1.5,0.3,388,229,2,2,0.00262467191601,1,0.00873362445415,3.32751091703
1.5,0.3,389,229,2,0,0.00262467191601,0,0,0
1.5,0.3,390,229,2,1,0.00262467191601,0.5,0.00436681222707,1.66375545852
1.5,0.3,391,229,2,1,0.00262467191601,0.5,0.00436681222707,1.66375545852
1.5,0.3,392,229,2,0,0.00262467191601,0,0,0
1.5,0.3,393,229,2,0,0.00262467191601,0,0,0
1.5,0.3,394,229,2,1,0.00262467191601,0.5,0.00436681222707,1.66375545852
1.5,0.3,395,229,2,0,0.00262467191601,0,0,0
1.5,0.3,396,229,2,0,0.00262467191601,0,0,0
1.5,0.3,397,229,2,0,0.00262467191601,0,0,0
1.5,0.3,398,229,2,1,0.00262467191601,0.5,0.00436681222707,1.66375545852
1.5,0.3,399,229,2,0,0.00262467191601,0,0,0
1.5,0.3,400,229,2,0,0.00262467191601,0,0,0
1.5,0.3,401,229,2,1,0.00262467191601,0.5,0.00436681222707,1.66375545852
1.5,0.3,402,229,2,0,0.00262467191601,0,0,0
1.5,0.3,403,229,2,1,0.00262467191601,0.5,0.00436681222707,1.66375545852
1.5,0.3,404,229,2,0,0.00262467191601,0,0,0
1.5,0.3,405,229,2,0,0.00262467191601,0,0,0
1.5,0.3,406,229,2,0,0.00262467191601,0,0,0
1.5,0.3,407,229,2,0,0.00262467191601,0,0,0
1.5,0.3,408,229,2,1,0.00262467191601,0.5,0.00436681222707,1.66375545852
1.5,0.3,409,229,2,1,0.00262467191601,0.5,0.00436681222707,1.66375545852
1.5,0.3,410,229,2,1,0.00262467191601,0.5,0.00436681222707,1.66375545852
1.5,0.3,411,229,2,0,0.00262467191601,0,0,0
1.5,0.3,412,229,2,0,0.00262467191601,0,0,0
1.5,0.3,413,229,2,0,0.00262467191601,0,0,0
1.5,0.3,414,229,2,0,0.00262467191601,0,0,0
1.5,0.3,415,229,2,1,0.00262467191601,0.5,0.00436681222707,1.66375545852
1.5,0.3,416,229,2,1,0.00262467191601,0.5,0.00436681222707,1.66375545852
1.5,0.3,417,229,2,2,0.00262467191601,1,0.00873362445415,3.32751091703
1.5,0.3,418,229,2,0,0.00262467191601,0,0,0
1.5,0.3,419,229,2,0,0.00262467191601,0,0,0
1.5,0.3,420,229,2,1,0.00262467191601,0.5,0.00436681222707,1.66375545852
1.5,0.3,421,229,2,1,0.00262467191601,0.5,0.00436681222707,1.66375545852
1.5,0.3,422,229,2,2,0.00262467191601,1,0.00873362445415,3.32751091703
1.5,0.3,423,229,2,1,0.00262467191601,0.5,0.00436681222707,1.66375545852
1.5,0.3,424,229,2,0,0.00262467191601,0,0,0
1.5,0.3,425,229,2,2,0.00262467191601,1,0.00873362445415,3.32751091703
1.5,0.3,426,229,2,0,0.00262467191601,0,0,0
1.5,0.3,427,229,2,0,0.00262467191601,0,0,0
1.5,0.3,428,229,2,0,0.00262467191601,0,0,0
1.5,0.3,429,229,2,0,0.00262467191601,0,0,0
1.5,0.3,430,229,2,0,0.00262467191601,0,0,0
1.5,0.3,431,229,2,1,0.00262467191601,0.5,0.00436681222707,1.66375545852
1.5,0.3,432,229,2,0,0.00262467191601,0,0,0
1.5,0.3,433,229,2,0,0.00262467191601,0,0,0
1.5,0.3,434,229,2,0,0.00262467191601,0,0,0
1.5,0.3,435,229,2,1,0.00262467191601,0.5,0.00436681222707,1.66375545852
1.5,0.3,436,229,2,1,0.00262467191601,0.5,0.00436681222707,1.66375545852
1.5,0.3,437,229,2,1,0.00262467191601,0.5,0.00436681222707,1.66375545852
1.5,0.3,438,229,2,0,0.00262467191601,0,0,0
1.5,0.3,439,229,2,1,0.00262467191601,0.5,0.00436681222707,1.66375545852
1.5,0.3,440,229,2,1,0.00262467191601,0.5,0.00436681222707,1.66375545852
1.5,0.3,441,229,2,0,0.00262467191601,0,0,0
1.5,0.3,442,229,2,1,0.00262467191601,0.5,0.00436681222707,1.66375545852
1.5,0.3,443,229,2,0,0.00262467191601,0,0,0
1.5,0.3,444,229,2,0,0.00262467191601,0,0,0
1.5,0.3,445,229,2,1,0.00262467191601,0.5,0.00436681222707,1.66375545852
1.5,0.3,446,229,2,1,0.00262467191601,0.5,0.00436681222707,1.66375545852
1.5,0.3,447,229,2,0,0.00262467191601,0,0,0
1.5,0.3,448,229,2,1,0.00262467191601,0.5,0.00436681222707,1.66375545852
1.5,0.3,449,229,2,0,0.00262467191601,0,0,0
1.5,0.3,450,229,2,0,0.00262467191601,0,0,0
1.5,0.3,451,229,2,1,0.00262467191601,0.5,0.00436681222707,1.66375545852
1.5,0.3,452,229,2,0,0.00262467191601,0,0,0
1.5,0.3,453,229,2,0,0.00262467191601,0,0,0
1.5,0.3,454,229,2,1,0.00262467191601,0.5,0.00436681222707,1.66375545852
1.5,0.3,455,229,2,0,0.00262467191601,0,0,0
1.5,0.3,456,229,2,0,0.00262467191601,0,0,0
1.5,0.3,457,229,2,0,0.00262467191601,0,0,0
1.5,0.3,458,229,2,1,0.00262467191601,0.5,0.00436681222707,1.66375545852
1.5,0.3,459,229,2,0,0.00262467191601,0,0,0
1.5,0.3,460,229,2,1,0.00262467191601,0.5,0.00436681222707,1.66375545852
1.5,0.3,461,229,2,0,0.00262467191601,0,0,0
1.5,0.3,462,229,2,0,0.00262467191601,0,0,0
1.5,0.3,463,229,2,2,0.00262467191601,1,0.00873362445415,3.32751091703
1.5,0.3,464,229,2,0,0.00262467191601,0,0,0
1.5,0.3,465,229,2,0,0.00262467191601,0,0,0
1.5,0.3,466,229,2,1,0.00262467191601,0.5,0.00436681222707,1.66375545852
1.5,0.3,467,229,2,1,0.00262467191601,0.5,0.00436681222707,1.66375545852
1.5,0.3,468,229,2,2,0.00262467191601,1,0.00873362445415,3.32751091703
1.5,0.3,469,229,2,1,0.00262467191601,0.5,0.00436681222707,1.66375545852
1.5,0.3,470,229,2,0,0.00262467191601,0,0,0
1.5,0.3,471,229,2,1,0.00262467191601,0.5,0.00436681222707,1.66375545852
1.5,0.3,472,229,2,0,0.00262467191601,0,0,0
1.5,0.3,473,229,2,1,0.00262467191601,0.5,0.00436681222707,1.66375545852
1.5,0.3,474,229,2,0,0.00262467191601,0,0,0
1.5,0.3,475,229,2,0,0.00262467191601,0,0,0
1.5,0.3,476,229,2,1,0.00262467191601,0.5,0.00436681222707,1.66375545852
1.5,0.3,477,229,2,0,0.00262467191601,0,0,0
1.5,0.3,478,229,2,0,0.00262467191601,0,0,0
1.5,0.3,479,229,2,1,0.00262467191601,0.5,0.00436681222707,1.66375545852
1.5,0.3,480,229,2,0,0.00262467191601,0,0,0
1.5,0.3,481,229,2,0,0.00262467191601,0,0,0
1.5,0.3,482,229,2,1,0.00262467191601,0.5,0.00436681222707,1.66375545852
1.5,0.3,483,229,2,0,0.00262467191601,0,0,0
1.5,0.3,484,229,2,1,0.00262467191601,0.5,0.00436681222707,1.66375545852
1.5,0.3,485,229,2,1,0.00262467191601,0.5,0.00436681222707,1.66375545852
1.5,0.3,486,229,2,1,0.00262467191601,0.5,0.00436681222707,1.66375545852
1.5,0.3,487,229,2,1,0.00262467191601,0.5,0.00436681222707,1.66375545852
1.5,0.3,488,229,2,1,0.00262467191601,0.5,0.00436681222707,1.66375545852
1.5,0.3,489,229,2,0,0.00262467191601,0,0,0
1.5,0.3,490,229,2,1,0.00262467191601,0.5,0.00436681222707,1.66375545852
1.5,0.3,491,229,2,0,0.00262467191601,0,0,0
1.5,0.3,492,229,2,2,0.00262467191601,1,0.00873362445415,3.32751091703
1.5,0.3,493,229,2,1,0.00262467191601,0.5,0.00436681222707,1.66375545852
1.5,0.3,494,229,2,2,0.00262467191601,1,0.00873362445415,3.32751091703
1.5,0.3,495,229,2,0,0.00262467191601,0,0,0
1.5,0.3,496,229,2,1,0.00262467191601,0.5,0.00436681222707,1.66375545852
1.5,0.3,497,229,2,0,0.00262467191601,0,0,0
1.5,0.3,498,229,2,0,0.00262467191601,0,0,0
1.5,0.3,499,229,2,0,0.00262467191601,0,0,0
1.5,0.3,500,229,2,1,0.00262467191601,0.5,0.00436681222707,1.66375545852
1.5,0.3,501,229,2,0,0.00262467191601,0,0,0
1.5,0.3,502,229,2,0,0.00262467191601,0,0,0
1.5,0.3,503,229,2,0,0.00262467191601,0,0,0
1.5,0.3,504,229,2,0,0.00262467191601,0,0,0
1.5,0.3,505,229,2,0,0.00262467191601,0,0,0
1.5,0.3,506,229,2,1,0.00262467191601,0.5,0.00436681222707,1.66375545852
1.5,0.3,507,229,2,0,0.00262467191601,0,0,0
1.5,0.3,508,229,2,1,0.00262467191601,0.5,0.00436681222707,1.66375545852
1.5,0.3,509,229,2,2,0.00262467191601,1,0.00873362445415,3.32751091703
1.5,0.3,510,229,2,1,0.00262467191601,0.5,0.00436681222707,1.66375545852
1.5,0.3,511,229,2,1,0.00262467191601,0.5,0.00436681222707,1.66375545852
1.5,0.3,512,229,2,1,0.00262467191601,0.5,0.00436681222707,1.66375545852
1.5,0.3,513,229,2,1,0.00262467191601,0.5,0.00436681222707,1.66375545852
1.5,0.3,514,229,2,0,0.00262467191601,0,0,0
1.5,0.3,515,229,2,0,0.00262467191601,0,0,0
1.5,0.3,516,229,2,0,0.00262467191601,0,0,0
1.5,0.3,517,229,2,0,0.00262467191601,0,0,0
1.5,0.3,518,229,2,1,0.00262467191601,0.5,0.00436681222707,1.66375545852
1.5,0.3,519,229,2,0,0.00262467191601,0,0,0
1.5,0.3,520,229,2,0,0.00262467191601,0,0,0
1.5,0.3,521,229,2,1,0.00262467191601,0.5,0.00436681222707,1.66375545852
1.5,0.3,522,229,2,1,0.00262467191601,0.5,0.00436681222707,1.66375545852
1.5,0.3,523,229,2,1,0.00262467191601,0.5,0.00436681222707,1.66375545852
1.5,0.3,524,229,2,1,0.00262467191601,0.5,0.00436681222707,1.66375545852
1.5,0.3,525,229,2,0,0.00262467191601,0,0,0
1.5,0.3,526,229,2,2,0.00262467191601,1,0.00873362445415,3.32751091703
1.5,0.3,527,229,2,0,0.00262467191601,0,0,0
1.5,0.3,528,229,2,0,0.00262467191601,0,0,0
1.5,0.3,529,229,2,1,0.00262467191601,0.5,0.00436681222707,1.66375545852
1.5,0.3,530,229,2,0,0.00262467191601,0,0,0
1.5,0.3,531,229,2,0,0.00262467191601,0,0,0
1.5,0.3,532,229,2,1,0.00262467191601,0.5,0.00436681222707,1.66375545852
1.5,0.3,533,229,2,0,0.00262467191601,0,0,0
1.5,0.3,534,229,2,0,0.00262467191601,0,0,0
1.5,0.3,535,229,2,1,0.00262467191601,0.5,0.00436681222707,1.66375545852
1.5,0.3,536,229,2,2,0.00262467191601,1,0.00873362445415,3.32751091703
1.5,0.3,537,229,2,1,0.00262467191601,0.5,0.00436681222707,1.66375545852
1.5,0.3,538,229,2,1,0.00262467191601,0.5,0.00436681222707,1.66375545852
1.5,0.3,539,229,2,0,0.00262467191601,0,0,0
1.5,0.3,540,229,2,0,0.00262467191601,0,0,0
1.5,0.3,541,229,2,0,0.00262467191601,0,0,0
1.5,0.3,542,229,2,1,0.00262467191601,0.5,0.00436681222707,1.66375545852
1.5,0.3,543,229,2,1,0.00262467191601,0.5,0.00436681222707,1.66375545852
1.5,0.3,544,229,2,1,0.00262467191601,0.5,0.00436681222707,1.66375545852
1.5,0.3,545,229,2,1,0.00262467191601,0.5,0.00436681222707,1.66375545852
1.5,0.3,546,229,2,0,0.00262467191601,0,0,0
1.5,0.3,547,229,2,0,0.00262467191601,0,0,0
1.5,0.3,548,229,2,0,0.00262467191601,0,0,0
1.5,0.3,549,229,2,0,0.00262467191601,0,0,0
1.5,0.3,550,229,2,0,0.00262467191601,0,0,0
1.5,0.3,551,229,2,0,0.00262467191601,0,0,0
1.5,0.3,552,229,2,1,0.00262467191601,0.5,0.00436681222707,1.66375545852
1.5,0.3,553,229,2,1,0.00262467191601,0.5,0.00436681222707,1.66375545852
1.5,0.3,554,229,2,2,0.00262467191601,1,0.00873362445415,3.32751091703
1.5,0.3,555,229,2,1,0.00262467191601,0.5,0.00436681222707,1.66375545852
1.5,0.3,556,229,2,1,0.00262467191601,0.5,0.00436681222707,1.66375545852
1.5,0.3,557,229,2,1,0.00262467191601,0.5,0.00436681222707,1.66375545852
1.5,0.3,558,229,2,1,0.00262467191601,0.5,0.00436681222707,1.66375545852
1.5,0.3,559,229,2,0,0.00262467191601,0,0,0
1.5,0.3,560,229,2,0,0.00262467191601,0,0,0
1.5,0.3,561,229,2,0,0.00262467191601,0,0,0
1.5,0.3,562,229,2,0,0.00262467191601,0,0,0
1.5,0.3,563,229,2,0,0.00262467191601,0,0,0
1.5,0.3,564,229,2,0,0.00262467191601,0,0,0
1.5,0.3,565,229,2,0,0.00262467191601,0,0,0
1.5,0.3,566,229,2,0,0.00262467191601,0,0,0
1.5,0.3,567,229,2,0,0.00262467191601,0,0,0
1.5,0.3,568,229,2,1,0.00262467191601,0.5,0.00436681222707,1.66375545852
1.5,0.3,569,229,2,0,0.00262467191601,0,0,0
1.5,0.3,570,229,2,1,0.00262467191601,0.5,0.00436681222707,1.66375545852
1.5,0.3,571,229,2,0,0.00262467191601,0,0,0
1.5,0.3,572,229,2,0,0.00262467191601,0,0,0
1.5,0.3,573,229,2,1,0.00262467191601,0.5,0.00436681222707,1.66375545852
1.5,0.3,574,229,2,0,0.00262467191601,0,0,0
1.5,0.3,575,229,2,0,0.00262467191601,0,0,0
1.5,0.3,576,229,2,2,0.00262467191601,1,0.00873362445415,3.32751091703
1.5,0.3,577,229,2,0,0.00262467191601,0,0,0
1.5,0.3,578,229,2,1,0.00262467191601,0.5,0.00436681222707,1.66375545852
1.5,0.3,579,229,2,1,0.00262467191601,0.5,0.00436681222707,1.66375545852
1.5,0.3,580,229,2,0,0.00262467191601,0,0,0
1.5,0.3,581,229,2,0,0.00262467191601,0,0,0
1.5,0.3,582,229,2,0,0.00262467191601,0,0,0
1.5,0.3,583,229,2,0,0.00262467191601,0,0,0
1.5,0.3,584,229,2,0,0.00262467191601,0,0,0
1.5,0.3,585,229,2,2,0.00262467191601,1,0.00873362445415,3.32751091703
1.5,0.3,586,229,2,0,0.00262467191601,0,0,0
1.5,0.3,587,229,2,1,0.00262467191601,0.5,0.00436681222707,1.66375545852
1.5,0.3,588,229,2,0,0.00262467191601,0,0,0
1.5,0.3,589,229,2,1,0.00262467191601,0.5,0.00436681222707,1.66375545852
1.5,0.3,590,229,2,1,0.00262467191601,0.5,0.00436681222707,1.66375545852
1.5,0.3,591,229,2,0,0.00262467191601,0,0,0
1.5,0.3,592,229,2,2,0.00262467191601,1,0.00873362445415,3.32751091703
1.5,0.3,593,229,2,1,0.00262467191601,0.5,0.00436681222707,1.66375545852
1.5,0.3,594,229,2,0,0.00262467191601,0,0,0
1.5,0.3,595,229,2,0,0.00262467191601,0,0,0
1.5,0.3,596,229,2,1,0.00262467191601,0.5,0.00436681222707,1.66375545852
1.5,0.3,597,229,2,0,0.00262467191601,0,0,0
1.5,0.3,598,229,2,0,0.00262467191601,0,0,0
1.5,0.3,599,229,2,2,0.00262467191601,1,0.00873362445415,3.32751091703
1.5,0.3,600,229,2,0,0.00262467191601,0,0,0
1.5,0.3,601,229,2,0,0.00262467191601,0,0,0
1.5,0.3,602,229,2,0,0.00262467191601,0,0,0
1.5,0.3,603,229,2,1,0.00262467191601,0.5,0.00436681222707,1.66375545852
1.5,0.3,604,229,2,2,0.00262467191601,1,0.00873362445415,3.32751091703
1.5,0.3,605,229,2,0,0.00262467191601,0,0,0
1.5,0.3,606,229,2,1,0.00262467191601,0.5,0.00436681222707,1.66375545852
1.5,0.3,607,229,2,1,0.00262467191601,0.5,0.00436681222707,1.66375545852
1.5,0.3,608,229,2,0,0.00262467191601,0,0,0
1.5,0.3,609,229,2,0,0.00262467191601,0,0,0
1.5,0.3,610,229,2,2,0.00262467191601,1,0.00873362445415,3.32751091703
1.5,0.3,611,229,2,0,0.00262467191601,0,0,0
1.5,0.3,612,229,2,1,0.00262467191601,0.5,0.00436681222707,1.66375545852
1.5,0.3,613,229,2,1,0.00262467191601,0.5,0.00436681222707,1.66375545852
1.5,0.3,614,229,2,2,0.00262467191601,1,0.00873362445415,3.32751091703
1.5,0.3,615,229,2,0,0.00262467191601,0,0,0
1.5,0.3,616,229,2,1,0.00262467191601,0.5,0.00436681222707,1.66375545852
1.5,0.3,617,229,2,1,0.00262467191601,0.5,0.00436681222707,1.66375545852
1.5,0.3,618,229,2,2,0.00262467191601,1,0.00873362445415,3.32751091703
1.5,0.3,619,229,2,0,0.00262467191601,0,0,0
1.5,0.3,620,229,2,2,0.00262467191601,1,0.00873362445415,3.32751091703
1.5,0.3,621,229,2,2,0.00262467191601,1,0.00873362445415,3.32751091703
1.5,0.3,622,229,2,0,0.00262467191601,0,0,0
1.5,0.3,623,229,2,0,0.00262467191601,0,0,0
1.5,0.3,624,229,2,0,0.00262467191601,0,0,0
1.5,0.3,625,229,2,2,0.00262467191601,1,0.00873362445415,3.32751091703
1.5,0.3,626,229,2,1,0.00262467191601,0.5,0.00436681222707,1.66375545852
1.5,0.3,627,229,2,0,0.00262467191601,0,0,0
1.5,0.3,628,229,2,2,0.00262467191601,1,0.00873362445415,3.32751091703
1.5,0.3,629,229,2,0,0.00262467191601,0,0,0
1.5,0.3,630,229,2,0,0.00262467191601,0,0,0
1.5,0.3,631,229,2,1,0.00262467191601,0.5,0.00436681222707,1.66375545852
1.5,0.3,632,229,2,1,0.00262467191601,0.5,0.00436681222707,1.66375545852
1.5,0.3,633,229,2,0,0.00262467191601,0,0,0
1.5,0.3,634,229,2,1,0.00262467191601,0.5,0.00436681222707,1.66375545852
1.5,0.3,635,229,2,1,0.00262467191601,0.5,0.00436681222707,1.66375545852
1.5,0.3,636,229,2,0,0.00262467191601,0,0,0
1.5,0.3,637,229,2,0,0.00262467191601,0,0,0
1.5,0.3,638,229,2,0,0.00262467191601,0,0,0
1.5,0.3,639,229,2,1,0.00262467191601,0.5,0.00436681222707,1.66375545852
1.5,0.3,640,229,2,0,0.00262467191601,0,0,0
1.5,0.3,641,229,2,0,0.00262467191601,0,0,0
1.5,0.3,642,229,2,1,0.00262467191601,0.5,0.00436681222707,1.66375545852
1.5,0.3,643,229,2,0,0.00262467191601,0,0,0
1.5,0.3,644,229,2,0,0.00262467191601,0,0,0
1.5,0.3,645,229,2,1,0.00262467191601,0.5,0.00436681222707,1.66375545852
1.5,0.3,646,229,2,1,0.00262467191601,0.5,0.00436681222707,1.66375545852
1.5,0.3,647,229,2,1,0.00262467191601,0.5,0.00436681222707,1.66375545852
1.5,0.3,648,229,2,1,0.00262467191601,0.5,0.00436681222707,1.66375545852
1.5,0.3,649,229,2,1,0.00262467191601,0.5,0.00436681222707,1.66375545852
1.5,0.3,650,229,2,1,0.00262467191601,0.5,0.00436681222707,1.66375545852
1.5,0.3,651,229,2,0,0.00262467191601,0,0,0
1.5,0.3,652,229,2,0,0.00262467191601,0,0,0
1.5,0.3,653,229,2,0,0.00262467191601,0,0,0
1.5,0.3,654,229,2,1,0.00262467191601,0.5,0.00436681222707,1.66375545852
1.5,0.3,655,229,2,1,0.00262467191601,0.5,0.00436681222707,1.66375545852
1.5,0.3,656,229,2,0,0.00262467191601,0,0,0
1.5,0.3,657,229,2,0,0.00262467191601,0,0,0
1.5,0.3,658,229,2,0,0.00262467191601,0,0,0
1.5,0.3,659,229,2,1,0.00262467191601,0.5,0.00436681222707,1.66375545852
1.5,0.3,660,229,2,0,0.00262467191601,0,0,0
1.5,0.3,661,229,2,0,0.00262467191601,0,0,0
1.5,0.3,662,229,2,1,0.00262467191601,0.5,0.00436681222707,1.66375545852
1.5,0.3,663,229,2,1,0.00262467191601,0.5,0.00436681222707,1.66375545852
1.5,0.3,664,229,2,0,0.00262467191601,0,0,0
1.5,0.3,665,229,2,1,0.00262467191601,0.5,0.00436681222707,1.66375545852
1.5,0.3,666,229,2,0,0.00262467191601,0,0,0
1.5,0.3,667,229,2,0,0.00262467191601,0,0,0
1.5,0.3,668,229,2,1,0.00262467191601,0.5,0.00436681222707,1.66375545852
1.5,0.3,669,229,2,0,0.00262467191601,0,0,0
1.5,0.3,670,229,2,1,0.00262467191601,0.5,0.00436681222707,1.66375545852
1.5,0.3,671,229,2,1,0.00262467191601,0.5,0.00436681222707,1.66375545852
1.5,0.3,672,229,2,1,0.00262467191601,0.5,0.00436681222707,1.66375545852
1.5,0.3,673,229,2,1,0.00262467191601,0.5,0.00436681222707,1.66375545852
1.5,0.3,674,229,2,1,0.00262467191601,0.5,0.00436681222707,1.66375545852
1.5,0.3,675,229,2,0,0.00262467191601,0,0,0
1.5,0.3,676,229,2,1,0.00262467191601,0.5,0.00436681222707,1.66375545852
1.5,0.3,677,229,2,1,0.00262467191601,0.5,0.00436681222707,1.66375545852
1.5,0.3,678,229,2,1,0.00262467191601,0.5,0.00436681222707,1.66375545852
1.5,0.3,679,229,2,0,0.00262467191601,0,0,0
1.5,0.3,680,229,2,0,0.00262467191601,0,0,0
1.5,0.3,681,229,2,1,0.00262467191601,0.5,0.00436681222707,1.66375545852
1.5,0.3,682,229,2,1,0.00262467191601,0.5,0.00436681222707,1.66375545852
1.5,0.3,683,229,2,0,0.00262467191601,0,0,0
1.5,0.3,684,229,2,1,0.00262467191601,0.5,0.00436681222707,1.66375545852
1.5,0.3,685,229,2,2,0.00262467191601,1,0.00873362445415,3.32751091703
1.5,0.3,686,229,2,1,0.00262467191601,0.5,0.00436681222707,1.66375545852
1.5,0.3,687,229,2,1,0.00262467191601,0.5,0.00436681222707,1.66375545852
1.5,0.3,688,229,2,1,0.00262467191601,0.5,0.00436681222707,1.66375545852
1.5,0.3,689,229,2,0,0.00262467191601,0,0,0
1.5,0.3,690,229,2,1,0.00262467191601,0.5,0.00436681222707,1.66375545852
1.5,0.3,691,229,2,2,0.00262467191601,1,0.00873362445415,3.32751091703
1.5,0.3,692,229,2,1,0.00262467191601,0.5,0.00436681222707,1.66375545852
1.5,0.3,693,229,2,1,0.00262467191601,0.5,0.00436681222707,1.66375545852
1.5,0.3,694,229,2,2,0.00262467191601,1,0.00873362445415,3.32751091703
1.5,0.3,695,229,2,0,0.00262467191601,0,0,0
1.5,0.3,696,229,2,2,0.00262467191601,1,0.00873362445415,3.32751091703
1.5,0.3,697,229,2,0,0.00262467191601,0,0,0
1.5,0.3,698,229,2,0,0.00262467191601,0,0,0
1.5,0.3,699,229,2,2,0.00262467191601,1,0.00873362445415,3.32751091703
1.5,0.3,700,229,2,1,0.00262467191601,0.5,0.00436681222707,1.66375545852
1.5,0.3,701,229,2,1,0.00262467191601,0.5,0.00436681222707,1.66375545852
1.5,0.3,702,229,2,0,0.00262467191601,0,0,0
1.5,0.3,703,229,2,2,0.00262467191601,1,0.00873362445415,3.32751091703
1.5,0.3,704,229,2,0,0.00262467191601,0,0,0
1.5,0.3,705,229,2,1,0.00262467191601,0.5,0.00436681222707,1.66375545852
1.5,0.3,706,229,2,0,0.00262467191601,0,0,0
1.5,0.3,707,229,2,1,0.00262467191601,0.5,0.00436681222707,1.66375545852
1.5,0.3,708,229,2,1,0.00262467191601,0.5,0.00436681222707,1.66375545852
1.5,0.3,709,229,2,0,0.00262467191601,0,0,0
1.5,0.3,710,229,2,1,0.00262467191601,0.5,0.00436681222707,1.66375545852
1.5,0.3,711,229,2,1,0.00262467191601,0.5,0.00436681222707,1.66375545852
1.5,0.3,712,229,2,1,0.00262467191601,0.5,0.00436681222707,1.66375545852
1.5,0.3,713,229,2,0,0.00262467191601,0,0,0
1.5,0.3,714,229,2,0,0.00262467191601,0,0,0
1.5,0.3,715,229,2,2,0.00262467191601,1,0.00873362445415,3.32751091703
1.5,0.3,716,229,2,0,0.00262467191601,0,0,0
1.5,0.3,717,229,2,0,0.00262467191601,0,0,0
1.5,0.3,718,229,2,0,0.00262467191601,0,0,0
1.5,0.3,719,229,2,0,0.00262467191601,0,0,0
1.5,0.3,720,229,2,0,0.00262467191601,0,0,0
1.5,0.3,721,229,2,0,0.00262467191601,0,0,0
1.5,0.3,722,229,2,0,0.00262467191601,0,0,0
1.5,0.3,723,229,2,1,0.00262467191601,0.5,0.00436681222707,1.66375545852
1.5,0.3,724,229,2,0,0.00262467191601,0,0,0
1.5,0.3,725,229,2,1,0.00262467191601,0.5,0.00436681222707,1.66375545852
1.5,0.3,726,229,2,0,0.00262467191601,0,0,0
1.5,0.3,727,229,2,0,0.00262467191601,0,0,0
1.5,0.3,728,229,2,0,0.00262467191601,0,0,0
1.5,0.3,729,229,2,1,0.00262467191601,0.5,0.00436681222707,1.66375545852
1.5,0.3,730,229,2,0,0.00262467191601,0,0,0
1.5,0.3,731,229,2,1,0.00262467191601,0.5,0.00436681222707,1.66375545852
1.5,0.3,732,229,2,1,0.00262467191601,0.5,0.00436681222707,1.66375545852
1.5,0.3,733,229,2,1,0.00262467191601,0.5,0.00436681222707,1.66375545852
1.5,0.3,734,229,2,1,0.00262467191601,0.5,0.00436681222707,1.66375545852
1.5,0.3,735,229,2,0,0.00262467191601,0,0,0
1.5,0.3,736,229,2,0,0.00262467191601,0,0,0
1.5,0.3,737,229,2,1,0.00262467191601,0.5,0.00436681222707,1.66375545852
1.5,0.3,738,229,2,1,0.00262467191601,0.5,0.00436681222707,1.66375545852
1.5,0.3,739,229,2,0,0.00262467191601,0,0,0
1.5,0.3,740,229,2,1,0.00262467191601,0.5,0.00436681222707,1.66375545852
1.5,0.3,741,229,2,2,0.00262467191601,1,0.00873362445415,3.32751091703
1.5,0.3,742,229,2,0,0.00262467191601,0,0,0
1.5,0.3,743,229,2,1,0.00262467191601,0.5,0.00436681222707,1.66375545852
1.5,0.3,744,229,2,1,0.00262467191601,0.5,0.00436681222707,1.66375545852
1.5,0.3,745,229,2,1,0.00262467191601,0.5,0.00436681222707,1.66375545852
1.5,0.3,746,229,2,1,0.00262467191601,0.5,0.00436681222707,1.66375545852
1.5,0.3,747,229,2,2,0.00262467191601,1,0.00873362445415,3.32751091703
1.5,0.3,748,229,2,1,0.00262467191601,0.5,0.00436681222707,1.66375545852
1.5,0.3,749,229,2,1,0.00262467191601,0.5,0.00436681222707,1.66375545852
1.5,0.3,750,229,2,1,0.00262467191601,0.5,0.00436681222707,1.66375545852
1.5,0.3,751,229,2,0,0.00262467191601,0,0,0
1.5,0.3,752,229,2,1,0.00262467191601,0.5,0.00436681222707,1.66375545852
1.5,0.3,753,229,2,1,0.00262467191601,0.5,0.00436681222707,1.66375545852
1.5,0.3,754,229,2,1,0.00262467191601,0.5,0.00436681222707,1.66375545852
1.5,0.3,755,229,2,1,0.00262467191601,0.5,0.00436681222707,1.66375545852
1.5,0.3,756,229,2,1,0.00262467191601,0.5,0.00436681222707,1.66375545852
1.5,0.3,757,229,2,1,0.00262467191601,0.5,0.00436681222707,1.66375545852
1.5,0.3,758,229,2,0,0.00262467191601,0,0,0
1.5,0.3,759,229,2,0,0.00262467191601,0,0,0
1.5,0.3,760,229,2,1,0.00262467191601,0.5,0.00436681222707,1.66375545852
1.5,0.3,761,229,2,1,0.00262467191601,0.5,0.00436681222707,1.66375545852
1.5,0.3,762,229,2,0,0.00262467191601,0,0,0
1.5,0.3,763,229,2,1,0.00262467191601,0.5,0.00436681222707,1.66375545852
1.5,0.3,764,229,2,0,0.00262467191601,0,0,0
1.5,0.3,765,229,2,0,0.00262467191601,0,0,0
1.5,0.3,766,229,2,0,0.00262467191601,0,0,0
1.5,0.3,767,229,2,0,0.00262467191601,0,0,0
1.5,0.3,768,229,2,1,0.00262467191601,0.5,0.00436681222707,1.66375545852
1.5,0.3,769,229,2,0,0.00262467191601,0,0,0
1.5,0.3,770,229,2,1,0.00262467191601,0.5,0.00436681222707,1.66375545852
1.5,0.3,771,229,2,1,0.00262467191601,0.5,0.00436681222707,1.66375545852
1.5,0.3,772,229,2,0,0.00262467191601,0,0,0
1.5,0.3,773,229,2,0,0.00262467191601,0,0,0
1.5,0.3,774,229,2,1,0.00262467191601,0.5,0.00436681222707,1.66375545852
1.5,0.3,775,229,2,0,0.00262467191601,0,0,0
1.5,0.3,776,229,2,0,0.00262467191601,0,0,0
1.5,0.3,777,229,2,1,0.00262467191601,0.5,0.00436681222707,1.66375545852
1.5,0.3,778,229,2,0,0.00262467191601,0,0,0
1.5,0.3,779,229,2,1,0.00262467191601,0.5,0.00436681222707,1.66375545852
1.5,0.3,780,229,2,0,0.00262467191601,0,0,0
1.5,0.3,781,229,2,0,0.00262467191601,0,0,0
1.5,0.3,782,229,2,0,0.00262467191601,0,0,0
1.5,0.3,783,229,2,1,0.00262467191601,0.5,0.00436681222707,1.66375545852
1.5,0.3,784,229,2,1,0.00262467191601,0.5,0.00436681222707,1.66375545852
1.5,0.3,785,229,2,1,0.00262467191601,0.5,0.00436681222707,1.66375545852
1.5,0.3,786,229,2,0,0.00262467191601,0,0,0
1.5,0.3,787,229,2,0,0.00262467191601,0,0,0
1.5,0.3,788,229,2,0,0.00262467191601,0,0,0
1.5,0.3,789,229,2,1,0.00262467191601,0.5,0.00436681222707,1.66375545852
1.5,0.3,790,229,2,0,0.00262467191601,0,0,0
1.5,0.3,791,229,2,0,0.00262467191601,0,0,0
1.5,0.3,792,229,2,2,0.00262467191601,1,0.00873362445415,3.32751091703
1.5,0.3,793,229,2,1,0.00262467191601,0.5,0.00436681222707,1.66375545852
1.5,0.3,794,229,2,0,0.00262467191601,0,0,0
1.5,0.3,795,229,2,1,0.00262467191601,0.5,0.00436681222707,1.66375545852
1.5,0.3,796,229,2,1,0.00262467191601,0.5,0.00436681222707,1.66375545852
1.5,0.3,797,229,2,1,0.00262467191601,0.5,0.00436681222707,1.66375545852
1.5,0.3,798,229,2,1,0.00262467191601,0.5,0.00436681222707,1.66375545852
1.5,0.3,799,229,2,1,0.00262467191601,0.5,0.00436681222707,1.66375545852
1.5,0.3,800,229,2,0,0.00262467191601,0,0,0
1.5,0.3,801,229,2,0,0.00262467191601,0,0,0
1.5,0.3,802,229,2,2,0.00262467191601,1,0.00873362445415,3.32751091703
1.5,0.3,803,229,2,1,0.00262467191601,0.5,0.00436681222707,1.66375545852
1.5,0.3,804,229,2,0,0.00262467191601,0,0,0
1.5,0.3,805,229,2,1,0.00262467191601,0.5,0.00436681222707,1.66375545852
1.5,0.3,806,229,2,1,0.00262467191601,0.5,0.00436681222707,1.66375545852
1.5,0.3,807,229,2,0,0.00262467191601,0,0,0
1.5,0.3,808,229,2,1,0.00262467191601,0.5,0.00436681222707,1.66375545852
1.5,0.3,809,229,2,1,0.00262467191601,0.5,0.00436681222707,1.66375545852
1.5,0.3,810,229,2,0,0.00262467191601,0,0,0
1.5,0.3,811,229,2,0,0.00262467191601,0,0,0
1.5,0.3,812,229,2,1,0.00262467191601,0.5,0.00436681222707,1.66375545852
1.5,0.3,813,229,2,2,0.00262467191601,1,0.00873362445415,3.32751091703
1.5,0.3,814,229,2,1,0.00262467191601,0.5,0.00436681222707,1.66375545852
1.5,0.3,815,229,2,0,0.00262467191601,0,0,0
1.5,0.3,816,229,2,0,0.00262467191601,0,0,0
1.5,0.3,817,229,2,1,0.00262467191601,0.5,0.00436681222707,1.66375545852
1.5,0.3,818,229,2,1,0.00262467191601,0.5,0.00436681222707,1.66375545852
1.5,0.3,819,229,2,0,0.00262467191601,0,0,0
1.5,0.3,820,229,2,1,0.00262467191601,0.5,0.00436681222707,1.66375545852
1.5,0.3,821,229,2,0,0.00262467191601,0,0,0
1.5,0.3,822,229,2,1,0.00262467191601,0.5,0.00436681222707,1.66375545852
1.5,0.3,823,229,2,0,0.00262467191601,0,0,0
1.5,0.3,824,229,2,1,0.00262467191601,0.5,0.00436681222707,1.66375545852
1.5,0.3,825,229,2,0,0.00262467191601,0,0,0
1.5,0.3,826,229,2,0,0.00262467191601,0,0,0
1.5,0.3,827,229,2,1,0.00262467191601,0.5,0.00436681222707,1.66375545852
1.5,0.3,828,229,2,1,0.00262467191601,0.5,0.00436681222707,1.66375545852
1.5,0.3,829,229,2,0,0.00262467191601,0,0,0
1.5,0.3,830,229,2,2,0.00262467191601,1,0.00873362445415,3.32751091703
1.5,0.3,831,229,2,0,0.00262467191601,0,0,0
1.5,0.3,832,229,2,0,0.00262467191601,0,0,0
1.5,0.3,833,229,2,0,0.00262467191601,0,0,0
1.5,0.3,834,229,2,1,0.00262467191601,0.5,0.00436681222707,1.66375545852
1.5,0.3,835,229,2,1,0.00262467191601,0.5,0.00436681222707,1.66375545852
1.5,0.3,836,229,2,1,0.00262467191601,0.5,0.00436681222707,1.66375545852
1.5,0.3,837,229,2,0,0.00262467191601,0,0,0
1.5,0.3,838,229,2,0,0.00262467191601,0,0,0
1.5,0.3,839,229,2,0,0.00262467191601,0,0,0
1.5,0.3,840,229,2,0,0.00262467191601,0,0,0
1.5,0.3,841,229,2,1,0.00262467191601,0.5,0.00436681222707,1.66375545852
1.5,0.3,842,229,2,2,0.00262467191601,1,0.00873362445415,3.32751091703
1.5,0.3,843,229,2,1,0.00262467191601,0.5,0.00436681222707,1.66375545852
1.5,0.3,844,229,2,1,0.00262467191601,0.5,0.00436681222707,1.66375545852
1.5,0.3,845,229,2,2,0.00262467191601,1,0.00873362445415,3.32751091703
1.5,0.3,846,229,2,0,0.00262467191601,0,0,0
1.5,0.3,847,229,2,1,0.00262467191601,0.5,0.00436681222707,1.66375545852
1.5,0.3,848,229,2,0,0.00262467191601,0,0,0
1.5,0.3,849,229,2,1,0.00262467191601,0.5,0.00436681222707,1.66375545852
1.5,0.3,850,229,2,0,0.00262467191601,0,0,0
1.5,0.3,851,229,2,1,0.00262467191601,0.5,0.00436681222707,1.66375545852
1.5,0.3,852,229,2,1,0.00262467191601,0.5,0.00436681222707,1.66375545852
1.5,0.3,853,229,2,1,0.00262467191601,0.5,0.00436681222707,1.66375545852
1.5,0.3,854,229,2,0,0.00262467191601,0,0,0
1.5,0.3,855,229,2,0,0.00262467191601,0,0,0
1.5,0.3,856,229,2,0,0.00262467191601,0,0,0
1.5,0.3,857,229,2,1,0.00262467191601,0.5,0.00436681222707,1.66375545852
1.5,0.3,858,229,2,0,0.00262467191601,0,0,0
1.5,0.3,859,229,2,0,0.00262467191601,0,0,0
1.5,0.3,860,229,2,1,0.00262467191601,0.5,0.00436681222707,1.66375545852
1.5,0.3,861,229,2,0,0.00262467191601,0,0,0
1.5,0.3,862,229,2,0,0.00262467191601,0,0,0
1.5,0.3,863,229,2,1,0.00262467191601,0.5,0.00436681222707,1.66375545852
1.5,0.3,864,229,2,0,0.00262467191601,0,0,0
1.5,0.3,865,229,2,2,0.00262467191601,1,0.00873362445415,3.32751091703
1.5,0.3,866,229,2,1,0.00262467191601,0.5,0.00436681222707,1.66375545852
1.5,0.3,867,229,2,0,0.00262467191601,0,0,0
1.5,0.3,868,229,2,0,0.00262467191601,0,0,0
1.5,0.3,869,229,2,1,0.00262467191601,0.5,0.00436681222707,1.66375545852
1.5,0.3,870,229,2,0,0.00262467191601,0,0,0
1.5,0.3,871,229,2,0,0.00262467191601,0,0,0
1.5,0.3,872,229,2,2,0.00262467191601,1,0.00873362445415,3.32751091703
1.5,0.3,873,229,2,0,0.00262467191601,0,0,0
1.5,0.3,874,229,2,0,0.00262467191601,0,0,0
1.5,0.3,875,229,2,2,0.00262467191601,1,0.00873362445415,3.32751091703
1.5,0.3,876,229,2,0,0.00262467191601,0,0,0
1.5,0.3,877,229,2,1,0.00262467191601,0.5,0.00436681222707,1.66375545852
1.5,0.3,878,229,2,0,0.00262467191601,0,0,0
1.5,0.3,879,229,2,0,0.00262467191601,0,0,0
1.5,0.3,880,229,2,0,0.00262467191601,0,0,0
1.5,0.3,881,229,2,0,0.00262467191601,0,0,0
1.5,0.3,882,229,2,1,0.00262467191601,0.5,0.00436681222707,1.66375545852
1.5,0.3,883,229,2,0,0.00262467191601,0,0,0
1.5,0.3,884,229,2,0,0.00262467191601,0,0,0
1.5,0.3,885,229,2,2,0.00262467191601,1,0.00873362445415,3.32751091703
1.5,0.3,886,229,2,0,0.00262467191601,0,0,0
1.5,0.3,887,229,2,0,0.00262467191601,0,0,0
1.5,0.3,888,229,2,0,0.00262467191601,0,0,0
1.5,0.3,889,229,2,0,0.00262467191601,0,0,0
1.5,0.3,890,229,2,2,0.00262467191601,1,0.00873362445415,3.32751091703
1.5,0.3,891,229,2,1,0.00262467191601,0.5,0.00436681222707,1.66375545852
1.5,0.3,892,229,2,2,0.00262467191601,1,0.00873362445415,3.32751091703
1.5,0.3,893,229,2,1,0.00262467191601,0.5,0.00436681222707,1.66375545852
1.5,0.3,894,229,2,1,0.00262467191601,0.5,0.00436681222707,1.66375545852
1.5,0.3,895,229,2,1,0.00262467191601,0.5,0.00436681222707,1.66375545852
1.5,0.3,896,229,2,1,0.00262467191601,0.5,0.00436681222707,1.66375545852
1.5,0.3,897,229,2,0,0.00262467191601,0,0,0
1.5,0.3,898,229,2,2,0.00262467191601,1,0.00873362445415,3.32751091703
1.5,0.3,899,229,2,0,0.00262467191601,0,0,0
1.5,0.3,900,229,2,1,0.00262467191601,0.5,0.00436681222707,1.66375545852
1.5,0.3,901,229,2,1,0.00262467191601,0.5,0.00436681222707,1.66375545852
1.5,0.3,902,229,2,0,0.00262467191601,0,0,0
1.5,0.3,903,229,2,1,0.00262467191601,0.5,0.00436681222707,1.66375545852
1.5,0.3,904,229,2,0,0.00262467191601,0,0,0
1.5,0.3,905,229,2,0,0.00262467191601,0,0,0
1.5,0.3,906,229,2,0,0.00262467191601,0,0,0
1.5,0.3,907,229,2,1,0.00262467191601,0.5,0.00436681222707,1.66375545852
1.5,0.3,908,229,2,0,0.00262467191601,0,0,0
1.5,0.3,909,229,2,1,0.00262467191601,0.5,0.00436681222707,1.66375545852
1.5,0.3,910,229,2,1,0.00262467191601,0.5,0.00436681222707,1.66375545852
1.5,0.3,911,229,2,0,0.00262467191601,0,0,0
1.5,0.3,912,229,2,0,0.00262467191601,0,0,0
1.5,0.3,913,229,2,1,0.00262467191601,0.5,0.00436681222707,1.66375545852
1.5,0.3,914,229,2,0,0.00262467191601,0,0,0
1.5,0.3,915,229,2,0,0.00262467191601,0,0,0
1.5,0.3,916,229,2,2,0.00262467191601,1,0.00873362445415,3.32751091703
1.5,0.3,917,229,2,0,0.00262467191601,0,0,0
1.5,0.3,918,229,2,1,0.00262467191601,0.5,0.00436681222707,1.66375545852
1.5,0.3,919,229,2,1,0.00262467191601,0.5,0.00436681222707,1.66375545852
1.5,0.3,920,229,2,1,0.00262467191601,0.5,0.00436681222707,1.66375545852
1.5,0.3,921,229,2,1,0.00262467191601,0.5,0.00436681222707,1.66375545852
1.5,0.3,922,229,2,1,0.00262467191601,0.5,0.00436681222707,1.66375545852
1.5,0.3,923,229,2,1,0.00262467191601,0.5,0.00436681222707,1.66375545852
1.5,0.3,924,229,2,1,0.00262467191601,0.5,0.00436681222707,1.66375545852
1.5,0.3,925,229,2,0,0.00262467191601,0,0,0
1.5,0.3,926,229,2,1,0.00262467191601,0.5,0.00436681222707,1.66375545852
1.5,0.3,927,229,2,1,0.00262467191601,0.5,0.00436681222707,1.66375545852
1.5,0.3,928,229,2,0,0.00262467191601,0,0,0
1.5,0.3,929,229,2,1,0.00262467191601,0.5,0.00436681222707,1.66375545852
1.5,0.3,930,229,2,0,0.00262467191601,0,0,0
1.5,0.3,931,229,2,0,0.00262467191601,0,0,0
1.5,0.3,932,229,2,0,0.00262467191601,0,0,0
1.5,0.3,933,229,2,1,0.00262467191601,0.5,0.00436681222707,1.66375545852
1.5,0.3,934,229,2,1,0.00262467191601,0.5,0.00436681222707,1.66375545852
1.5,0.3,935,229,2,1,0.00262467191601,0.5,0.00436681222707,1.66375545852
1.5,0.3,936,229,2,1,0.00262467191601,0.5,0.00436681222707,1.66375545852
1.5,0.3,937,229,2,1,0.00262467191601,0.5,0.00436681222707,1.66375545852
1.5,0.3,938,229,2,1,0.00262467191601,0.5,0.00436681222707,1.66375545852
1.5,0.3,939,229,2,0,0.00262467191601,0,0,0
1.5,0.3,940,229,2,1,0.00262467191601,0.5,0.00436681222707,1.66375545852
1.5,0.3,941,229,2,1,0.00262467191601,0.5,0.00436681222707,1.66375545852
1.5,0.3,942,229,2,0,0.00262467191601,0,0,0
1.5,0.3,943,229,2,1,0.00262467191601,0.5,0.00436681222707,1.66375545852
1.5,0.3,944,229,2,0,0.00262467191601,0,0,0
1.5,0.3,945,229,2,1,0.00262467191601,0.5,0.00436681222707,1.66375545852
1.5,0.3,946,229,2,2,0.00262467191601,1,0.00873362445415,3.32751091703
1.5,0.3,947,229,2,1,0.00262467191601,0.5,0.00436681222707,1.66375545852
1.5,0.3,948,229,2,0,0.00262467191601,0,0,0
1.5,0.3,949,229,2,0,0.00262467191601,0,0,0
1.5,0.3,950,229,2,1,0.00262467191601,0.5,0.00436681222707,1.66375545852
1.5,0.3,951,229,2,0,0.00262467191601,0,0,0
1.5,0.3,952,229,2,0,0.00262467191601,0,0,0
1.5,0.3,953,229,2,0,0.00262467191601,0,0,0
1.5,0.3,954,229,2,0,0.00262467191601,0,0,0
1.5,0.3,955,229,2,1,0.00262467191601,0.5,0.00436681222707,1.66375545852
1.5,0.3,956,229,2,0,0.00262467191601,0,0,0
1.5,0.3,957,229,2,0,0.00262467191601,0,0,0
1.5,0.3,958,229,2,0,0.00262467191601,0,0,0
1.5,0.3,959,229,2,1,0.00262467191601,0.5,0.00436681222707,1.66375545852
1.5,0.3,960,229,2,0,0.00262467191601,0,0,0
1.5,0.3,961,229,2,1,0.00262467191601,0.5,0.00436681222707,1.66375545852
1.5,0.3,962,229,2,0,0.00262467191601,0,0,0
1.5,0.3,963,229,2,0,0.00262467191601,0,0,0
1.5,0.3,964,229,2,1,0.00262467191601,0.5,0.00436681222707,1.66375545852
1.5,0.3,965,229,2,0,0.00262467191601,0,0,0
1.5,0.3,966,229,2,2,0.00262467191601,1,0.00873362445415,3.32751091703
1.5,0.3,967,229,2,0,0.00262467191601,0,0,0
1.5,0.3,968,229,2,1,0.00262467191601,0.5,0.00436681222707,1.66375545852
1.5,0.3,969,229,2,1,0.00262467191601,0.5,0.00436681222707,1.66375545852
1.5,0.3,970,229,2,0,0.00262467191601,0,0,0
1.5,0.3,971,229,2,1,0.00262467191601,0.5,0.00436681222707,1.66375545852
1.5,0.3,972,229,2,1,0.00262467191601,0.5,0.00436681222707,1.66375545852
1.5,0.3,973,229,2,0,0.00262467191601,0,0,0
1.5,0.3,974,229,2,0,0.00262467191601,0,0,0
1.5,0.3,975,229,2,1,0.00262467191601,0.5,0.00436681222707,1.66375545852
1.5,0.3,976,229,2,0,0.00262467191601,0,0,0
1.5,0.3,977,229,2,0,0.00262467191601,0,0,0
1.5,0.3,978,229,2,1,0.00262467191601,0.5,0.00436681222707,1.66375545852
1.5,0.3,979,229,2,1,0.00262467191601,0.5,0.00436681222707,1.66375545852
1.5,0.3,980,229,2,1,0.00262467191601,0.5,0.00436681222707,1.66375545852
1.5,0.3,981,229,2,1,0.00262467191601,0.5,0.00436681222707,1.66375545852
1.5,0.3,982,229,2,2,0.00262467191601,1,0.00873362445415,3.32751091703
1.5,0.3,983,229,2,1,0.00262467191601,0.5,0.00436681222707,1.66375545852
1.5,0.3,984,229,2,1,0.00262467191601,0.5,0.00436681222707,1.66375545852
1.5,0.3,985,229,2,1,0.00262467191601,0.5,0.00436681222707,1.66375545852
1.5,0.3,986,229,2,1,0.00262467191601,0.5,0.00436681222707,1.66375545852
1.5,0.3,987,229,2,0,0.00262467191601,0,0,0
1.5,0.3,988,229,2,0,0.00262467191601,0,0,0
1.5,0.3,989,229,2,1,0.00262467191601,0.5,0.00436681222707,1.66375545852
1.5,0.3,990,229,2,0,0.00262467191601,0,0,0
1.5,0.3,991,229,2,1,0.00262467191601,0.5,0.00436681222707,1.66375545852
1.5,0.3,992,229,2,0,0.00262467191601,0,0,0
1.5,0.3,993,229,2,2,0.00262467191601,1,0.00873362445415,3.32751091703
1.5,0.3,994,229,2,0,0.00262467191601,0,0,0
1.5,0.3,995,229,2,1,0.00262467191601,0.5,0.00436681222707,1.66375545852
1.5,0.3,996,229,2,0,0.00262467191601,0,0,0
1.5,0.3,997,229,2,2,0.00262467191601,1,0.00873362445415,3.32751091703
1.5,0.3,998,229,2,0,0.00262467191601,0,0,0
1.5,0.3,999,229,2,1,0.00262467191601,0.5,0.00436681222707,1.66375545852
1.5,0.3,1000,229,2,1,0.00262467191601,0.5,0.00436681222707,1.66375545852
