essay_id,model,target,actual,prediction,residual,absolute_error
0022683E9EA5,Ridge,Vocabulary,3,3.10464077759,0.10464077759,0.10464077759
009F4E9310CB,Ridge,Vocabulary,3.5,3.26192200869,-0.23807799131,0.23807799131
011AAA636F11,Ridge,Vocabulary,3,3.45441287745,0.45441287745,0.45441287745
032EA4B76BF5,Ridge,Vocabulary,3,3.2910303254,0.2910303254,0.2910303254
038480498E5A,Ridge,Vocabulary,3.5,3.49795050484,-0.00204949516,0.00204949516
03A3B40D651B,Ridge,Vocabulary,3.5,3.29887156374,-0.20112843626,0.20112843626
043B9F48FDC2,Ridge,Vocabulary,3,3.55652639653,0.55652639653,0.55652639653
04788D56AC58,Ridge,Vocabulary,3,2.83907913387,-0.16092086613,0.16092086613
047BD3CB80B4,Ridge,Vocabulary,4,3.71256021954,-0.28743978046,0.28743978046
05021F4CA528,Ridge,Vocabulary,3,2.77447387849,-0.22552612151,0.22552612151
0506BAC596A7,Ridge,Vocabulary,2.5,2.90871988768,0.40871988768,0.40871988768
050BFA60C6AF,Ridge,Vocabulary,2.5,3.07820133255,0.57820133255,0.57820133255
0514D25768A0,Ridge,Vocabulary,2,3.40380866403,1.40380866403,1.40380866403
057E81E19740,Ridge,Vocabulary,3,2.9813533497,-0.0186466503,0.0186466503
05903AA4540F,Ridge,Vocabulary,2.5,3.31295116721,0.81295116721,0.81295116721
05F54CEC774B,Ridge,Vocabulary,3,3.34510551061,0.34510551061,0.34510551061
061AF57CB05C,Ridge,Vocabulary,3,3.01721773747,0.01721773747,0.01721773747
063F809DE304,Ridge,Vocabulary,3,3.47834364552,0.47834364552,0.47834364552
06C9FC1267BB,Ridge,Vocabulary,3.5,3.36014638508,-0.13985361492,0.13985361492
06E81109FE92,Ridge,Vocabulary,3,2.77418748653,-0.22581251347,0.22581251347
07DFD9A0986B,Ridge,Vocabulary,3,2.99573526376,-0.00426473624,0.00426473624
07E1633CC87A,Ridge,Vocabulary,3.5,3.16729883161,-0.33270116839,0.33270116839
08B72DCFD859,Ridge,Vocabulary,3,3.2541866333,0.2541866333,0.2541866333
08FAE6E0BDCC,Ridge,Vocabulary,3,3.01334549764,0.01334549764,0.01334549764
0943E322C195,Ridge,Vocabulary,4,3.22341051705,-0.77658948295,0.77658948295
0A324290AFE7,Ridge,Vocabulary,3.5,3.23723104961,-0.26276895039,0.26276895039
0ACB3F8B9DF8,Ridge,Vocabulary,3,3.00923958593,0.00923958593,0.00923958593
0AF4F757FBEA,Ridge,Vocabulary,3,2.93644854978,-0.06355145022,0.06355145022
0AFAD06336F3,Ridge,Vocabulary,3,3.63057951759,0.63057951759,0.63057951759
0AFC8CE27321,Ridge,Vocabulary,4.5,3.33830446724,-1.16169553276,1.16169553276
0AFEC3CC53B5,Ridge,Vocabulary,3,2.72095371305,-0.27904628695,0.27904628695
0B1599B11FCF,Ridge,Vocabulary,3,2.87732512545,-0.12267487455,0.12267487455
0B6316123881,Ridge,Vocabulary,3,2.78872715377,-0.21127284623,0.21127284623
0BB7AF7A448C,Ridge,Vocabulary,3,3.2994339569,0.2994339569,0.2994339569
0C91926E2BC6,Ridge,Vocabulary,3,3.33667916755,0.33667916755,0.33667916755
0D9288F0A6C9,Ridge,Vocabulary,3.5,2.82737362038,-0.67262637962,0.67262637962
0DB44DDF91E6,Ridge,Vocabulary,3,2.65856948887,-0.34143051113,0.34143051113
0E03218FDD2F,Ridge,Vocabulary,4,3.76179626699,-0.23820373301,0.23820373301
0E14B9D24898,Ridge,Vocabulary,2,3.00821724651,1.00821724651,1.00821724651
0E26C20CFBBE,Ridge,Vocabulary,3,3.46446490337,0.46446490337,0.46446490337
0E4FA5AC1EC1,Ridge,Vocabulary,4.5,3.5300789938,-0.9699210062,0.9699210062
0F8436260047,Ridge,Vocabulary,3,3.49382508165,0.49382508165,0.49382508165
0FFB44B5D0C2,Ridge,Vocabulary,4,2.98104898137,-1.01895101863,1.01895101863
101576652D3B,Ridge,Vocabulary,5,3.73797966081,-1.26202033919,1.26202033919
1087B6C7FB98,Ridge,Vocabulary,4,3.040547646,-0.959452354,0.959452354
10AC7944DC4A,Ridge,Vocabulary,3,3.11351966865,0.11351966865,0.11351966865
10D2D1173D36,Ridge,Vocabulary,4,3.32711356896,-0.67288643104,0.67288643104
10D3A9E5E79E,Ridge,Vocabulary,3.5,3.40461105249,-0.09538894751,0.09538894751
113436EC45E2,Ridge,Vocabulary,3,3.12535283218,0.12535283218,0.12535283218
113B1543C433,Ridge,Vocabulary,3,3.12263384411,0.12263384411,0.12263384411
11E5C01714C5,Ridge,Vocabulary,4,3.33859378927,-0.66140621073,0.66140621073
120FE0B76D5C,Ridge,Vocabulary,3.5,3.44396874696,-0.05603125304,0.05603125304
13450D581EC9,Ridge,Vocabulary,3,3.71677375418,0.71677375418,0.71677375418
136B3124BE79,Ridge,Vocabulary,3,3.10337001835,0.10337001835,0.10337001835
14D2867090F2,Ridge,Vocabulary,4,3.40159021186,-0.59840978814,0.59840978814
15125AF6CB82,Ridge,Vocabulary,3.5,3.5424854097,0.0424854097,0.0424854097
15BDA0989B56,Ridge,Vocabulary,2.5,3.4005563931,0.9005563931,0.9005563931
16005A45A20A,Ridge,Vocabulary,3,3.82291428253,0.82291428253,0.82291428253
168958FC7315,Ridge,Vocabulary,3,2.98650821693,-0.01349178307,0.01349178307
168C858F93A3,Ridge,Vocabulary,3,3.596979176,0.596979176,0.596979176
16DEF72E220A,Ridge,Vocabulary,2,3.37117869566,1.37117869566,1.37117869566
1703E46B4DC9,Ridge,Vocabulary,4.5,3.42849916309,-1.07150083691,1.07150083691
1721F085F81E,Ridge,Vocabulary,3.5,3.66357896716,0.16357896716,0.16357896716
18EA27A2E333,Ridge,Vocabulary,3.5,3.12936345676,-0.37063654324,0.37063654324
1928846BB272,Ridge,Vocabulary,3,3.37534207148,0.37534207148,0.37534207148
192D02CF8C9E,Ridge,Vocabulary,3,3.03340519437,0.03340519437,0.03340519437
19D55405175F,Ridge,Vocabulary,4,3.37465410819,-0.62534589181,0.62534589181
19DDF17CA4DC,Ridge,Vocabulary,3,3.51321640639,0.51321640639,0.51321640639
1A17F32415FD,Ridge,Vocabulary,3,3.05817813248,0.05817813248,0.05817813248
1AA55FB101FD,Ridge,Vocabulary,3,3.03483095138,0.03483095138,0.03483095138
1AD12415C4DB,Ridge,Vocabulary,2.5,3.10006657936,0.60006657936,0.60006657936
1B056DE0E856,Ridge,Vocabulary,3,3.23273467444,0.23273467444,0.23273467444
1B981E7E59C5,Ridge,Vocabulary,3.5,3.27646794538,-0.22353205462,0.22353205462
1BAD681F72CB,Ridge,Vocabulary,2.5,3.18115714194,0.68115714194,0.68115714194
1C0E34879BB0,Ridge,Vocabulary,3,2.9647400239,-0.0352599761,0.0352599761
1DB195AA7BE3,Ridge,Vocabulary,2,2.81824775595,0.81824775595,0.81824775595
1DDA34D8E4D3,Ridge,Vocabulary,3,3.02801336495,0.02801336495,0.02801336495
1DFACB5D0C9E,Ridge,Vocabulary,3,3.08634076911,0.08634076911,0.08634076911
1F3620A2965E,Ridge,Vocabulary,3,3.42755785909,0.42755785909,0.42755785909
1F4961D46D29,Ridge,Vocabulary,5,4.09422890578,-0.90577109422,0.90577109422
1F9C0492FB8A,Ridge,Vocabulary,2.5,3.06749019567,0.56749019567,0.56749019567
1FAC31F5C8DC,Ridge,Vocabulary,3.5,3.03507204255,-0.46492795745,0.46492795745
1FACF7E8D0A7,Ridge,Vocabulary,3,3.05217867298,0.05217867298,0.05217867298
1FC46D4B9D8C,Ridge,Vocabulary,2,2.91130194092,0.91130194092,0.91130194092
1FE3EE0E16A8,Ridge,Vocabulary,3.5,3.08344943279,-0.41655056721,0.41655056721
2003BF2E6DD0,Ridge,Vocabulary,4,3.59292094717,-0.40707905283,0.40707905283
2010889A6522,Ridge,Vocabulary,3,3.13555582185,0.13555582185,0.13555582185
205069BE2E53,Ridge,Vocabulary,3,3.06036082548,0.06036082548,0.06036082548
205D590BCBB1,Ridge,Vocabulary,3.5,3.23402267773,-0.26597732227,0.26597732227
209A6BC99DB9,Ridge,Vocabulary,4.5,3.5719456255,-0.9280543745,0.9280543745
20E2B07931F3,Ridge,Vocabulary,3,3.54210057591,0.54210057591,0.54210057591
211699D25472,Ridge,Vocabulary,3.5,3.03178845952,-0.46821154048,0.46821154048
214EC21D1403,Ridge,Vocabulary,4,3.47795954225,-0.52204045775,0.52204045775
2157AE4AFAA6,Ridge,Vocabulary,3.5,3.51861970575,0.01861970575,0.01861970575
21737947650E,Ridge,Vocabulary,2.5,3.21489381182,0.71489381182,0.71489381182
22D02123C65D,Ridge,Vocabulary,3,3.14693581048,0.14693581048,0.14693581048
22F16C83DE10,Ridge,Vocabulary,2.5,3.45693064741,0.95693064741,0.95693064741
2327EC67A339,Ridge,Vocabulary,2.5,3.21042531792,0.71042531792,0.71042531792
2358C2CE9966,Ridge,Vocabulary,3,2.40122465729,-0.59877534271,0.59877534271
23958A3106EA,Ridge,Vocabulary,4,3.70803566834,-0.29196433166,0.29196433166
239A72DE1E35,Ridge,Vocabulary,3.5,3.25894317821,-0.24105682179,0.24105682179
23F0ABEF8370,Ridge,Vocabulary,2.5,3.16321646887,0.66321646887,0.66321646887
25130AAA9552,Ridge,Vocabulary,2.5,2.46632384796,-0.03367615204,0.03367615204
253108CDC69F,Ridge,Vocabulary,3,3.16155115791,0.16155115791,0.16155115791
26788FA4ED04,Ridge,Vocabulary,3.5,3.25702140827,-0.24297859173,0.24297859173
269101ABF266,Ridge,Vocabulary,3.5,2.98011717842,-0.51988282158,0.51988282158
277A95AC0190,Ridge,Vocabulary,3.5,3.03981028014,-0.46018971986,0.46018971986
279245CFCCF4,Ridge,Vocabulary,3.5,3.26091410819,-0.23908589181,0.23908589181
27D80E5F87B1,Ridge,Vocabulary,3,3.07124770326,0.07124770326,0.07124770326
28930E0B8820,Ridge,Vocabulary,3,2.83789667953,-0.16210332047,0.16210332047
293A93F037A7,Ridge,Vocabulary,3,3.52654950296,0.52654950296,0.52654950296
29BB45AA907C,Ridge,Vocabulary,4,3.27753669942,-0.72246330058,0.72246330058
2A18E2265D9E,Ridge,Vocabulary,3,3.04823106269,0.04823106269,0.04823106269
2B62F285FD21,Ridge,Vocabulary,4,3.57746884519,-0.42253115481,0.42253115481
2B9C5C3BB7B9,Ridge,Vocabulary,3,3.7802994068,0.7802994068,0.7802994068
2BE11993FB5F,Ridge,Vocabulary,3,3.29293215347,0.29293215347,0.29293215347
2BFB0A8F50E1,Ridge,Vocabulary,4,3.41593997909,-0.58406002091,0.58406002091
2C4DE9FD3734,Ridge,Vocabulary,4,3.54448443047,-0.45551556953,0.45551556953
2C8802241F51,Ridge,Vocabulary,2.5,2.95811598808,0.45811598808,0.45811598808
2D508127DEF1,Ridge,Vocabulary,4,3.80997800967,-0.19002199033,0.19002199033
2D8464A3BD5B,Ridge,Vocabulary,4,3.46978147396,-0.53021852604,0.53021852604
2D940E7F240C,Ridge,Vocabulary,3,3.41494000754,0.41494000754,0.41494000754
2DAA07621328,Ridge,Vocabulary,3.5,3.24628825488,-0.25371174512,0.25371174512
2E5A3E5FD179,Ridge,Vocabulary,3.5,3.11500344817,-0.38499655183,0.38499655183
2F268BE28055,Ridge,Vocabulary,4,3.46851003775,-0.53148996225,0.53148996225
2F7B0CE01B4B,Ridge,Vocabulary,4,3.79105226538,-0.20894773462,0.20894773462
2F81111E7831,Ridge,Vocabulary,3,3.13092406259,0.13092406259,0.13092406259
30DDC17D2986,Ridge,Vocabulary,4,3.4983861331,-0.5016138669,0.5016138669
310CDA45739E,Ridge,Vocabulary,3.5,3.46804423268,-0.03195576732,0.03195576732
314E6ED40C6A,Ridge,Vocabulary,2.5,2.69758904517,0.19758904517,0.19758904517
327AAC23CF5D,Ridge,Vocabulary,2,2.91331597025,0.91331597025,0.91331597025
327EB11122D0,Ridge,Vocabulary,3,3.28084990974,0.28084990974,0.28084990974
33113B7D1125,Ridge,Vocabulary,3,2.84526549416,-0.15473450584,0.15473450584
33DEFCDAD05F,Ridge,Vocabulary,4,3.63280964168,-0.36719035832,0.36719035832
33F18D5D8867,Ridge,Vocabulary,4,3.68971548105,-0.31028451895,0.31028451895
340BCFE7E249,Ridge,Vocabulary,3.5,3.2532064915,-0.2467935085,0.2467935085
34317A7F1262,Ridge,Vocabulary,2,2.87136818599,0.87136818599,0.87136818599
343A80DD6FB3,Ridge,Vocabulary,3,3.53238743052,0.53238743052,0.53238743052
34716B652420,Ridge,Vocabulary,2,2.36484065206,0.36484065206,0.36484065206
34A066E69905,Ridge,Vocabulary,3.5,3.42290710205,-0.07709289795,0.07709289795
34F016931102,Ridge,Vocabulary,3.5,3.35712592115,-0.14287407885,0.14287407885
3550660EE2EC,Ridge,Vocabulary,3,2.81999549712,-0.18000450288,0.18000450288
35E552843ADF,Ridge,Vocabulary,3.5,3.39372654522,-0.10627345478,0.10627345478
36A74F4F050A,Ridge,Vocabulary,3,2.79705684192,-0.20294315808,0.20294315808
37DD80EFE4D4,Ridge,Vocabulary,3,3.41850056691,0.41850056691,0.41850056691
380164B1BAB5,Ridge,Vocabulary,4,3.55348748745,-0.44651251255,0.44651251255
3814F9116CD1,Ridge,Vocabulary,3,3.21041760057,0.21041760057,0.21041760057
38452CB371C9,Ridge,Vocabulary,3,3.72519084462,0.72519084462,0.72519084462
3898358B58BB,Ridge,Vocabulary,3,3.24621125626,0.24621125626,0.24621125626
394F5867B7EC,Ridge,Vocabulary,3.5,3.38427475332,-0.11572524668,0.11572524668
39BB85E5CB5A,Ridge,Vocabulary,3,3.16892572258,0.16892572258,0.16892572258
3A38B9DD6723,Ridge,Vocabulary,3.5,3.41205307056,-0.08794692944,0.08794692944
3A71C888CE45,Ridge,Vocabulary,2.5,2.65376771902,0.15376771902,0.15376771902
3B81809AA132,Ridge,Vocabulary,3,3.00548263587,0.00548263587,0.00548263587
3B93AE972238,Ridge,Vocabulary,3,3.14571445282,0.14571445282,0.14571445282
3BDF36560245,Ridge,Vocabulary,3,2.56725547841,-0.43274452159,0.43274452159
3BFECA0F8470,Ridge,Vocabulary,3,3.43425364179,0.43425364179,0.43425364179
3C56844D4CF0,Ridge,Vocabulary,3,3.4663548191,0.4663548191,0.4663548191
3CD660D1E7BB,Ridge,Vocabulary,4,3.57912243643,-0.42087756357,0.42087756357
3D739817CC30,Ridge,Vocabulary,2.5,3.23792276751,0.73792276751,0.73792276751
3E7DE9C1C160,Ridge,Vocabulary,4,3.49603600279,-0.50396399721,0.50396399721
3EC60741B7BF,Ridge,Vocabulary,3,2.57103804123,-0.42896195877,0.42896195877
3F2941C11D95,Ridge,Vocabulary,4,3.66687619578,-0.33312380422,0.33312380422
3F4D8262235A,Ridge,Vocabulary,4,3.30783530838,-0.69216469162,0.69216469162
4032ED0063E4,Ridge,Vocabulary,3,3.012559712,0.012559712,0.012559712
40AF66A621E0,Ridge,Vocabulary,2.5,2.56277525848,0.06277525848,0.06277525848
410D72D3CCE8,Ridge,Vocabulary,3.5,3.53708156972,0.03708156972,0.03708156972
41D9F5D10332,Ridge,Vocabulary,4,3.16095602343,-0.83904397657,0.83904397657
4288F88C8D15,Ridge,Vocabulary,3,2.74739956714,-0.25260043286,0.25260043286
42BF43BF8DBE,Ridge,Vocabulary,3.5,3.21742969905,-0.28257030095,0.28257030095
4351657CEC2F,Ridge,Vocabulary,4,3.55016561854,-0.44983438146,0.44983438146
447221C3FA00,Ridge,Vocabulary,3,3.06066454153,0.06066454153,0.06066454153
4477C08B4960,Ridge,Vocabulary,3,3.19446641473,0.19446641473,0.19446641473
44C1594D0950,Ridge,Vocabulary,4,3.30443998428,-0.69556001572,0.69556001572
451A840C382E,Ridge,Vocabulary,3,3.33311683722,0.33311683722,0.33311683722
451E8369BB76,Ridge,Vocabulary,2.5,3.00134327156,0.50134327156,0.50134327156
453F18C3C8BD,Ridge,Vocabulary,2.5,2.21467674798,-0.28532325202,0.28532325202
45DF17CF4937,Ridge,Vocabulary,3.5,3.4683295085,-0.0316704915,0.0316704915
4608287E9B30,Ridge,Vocabulary,3,2.966067484,-0.033932516,0.033932516
462769ABDD5B,Ridge,Vocabulary,3.5,3.09473961426,-0.40526038574,0.40526038574
462832DCD932,Ridge,Vocabulary,2,3.19485293009,1.19485293009,1.19485293009
4665A1D77D6C,Ridge,Vocabulary,4,3.24748971623,-0.75251028377,0.75251028377
4744A861D13F,Ridge,Vocabulary,3.5,3.32552647208,-0.17447352792,0.17447352792
483EE18C996B,Ridge,Vocabulary,3.5,3.63178393739,0.13178393739,0.13178393739
48940AA0656E,Ridge,Vocabulary,2.5,3.13519121913,0.63519121913,0.63519121913
48ADCBFC8376,Ridge,Vocabulary,2.5,3.66918680563,1.16918680563,1.16918680563
48EA282A4EAF,Ridge,Vocabulary,1,2.54406663456,1.54406663456,1.54406663456
4906FE42D823,Ridge,Vocabulary,3.5,3.46046017545,-0.03953982455,0.03953982455
4967076F4E7F,Ridge,Vocabulary,3,3.06994592958,0.06994592958,0.06994592958
49C5BCE4CD28,Ridge,Vocabulary,3.5,2.94505331039,-0.55494668961,0.55494668961
4A38761A2CBB,Ridge,Vocabulary,4,3.22750420795,-0.77249579205,0.77249579205
4A4B45273A9D,Ridge,Vocabulary,3,2.93587241754,-0.06412758246,0.06412758246
4AF3A09B2EF7,Ridge,Vocabulary,3.5,3.35711269758,-0.14288730242,0.14288730242
4BF17A253013,Ridge,Vocabulary,3,2.58624837431,-0.41375162569,0.41375162569
4C3AFB55C4F7,Ridge,Vocabulary,3.5,3.51235917427,0.01235917427,0.01235917427
4D35A86F4929,Ridge,Vocabulary,3,3.38897516242,0.38897516242,0.38897516242
4D377B163021,Ridge,Vocabulary,3,2.92171139503,-0.07828860497,0.07828860497
4D65BE0B15B8,Ridge,Vocabulary,3.5,3.01626686304,-0.48373313696,0.48373313696
4DBC5B5272FF,Ridge,Vocabulary,3.5,3.70964369988,0.20964369988,0.20964369988
4E22E3143561,Ridge,Vocabulary,3.5,3.04297318445,-0.45702681555,0.45702681555
4E7DD441DAC8,Ridge,Vocabulary,2.5,2.6263724955,0.1263724955,0.1263724955
4E8ED336CF7E,Ridge,Vocabulary,2,2.72676307591,0.72676307591,0.72676307591
4EE0B81B9133,Ridge,Vocabulary,4,3.33163417997,-0.66836582003,0.66836582003
4EECC9B3CF7F,Ridge,Vocabulary,4,3.67642999109,-0.32357000891,0.32357000891
508A9EC12C44,Ridge,Vocabulary,3,3.28725189401,0.28725189401,0.28725189401
5098F28A2EF3,Ridge,Vocabulary,4,3.77641565641,-0.22358434359,0.22358434359
50E361CD561E,Ridge,Vocabulary,3.5,3.3977274388,-0.1022725612,0.1022725612
510CA49B78BB,Ridge,Vocabulary,4.5,3.44848727621,-1.05151272379,1.05151272379
51DA4BA94C7C,Ridge,Vocabulary,3.5,3.23126852603,-0.26873147397,0.26873147397
52DC3B7C3952,Ridge,Vocabulary,4.5,3.63660550745,-0.86339449255,0.86339449255
5384378F1AC2,Ridge,Vocabulary,4,3.38284639612,-0.61715360388,0.61715360388
53CF6D801CAF,Ridge,Vocabulary,5,3.54578202982,-1.45421797018,1.45421797018
53D17839AAC0,Ridge,Vocabulary,4,3.61141149697,-0.38858850303,0.38858850303
55C7EC027A88,Ridge,Vocabulary,4,3.85028917623,-0.14971082377,0.14971082377
5661280443,Ridge,Vocabulary,3.5,2.9820836245,-0.5179163755,0.5179163755
56E32CEEB127,Ridge,Vocabulary,3,3.18691308618,0.18691308618,0.18691308618
56F9E8427D97,Ridge,Vocabulary,4,3.67420269887,-0.32579730113,0.32579730113
57A750437C3A,Ridge,Vocabulary,4,3.04988105748,-0.95011894252,0.95011894252
58F6D70A2DC7,Ridge,Vocabulary,3,3.08024384308,0.08024384308,0.08024384308
597618D3F66C,Ridge,Vocabulary,3.5,3.31722657188,-0.18277342812,0.18277342812
599128B82FF0,Ridge,Vocabulary,3,3.40964137846,0.40964137846,0.40964137846
59ADAA4D04E5,Ridge,Vocabulary,1.5,2.38014679419,0.88014679419,0.88014679419
5A89482533D9,Ridge,Vocabulary,3,3.18353571567,0.18353571567,0.18353571567
5AA45740A848,Ridge,Vocabulary,3.5,3.29857612131,-0.20142387869,0.20142387869
5AAD796F4D6B,Ridge,Vocabulary,2.5,3.26486127661,0.76486127661,0.76486127661
5B2FC963E89D,Ridge,Vocabulary,3,3.53471463403,0.53471463403,0.53471463403
5BE99F2E4030,Ridge,Vocabulary,4,3.68305585308,-0.31694414692,0.31694414692
5C05D79FE75A,Ridge,Vocabulary,3,3.17318676018,0.17318676018,0.17318676018
5C3A7990C870,Ridge,Vocabulary,4,3.63358483235,-0.36641516765,0.36641516765
5C72AB0B1232,Ridge,Vocabulary,3.5,3.61968422972,0.11968422972,0.11968422972
5CB186BF742C,Ridge,Vocabulary,3.5,3.20008596955,-0.29991403045,0.29991403045
5D2B8506EC4F,Ridge,Vocabulary,2.5,2.45834479658,-0.04165520342,0.04165520342
5D693DD9978D,Ridge,Vocabulary,3,3.32312688826,0.32312688826,0.32312688826
5D7D1445A7CF,Ridge,Vocabulary,5,3.86627919666,-1.13372080334,1.13372080334
5E49CEB56FB3,Ridge,Vocabulary,3,2.90254773191,-0.09745226809,0.09745226809
5EA71157D48F,Ridge,Vocabulary,2.5,3.15304335442,0.65304335442,0.65304335442
5EFD8FA4133A,Ridge,Vocabulary,3,3.11549640069,0.11549640069,0.11549640069
5F370D929BA7,Ridge,Vocabulary,3,3.0523784252,0.0523784252,0.0523784252
5F5E1817CCA0,Ridge,Vocabulary,3,2.97333354738,-0.02666645262,0.02666645262
5FBDFD6DB173,Ridge,Vocabulary,2.5,2.94059193554,0.44059193554,0.44059193554
5FE4F223CEA8,Ridge,Vocabulary,2.5,2.98657480046,0.48657480046,0.48657480046
603863409B06,Ridge,Vocabulary,3.5,3.34051732477,-0.15948267523,0.15948267523
605BF3B67175,Ridge,Vocabulary,4,3.42012969861,-0.57987030139,0.57987030139
60FD2E2FB768,Ridge,Vocabulary,3.5,3.54040407952,0.04040407952,0.04040407952
610FA0016255,Ridge,Vocabulary,2.5,3.42115753051,0.92115753051,0.92115753051
6141DB282925,Ridge,Vocabulary,3,3.01977173204,0.01977173204,0.01977173204
616C3D5795E8,Ridge,Vocabulary,3,2.81443781519,-0.18556218481,0.18556218481
62B3C9C3398E,Ridge,Vocabulary,3.5,3.86537826325,0.36537826325,0.36537826325
62F7911DE51F,Ridge,Vocabulary,3,3.09395674191,0.09395674191,0.09395674191
64A8183557F7,Ridge,Vocabulary,3.5,3.24991207376,-0.25008792624,0.25008792624
65975436BE5C,Ridge,Vocabulary,4,3.6758173712,-0.3241826288,0.3241826288
66FF0907BF26,Ridge,Vocabulary,3.5,3.67730231511,0.17730231511,0.17730231511
6712BD512DB7,Ridge,Vocabulary,3.5,3.5702654954,0.0702654954,0.0702654954
681B9CD21B07,Ridge,Vocabulary,3.5,2.9738636057,-0.5261363943,0.5261363943
685ABA004ADB,Ridge,Vocabulary,4,3.39381068189,-0.60618931811,0.60618931811
6867A6767D25,Ridge,Vocabulary,4,3.57723093767,-0.42276906233,0.42276906233
69241D10E69A,Ridge,Vocabulary,3.5,3.52061393962,0.02061393962,0.02061393962
696B864AED8C,Ridge,Vocabulary,3.5,3.07652525042,-0.42347474958,0.42347474958
698A3F2B43B9,Ridge,Vocabulary,4,3.58146692027,-0.41853307973,0.41853307973
6AB122D640E1,Ridge,Vocabulary,3,3.31037355088,0.31037355088,0.31037355088
6B850987631D,Ridge,Vocabulary,3,3.29244254261,0.29244254261,0.29244254261
6BB4BEB51A80,Ridge,Vocabulary,3,3.39374940448,0.39374940448,0.39374940448
6BC83A3F4934,Ridge,Vocabulary,2.5,2.6369046958,0.1369046958,0.1369046958
6BE1E93612AE,Ridge,Vocabulary,3,2.91651665999,-0.08348334001,0.08348334001
6C16FC9FE7A4,Ridge,Vocabulary,3,2.88952282111,-0.11047717889,0.11047717889
6C802D3F5F2A,Ridge,Vocabulary,3.5,3.44780706525,-0.05219293475,0.05219293475
6C98327DA084,Ridge,Vocabulary,3,3.32255199323,0.32255199323,0.32255199323
6D06DAD5446C,Ridge,Vocabulary,3.5,3.03419862112,-0.46580137888,0.46580137888
6DB65C457200,Ridge,Vocabulary,3.5,3.40712058675,-0.09287941325,0.09287941325
6EE4A9C8F158,Ridge,Vocabulary,3.5,3.31520086509,-0.18479913491,0.18479913491
6FDAD6124B9E,Ridge,Vocabulary,3.5,3.56563387444,0.06563387444,0.06563387444
70041E13A0CC,Ridge,Vocabulary,3,3.69078432818,0.69078432818,0.69078432818
7007EB8E265D,Ridge,Vocabulary,3,3.62475551286,0.62475551286,0.62475551286
70E490A83717,Ridge,Vocabulary,3.5,3.63038590901,0.13038590901,0.13038590901
71A9098715EB,Ridge,Vocabulary,3.5,3.42251289753,-0.07748710247,0.07748710247
7203112033A1,Ridge,Vocabulary,3.5,3.44917061399,-0.05082938601,0.05082938601
7231635A63C8,Ridge,Vocabulary,3,2.76333921492,-0.23666078508,0.23666078508
72766FE38307,Ridge,Vocabulary,2.5,2.33886787479,-0.16113212521,0.16113212521
72913948CDAA,Ridge,Vocabulary,3,3.15256004702,0.15256004702,0.15256004702
7370AB0DDC7F,Ridge,Vocabulary,3,3.0784601772,0.0784601772,0.0784601772
7382F8B16AAF,Ridge,Vocabulary,3.5,3.17625760355,-0.32374239645,0.32374239645
73851AC4551C,Ridge,Vocabulary,3,3.55846517775,0.55846517775,0.55846517775
73930228893B,Ridge,Vocabulary,3,2.87571332897,-0.12428667103,0.12428667103
73A997703BC3,Ridge,Vocabulary,3.5,3.33654245004,-0.16345754996,0.16345754996
73D2B941F40F,Ridge,Vocabulary,3,3.27204998556,0.27204998556,0.27204998556
73D69658CF95,Ridge,Vocabulary,3.5,3.55946819202,0.05946819202,0.05946819202
7445CD7E0985,Ridge,Vocabulary,3,2.79169630025,-0.20830369975,0.20830369975
74CDAF3BB9EF,Ridge,Vocabulary,3,2.86337205172,-0.13662794828,0.13662794828
753E320B186B,Ridge,Vocabulary,3.5,3.16297324983,-0.33702675017,0.33702675017
757C5E55BA96,Ridge,Vocabulary,3,3.19667608956,0.19667608956,0.19667608956
763EF698F56B,Ridge,Vocabulary,3,2.86859101167,-0.13140898833,0.13140898833
772D27D400BB,Ridge,Vocabulary,2.5,2.57673610575,0.07673610575,0.07673610575
7797541CF0A6,Ridge,Vocabulary,3,3.4303287897,0.4303287897,0.4303287897
77A31D0A07A8,Ridge,Vocabulary,3,3.15298690661,0.15298690661,0.15298690661
78201045481,Ridge,Vocabulary,3.5,3.50223276623,0.00223276623,0.00223276623
785DBAB78957,Ridge,Vocabulary,3.5,3.36664016505,-0.13335983495,0.13335983495
78B6F383CD30,Ridge,Vocabulary,3,3.18873042582,0.18873042582,0.18873042582
78E8970D0C13,Ridge,Vocabulary,3,3.21559658621,0.21559658621,0.21559658621
790891A35047,Ridge,Vocabulary,4,3.30496477885,-0.69503522115,0.69503522115
79098D096CB8,Ridge,Vocabulary,2.5,2.59418236199,0.09418236199,0.09418236199
79484682B23E,Ridge,Vocabulary,3.5,3.30259366314,-0.19740633686,0.19740633686
7999A063F80E,Ridge,Vocabulary,3,3.82422110355,0.82422110355,0.82422110355
79D634E4575F,Ridge,Vocabulary,3,3.5858670998,0.5858670998,0.5858670998
7A0A80926A0D,Ridge,Vocabulary,2.5,2.45872087737,-0.04127912263,0.04127912263
7A6599531E9C,Ridge,Vocabulary,3,3.24534489875,0.24534489875,0.24534489875
7A66900A3812,Ridge,Vocabulary,2.5,2.78400035421,0.28400035421,0.28400035421
7A68E1FB7863,Ridge,Vocabulary,4,3.57876844763,-0.42123155237,0.42123155237
7B2B2910BB90,Ridge,Vocabulary,3,2.94169122952,-0.05830877048,0.05830877048
7B802407D629,Ridge,Vocabulary,3,3.42756487821,0.42756487821,0.42756487821
7CB712FD1253,Ridge,Vocabulary,4,3.22416052057,-0.77583947943,0.77583947943
7D1825E2F4AD,Ridge,Vocabulary,2.5,3.2874824558,0.7874824558,0.7874824558
7DDFB0CA2BF8,Ridge,Vocabulary,3,2.87239154825,-0.12760845175,0.12760845175
7E109A7AC169,Ridge,Vocabulary,3,3.60059897885,0.60059897885,0.60059897885
7E29ACA46157,Ridge,Vocabulary,3,3.50959112691,0.50959112691,0.50959112691
7E530A20DA68,Ridge,Vocabulary,4,3.33484787417,-0.66515212583,0.66515212583
7E669FF93EB9,Ridge,Vocabulary,3,3.41340412568,0.41340412568,0.41340412568
7F0703CF058E,Ridge,Vocabulary,3,3.70393156161,0.70393156161,0.70393156161
7F1E8663BAE8,Ridge,Vocabulary,3.5,2.86673331184,-0.63326668816,0.63326668816
806672A60686,Ridge,Vocabulary,2.5,3.17207459096,0.67207459096,0.67207459096
80AD3F379BD1,Ridge,Vocabulary,3,2.89254047068,-0.10745952932,0.10745952932
80DD7EE85BF7,Ridge,Vocabulary,3,3.03484062684,0.03484062684,0.03484062684
80F9E6D6503C,Ridge,Vocabulary,2.5,3.11825462921,0.61825462921,0.61825462921
81218F777A2F,Ridge,Vocabulary,4,3.80618814821,-0.19381185179,0.19381185179
8149E792E505,Ridge,Vocabulary,3,3.03122981828,0.03122981828,0.03122981828
81946793B89A,Ridge,Vocabulary,4,3.87509955903,-0.12490044097,0.12490044097
81D266D94D6D,Ridge,Vocabulary,4.5,3.89839829823,-0.60160170177,0.60160170177
82294A32E3E3,Ridge,Vocabulary,4,3.05889653074,-0.94110346926,0.94110346926
82722CEBCAB3,Ridge,Vocabulary,4,3.17556256214,-0.82443743786,0.82443743786
82BA3E4396CC,Ridge,Vocabulary,4,3.73734142969,-0.26265857031,0.26265857031
82F7210163B5,Ridge,Vocabulary,4,3.68477360748,-0.31522639252,0.31522639252
833F25175AFC,Ridge,Vocabulary,2.5,2.73835181704,0.23835181704,0.23835181704
83C48C5697AE,Ridge,Vocabulary,3,3.64803301872,0.64803301872,0.64803301872
852C90E3FA05,Ridge,Vocabulary,3,2.69304231676,-0.30695768324,0.30695768324
857B7FB712ED,Ridge,Vocabulary,3,2.56923832544,-0.43076167456,0.43076167456
858DFA7A9980,Ridge,Vocabulary,2.5,3.25461359227,0.75461359227,0.75461359227
85C71A1E0117,Ridge,Vocabulary,3,2.94076386589,-0.05923613411,0.05923613411
862ACD748291,Ridge,Vocabulary,2.5,2.61902171868,0.11902171868,0.11902171868
869CC4EDD3B5,Ridge,Vocabulary,3,3.07442185816,0.07442185816,0.07442185816
86B2AFB816D5,Ridge,Vocabulary,3.5,3.03239117431,-0.46760882569,0.46760882569
8772F74F5EE0,Ridge,Vocabulary,4,3.42210571375,-0.57789428625,0.57789428625
87A8B315A26E,Ridge,Vocabulary,3,2.96998116969,-0.03001883031,0.03001883031
8836B8EFCE5A,Ridge,Vocabulary,3,2.98220380258,-0.01779619742,0.01779619742
883C1EF358F6,Ridge,Vocabulary,3.5,3.47085623459,-0.02914376541,0.02914376541
88ECDCC89475,Ridge,Vocabulary,4,3.30149901438,-0.69850098562,0.69850098562
88FCD4D35128,Ridge,Vocabulary,3,3.35297885131,0.35297885131,0.35297885131
88FD7FAAFA90,Ridge,Vocabulary,3.5,3.57470751926,0.07470751926,0.07470751926
89ADE1CC1BEC,Ridge,Vocabulary,3.5,3.4932686473,-0.0067313527,0.0067313527
8A216BEDA4C2,Ridge,Vocabulary,4,3.06950119792,-0.93049880208,0.93049880208
8A80B525C75D,Ridge,Vocabulary,3,2.71691383073,-0.28308616927,0.28308616927
8AF043C98622,Ridge,Vocabulary,2.5,3.06435037738,0.56435037738,0.56435037738
8B1EB1890F9B,Ridge,Vocabulary,3,2.88395577024,-0.11604422976,0.11604422976
8C0C5CED34D5,Ridge,Vocabulary,3,3.04985748234,0.04985748234,0.04985748234
8C3993109983,Ridge,Vocabulary,3,3.33944613949,0.33944613949,0.33944613949
8D14BC33208D,Ridge,Vocabulary,2.5,2.81678785463,0.31678785463,0.31678785463
8D1CD79C0F8D,Ridge,Vocabulary,3.5,3.49540903737,-0.00459096263,0.00459096263
8D734AF72931,Ridge,Vocabulary,2.5,3.16025185796,0.66025185796,0.66025185796
8DD09D4FCD4F,Ridge,Vocabulary,4,3.83453811495,-0.16546188505,0.16546188505
8DF5D7CF4085,Ridge,Vocabulary,3.5,3.58448385683,0.08448385683,0.08448385683
8E10A6D2B272,Ridge,Vocabulary,3.5,3.25926951808,-0.24073048192,0.24073048192
8E5E6211E4D6,Ridge,Vocabulary,3.5,3.00949286662,-0.49050713338,0.49050713338
8E6F35BA3EE6,Ridge,Vocabulary,4,2.92409175233,-1.07590824767,1.07590824767
8E764A2C7266,Ridge,Vocabulary,3,2.78921253019,-0.21078746981,0.21078746981
8EE0540E163D,Ridge,Vocabulary,2,2.44337875585,0.44337875585,0.44337875585
8EF9BE158AD3,Ridge,Vocabulary,3.5,3.05690991257,-0.44309008743,0.44309008743
8F16365E363D,Ridge,Vocabulary,3,3.08692404375,0.08692404375,0.08692404375
8F6DFE02DF75,Ridge,Vocabulary,3,2.7600651394,-0.2399348606,0.2399348606
8FE04E30F621,Ridge,Vocabulary,3.5,3.41860187546,-0.08139812454,0.08139812454
9000217714BE,Ridge,Vocabulary,3.5,3.2779970817,-0.2220029183,0.2220029183
90526CA48E47,Ridge,Vocabulary,3.5,3.42619765175,-0.07380234825,0.07380234825
9086C0A2BF10,Ridge,Vocabulary,2.5,2.76293573082,0.26293573082,0.26293573082
918C1880FCD8,Ridge,Vocabulary,3.5,3.75007974736,0.25007974736,0.25007974736
92B418CEA06E,Ridge,Vocabulary,3.5,3.25556789497,-0.24443210503,0.24443210503
92CD1BD0C18F,Ridge,Vocabulary,3.5,3.07350604052,-0.42649395948,0.42649395948
9392E2E0AA1E,Ridge,Vocabulary,3,2.99555901547,-0.00444098453,0.00444098453
93B8C8DAFE20,Ridge,Vocabulary,3.5,3.51075836314,0.01075836314,0.01075836314
93DF867BE1C5,Ridge,Vocabulary,2.5,3.21651430788,0.71651430788,0.71651430788
940441D4CF9C,Ridge,Vocabulary,3.5,3.10348361697,-0.39651638303,0.39651638303
95540EBC3FC9,Ridge,Vocabulary,2.5,3.58095682467,1.08095682467,1.08095682467
95FD6DF25420,Ridge,Vocabulary,2.5,3.11716874834,0.61716874834,0.61716874834
9613CEAFE86E,Ridge,Vocabulary,3.5,3.61103321636,0.11103321636,0.11103321636
96220F2863D1,Ridge,Vocabulary,3.5,3.38959423047,-0.11040576953,0.11040576953
963AD357A595,Ridge,Vocabulary,2,2.61584787857,0.61584787857,0.61584787857
9715AAF5B952,Ridge,Vocabulary,3,3.32042272235,0.32042272235,0.32042272235
976E2E05C4EB,Ridge,Vocabulary,3.5,3.05151621123,-0.44848378877,0.44848378877
97A0FFE91A3E,Ridge,Vocabulary,3,3.29518304576,0.29518304576,0.29518304576
9801CF414927,Ridge,Vocabulary,3.5,2.9484466442,-0.5515533558,0.5515533558
988BFF516FA0,Ridge,Vocabulary,3,3.70346198624,0.70346198624,0.70346198624
98CD7819C7EF,Ridge,Vocabulary,3.5,3.2641007203,-0.2358992797,0.2358992797
98D8723E86D0,Ridge,Vocabulary,3.5,3.19946830534,-0.30053169466,0.30053169466
98D8FF9E3C56,Ridge,Vocabulary,4,3.64906075498,-0.35093924502,0.35093924502
992DB55B9726,Ridge,Vocabulary,3,2.72622187381,-0.27377812619,0.27377812619
997589EE26E6,Ridge,Vocabulary,3,2.40329928622,-0.59670071378,0.59670071378
99A3641592CA,Ridge,Vocabulary,3,3.3763069295,0.3763069295,0.3763069295
99CAD0AF3560,Ridge,Vocabulary,3,3.31478292173,0.31478292173,0.31478292173
9A5193D1C19B,Ridge,Vocabulary,3,3.66091411304,0.66091411304,0.66091411304
9ABF7B48B802,Ridge,Vocabulary,3,3.23654151052,0.23654151052,0.23654151052
9AC32EA4050B,Ridge,Vocabulary,3.5,3.36219850264,-0.13780149736,0.13780149736
9AC838864995,Ridge,Vocabulary,4,3.43478404328,-0.56521595672,0.56521595672
9ADC4A3BFDD0,Ridge,Vocabulary,3,3.39130397437,0.39130397437,0.39130397437
9B4C52064991,Ridge,Vocabulary,2.5,3.46845372705,0.96845372705,0.96845372705
9B5E878ED861,Ridge,Vocabulary,3.5,3.30841598883,-0.19158401117,0.19158401117
9BF717F45D68,Ridge,Vocabulary,3,3.08658489467,0.08658489467,0.08658489467
9C1B60E737FB,Ridge,Vocabulary,3.5,3.46039497015,-0.03960502985,0.03960502985
9C57307D58A5,Ridge,Vocabulary,3.5,2.91482842062,-0.58517157938,0.58517157938
9C601D9FCB5F,Ridge,Vocabulary,3.5,3.47274987033,-0.02725012967,0.02725012967
9C6132E41DDE,Ridge,Vocabulary,3,3.29964958345,0.29964958345,0.29964958345
9CB69011AE54,Ridge,Vocabulary,2.5,2.71530749228,0.21530749228,0.21530749228
9DA131E0F720,Ridge,Vocabulary,3,3.51464876889,0.51464876889,0.51464876889
9E478C982AD0,Ridge,Vocabulary,2.5,3.06707996091,0.56707996091,0.56707996091
9E817DB62497,Ridge,Vocabulary,3,3.18010037328,0.18010037328,0.18010037328
9EAB766AF4BE,Ridge,Vocabulary,3,3.65099165948,0.65099165948,0.65099165948
9EADCECA2FB8,Ridge,Vocabulary,3,2.58631663732,-0.41368336268,0.41368336268
9EBA120196BC,Ridge,Vocabulary,3,3.20356912649,0.20356912649,0.20356912649
9EC4A16802BF,Ridge,Vocabulary,4.5,3.51661161492,-0.98338838508,0.98338838508
9F27EAC1E27D,Ridge,Vocabulary,4,3.55511314106,-0.44488685894,0.44488685894
9F401E75755A,Ridge,Vocabulary,3,3.17716390717,0.17716390717,0.17716390717
9FD1F622BAC3,Ridge,Vocabulary,2.5,3.07196698732,0.57196698732,0.57196698732
9FDD8A146288,Ridge,Vocabulary,2.5,2.61501765573,0.11501765573,0.11501765573
A094036DE672,Ridge,Vocabulary,3.5,3.10413627197,-0.39586372803,0.39586372803
A0A2D6856B0E,Ridge,Vocabulary,3,3.11063940965,0.11063940965,0.11063940965
A0E95D8119F7,Ridge,Vocabulary,2.5,3.22039694524,0.72039694524,0.72039694524
A10755158FEF,Ridge,Vocabulary,3,3.25982814314,0.25982814314,0.25982814314
A10E91E49973,Ridge,Vocabulary,4,3.65937023672,-0.34062976328,0.34062976328
A11969208401,Ridge,Vocabulary,3,3.21284563751,0.21284563751,0.21284563751
A18B82F7407B,Ridge,Vocabulary,3.5,3.2720292911,-0.2279707089,0.2279707089
A1D0490FD324,Ridge,Vocabulary,3.5,3.47286450325,-0.02713549675,0.02713549675
A1DE235AFFC8,Ridge,Vocabulary,3,3.32550961923,0.32550961923,0.32550961923
A336FB5F2623,Ridge,Vocabulary,3.5,3.04958892215,-0.45041107785,0.45041107785
A38A3B76558A,Ridge,Vocabulary,3.5,3.34392922471,-0.15607077529,0.15607077529
A3A0AB366927,Ridge,Vocabulary,3.5,3.61950695939,0.11950695939,0.11950695939
A3E6A572C6E5,Ridge,Vocabulary,4,3.61185430809,-0.38814569191,0.38814569191
A47106D7B784,Ridge,Vocabulary,2.5,3.24082075581,0.74082075581,0.74082075581
A4C46FEBBCC4,Ridge,Vocabulary,3,3.20259206038,0.20259206038,0.20259206038
A4DA4201903F,Ridge,Vocabulary,2.5,2.49449942663,-0.00550057337,0.00550057337
A6745A8EE7AF,Ridge,Vocabulary,3.5,3.04496124801,-0.45503875199,0.45503875199
A6A6C7852F05,Ridge,Vocabulary,3,3.24455830991,0.24455830991,0.24455830991
A6BE0FAFA04B,Ridge,Vocabulary,3,3.2051194732,0.2051194732,0.2051194732
A72F4E50ED92,Ridge,Vocabulary,3.5,3.3932097535,-0.1067902465,0.1067902465
A764E2DFDDD7,Ridge,Vocabulary,3,2.9424016954,-0.0575983046,0.0575983046
A84FFDD09442,Ridge,Vocabulary,3.5,3.19842963062,-0.30157036938,0.30157036938
A87C80DEAB08,Ridge,Vocabulary,3,3.30131214017,0.30131214017,0.30131214017
A88FB1D1C8BD,Ridge,Vocabulary,3.5,3.10013653429,-0.39986346571,0.39986346571
A98482015F5A,Ridge,Vocabulary,4.5,3.74336902732,-0.75663097268,0.75663097268
AA0919FCDEDC,Ridge,Vocabulary,2,3.09383168549,1.09383168549,1.09383168549
AA8DA5629CBC,Ridge,Vocabulary,2.5,3.1871937734,0.6871937734,0.6871937734
AAF42F8A396F,Ridge,Vocabulary,3,2.78324409531,-0.21675590469,0.21675590469
AB2FD69DBACF,Ridge,Vocabulary,3,3.21794980993,0.21794980993,0.21794980993
AB6284069E18,Ridge,Vocabulary,3,3.49165587527,0.49165587527,0.49165587527
ABC59FCA6150,Ridge,Vocabulary,3,3.06399505323,0.06399505323,0.06399505323
ABFEE879153D,Ridge,Vocabulary,3.5,3.32246967114,-0.17753032886,0.17753032886
AC1F60D0F85D,Ridge,Vocabulary,3,3.34674681266,0.34674681266,0.34674681266
AC3111702C95,Ridge,Vocabulary,4,3.64177006296,-0.35822993704,0.35822993704
AC9719A6A375,Ridge,Vocabulary,4,3.40144366729,-0.59855633271,0.59855633271
AD175892EC1C,Ridge,Vocabulary,3.5,3.71123579482,0.21123579482,0.21123579482
AD5F7E8C127F,Ridge,Vocabulary,3.5,3.32611484265,-0.17388515735,0.17388515735
AE2E6B3472DB,Ridge,Vocabulary,3,3.1389902952,0.1389902952,0.1389902952
AE8A9585640A,Ridge,Vocabulary,3.5,2.97790660112,-0.52209339888,0.52209339888
AECE763751DB,Ridge,Vocabulary,3.5,3.05184893733,-0.44815106267,0.44815106267
AEDDD593BF0F,Ridge,Vocabulary,3,3.14943910098,0.14943910098,0.14943910098
AFB5CC3E27EB,Ridge,Vocabulary,3,3.39226068078,0.39226068078,0.39226068078
AFC600D922F6,Ridge,Vocabulary,3,2.99523236601,-0.00476763399,0.00476763399
AFE6CAE937D8,Ridge,Vocabulary,3,2.80137054027,-0.19862945973,0.19862945973
B0DFC5E93591,Ridge,Vocabulary,2,2.0007914604,0.0007914604,0.0007914604
B18BEE398BAD,Ridge,Vocabulary,2.5,2.3478264892,-0.1521735108,0.1521735108
B1BF25C4C28B,Ridge,Vocabulary,4,3.64388381336,-0.35611618664,0.35611618664
B2123357B114,Ridge,Vocabulary,3,3.20460535058,0.20460535058,0.20460535058
B23BDDB4B5FA,Ridge,Vocabulary,4,3.2604909722,-0.7395090278,0.7395090278
B261F438E0DA,Ridge,Vocabulary,3,3.11790847443,0.11790847443,0.11790847443
B2D03F892B0D,Ridge,Vocabulary,3,3.22747884582,0.22747884582,0.22747884582
B3AB4E6C5678,Ridge,Vocabulary,3,2.97228437985,-0.02771562015,0.02771562015
B469122B9ACB,Ridge,Vocabulary,3,3.13851580051,0.13851580051,0.13851580051
B46E31AA2653,Ridge,Vocabulary,3.5,3.36517454132,-0.13482545868,0.13482545868
B50C9D328FAD,Ridge,Vocabulary,4.5,3.45865456848,-1.04134543152,1.04134543152
B5106AB5C81C,Ridge,Vocabulary,2.5,2.86748094467,0.36748094467,0.36748094467
B543953F757A,Ridge,Vocabulary,3,3.49415043494,0.49415043494,0.49415043494
B5AE26EEE247,Ridge,Vocabulary,3.5,3.0448543235,-0.4551456765,0.4551456765
B5FFED1536FE,Ridge,Vocabulary,3,2.74116012708,-0.25883987292,0.25883987292
B68C62AB1515,Ridge,Vocabulary,4.5,3.64541860954,-0.85458139046,0.85458139046
B6D958C73D90,Ridge,Vocabulary,2.5,3.32137867615,0.82137867615,0.82137867615
B7626C8D1FAB,Ridge,Vocabulary,3.5,3.36111079047,-0.13888920953,0.13888920953
B794B3C07254,Ridge,Vocabulary,4,3.44252111565,-0.55747888435,0.55747888435
B7FABBC13A0F,Ridge,Vocabulary,3.5,3.87054667001,0.37054667001,0.37054667001
B7FCFC6A7011,Ridge,Vocabulary,3,2.61344015678,-0.38655984322,0.38655984322
B83DD09D3129,Ridge,Vocabulary,2,3.28953116328,1.28953116328,1.28953116328
B8656754E9EB,Ridge,Vocabulary,3.5,3.57279406324,0.07279406324,0.07279406324
B9A542B2C36C,Ridge,Vocabulary,3,3.25229433951,0.25229433951,0.25229433951
B9DABCFD687D,Ridge,Vocabulary,3,3.24104432049,0.24104432049,0.24104432049
BA9DA5122C58,Ridge,Vocabulary,4,3.42064592688,-0.57935407312,0.57935407312
BAD99FB704BB,Ridge,Vocabulary,4,3.14437687851,-0.85562312149,0.85562312149
BB18A75AC035,Ridge,Vocabulary,4,3.4039186149,-0.5960813851,0.5960813851
BB5D6C14712D,Ridge,Vocabulary,3,3.11593056859,0.11593056859,0.11593056859
BBB9D66F934C,Ridge,Vocabulary,3,3.19015686653,0.19015686653,0.19015686653
BC1F1C37721E,Ridge,Vocabulary,3.5,3.44393218981,-0.05606781019,0.05606781019
BC8115EEB029,Ridge,Vocabulary,2,3.53271983171,1.53271983171,1.53271983171
BDAE1D4B6C20,Ridge,Vocabulary,3.5,3.99289520986,0.49289520986,0.49289520986
BE1752DCF09C,Ridge,Vocabulary,3,2.81981730814,-0.18018269186,0.18018269186
BE4764F7BFF1,Ridge,Vocabulary,4,3.86152054153,-0.13847945847,0.13847945847
BEFA85A6134B,Ridge,Vocabulary,3,2.93883046973,-0.06116953027,0.06116953027
BF0AF86DFDE1,Ridge,Vocabulary,3.5,3.40890855537,-0.09109144463,0.09109144463
BF267B42A2A4,Ridge,Vocabulary,3,3.18594376754,0.18594376754,0.18594376754
BF580042A644,Ridge,Vocabulary,3,3.77464639686,0.77464639686,0.77464639686
BFAEA615906C,Ridge,Vocabulary,4,3.51709656748,-0.48290343252,0.48290343252
BFB07811C92D,Ridge,Vocabulary,3,3.05349629813,0.05349629813,0.05349629813
C01AC1CDDD65,Ridge,Vocabulary,3,2.65838066815,-0.34161933185,0.34161933185
C0643251A96A,Ridge,Vocabulary,3,2.6445316338,-0.3554683662,0.3554683662
C0B30026B439,Ridge,Vocabulary,3,3.21291405705,0.21291405705,0.21291405705
C15EC5707409,Ridge,Vocabulary,3,3.38673492345,0.38673492345,0.38673492345
C277BE295A41,Ridge,Vocabulary,3.5,3.88549382965,0.38549382965,0.38549382965
C2D061782462,Ridge,Vocabulary,3.5,3.37384654467,-0.12615345533,0.12615345533
C31C0ED2A05C,Ridge,Vocabulary,3,2.95779617792,-0.04220382208,0.04220382208
C37F09E24836,Ridge,Vocabulary,4,3.55468970098,-0.44531029902,0.44531029902
C40BB9E0BC6C,Ridge,Vocabulary,2.5,3.33717331381,0.83717331381,0.83717331381
C465964DA6D5,Ridge,Vocabulary,3,3.04568270288,0.04568270288,0.04568270288
C4A874260D21,Ridge,Vocabulary,3,3.23143562871,0.23143562871,0.23143562871
C548AD0C706C,Ridge,Vocabulary,3,2.94428820419,-0.05571179581,0.05571179581
C5DE10EA489B,Ridge,Vocabulary,4,3.23034138072,-0.76965861928,0.76965861928
C616CFDBCA6A,Ridge,Vocabulary,4.5,3.71775904842,-0.78224095158,0.78224095158
C662BDD50395,Ridge,Vocabulary,3.5,3.21082308935,-0.28917691065,0.28917691065
C6A047494477,Ridge,Vocabulary,2.5,2.34338600506,-0.15661399494,0.15661399494
C6DDD966C9FC,Ridge,Vocabulary,5,3.72966308872,-1.27033691128,1.27033691128
C70AEFA3CD16,Ridge,Vocabulary,3.5,3.19573383938,-0.30426616062,0.30426616062
C76DBCE18AF0,Ridge,Vocabulary,3.5,3.12586932123,-0.37413067877,0.37413067877
C7CE778367F6,Ridge,Vocabulary,3,3.63234975087,0.63234975087,0.63234975087
C82037D6072F,Ridge,Vocabulary,3,3.32701871653,0.32701871653,0.32701871653
C858F547F2AD,Ridge,Vocabulary,3.5,3.39331421062,-0.10668578938,0.10668578938
C8620D9D22DC,Ridge,Vocabulary,3,3.34064493901,0.34064493901,0.34064493901
C87D8E9C6248,Ridge,Vocabulary,2.5,2.86400756629,0.36400756629,0.36400756629
C8EF7048C03F,Ridge,Vocabulary,3,3.46559791487,0.46559791487,0.46559791487
C954A6D0B707,Ridge,Vocabulary,2.5,3.26004181354,0.76004181354,0.76004181354
C972C565A819,Ridge,Vocabulary,3,3.20957296989,0.20957296989,0.20957296989
CA3EB3AA11FC,Ridge,Vocabulary,1.5,1.69423491123,0.19423491123,0.19423491123
CA4941643D09,Ridge,Vocabulary,3,3.16400169921,0.16400169921,0.16400169921
CA58CF3D8943,Ridge,Vocabulary,3,2.98870262527,-0.01129737473,0.01129737473
CA64C82B0F26,Ridge,Vocabulary,2.5,2.85601601455,0.35601601455,0.35601601455
CA7CE4CE7ED3,Ridge,Vocabulary,3.5,3.30109499999,-0.19890500001,0.19890500001
CB120B25B46E,Ridge,Vocabulary,4,3.45053878353,-0.54946121647,0.54946121647
CB2F9A2B612B,Ridge,Vocabulary,3,3.36754477206,0.36754477206,0.36754477206
CBA73A4D5C18,Ridge,Vocabulary,3,2.95896502914,-0.04103497086,0.04103497086
CBDE3C526D05,Ridge,Vocabulary,3,3.05078706379,0.05078706379,0.05078706379
CBF103FE58DD,Ridge,Vocabulary,2.5,2.84043112639,0.34043112639,0.34043112639
CC11E4C2FE01,Ridge,Vocabulary,3,3.46677384234,0.46677384234,0.46677384234
CC149CD4B584,Ridge,Vocabulary,3,3.19144888166,0.19144888166,0.19144888166
CCA58535073C,Ridge,Vocabulary,3.5,3.29743604056,-0.20256395944,0.20256395944
CCB13E22A439,Ridge,Vocabulary,2.5,3.34973023627,0.84973023627,0.84973023627
CCDD77656701,Ridge,Vocabulary,3,3.61001466275,0.61001466275,0.61001466275
CD9AF89E5CA1,Ridge,Vocabulary,3.5,3.34288505185,-0.15711494815,0.15711494815
CDDAB6C29BF8,Ridge,Vocabulary,3,2.76927952347,-0.23072047653,0.23072047653
CDE661A599F5,Ridge,Vocabulary,4,3.52232548464,-0.47767451536,0.47767451536
CEC5B40D1688,Ridge,Vocabulary,4.5,3.79082199971,-0.70917800029,0.70917800029
CEC6870D564F,Ridge,Vocabulary,2,2.92067988155,0.92067988155,0.92067988155
CEE41F7526FA,Ridge,Vocabulary,3,3.38771618272,0.38771618272,0.38771618272
CEFDC545C24F,Ridge,Vocabulary,3.5,3.17685323665,-0.32314676335,0.32314676335
CF3DC2587708,Ridge,Vocabulary,3,2.91800509563,-0.08199490437,0.08199490437
CFD454F55693,Ridge,Vocabulary,3,2.69070330876,-0.30929669124,0.30929669124
D001F6D3A0D0,Ridge,Vocabulary,4,3.27596298422,-0.72403701578,0.72403701578
D01F88C1F2A0,Ridge,Vocabulary,3,3.37694855019,0.37694855019,0.37694855019
D03AC4A82463,Ridge,Vocabulary,2.5,2.75327678005,0.25327678005,0.25327678005
D06EDF336392,Ridge,Vocabulary,2.5,3.51418604934,1.01418604934,1.01418604934
D14413B502FD,Ridge,Vocabulary,3,3.65304626356,0.65304626356,0.65304626356
D175411080CC,Ridge,Vocabulary,3.5,3.48076466589,-0.01923533411,0.01923533411
D1769512AB23,Ridge,Vocabulary,2,2.66369893243,0.66369893243,0.66369893243
D184EDBFB3B8,Ridge,Vocabulary,3,3.3162262175,0.3162262175,0.3162262175
D1A682106D3C,Ridge,Vocabulary,3,3.34632171616,0.34632171616,0.34632171616
D1B9A2A7BEDA,Ridge,Vocabulary,3.5,3.16112574658,-0.33887425342,0.33887425342
D1D770AF6855,Ridge,Vocabulary,5,3.59028900774,-1.40971099226,1.40971099226
D2517350CB3A,Ridge,Vocabulary,3.5,3.2868049477,-0.2131950523,0.2131950523
D25868F1C5C3,Ridge,Vocabulary,2.5,3.13554534953,0.63554534953,0.63554534953
D2FB14A7C43B,Ridge,Vocabulary,3,3.30319049258,0.30319049258,0.30319049258
D326DB3F4FCF,Ridge,Vocabulary,3,2.52220155036,-0.47779844964,0.47779844964
D344D0003B84,Ridge,Vocabulary,3.5,3.71992288724,0.21992288724,0.21992288724
D3612C6F0653,Ridge,Vocabulary,3,3.1192729198,0.1192729198,0.1192729198
D3F44CC7EC17,Ridge,Vocabulary,4,3.27192864884,-0.72807135116,0.72807135116
D41787486DA6,Ridge,Vocabulary,2.5,2.7015271979,0.2015271979,0.2015271979
D42B6354404D,Ridge,Vocabulary,3,3.19022941772,0.19022941772,0.19022941772
D5AC4A35BAF8,Ridge,Vocabulary,3.5,3.07607908285,-0.42392091715,0.42392091715
D5C7212A31FD,Ridge,Vocabulary,2,2.95832718785,0.95832718785,0.95832718785
D5C7AA1266CC,Ridge,Vocabulary,3.5,3.41940292387,-0.08059707613,0.08059707613
D5E3716C5E49,Ridge,Vocabulary,4,3.40127831315,-0.59872168685,0.59872168685
D6278021E119,Ridge,Vocabulary,3.5,2.64968438242,-0.85031561758,0.85031561758
D6407F1D3515,Ridge,Vocabulary,3.5,3.34584070088,-0.15415929912,0.15415929912
D669349412FB,Ridge,Vocabulary,2,3.0534248297,1.0534248297,1.0534248297
D7301CAAFAB0,Ridge,Vocabulary,2.5,2.86708454642,0.36708454642,0.36708454642
D760EF65B80C,Ridge,Vocabulary,3,3.45034269991,0.45034269991,0.45034269991
D779EEB6F8BC,Ridge,Vocabulary,3,3.32289531044,0.32289531044,0.32289531044
D81AEDF6E262,Ridge,Vocabulary,3,3.70004979611,0.70004979611,0.70004979611
D840D9ED669C,Ridge,Vocabulary,3,2.68041287231,-0.31958712769,0.31958712769
D9018539576D,Ridge,Vocabulary,4.5,3.92786702304,-0.57213297696,0.57213297696
D91D25F55AD9,Ridge,Vocabulary,3.5,3.6254588541,0.1254588541,0.1254588541
D92BFF2AC7FD,Ridge,Vocabulary,3,3.40621335577,0.40621335577,0.40621335577
D96EF27304E5,Ridge,Vocabulary,3.5,3.37164587043,-0.12835412957,0.12835412957
D9FC1CDE9B10,Ridge,Vocabulary,3,2.92420794774,-0.07579205226,0.07579205226
DA228B928B61,Ridge,Vocabulary,3.5,3.40687635749,-0.09312364251,0.09312364251
DA674E9EB26C,Ridge,Vocabulary,3.5,3.10379659763,-0.39620340237,0.39620340237
DA86BC9B9FB6,Ridge,Vocabulary,4,3.31058964778,-0.68941035222,0.68941035222
DA8E64EC1304,Ridge,Vocabulary,3,2.52336929956,-0.47663070044,0.47663070044
DB050381035B,Ridge,Vocabulary,2,3.13381724541,1.13381724541,1.13381724541
DB2E935F461F,Ridge,Vocabulary,3.5,3.49150229455,-0.00849770545,0.00849770545
DB69B98973B6,Ridge,Vocabulary,4,3.39492319547,-0.60507680453,0.60507680453
DB85B6DDB462,Ridge,Vocabulary,3,2.95975920907,-0.04024079093,0.04024079093
DBAB680CBC5D,Ridge,Vocabulary,3,2.96271055128,-0.03728944872,0.03728944872
DC1271D1294D,Ridge,Vocabulary,4,3.44514123266,-0.55485876734,0.55485876734
DC391957FF10,Ridge,Vocabulary,3,2.76167887982,-0.23832112018,0.23832112018
DC467256CD82,Ridge,Vocabulary,4,3.79910587719,-0.20089412281,0.20089412281
DC56EF65D59D,Ridge,Vocabulary,3.5,3.2592662195,-0.2407337805,0.2407337805
DC7F27315FCF,Ridge,Vocabulary,3.5,3.3675582395,-0.1324417605,0.1324417605
DCCA609D1212,Ridge,Vocabulary,3,3.43983825814,0.43983825814,0.43983825814
DCED139D2C03,Ridge,Vocabulary,3,3.25435280851,0.25435280851,0.25435280851
DCF9F70FBA91,Ridge,Vocabulary,4,3.29641047106,-0.70358952894,0.70358952894
DCFBEEAC3AA8,Ridge,Vocabulary,2.5,2.82779548976,0.32779548976,0.32779548976
DD96F81877AF,Ridge,Vocabulary,3.5,2.80070903927,-0.69929096073,0.69929096073
DDB673D3627D,Ridge,Vocabulary,3,3.42799601912,0.42799601912,0.42799601912
DDD24AF9146F,Ridge,Vocabulary,4,3.45996674141,-0.54003325859,0.54003325859
DE54F3466948,Ridge,Vocabulary,3,3.06052093,0.06052093,0.06052093
DE8162CAC353,Ridge,Vocabulary,3,3.09146176408,0.09146176408,0.09146176408
DE841BF24A2F,Ridge,Vocabulary,3.5,3.46387294205,-0.03612705795,0.03612705795
DEB7816C7CAF,Ridge,Vocabulary,2.5,2.65620797518,0.15620797518,0.15620797518
DEC50B420484,Ridge,Vocabulary,3,3.21358878899,0.21358878899,0.21358878899
DEDCC703F6FC,Ridge,Vocabulary,3.5,3.63758628983,0.13758628983,0.13758628983
DF328FBE5029,Ridge,Vocabulary,3,2.74004484661,-0.25995515339,0.25995515339
DFD93C26F453,Ridge,Vocabulary,3,2.99389128624,-0.00610871376,0.00610871376
E04208981449,Ridge,Vocabulary,4,3.37853084551,-0.62146915449,0.62146915449
E0BDF62838F7,Ridge,Vocabulary,2.5,2.96491843151,0.46491843151,0.46491843151
E1EC4869981F,Ridge,Vocabulary,4.5,3.46983064638,-1.03016935362,1.03016935362
E21BAA47A9F4,Ridge,Vocabulary,4,3.68158610442,-0.31841389558,0.31841389558
E24ADB91F6D3,Ridge,Vocabulary,3,3.23465156821,0.23465156821,0.23465156821
E2A60C034849,Ridge,Vocabulary,2.5,3.06003647685,0.56003647685,0.56003647685
E2C3F26AB94D,Ridge,Vocabulary,4.5,3.07740867887,-1.42259132113,1.42259132113
E2E6984894BC,Ridge,Vocabulary,2.5,2.5255301034,0.0255301034,0.0255301034
E2FC55BF5005,Ridge,Vocabulary,3.5,3.31851369391,-0.18148630609,0.18148630609
E3096B04916A,Ridge,Vocabulary,4,3.66598834399,-0.33401165601,0.33401165601
E312449DF480,Ridge,Vocabulary,3,3.16661344515,0.16661344515,0.16661344515
E31B2A06C28C,Ridge,Vocabulary,3,3.40945067654,0.40945067654,0.40945067654
E353A05E7C8C,Ridge,Vocabulary,3,3.20969202973,0.20969202973,0.20969202973
E3CCA8712549,Ridge,Vocabulary,4,3.29544626531,-0.70455373469,0.70455373469
E429DAB69106,Ridge,Vocabulary,3.5,3.32369835413,-0.17630164587,0.17630164587
E43EB471951D,Ridge,Vocabulary,2,2.83227681653,0.83227681653,0.83227681653
E47A7E497F78,Ridge,Vocabulary,3,3.2018370713,0.2018370713,0.2018370713
E4F813D54870,Ridge,Vocabulary,3,3.42393210425,0.42393210425,0.42393210425
E55289EA6492,Ridge,Vocabulary,2.5,2.77239365995,0.27239365995,0.27239365995
E5621447B675,Ridge,Vocabulary,2,2.44397439678,0.44397439678,0.44397439678
E5F1CCC31762,Ridge,Vocabulary,3.5,3.04960239636,-0.45039760364,0.45039760364
E6122E9ABFA3,Ridge,Vocabulary,3,3.28425697748,0.28425697748,0.28425697748
E71DABB44645,Ridge,Vocabulary,3.5,3.47069252494,-0.02930747506,0.02930747506
E73CF852AC12,Ridge,Vocabulary,3.5,3.52286055371,0.02286055371,0.02286055371
E7EFD51B632F,Ridge,Vocabulary,5,3.73718712796,-1.26281287204,1.26281287204
E7F9A77683D2,Ridge,Vocabulary,3,3.02280105484,0.02280105484,0.02280105484
E8257C027079,Ridge,Vocabulary,3,3.16532415387,0.16532415387,0.16532415387
E877D5AD16DA,Ridge,Vocabulary,3,3.16666665412,0.16666665412,0.16666665412
E89C57CE37A6,Ridge,Vocabulary,2.5,2.83209716878,0.33209716878,0.33209716878
E8C3FA5907B0,Ridge,Vocabulary,3,3.43968947676,0.43968947676,0.43968947676
E8E07D453C9B,Ridge,Vocabulary,3,3.44237689501,0.44237689501,0.44237689501
E8F77B7EB4D9,Ridge,Vocabulary,3.5,3.15968706839,-0.34031293161,0.34031293161
E952F0EB5083,Ridge,Vocabulary,3,3.35428901278,0.35428901278,0.35428901278
E974548BFD00,Ridge,Vocabulary,3.5,3.68458539846,0.18458539846,0.18458539846
EA105A8B8699,Ridge,Vocabulary,3,3.24817306432,0.24817306432,0.24817306432
EA42A6028804,Ridge,Vocabulary,3.5,3.59600493145,0.09600493145,0.09600493145
EA5B3C8E09D1,Ridge,Vocabulary,3.5,3.31114582285,-0.18885417715,0.18885417715
EAE71A9E0247,Ridge,Vocabulary,2.5,3.06332797294,0.56332797294,0.56332797294
EB5924FBD25C,Ridge,Vocabulary,4,3.29608602884,-0.70391397116,0.70391397116
EB8030177678,Ridge,Vocabulary,3.5,3.11704199072,-0.38295800928,0.38295800928
EC2758A5B74E,Ridge,Vocabulary,4.5,3.9783300604,-0.5216699396,0.5216699396
EC35456D4E07,Ridge,Vocabulary,2.5,3.19877701451,0.69877701451,0.69877701451
EC5138D8C9D6,Ridge,Vocabulary,3,2.07613398233,-0.92386601767,0.92386601767
ECC9E84CD3D1,Ridge,Vocabulary,3,3.22202239699,0.22202239699,0.22202239699
ED0A8E614649,Ridge,Vocabulary,4,3.70300183494,-0.29699816506,0.29699816506
ED35A1FF5ACC,Ridge,Vocabulary,3.5,3.46101044349,-0.03898955651,0.03898955651
EDA3FF6D2DCA,Ridge,Vocabulary,2,3.29982625262,1.29982625262,1.29982625262
EDE0A58B0B47,Ridge,Vocabulary,3,3.20884142984,0.20884142984,0.20884142984
EE3E133A2D55,Ridge,Vocabulary,3,3.85958054094,0.85958054094,0.85958054094
EE855A723FE0,Ridge,Vocabulary,2.5,3.47542760551,0.97542760551,0.97542760551
EE9EA950AAE1,Ridge,Vocabulary,2.5,2.92156849766,0.42156849766,0.42156849766
EEB113169637,Ridge,Vocabulary,3,3.27140167475,0.27140167475,0.27140167475
EF2E939F92B2,Ridge,Vocabulary,3.5,3.25798965037,-0.24201034963,0.24201034963
EF4966D17FFB,Ridge,Vocabulary,3,3.29408273076,0.29408273076,0.29408273076
EF7E0CBD62D2,Ridge,Vocabulary,3,2.7735326223,-0.2264673777,0.2264673777
EFBF293CC2AF,Ridge,Vocabulary,4,3.59613979872,-0.40386020128,0.40386020128
EFD7D87EF4C9,Ridge,Vocabulary,4,3.37674827575,-0.62325172425,0.62325172425
EFDC396D9F7A,Ridge,Vocabulary,3,2.66443438957,-0.33556561043,0.33556561043
EFF1803E4B81,Ridge,Vocabulary,3,3.45777436015,0.45777436015,0.45777436015
F0116D8BA334,Ridge,Vocabulary,3,3.63232802022,0.63232802022,0.63232802022
F0524CAE23DC,Ridge,Vocabulary,3,2.92978100257,-0.07021899743,0.07021899743
F074C2FEC1AF,Ridge,Vocabulary,3.5,3.44743984922,-0.05256015078,0.05256015078
F075F9AD2AA4,Ridge,Vocabulary,2.5,3.30868010287,0.80868010287,0.80868010287
F07EB7B6F40E,Ridge,Vocabulary,3.5,3.44257693437,-0.05742306563,0.05742306563
F12FEB0FE5B6,Ridge,Vocabulary,3,3.08160430907,0.08160430907,0.08160430907
F1596AB60E72,Ridge,Vocabulary,4,3.29322879081,-0.70677120919,0.70677120919
F160E7B1FD96,Ridge,Vocabulary,3,3.44174075129,0.44174075129,0.44174075129
F17F4DF6095D,Ridge,Vocabulary,2.5,3.53349449657,1.03349449657,1.03349449657
F1883C3A8C1E,Ridge,Vocabulary,2.5,3.21550491093,0.71550491093,0.71550491093
F1B1760AD63F,Ridge,Vocabulary,3,3.15226500052,0.15226500052,0.15226500052
F1B4412674FE,Ridge,Vocabulary,4,3.35839896319,-0.64160103681,0.64160103681
F1DF4F89F70D,Ridge,Vocabulary,3,3.51857717194,0.51857717194,0.51857717194
F2A721819364,Ridge,Vocabulary,3.5,3.27937453326,-0.22062546674,0.22062546674
F2C012ECBF9C,Ridge,Vocabulary,3,2.88211219207,-0.11788780793,0.11788780793
F30AD5A2B74A,Ridge,Vocabulary,2.5,3.12508850209,0.62508850209,0.62508850209
F347A054A1AF,Ridge,Vocabulary,3.5,3.37808327874,-0.12191672126,0.12191672126
F3996EB91406,Ridge,Vocabulary,2.5,2.52274300896,0.02274300896,0.02274300896
F39FFFB63840,Ridge,Vocabulary,3,2.38723145859,-0.61276854141,0.61276854141
F3B7C2480747,Ridge,Vocabulary,2.5,3.15350964823,0.65350964823,0.65350964823
F3BFC265844A,Ridge,Vocabulary,2.5,2.79654389448,0.29654389448,0.29654389448
F44D5A636C2F,Ridge,Vocabulary,3,2.90464756412,-0.09535243588,0.09535243588
F49521C3494B,Ridge,Vocabulary,3,3.34222091069,0.34222091069,0.34222091069
F4B3B2CAB030,Ridge,Vocabulary,3,3.47884454479,0.47884454479,0.47884454479
F4C52358CE03,Ridge,Vocabulary,2.5,3.1202920519,0.6202920519,0.6202920519
F4D07B2A60F9,Ridge,Vocabulary,3,2.76158579894,-0.23841420106,0.23841420106
F53E50C57938,Ridge,Vocabulary,3.5,3.40504942637,-0.09495057363,0.09495057363
F58106266977,Ridge,Vocabulary,3.5,3.28956996413,-0.21043003587,0.21043003587
F5EFA67354E6,Ridge,Vocabulary,3,3.19014358674,0.19014358674,0.19014358674
F66B2BAB7E4C,Ridge,Vocabulary,3,3.37059382762,0.37059382762,0.37059382762
F6886170FAA3,Ridge,Vocabulary,3,3.06704795651,0.06704795651,0.06704795651
F6B1E10F02C8,Ridge,Vocabulary,3,2.76365051462,-0.23634948538,0.23634948538
F6DEF203DCD1,Ridge,Vocabulary,3.5,3.35415393944,-0.14584606056,0.14584606056
F72B0C4DB804,Ridge,Vocabulary,3.5,3.63328820864,0.13328820864,0.13328820864
F75D6E5CCE78,Ridge,Vocabulary,3,3.42988918279,0.42988918279,0.42988918279
F771A9924D56,Ridge,Vocabulary,3,3.22317271438,0.22317271438,0.22317271438
F78366DD5A31,Ridge,Vocabulary,3.5,3.69103181297,0.19103181297,0.19103181297
F79EB8CBE0FE,Ridge,Vocabulary,3,3.08130045776,0.08130045776,0.08130045776
F7CC31D47F06,Ridge,Vocabulary,3,3.22804910256,0.22804910256,0.22804910256
F7CF6202A7FA,Ridge,Vocabulary,4,3.25651934729,-0.74348065271,0.74348065271
F7DF6ABE8573,Ridge,Vocabulary,4,4.07247537495,0.07247537495,0.07247537495
F7FD0CB34BBC,Ridge,Vocabulary,3.5,3.47671484885,-0.02328515115,0.02328515115
F83702EEB830,Ridge,Vocabulary,3,3.28848794089,0.28848794089,0.28848794089
F8F7785B285B,Ridge,Vocabulary,2.5,2.6793169332,0.1793169332,0.1793169332
F8FE459205F4,Ridge,Vocabulary,3,3.48067134803,0.48067134803,0.48067134803
F90A25704212,Ridge,Vocabulary,4,3.69565463096,-0.30434536904,0.30434536904
F9111CF0A009,Ridge,Vocabulary,3,3.23312147044,0.23312147044,0.23312147044
F91EFD0443E6,Ridge,Vocabulary,4.5,3.67949147108,-0.82050852892,0.82050852892
F95CE6B81C75,Ridge,Vocabulary,4,3.36628712541,-0.63371287459,0.63371287459
F998E8BD71CF,Ridge,Vocabulary,4,2.93620551695,-1.06379448305,1.06379448305
F9DDE725DB74,Ridge,Vocabulary,3,3.13350442228,0.13350442228,0.13350442228
F9FEE5DC1640,Ridge,Vocabulary,3,3.10234174556,0.10234174556,0.10234174556
FA0A22FE957A,Ridge,Vocabulary,2.5,3.27903722402,0.77903722402,0.77903722402
FA145FA7B678,Ridge,Vocabulary,3,2.23528952467,-0.76471047533,0.76471047533
FA38957FCAF6,Ridge,Vocabulary,2.5,2.43595376185,-0.06404623815,0.06404623815
FA43581AD6D1,Ridge,Vocabulary,3.5,3.03028095967,-0.46971904033,0.46971904033
FA5BCD4CBF5A,Ridge,Vocabulary,3.5,3.07089405802,-0.42910594198,0.42910594198
FA63EE28501A,Ridge,Vocabulary,3,3.30740567787,0.30740567787,0.30740567787
FA87416EF173,Ridge,Vocabulary,2.5,2.38721692866,-0.11278307134,0.11278307134
FAAFFC983E47,Ridge,Vocabulary,2.5,3.43869943228,0.93869943228,0.93869943228
FAF2897C9B65,Ridge,Vocabulary,4,2.9973512381,-1.0026487619,1.0026487619
FB4D3D883D49,Ridge,Vocabulary,2.5,3.43856350542,0.93856350542,0.93856350542
FB68439D9CBA,Ridge,Vocabulary,3,3.05643538694,0.05643538694,0.05643538694
FB70FE5B31A8,Ridge,Vocabulary,3.5,3.56277834239,0.06277834239,0.06277834239
FC2D44D20533,Ridge,Vocabulary,3,3.00636240143,0.00636240143,0.00636240143
FC343CFBE807,Ridge,Vocabulary,4,3.47750571696,-0.52249428304,0.52249428304
FC69DC957116,Ridge,Vocabulary,3,2.92324558606,-0.07675441394,0.07675441394
FC831CB27E25,Ridge,Vocabulary,3,2.77141098304,-0.22858901696,0.22858901696
FC86782120D3,Ridge,Vocabulary,2,3.01517633107,1.01517633107,1.01517633107
FCD0FB7FE622,Ridge,Vocabulary,2,3.07371626936,1.07371626936,1.07371626936
FD22ECF287BD,Ridge,Vocabulary,4,3.43047249571,-0.56952750429,0.56952750429
FD48D4BB6F06,Ridge,Vocabulary,4,3.69237167622,-0.30762832378,0.30762832378
FDE0B653AD74,Ridge,Vocabulary,3.5,3.73146587585,0.23146587585,0.23146587585
FE1D0E5EA2EB,Ridge,Vocabulary,3.5,3.26903271256,-0.23096728744,0.23096728744
FE31D12E44FE,Ridge,Vocabulary,2.5,2.52967679627,0.02967679627,0.02967679627
FE60E597467E,Ridge,Vocabulary,4,3.60867411859,-0.39132588141,0.39132588141
FE6D9B200002,Ridge,Vocabulary,2.5,2.68449681549,0.18449681549,0.18449681549
FED42BB10805,Ridge,Vocabulary,3,2.11265828432,-0.88734171568,0.88734171568
FF190BD8380B,Ridge,Vocabulary,3.5,3.3240294086,-0.1759705914,0.1759705914
FF6F91DC4170,Ridge,Vocabulary,4,3.35345185441,-0.64654814559,0.64654814559
FF7FE6BD8509,Ridge,Vocabulary,3.5,3.48456491238,-0.01543508762,0.01543508762
FFA6690BC309,Ridge,Vocabulary,4,3.5071335517,-0.4928664483,0.4928664483
FFAEAF8D0C90,Ridge,Vocabulary,2.5,2.46952174395,-0.03047825605,0.03047825605
0022683E9EA5,Random Forest,Vocabulary,3,3.0675595469,0.0675595469,0.0675595469
009F4E9310CB,Random Forest,Vocabulary,3.5,3.24869059061,-0.25130940939,0.25130940939
011AAA636F11,Random Forest,Vocabulary,3,3.46175025651,0.46175025651,0.46175025651
032EA4B76BF5,Random Forest,Vocabulary,3,3.12142063492,0.12142063492,0.12142063492
038480498E5A,Random Forest,Vocabulary,3.5,3.39328237281,-0.10671762719,0.10671762719
03A3B40D651B,Random Forest,Vocabulary,3.5,3.26534254608,-0.23465745392,0.23465745392
043B9F48FDC2,Random Forest,Vocabulary,3,3.35697243709,0.35697243709,0.35697243709
04788D56AC58,Random Forest,Vocabulary,3,2.9387044629,-0.0612955371,0.0612955371
047BD3CB80B4,Random Forest,Vocabulary,4,3.76256850927,-0.23743149073,0.23743149073
05021F4CA528,Random Forest,Vocabulary,3,2.80780002742,-0.19219997258,0.19219997258
0506BAC596A7,Random Forest,Vocabulary,2.5,2.9180279561,0.4180279561,0.4180279561
050BFA60C6AF,Random Forest,Vocabulary,2.5,2.98928438825,0.48928438825,0.48928438825
0514D25768A0,Random Forest,Vocabulary,2,3.20586398507,1.20586398507,1.20586398507
057E81E19740,Random Forest,Vocabulary,3,3.08791912393,0.08791912393,0.08791912393
05903AA4540F,Random Forest,Vocabulary,2.5,3.22462150644,0.72462150644,0.72462150644
05F54CEC774B,Random Forest,Vocabulary,3,3.37190404127,0.37190404127,0.37190404127
061AF57CB05C,Random Forest,Vocabulary,3,2.93961936042,-0.06038063958,0.06038063958
063F809DE304,Random Forest,Vocabulary,3,3.61679894624,0.61679894624,0.61679894624
06C9FC1267BB,Random Forest,Vocabulary,3.5,3.12749484612,-0.37250515388,0.37250515388
06E81109FE92,Random Forest,Vocabulary,3,2.86062731205,-0.13937268795,0.13937268795
07DFD9A0986B,Random Forest,Vocabulary,3,3.06277511385,0.06277511385,0.06277511385
07E1633CC87A,Random Forest,Vocabulary,3.5,3.11125581081,-0.38874418919,0.38874418919
08B72DCFD859,Random Forest,Vocabulary,3,3.22988356513,0.22988356513,0.22988356513
08FAE6E0BDCC,Random Forest,Vocabulary,3,3.12921370199,0.12921370199,0.12921370199
0943E322C195,Random Forest,Vocabulary,4,3.27933110162,-0.72066889838,0.72066889838
0A324290AFE7,Random Forest,Vocabulary,3.5,3.21139938579,-0.28860061421,0.28860061421
0ACB3F8B9DF8,Random Forest,Vocabulary,3,3.05638648963,0.05638648963,0.05638648963
0AF4F757FBEA,Random Forest,Vocabulary,3,2.74587679501,-0.25412320499,0.25412320499
0AFAD06336F3,Random Forest,Vocabulary,3,3.75566179889,0.75566179889,0.75566179889
0AFC8CE27321,Random Forest,Vocabulary,4.5,3.2694680035,-1.2305319965,1.2305319965
0AFEC3CC53B5,Random Forest,Vocabulary,3,2.88385496711,-0.11614503289,0.11614503289
0B1599B11FCF,Random Forest,Vocabulary,3,3.1613440616,0.1613440616,0.1613440616
0B6316123881,Random Forest,Vocabulary,3,2.80773952465,-0.19226047535,0.19226047535
0BB7AF7A448C,Random Forest,Vocabulary,3,3.34951781806,0.34951781806,0.34951781806
0C91926E2BC6,Random Forest,Vocabulary,3,3.25399155093,0.25399155093,0.25399155093
0D9288F0A6C9,Random Forest,Vocabulary,3.5,3.01581513579,-0.48418486421,0.48418486421
0DB44DDF91E6,Random Forest,Vocabulary,3,2.81112132946,-0.18887867054,0.18887867054
0E03218FDD2F,Random Forest,Vocabulary,4,4.0272294035,0.0272294035,0.0272294035
0E14B9D24898,Random Forest,Vocabulary,2,2.79541799277,0.79541799277,0.79541799277
0E26C20CFBBE,Random Forest,Vocabulary,3,3.44248120568,0.44248120568,0.44248120568
0E4FA5AC1EC1,Random Forest,Vocabulary,4.5,3.59524747733,-0.90475252267,0.90475252267
0F8436260047,Random Forest,Vocabulary,3,3.40040797439,0.40040797439,0.40040797439
0FFB44B5D0C2,Random Forest,Vocabulary,4,2.97138470677,-1.02861529323,1.02861529323
101576652D3B,Random Forest,Vocabulary,5,3.82334533616,-1.17665466384,1.17665466384
1087B6C7FB98,Random Forest,Vocabulary,4,3.04166207338,-0.95833792662,0.95833792662
10AC7944DC4A,Random Forest,Vocabulary,3,3.05801303486,0.05801303486,0.05801303486
10D2D1173D36,Random Forest,Vocabulary,4,3.24057057361,-0.75942942639,0.75942942639
10D3A9E5E79E,Random Forest,Vocabulary,3.5,3.43543069079,-0.06456930921,0.06456930921
113436EC45E2,Random Forest,Vocabulary,3,3.02465269195,0.02465269195,0.02465269195
113B1543C433,Random Forest,Vocabulary,3,3.03909679174,0.03909679174,0.03909679174
11E5C01714C5,Random Forest,Vocabulary,4,3.35463552635,-0.64536447365,0.64536447365
120FE0B76D5C,Random Forest,Vocabulary,3.5,3.43887688524,-0.06112311476,0.06112311476
13450D581EC9,Random Forest,Vocabulary,3,3.06480401932,0.06480401932,0.06480401932
136B3124BE79,Random Forest,Vocabulary,3,2.98324962522,-0.01675037478,0.01675037478
14D2867090F2,Random Forest,Vocabulary,4,3.13027776264,-0.86972223736,0.86972223736
15125AF6CB82,Random Forest,Vocabulary,3.5,3.37452271944,-0.12547728056,0.12547728056
15BDA0989B56,Random Forest,Vocabulary,2.5,2.99391048919,0.49391048919,0.49391048919
16005A45A20A,Random Forest,Vocabulary,3,3.63582191963,0.63582191963,0.63582191963
168958FC7315,Random Forest,Vocabulary,3,2.99699223488,-0.00300776512,0.00300776512
168C858F93A3,Random Forest,Vocabulary,3,3.61414927918,0.61414927918,0.61414927918
16DEF72E220A,Random Forest,Vocabulary,2,3.29616787711,1.29616787711,1.29616787711
1703E46B4DC9,Random Forest,Vocabulary,4.5,3.51165658773,-0.98834341227,0.98834341227
1721F085F81E,Random Forest,Vocabulary,3.5,3.50298903268,0.00298903268,0.00298903268
18EA27A2E333,Random Forest,Vocabulary,3.5,3.08011293985,-0.41988706015,0.41988706015
1928846BB272,Random Forest,Vocabulary,3,3.32552680449,0.32552680449,0.32552680449
192D02CF8C9E,Random Forest,Vocabulary,3,3.05788747139,0.05788747139,0.05788747139
19D55405175F,Random Forest,Vocabulary,4,3.38817635327,-0.61182364673,0.61182364673
19DDF17CA4DC,Random Forest,Vocabulary,3,3.63605895848,0.63605895848,0.63605895848
1A17F32415FD,Random Forest,Vocabulary,3,2.9897978975,-0.0102021025,0.0102021025
1AA55FB101FD,Random Forest,Vocabulary,3,3.09016588375,0.09016588375,0.09016588375
1AD12415C4DB,Random Forest,Vocabulary,2.5,3.16802189888,0.66802189888,0.66802189888
1B056DE0E856,Random Forest,Vocabulary,3,3.15073492663,0.15073492663,0.15073492663
1B981E7E59C5,Random Forest,Vocabulary,3.5,3.26090702434,-0.23909297566,0.23909297566
1BAD681F72CB,Random Forest,Vocabulary,2.5,3.14120620015,0.64120620015,0.64120620015
1C0E34879BB0,Random Forest,Vocabulary,3,2.97784158011,-0.02215841989,0.02215841989
1DB195AA7BE3,Random Forest,Vocabulary,2,2.84143192554,0.84143192554,0.84143192554
1DDA34D8E4D3,Random Forest,Vocabulary,3,2.9546682042,-0.0453317958,0.0453317958
1DFACB5D0C9E,Random Forest,Vocabulary,3,3.2247932841,0.2247932841,0.2247932841
1F3620A2965E,Random Forest,Vocabulary,3,3.51789409653,0.51789409653,0.51789409653
1F4961D46D29,Random Forest,Vocabulary,5,3.81169337133,-1.18830662867,1.18830662867
1F9C0492FB8A,Random Forest,Vocabulary,2.5,3.07615178736,0.57615178736,0.57615178736
1FAC31F5C8DC,Random Forest,Vocabulary,3.5,2.93975855777,-0.56024144223,0.56024144223
1FACF7E8D0A7,Random Forest,Vocabulary,3,2.98619126736,-0.01380873264,0.01380873264
1FC46D4B9D8C,Random Forest,Vocabulary,2,2.844415065,0.844415065,0.844415065
1FE3EE0E16A8,Random Forest,Vocabulary,3.5,3.10262515781,-0.39737484219,0.39737484219
2003BF2E6DD0,Random Forest,Vocabulary,4,3.62802259495,-0.37197740505,0.37197740505
2010889A6522,Random Forest,Vocabulary,3,3.18319627952,0.18319627952,0.18319627952
205069BE2E53,Random Forest,Vocabulary,3,3.09130029217,0.09130029217,0.09130029217
205D590BCBB1,Random Forest,Vocabulary,3.5,3.38203575979,-0.11796424021,0.11796424021
209A6BC99DB9,Random Forest,Vocabulary,4.5,3.60446771614,-0.89553228386,0.89553228386
20E2B07931F3,Random Forest,Vocabulary,3,3.32451811247,0.32451811247,0.32451811247
211699D25472,Random Forest,Vocabulary,3.5,3.04357660862,-0.45642339138,0.45642339138
214EC21D1403,Random Forest,Vocabulary,4,3.5064091334,-0.4935908666,0.4935908666
2157AE4AFAA6,Random Forest,Vocabulary,3.5,3.55889524857,0.05889524857,0.05889524857
21737947650E,Random Forest,Vocabulary,2.5,3.17935741783,0.67935741783,0.67935741783
22D02123C65D,Random Forest,Vocabulary,3,3.03927043064,0.03927043064,0.03927043064
22F16C83DE10,Random Forest,Vocabulary,2.5,3.56830752748,1.06830752748,1.06830752748
2327EC67A339,Random Forest,Vocabulary,2.5,3.31414899489,0.81414899489,0.81414899489
2358C2CE9966,Random Forest,Vocabulary,3,2.51448265341,-0.48551734659,0.48551734659
23958A3106EA,Random Forest,Vocabulary,4,3.64177264442,-0.35822735558,0.35822735558
239A72DE1E35,Random Forest,Vocabulary,3.5,3.17109684784,-0.32890315216,0.32890315216
23F0ABEF8370,Random Forest,Vocabulary,2.5,3.15632323383,0.65632323383,0.65632323383
25130AAA9552,Random Forest,Vocabulary,2.5,2.66255251638,0.16255251638,0.16255251638
253108CDC69F,Random Forest,Vocabulary,3,3.02633942415,0.02633942415,0.02633942415
26788FA4ED04,Random Forest,Vocabulary,3.5,3.19529470072,-0.30470529928,0.30470529928
269101ABF266,Random Forest,Vocabulary,3.5,3.1526419901,-0.3473580099,0.3473580099
277A95AC0190,Random Forest,Vocabulary,3.5,2.9582428652,-0.5417571348,0.5417571348
279245CFCCF4,Random Forest,Vocabulary,3.5,3.17193305435,-0.32806694565,0.32806694565
27D80E5F87B1,Random Forest,Vocabulary,3,3.13831040405,0.13831040405,0.13831040405
28930E0B8820,Random Forest,Vocabulary,3,2.64606343697,-0.35393656303,0.35393656303
293A93F037A7,Random Forest,Vocabulary,3,3.50799850003,0.50799850003,0.50799850003
29BB45AA907C,Random Forest,Vocabulary,4,3.33808383082,-0.66191616918,0.66191616918
2A18E2265D9E,Random Forest,Vocabulary,3,3.09862286053,0.09862286053,0.09862286053
2B62F285FD21,Random Forest,Vocabulary,4,3.41193197694,-0.58806802306,0.58806802306
2B9C5C3BB7B9,Random Forest,Vocabulary,3,3.86669327952,0.86669327952,0.86669327952
2BE11993FB5F,Random Forest,Vocabulary,3,3.22573418562,0.22573418562,0.22573418562
2BFB0A8F50E1,Random Forest,Vocabulary,4,3.39961044793,-0.60038955207,0.60038955207
2C4DE9FD3734,Random Forest,Vocabulary,4,3.36698966721,-0.63301033279,0.63301033279
2C8802241F51,Random Forest,Vocabulary,2.5,3.00413415217,0.50413415217,0.50413415217
2D508127DEF1,Random Forest,Vocabulary,4,3.88779295139,-0.11220704861,0.11220704861
2D8464A3BD5B,Random Forest,Vocabulary,4,3.15645306274,-0.84354693726,0.84354693726
2D940E7F240C,Random Forest,Vocabulary,3,3.2986476136,0.2986476136,0.2986476136
2DAA07621328,Random Forest,Vocabulary,3.5,3.24762468114,-0.25237531886,0.25237531886
2E5A3E5FD179,Random Forest,Vocabulary,3.5,3.21756689092,-0.28243310908,0.28243310908
2F268BE28055,Random Forest,Vocabulary,4,3.30804524656,-0.69195475344,0.69195475344
2F7B0CE01B4B,Random Forest,Vocabulary,4,3.80838766187,-0.19161233813,0.19161233813
2F81111E7831,Random Forest,Vocabulary,3,3.10166469752,0.10166469752,0.10166469752
30DDC17D2986,Random Forest,Vocabulary,4,3.60553848632,-0.39446151368,0.39446151368
310CDA45739E,Random Forest,Vocabulary,3.5,3.56105048313,0.06105048313,0.06105048313
314E6ED40C6A,Random Forest,Vocabulary,2.5,2.77254006725,0.27254006725,0.27254006725
327AAC23CF5D,Random Forest,Vocabulary,2,3.03301149559,1.03301149559,1.03301149559
327EB11122D0,Random Forest,Vocabulary,3,3.27398630392,0.27398630392,0.27398630392
33113B7D1125,Random Forest,Vocabulary,3,2.8095398797,-0.1904601203,0.1904601203
33DEFCDAD05F,Random Forest,Vocabulary,4,3.69680704027,-0.30319295973,0.30319295973
33F18D5D8867,Random Forest,Vocabulary,4,3.80372473054,-0.19627526946,0.19627526946
340BCFE7E249,Random Forest,Vocabulary,3.5,3.20187618378,-0.29812381622,0.29812381622
34317A7F1262,Random Forest,Vocabulary,2,2.90833940217,0.90833940217,0.90833940217
343A80DD6FB3,Random Forest,Vocabulary,3,3.54008313057,0.54008313057,0.54008313057
34716B652420,Random Forest,Vocabulary,2,2.56046770541,0.56046770541,0.56046770541
34A066E69905,Random Forest,Vocabulary,3.5,3.46974445638,-0.03025554362,0.03025554362
34F016931102,Random Forest,Vocabulary,3.5,3.25560212285,-0.24439787715,0.24439787715
3550660EE2EC,Random Forest,Vocabulary,3,3.11616029975,0.11616029975,0.11616029975
35E552843ADF,Random Forest,Vocabulary,3.5,3.380310578,-0.119689422,0.119689422
36A74F4F050A,Random Forest,Vocabulary,3,2.94597397322,-0.05402602678,0.05402602678
37DD80EFE4D4,Random Forest,Vocabulary,3,3.31361192286,0.31361192286,0.31361192286
380164B1BAB5,Random Forest,Vocabulary,4,3.50503730859,-0.49496269141,0.49496269141
3814F9116CD1,Random Forest,Vocabulary,3,2.88889781133,-0.11110218867,0.11110218867
38452CB371C9,Random Forest,Vocabulary,3,3.78846018096,0.78846018096,0.78846018096
3898358B58BB,Random Forest,Vocabulary,3,3.32910505481,0.32910505481,0.32910505481
394F5867B7EC,Random Forest,Vocabulary,3.5,3.21874041793,-0.28125958207,0.28125958207
39BB85E5CB5A,Random Forest,Vocabulary,3,3.12617607256,0.12617607256,0.12617607256
3A38B9DD6723,Random Forest,Vocabulary,3.5,3.29112044992,-0.20887955008,0.20887955008
3A71C888CE45,Random Forest,Vocabulary,2.5,2.67588156497,0.17588156497,0.17588156497
3B81809AA132,Random Forest,Vocabulary,3,3.05769884301,0.05769884301,0.05769884301
3B93AE972238,Random Forest,Vocabulary,3,3.17861191631,0.17861191631,0.17861191631
3BDF36560245,Random Forest,Vocabulary,3,2.73836555637,-0.26163444363,0.26163444363
3BFECA0F8470,Random Forest,Vocabulary,3,3.16733938595,0.16733938595,0.16733938595
3C56844D4CF0,Random Forest,Vocabulary,3,3.13153454243,0.13153454243,0.13153454243
3CD660D1E7BB,Random Forest,Vocabulary,4,3.56472439777,-0.43527560223,0.43527560223
3D739817CC30,Random Forest,Vocabulary,2.5,3.12972692809,0.62972692809,0.62972692809
3E7DE9C1C160,Random Forest,Vocabulary,4,3.35745971897,-0.64254028103,0.64254028103
3EC60741B7BF,Random Forest,Vocabulary,3,2.66207496062,-0.33792503938,0.33792503938
3F2941C11D95,Random Forest,Vocabulary,4,3.73505030768,-0.26494969232,0.26494969232
3F4D8262235A,Random Forest,Vocabulary,4,3.32391432844,-0.67608567156,0.67608567156
4032ED0063E4,Random Forest,Vocabulary,3,3.04078723731,0.04078723731,0.04078723731
40AF66A621E0,Random Forest,Vocabulary,2.5,2.80822185185,0.30822185185,0.30822185185
410D72D3CCE8,Random Forest,Vocabulary,3.5,3.46445359993,-0.03554640007,0.03554640007
41D9F5D10332,Random Forest,Vocabulary,4,3.05363579083,-0.94636420917,0.94636420917
4288F88C8D15,Random Forest,Vocabulary,3,2.88807770076,-0.11192229924,0.11192229924
42BF43BF8DBE,Random Forest,Vocabulary,3.5,3.16812463344,-0.33187536656,0.33187536656
4351657CEC2F,Random Forest,Vocabulary,4,3.49122025032,-0.50877974968,0.50877974968
447221C3FA00,Random Forest,Vocabulary,3,3.08233142632,0.08233142632,0.08233142632
4477C08B4960,Random Forest,Vocabulary,3,3.09896699441,0.09896699441,0.09896699441
44C1594D0950,Random Forest,Vocabulary,4,3.44945592111,-0.55054407889,0.55054407889
451A840C382E,Random Forest,Vocabulary,3,3.21369370691,0.21369370691,0.21369370691
451E8369BB76,Random Forest,Vocabulary,2.5,2.956587136,0.456587136,0.456587136
453F18C3C8BD,Random Forest,Vocabulary,2.5,2.51745246796,0.01745246796,0.01745246796
45DF17CF4937,Random Forest,Vocabulary,3.5,3.5695773653,0.0695773653,0.0695773653
4608287E9B30,Random Forest,Vocabulary,3,2.86289440994,-0.13710559006,0.13710559006
462769ABDD5B,Random Forest,Vocabulary,3.5,2.78140226155,-0.71859773845,0.71859773845
462832DCD932,Random Forest,Vocabulary,2,3.25265525626,1.25265525626,1.25265525626
4665A1D77D6C,Random Forest,Vocabulary,4,3.17125448747,-0.82874551253,0.82874551253
4744A861D13F,Random Forest,Vocabulary,3.5,3.19434580186,-0.30565419814,0.30565419814
483EE18C996B,Random Forest,Vocabulary,3.5,3.47625114604,-0.02374885396,0.02374885396
48940AA0656E,Random Forest,Vocabulary,2.5,3.05299703991,0.55299703991,0.55299703991
48ADCBFC8376,Random Forest,Vocabulary,2.5,3.78189162805,1.28189162805,1.28189162805
48EA282A4EAF,Random Forest,Vocabulary,1,3.1001994178,2.1001994178,2.1001994178
4906FE42D823,Random Forest,Vocabulary,3.5,3.33301679063,-0.16698320937,0.16698320937
4967076F4E7F,Random Forest,Vocabulary,3,3.09169253822,0.09169253822,0.09169253822
49C5BCE4CD28,Random Forest,Vocabulary,3.5,2.91767162288,-0.58232837712,0.58232837712
4A38761A2CBB,Random Forest,Vocabulary,4,3.17927172365,-0.82072827635,0.82072827635
4A4B45273A9D,Random Forest,Vocabulary,3,3.06252404984,0.06252404984,0.06252404984
4AF3A09B2EF7,Random Forest,Vocabulary,3.5,3.44096341685,-0.05903658315,0.05903658315
4BF17A253013,Random Forest,Vocabulary,3,2.57583545567,-0.42416454433,0.42416454433
4C3AFB55C4F7,Random Forest,Vocabulary,3.5,3.41063152765,-0.08936847235,0.08936847235
4D35A86F4929,Random Forest,Vocabulary,3,3.31738704042,0.31738704042,0.31738704042
4D377B163021,Random Forest,Vocabulary,3,2.86927200379,-0.13072799621,0.13072799621
4D65BE0B15B8,Random Forest,Vocabulary,3.5,2.93954820036,-0.56045179964,0.56045179964
4DBC5B5272FF,Random Forest,Vocabulary,3.5,3.84196693822,0.34196693822,0.34196693822
4E22E3143561,Random Forest,Vocabulary,3.5,2.97747147048,-0.52252852952,0.52252852952
4E7DD441DAC8,Random Forest,Vocabulary,2.5,2.742359094,0.242359094,0.242359094
4E8ED336CF7E,Random Forest,Vocabulary,2,2.70336536785,0.70336536785,0.70336536785
4EE0B81B9133,Random Forest,Vocabulary,4,3.51676229554,-0.48323770446,0.48323770446
4EECC9B3CF7F,Random Forest,Vocabulary,4,3.3775350015,-0.6224649985,0.6224649985
508A9EC12C44,Random Forest,Vocabulary,3,3.13974907469,0.13974907469,0.13974907469
5098F28A2EF3,Random Forest,Vocabulary,4,3.88772125346,-0.11227874654,0.11227874654
50E361CD561E,Random Forest,Vocabulary,3.5,3.22428312106,-0.27571687894,0.27571687894
510CA49B78BB,Random Forest,Vocabulary,4.5,3.41195417927,-1.08804582073,1.08804582073
51DA4BA94C7C,Random Forest,Vocabulary,3.5,3.01225348978,-0.48774651022,0.48774651022
52DC3B7C3952,Random Forest,Vocabulary,4.5,3.67641025852,-0.82358974148,0.82358974148
5384378F1AC2,Random Forest,Vocabulary,4,3.54290873576,-0.45709126424,0.45709126424
53CF6D801CAF,Random Forest,Vocabulary,5,3.55971125075,-1.44028874925,1.44028874925
53D17839AAC0,Random Forest,Vocabulary,4,3.54200181656,-0.45799818344,0.45799818344
55C7EC027A88,Random Forest,Vocabulary,4,3.61447644864,-0.38552355136,0.38552355136
5661280443,Random Forest,Vocabulary,3.5,2.9712849401,-0.5287150599,0.5287150599
56E32CEEB127,Random Forest,Vocabulary,3,3.11508101685,0.11508101685,0.11508101685
56F9E8427D97,Random Forest,Vocabulary,4,3.60039789961,-0.39960210039,0.39960210039
57A750437C3A,Random Forest,Vocabulary,4,3.03660392471,-0.96339607529,0.96339607529
58F6D70A2DC7,Random Forest,Vocabulary,3,3.14930562193,0.14930562193,0.14930562193
597618D3F66C,Random Forest,Vocabulary,3.5,3.30844445646,-0.19155554354,0.19155554354
599128B82FF0,Random Forest,Vocabulary,3,3.35677598909,0.35677598909,0.35677598909
59ADAA4D04E5,Random Forest,Vocabulary,1.5,2.94755593236,1.44755593236,1.44755593236
5A89482533D9,Random Forest,Vocabulary,3,3.19627810122,0.19627810122,0.19627810122
5AA45740A848,Random Forest,Vocabulary,3.5,3.17314895086,-0.32685104914,0.32685104914
5AAD796F4D6B,Random Forest,Vocabulary,2.5,3.09947290095,0.59947290095,0.59947290095
5B2FC963E89D,Random Forest,Vocabulary,3,3.47604162498,0.47604162498,0.47604162498
5BE99F2E4030,Random Forest,Vocabulary,4,3.68058088784,-0.31941911216,0.31941911216
5C05D79FE75A,Random Forest,Vocabulary,3,3.01885195105,0.01885195105,0.01885195105
5C3A7990C870,Random Forest,Vocabulary,4,3.63941116928,-0.36058883072,0.36058883072
5C72AB0B1232,Random Forest,Vocabulary,3.5,3.80973869334,0.30973869334,0.30973869334
5CB186BF742C,Random Forest,Vocabulary,3.5,2.96411918932,-0.53588081068,0.53588081068
5D2B8506EC4F,Random Forest,Vocabulary,2.5,2.76632254243,0.26632254243,0.26632254243
5D693DD9978D,Random Forest,Vocabulary,3,3.29943025037,0.29943025037,0.29943025037
5D7D1445A7CF,Random Forest,Vocabulary,5,3.78594758462,-1.21405241538,1.21405241538
5E49CEB56FB3,Random Forest,Vocabulary,3,2.81338096794,-0.18661903206,0.18661903206
5EA71157D48F,Random Forest,Vocabulary,2.5,2.94761455346,0.44761455346,0.44761455346
5EFD8FA4133A,Random Forest,Vocabulary,3,3.0403105791,0.0403105791,0.0403105791
5F370D929BA7,Random Forest,Vocabulary,3,2.95048528618,-0.04951471382,0.04951471382
5F5E1817CCA0,Random Forest,Vocabulary,3,3.02426151503,0.02426151503,0.02426151503
5FBDFD6DB173,Random Forest,Vocabulary,2.5,3.03864153012,0.53864153012,0.53864153012
5FE4F223CEA8,Random Forest,Vocabulary,2.5,2.98732696221,0.48732696221,0.48732696221
603863409B06,Random Forest,Vocabulary,3.5,3.26468546023,-0.23531453977,0.23531453977
605BF3B67175,Random Forest,Vocabulary,4,3.29089454265,-0.70910545735,0.70910545735
60FD2E2FB768,Random Forest,Vocabulary,3.5,3.4963763978,-0.0036236022,0.0036236022
610FA0016255,Random Forest,Vocabulary,2.5,3.4095029479,0.9095029479,0.9095029479
6141DB282925,Random Forest,Vocabulary,3,2.9904157458,-0.0095842542,0.0095842542
616C3D5795E8,Random Forest,Vocabulary,3,2.80645132831,-0.19354867169,0.19354867169
62B3C9C3398E,Random Forest,Vocabulary,3.5,3.60253688988,0.10253688988,0.10253688988
62F7911DE51F,Random Forest,Vocabulary,3,3.1087278055,0.1087278055,0.1087278055
64A8183557F7,Random Forest,Vocabulary,3.5,3.2149505572,-0.2850494428,0.2850494428
65975436BE5C,Random Forest,Vocabulary,4,3.71325051992,-0.28674948008,0.28674948008
66FF0907BF26,Random Forest,Vocabulary,3.5,3.64440950709,0.14440950709,0.14440950709
6712BD512DB7,Random Forest,Vocabulary,3.5,3.48280037609,-0.01719962391,0.01719962391
681B9CD21B07,Random Forest,Vocabulary,3.5,2.91741053443,-0.58258946557,0.58258946557
685ABA004ADB,Random Forest,Vocabulary,4,3.24640228682,-0.75359771318,0.75359771318
6867A6767D25,Random Forest,Vocabulary,4,3.6616116606,-0.3383883394,0.3383883394
69241D10E69A,Random Forest,Vocabulary,3.5,3.53150719453,0.03150719453,0.03150719453
696B864AED8C,Random Forest,Vocabulary,3.5,3.04859764716,-0.45140235284,0.45140235284
698A3F2B43B9,Random Forest,Vocabulary,4,3.60401442985,-0.39598557015,0.39598557015
6AB122D640E1,Random Forest,Vocabulary,3,3.43475795542,0.43475795542,0.43475795542
6B850987631D,Random Forest,Vocabulary,3,3.12912782417,0.12912782417,0.12912782417
6BB4BEB51A80,Random Forest,Vocabulary,3,3.38210461746,0.38210461746,0.38210461746
6BC83A3F4934,Random Forest,Vocabulary,2.5,2.72023762258,0.22023762258,0.22023762258
6BE1E93612AE,Random Forest,Vocabulary,3,2.89339875509,-0.10660124491,0.10660124491
6C16FC9FE7A4,Random Forest,Vocabulary,3,2.92817092822,-0.07182907178,0.07182907178
6C802D3F5F2A,Random Forest,Vocabulary,3.5,3.52659294458,0.02659294458,0.02659294458
6C98327DA084,Random Forest,Vocabulary,3,3.22343046293,0.22343046293,0.22343046293
6D06DAD5446C,Random Forest,Vocabulary,3.5,3.0545387499,-0.4454612501,0.4454612501
6DB65C457200,Random Forest,Vocabulary,3.5,3.10840719198,-0.39159280802,0.39159280802
6EE4A9C8F158,Random Forest,Vocabulary,3.5,3.32350789061,-0.17649210939,0.17649210939
6FDAD6124B9E,Random Forest,Vocabulary,3.5,3.70880562684,0.20880562684,0.20880562684
70041E13A0CC,Random Forest,Vocabulary,3,3.6733633163,0.6733633163,0.6733633163
7007EB8E265D,Random Forest,Vocabulary,3,3.63713358791,0.63713358791,0.63713358791
70E490A83717,Random Forest,Vocabulary,3.5,3.65396584945,0.15396584945,0.15396584945
71A9098715EB,Random Forest,Vocabulary,3.5,3.37560401504,-0.12439598496,0.12439598496
7203112033A1,Random Forest,Vocabulary,3.5,3.62791324922,0.12791324922,0.12791324922
7231635A63C8,Random Forest,Vocabulary,3,2.91413096176,-0.08586903824,0.08586903824
72766FE38307,Random Forest,Vocabulary,2.5,2.52773478784,0.02773478784,0.02773478784
72913948CDAA,Random Forest,Vocabulary,3,3.16369201228,0.16369201228,0.16369201228
7370AB0DDC7F,Random Forest,Vocabulary,3,3.1752114865,0.1752114865,0.1752114865
7382F8B16AAF,Random Forest,Vocabulary,3.5,3.10199183952,-0.39800816048,0.39800816048
73851AC4551C,Random Forest,Vocabulary,3,3.36835746565,0.36835746565,0.36835746565
73930228893B,Random Forest,Vocabulary,3,2.92373685649,-0.07626314351,0.07626314351
73A997703BC3,Random Forest,Vocabulary,3.5,3.60255819115,0.10255819115,0.10255819115
73D2B941F40F,Random Forest,Vocabulary,3,3.35983934171,0.35983934171,0.35983934171
73D69658CF95,Random Forest,Vocabulary,3.5,3.62821826236,0.12821826236,0.12821826236
7445CD7E0985,Random Forest,Vocabulary,3,2.92387262028,-0.07612737972,0.07612737972
74CDAF3BB9EF,Random Forest,Vocabulary,3,2.84963063908,-0.15036936092,0.15036936092
753E320B186B,Random Forest,Vocabulary,3.5,2.94606064318,-0.55393935682,0.55393935682
757C5E55BA96,Random Forest,Vocabulary,3,3.15570619268,0.15570619268,0.15570619268
763EF698F56B,Random Forest,Vocabulary,3,2.87898503381,-0.12101496619,0.12101496619
772D27D400BB,Random Forest,Vocabulary,2.5,2.69497826195,0.19497826195,0.19497826195
7797541CF0A6,Random Forest,Vocabulary,3,3.28264482237,0.28264482237,0.28264482237
77A31D0A07A8,Random Forest,Vocabulary,3,3.12544176404,0.12544176404,0.12544176404
78201045481,Random Forest,Vocabulary,3.5,3.23186927752,-0.26813072248,0.26813072248
785DBAB78957,Random Forest,Vocabulary,3.5,3.4699377878,-0.0300622122,0.0300622122
78B6F383CD30,Random Forest,Vocabulary,3,3.08733632642,0.08733632642,0.08733632642
78E8970D0C13,Random Forest,Vocabulary,3,3.22393843633,0.22393843633,0.22393843633
790891A35047,Random Forest,Vocabulary,4,3.13618384304,-0.86381615696,0.86381615696
79098D096CB8,Random Forest,Vocabulary,2.5,2.74209542081,0.24209542081,0.24209542081
79484682B23E,Random Forest,Vocabulary,3.5,3.26193942009,-0.23806057991,0.23806057991
7999A063F80E,Random Forest,Vocabulary,3,3.82587191039,0.82587191039,0.82587191039
79D634E4575F,Random Forest,Vocabulary,3,3.65419988787,0.65419988787,0.65419988787
7A0A80926A0D,Random Forest,Vocabulary,2.5,2.85231928006,0.35231928006,0.35231928006
7A6599531E9C,Random Forest,Vocabulary,3,3.12030465378,0.12030465378,0.12030465378
7A66900A3812,Random Forest,Vocabulary,2.5,2.86736020335,0.36736020335,0.36736020335
7A68E1FB7863,Random Forest,Vocabulary,4,3.58207016606,-0.41792983394,0.41792983394
7B2B2910BB90,Random Forest,Vocabulary,3,2.87987457525,-0.12012542475,0.12012542475
7B802407D629,Random Forest,Vocabulary,3,3.55606619297,0.55606619297,0.55606619297
7CB712FD1253,Random Forest,Vocabulary,4,3.2071087891,-0.7928912109,0.7928912109
7D1825E2F4AD,Random Forest,Vocabulary,2.5,3.26228168724,0.76228168724,0.76228168724
7DDFB0CA2BF8,Random Forest,Vocabulary,3,2.74483365954,-0.25516634046,0.25516634046
7E109A7AC169,Random Forest,Vocabulary,3,3.62235168557,0.62235168557,0.62235168557
7E29ACA46157,Random Forest,Vocabulary,3,3.20157052899,0.20157052899,0.20157052899
7E530A20DA68,Random Forest,Vocabulary,4,3.49324892228,-0.50675107772,0.50675107772
7E669FF93EB9,Random Forest,Vocabulary,3,3.38784748938,0.38784748938,0.38784748938
7F0703CF058E,Random Forest,Vocabulary,3,3.61149314294,0.61149314294,0.61149314294
7F1E8663BAE8,Random Forest,Vocabulary,3.5,2.87910033702,-0.62089966298,0.62089966298
806672A60686,Random Forest,Vocabulary,2.5,3.21664378116,0.71664378116,0.71664378116
80AD3F379BD1,Random Forest,Vocabulary,3,3.02706447976,0.02706447976,0.02706447976
80DD7EE85BF7,Random Forest,Vocabulary,3,3.18747914055,0.18747914055,0.18747914055
80F9E6D6503C,Random Forest,Vocabulary,2.5,3.10735257727,0.60735257727,0.60735257727
81218F777A2F,Random Forest,Vocabulary,4,3.61005928804,-0.38994071196,0.38994071196
8149E792E505,Random Forest,Vocabulary,3,3.03826366097,0.03826366097,0.03826366097
81946793B89A,Random Forest,Vocabulary,4,3.85191644917,-0.14808355083,0.14808355083
81D266D94D6D,Random Forest,Vocabulary,4.5,3.82867286124,-0.67132713876,0.67132713876
82294A32E3E3,Random Forest,Vocabulary,4,3.04917857056,-0.95082142944,0.95082142944
82722CEBCAB3,Random Forest,Vocabulary,4,3.15333724687,-0.84666275313,0.84666275313
82BA3E4396CC,Random Forest,Vocabulary,4,3.72671332608,-0.27328667392,0.27328667392
82F7210163B5,Random Forest,Vocabulary,4,3.71456344678,-0.28543655322,0.28543655322
833F25175AFC,Random Forest,Vocabulary,2.5,2.80238668019,0.30238668019,0.30238668019
83C48C5697AE,Random Forest,Vocabulary,3,3.43642741115,0.43642741115,0.43642741115
852C90E3FA05,Random Forest,Vocabulary,3,2.66499800135,-0.33500199865,0.33500199865
857B7FB712ED,Random Forest,Vocabulary,3,2.87808095522,-0.12191904478,0.12191904478
858DFA7A9980,Random Forest,Vocabulary,2.5,3.26725232542,0.76725232542,0.76725232542
85C71A1E0117,Random Forest,Vocabulary,3,2.96244243056,-0.03755756944,0.03755756944
862ACD748291,Random Forest,Vocabulary,2.5,2.66897717028,0.16897717028,0.16897717028
869CC4EDD3B5,Random Forest,Vocabulary,3,2.87437666458,-0.12562333542,0.12562333542
86B2AFB816D5,Random Forest,Vocabulary,3.5,2.84690589667,-0.65309410333,0.65309410333
8772F74F5EE0,Random Forest,Vocabulary,4,3.21152481189,-0.78847518811,0.78847518811
87A8B315A26E,Random Forest,Vocabulary,3,2.85425764114,-0.14574235886,0.14574235886
8836B8EFCE5A,Random Forest,Vocabulary,3,2.91584911104,-0.08415088896,0.08415088896
883C1EF358F6,Random Forest,Vocabulary,3.5,3.4246727492,-0.0753272508,0.0753272508
88ECDCC89475,Random Forest,Vocabulary,4,3.16646005442,-0.83353994558,0.83353994558
88FCD4D35128,Random Forest,Vocabulary,3,3.19394304657,0.19394304657,0.19394304657
88FD7FAAFA90,Random Forest,Vocabulary,3.5,3.65377609413,0.15377609413,0.15377609413
89ADE1CC1BEC,Random Forest,Vocabulary,3.5,3.5535222628,0.0535222628,0.0535222628
8A216BEDA4C2,Random Forest,Vocabulary,4,3.30248999643,-0.69751000357,0.69751000357
8A80B525C75D,Random Forest,Vocabulary,3,2.73990556673,-0.26009443327,0.26009443327
8AF043C98622,Random Forest,Vocabulary,2.5,2.98136595471,0.48136595471,0.48136595471
8B1EB1890F9B,Random Forest,Vocabulary,3,2.98868212177,-0.01131787823,0.01131787823
8C0C5CED34D5,Random Forest,Vocabulary,3,2.98681482631,-0.01318517369,0.01318517369
8C3993109983,Random Forest,Vocabulary,3,3.37722101072,0.37722101072,0.37722101072
8D14BC33208D,Random Forest,Vocabulary,2.5,2.810825064,0.310825064,0.310825064
8D1CD79C0F8D,Random Forest,Vocabulary,3.5,3.61307509696,0.11307509696,0.11307509696
8D734AF72931,Random Forest,Vocabulary,2.5,3.14292509873,0.64292509873,0.64292509873
8DD09D4FCD4F,Random Forest,Vocabulary,4,3.95118643967,-0.04881356033,0.04881356033
8DF5D7CF4085,Random Forest,Vocabulary,3.5,3.67595243841,0.17595243841,0.17595243841
8E10A6D2B272,Random Forest,Vocabulary,3.5,3.32327185706,-0.17672814294,0.17672814294
8E5E6211E4D6,Random Forest,Vocabulary,3.5,3.10931827499,-0.39068172501,0.39068172501
8E6F35BA3EE6,Random Forest,Vocabulary,4,2.93089324775,-1.06910675225,1.06910675225
8E764A2C7266,Random Forest,Vocabulary,3,3.16294205996,0.16294205996,0.16294205996
8EE0540E163D,Random Forest,Vocabulary,2,2.57092060415,0.57092060415,0.57092060415
8EF9BE158AD3,Random Forest,Vocabulary,3.5,3.09800465989,-0.40199534011,0.40199534011
8F16365E363D,Random Forest,Vocabulary,3,2.94182534431,-0.05817465569,0.05817465569
8F6DFE02DF75,Random Forest,Vocabulary,3,2.71929370631,-0.28070629369,0.28070629369
8FE04E30F621,Random Forest,Vocabulary,3.5,3.48955301541,-0.01044698459,0.01044698459
9000217714BE,Random Forest,Vocabulary,3.5,3.18266704864,-0.31733295136,0.31733295136
90526CA48E47,Random Forest,Vocabulary,3.5,3.39615892283,-0.10384107717,0.10384107717
9086C0A2BF10,Random Forest,Vocabulary,2.5,2.64840049586,0.14840049586,0.14840049586
918C1880FCD8,Random Forest,Vocabulary,3.5,3.9057932668,0.4057932668,0.4057932668
92B418CEA06E,Random Forest,Vocabulary,3.5,3.18532816461,-0.31467183539,0.31467183539
92CD1BD0C18F,Random Forest,Vocabulary,3.5,2.88925817018,-0.61074182982,0.61074182982
9392E2E0AA1E,Random Forest,Vocabulary,3,3.12298703683,0.12298703683,0.12298703683
93B8C8DAFE20,Random Forest,Vocabulary,3.5,3.44173576892,-0.05826423108,0.05826423108
93DF867BE1C5,Random Forest,Vocabulary,2.5,3.13140931248,0.63140931248,0.63140931248
940441D4CF9C,Random Forest,Vocabulary,3.5,3.06803363807,-0.43196636193,0.43196636193
95540EBC3FC9,Random Forest,Vocabulary,2.5,3.4331944451,0.9331944451,0.9331944451
95FD6DF25420,Random Forest,Vocabulary,2.5,3.00346204357,0.50346204357,0.50346204357
9613CEAFE86E,Random Forest,Vocabulary,3.5,3.55119699102,0.05119699102,0.05119699102
96220F2863D1,Random Forest,Vocabulary,3.5,3.39425904314,-0.10574095686,0.10574095686
963AD357A595,Random Forest,Vocabulary,2,2.72443036894,0.72443036894,0.72443036894
9715AAF5B952,Random Forest,Vocabulary,3,3.2888831825,0.2888831825,0.2888831825
976E2E05C4EB,Random Forest,Vocabulary,3.5,3.12679156238,-0.37320843762,0.37320843762
97A0FFE91A3E,Random Forest,Vocabulary,3,3.35773629562,0.35773629562,0.35773629562
9801CF414927,Random Forest,Vocabulary,3.5,3.10824360584,-0.39175639416,0.39175639416
988BFF516FA0,Random Forest,Vocabulary,3,3.70421366538,0.70421366538,0.70421366538
98CD7819C7EF,Random Forest,Vocabulary,3.5,3.33095888104,-0.16904111896,0.16904111896
98D8723E86D0,Random Forest,Vocabulary,3.5,3.31496818732,-0.18503181268,0.18503181268
98D8FF9E3C56,Random Forest,Vocabulary,4,3.5522055527,-0.4477944473,0.4477944473
992DB55B9726,Random Forest,Vocabulary,3,3.00434270537,0.00434270537,0.00434270537
997589EE26E6,Random Forest,Vocabulary,3,2.67144871772,-0.32855128228,0.32855128228
99A3641592CA,Random Forest,Vocabulary,3,3.34996006101,0.34996006101,0.34996006101
99CAD0AF3560,Random Forest,Vocabulary,3,3.33364189788,0.33364189788,0.33364189788
9A5193D1C19B,Random Forest,Vocabulary,3,3.72676500748,0.72676500748,0.72676500748
9ABF7B48B802,Random Forest,Vocabulary,3,3.17427622836,0.17427622836,0.17427622836
9AC32EA4050B,Random Forest,Vocabulary,3.5,3.39564929466,-0.10435070534,0.10435070534
9AC838864995,Random Forest,Vocabulary,4,3.29752313016,-0.70247686984,0.70247686984
9ADC4A3BFDD0,Random Forest,Vocabulary,3,3.22137465591,0.22137465591,0.22137465591
9B4C52064991,Random Forest,Vocabulary,2.5,3.37028407851,0.87028407851,0.87028407851
9B5E878ED861,Random Forest,Vocabulary,3.5,3.18706646437,-0.31293353563,0.31293353563
9BF717F45D68,Random Forest,Vocabulary,3,3.10577598105,0.10577598105,0.10577598105
9C1B60E737FB,Random Forest,Vocabulary,3.5,3.48349348992,-0.01650651008,0.01650651008
9C57307D58A5,Random Forest,Vocabulary,3.5,2.97948847047,-0.52051152953,0.52051152953
9C601D9FCB5F,Random Forest,Vocabulary,3.5,3.24280727929,-0.25719272071,0.25719272071
9C6132E41DDE,Random Forest,Vocabulary,3,3.37169289436,0.37169289436,0.37169289436
9CB69011AE54,Random Forest,Vocabulary,2.5,2.72318333716,0.22318333716,0.22318333716
9DA131E0F720,Random Forest,Vocabulary,3,3.65814998813,0.65814998813,0.65814998813
9E478C982AD0,Random Forest,Vocabulary,2.5,2.9340462802,0.4340462802,0.4340462802
9E817DB62497,Random Forest,Vocabulary,3,3.32085298088,0.32085298088,0.32085298088
9EAB766AF4BE,Random Forest,Vocabulary,3,3.65267620231,0.65267620231,0.65267620231
9EADCECA2FB8,Random Forest,Vocabulary,3,2.67947990013,-0.32052009987,0.32052009987
9EBA120196BC,Random Forest,Vocabulary,3,3.02341293829,0.02341293829,0.02341293829
9EC4A16802BF,Random Forest,Vocabulary,4.5,3.47215946381,-1.02784053619,1.02784053619
9F27EAC1E27D,Random Forest,Vocabulary,4,3.61540723217,-0.38459276783,0.38459276783
9F401E75755A,Random Forest,Vocabulary,3,3.08315473654,0.08315473654,0.08315473654
9FD1F622BAC3,Random Forest,Vocabulary,2.5,3.14415578714,0.64415578714,0.64415578714
9FDD8A146288,Random Forest,Vocabulary,2.5,2.66990166412,0.16990166412,0.16990166412
A094036DE672,Random Forest,Vocabulary,3.5,3.02687607521,-0.47312392479,0.47312392479
A0A2D6856B0E,Random Forest,Vocabulary,3,3.33292816184,0.33292816184,0.33292816184
A0E95D8119F7,Random Forest,Vocabulary,2.5,3.18572510092,0.68572510092,0.68572510092
A10755158FEF,Random Forest,Vocabulary,3,3.24678054565,0.24678054565,0.24678054565
A10E91E49973,Random Forest,Vocabulary,4,3.73377448906,-0.26622551094,0.26622551094
A11969208401,Random Forest,Vocabulary,3,3.32194182666,0.32194182666,0.32194182666
A18B82F7407B,Random Forest,Vocabulary,3.5,3.19650271613,-0.30349728387,0.30349728387
A1D0490FD324,Random Forest,Vocabulary,3.5,3.5074792351,0.0074792351,0.0074792351
A1DE235AFFC8,Random Forest,Vocabulary,3,3.0472862453,0.0472862453,0.0472862453
A336FB5F2623,Random Forest,Vocabulary,3.5,3.05099488634,-0.44900511366,0.44900511366
A38A3B76558A,Random Forest,Vocabulary,3.5,3.49380705288,-0.00619294712,0.00619294712
A3A0AB366927,Random Forest,Vocabulary,3.5,3.82979467843,0.32979467843,0.32979467843
A3E6A572C6E5,Random Forest,Vocabulary,4,3.23576795362,-0.76423204638,0.76423204638
A47106D7B784,Random Forest,Vocabulary,2.5,3.27864393863,0.77864393863,0.77864393863
A4C46FEBBCC4,Random Forest,Vocabulary,3,3.13274117198,0.13274117198,0.13274117198
A4DA4201903F,Random Forest,Vocabulary,2.5,2.58812907371,0.08812907371,0.08812907371
A6745A8EE7AF,Random Forest,Vocabulary,3.5,2.94400623618,-0.55599376382,0.55599376382
A6A6C7852F05,Random Forest,Vocabulary,3,3.36571563271,0.36571563271,0.36571563271
A6BE0FAFA04B,Random Forest,Vocabulary,3,3.16283062916,0.16283062916,0.16283062916
A72F4E50ED92,Random Forest,Vocabulary,3.5,3.1869177688,-0.3130822312,0.3130822312
A764E2DFDDD7,Random Forest,Vocabulary,3,2.90892189996,-0.09107810004,0.09107810004
A84FFDD09442,Random Forest,Vocabulary,3.5,3.07595260807,-0.42404739193,0.42404739193
A87C80DEAB08,Random Forest,Vocabulary,3,3.29746723087,0.29746723087,0.29746723087
A88FB1D1C8BD,Random Forest,Vocabulary,3.5,3.06324830854,-0.43675169146,0.43675169146
A98482015F5A,Random Forest,Vocabulary,4.5,3.81730977869,-0.68269022131,0.68269022131
AA0919FCDEDC,Random Forest,Vocabulary,2,3.07447364583,1.07447364583,1.07447364583
AA8DA5629CBC,Random Forest,Vocabulary,2.5,3.2899761263,0.7899761263,0.7899761263
AAF42F8A396F,Random Forest,Vocabulary,3,2.8075163386,-0.1924836614,0.1924836614
AB2FD69DBACF,Random Forest,Vocabulary,3,3.12699290437,0.12699290437,0.12699290437
AB6284069E18,Random Forest,Vocabulary,3,3.56221132488,0.56221132488,0.56221132488
ABC59FCA6150,Random Forest,Vocabulary,3,3.11927422777,0.11927422777,0.11927422777
ABFEE879153D,Random Forest,Vocabulary,3.5,3.25021735993,-0.24978264007,0.24978264007
AC1F60D0F85D,Random Forest,Vocabulary,3,3.20924837842,0.20924837842,0.20924837842
AC3111702C95,Random Forest,Vocabulary,4,3.67616779472,-0.32383220528,0.32383220528
AC9719A6A375,Random Forest,Vocabulary,4,3.56237493417,-0.43762506583,0.43762506583
AD175892EC1C,Random Forest,Vocabulary,3.5,3.62111395432,0.12111395432,0.12111395432
AD5F7E8C127F,Random Forest,Vocabulary,3.5,3.28937839529,-0.21062160471,0.21062160471
AE2E6B3472DB,Random Forest,Vocabulary,3,3.06050318239,0.06050318239,0.06050318239
AE8A9585640A,Random Forest,Vocabulary,3.5,3.21161882524,-0.28838117476,0.28838117476
AECE763751DB,Random Forest,Vocabulary,3.5,3.08060210456,-0.41939789544,0.41939789544
AEDDD593BF0F,Random Forest,Vocabulary,3,3.14729532899,0.14729532899,0.14729532899
AFB5CC3E27EB,Random Forest,Vocabulary,3,3.22713847922,0.22713847922,0.22713847922
AFC600D922F6,Random Forest,Vocabulary,3,3.083945101,0.083945101,0.083945101
AFE6CAE937D8,Random Forest,Vocabulary,3,2.8722484244,-0.1277515756,0.1277515756
B0DFC5E93591,Random Forest,Vocabulary,2,2.34976766793,0.34976766793,0.34976766793
B18BEE398BAD,Random Forest,Vocabulary,2.5,2.5981725407,0.0981725407,0.0981725407
B1BF25C4C28B,Random Forest,Vocabulary,4,3.71824830923,-0.28175169077,0.28175169077
B2123357B114,Random Forest,Vocabulary,3,3.26414269056,0.26414269056,0.26414269056
B23BDDB4B5FA,Random Forest,Vocabulary,4,3.29435537743,-0.70564462257,0.70564462257
B261F438E0DA,Random Forest,Vocabulary,3,3.09040302634,0.09040302634,0.09040302634
B2D03F892B0D,Random Forest,Vocabulary,3,3.15008622843,0.15008622843,0.15008622843
B3AB4E6C5678,Random Forest,Vocabulary,3,3.04027005753,0.04027005753,0.04027005753
B469122B9ACB,Random Forest,Vocabulary,3,3.38442710684,0.38442710684,0.38442710684
B46E31AA2653,Random Forest,Vocabulary,3.5,3.26695347893,-0.23304652107,0.23304652107
B50C9D328FAD,Random Forest,Vocabulary,4.5,3.42831277082,-1.07168722918,1.07168722918
B5106AB5C81C,Random Forest,Vocabulary,2.5,2.95465678031,0.45465678031,0.45465678031
B543953F757A,Random Forest,Vocabulary,3,3.27769371008,0.27769371008,0.27769371008
B5AE26EEE247,Random Forest,Vocabulary,3.5,3.06021882252,-0.43978117748,0.43978117748
B5FFED1536FE,Random Forest,Vocabulary,3,2.83998874875,-0.16001125125,0.16001125125
B68C62AB1515,Random Forest,Vocabulary,4.5,3.68543705312,-0.81456294688,0.81456294688
B6D958C73D90,Random Forest,Vocabulary,2.5,3.52509512733,1.02509512733,1.02509512733
B7626C8D1FAB,Random Forest,Vocabulary,3.5,3.48177184637,-0.01822815363,0.01822815363
B794B3C07254,Random Forest,Vocabulary,4,3.10006226248,-0.89993773752,0.89993773752
B7FABBC13A0F,Random Forest,Vocabulary,3.5,3.60884746626,0.10884746626,0.10884746626
B7FCFC6A7011,Random Forest,Vocabulary,3,2.89686681844,-0.10313318156,0.10313318156
B83DD09D3129,Random Forest,Vocabulary,2,3.19466824037,1.19466824037,1.19466824037
B8656754E9EB,Random Forest,Vocabulary,3.5,3.35899335015,-0.14100664985,0.14100664985
B9A542B2C36C,Random Forest,Vocabulary,3,3.01340362874,0.01340362874,0.01340362874
B9DABCFD687D,Random Forest,Vocabulary,3,3.19728708052,0.19728708052,0.19728708052
BA9DA5122C58,Random Forest,Vocabulary,4,3.37425584632,-0.62574415368,0.62574415368
BAD99FB704BB,Random Forest,Vocabulary,4,3.13600480259,-0.86399519741,0.86399519741
BB18A75AC035,Random Forest,Vocabulary,4,3.38597861228,-0.61402138772,0.61402138772
BB5D6C14712D,Random Forest,Vocabulary,3,3.26112520366,0.26112520366,0.26112520366
BBB9D66F934C,Random Forest,Vocabulary,3,3.16979923017,0.16979923017,0.16979923017
BC1F1C37721E,Random Forest,Vocabulary,3.5,3.34265251069,-0.15734748931,0.15734748931
BC8115EEB029,Random Forest,Vocabulary,2,3.28334505009,1.28334505009,1.28334505009
BDAE1D4B6C20,Random Forest,Vocabulary,3.5,4.0186011253,0.5186011253,0.5186011253
BE1752DCF09C,Random Forest,Vocabulary,3,2.84769827866,-0.15230172134,0.15230172134
BE4764F7BFF1,Random Forest,Vocabulary,4,4.12273613959,0.12273613959,0.12273613959
BEFA85A6134B,Random Forest,Vocabulary,3,3.10848408255,0.10848408255,0.10848408255
BF0AF86DFDE1,Random Forest,Vocabulary,3.5,3.45771739816,-0.04228260184,0.04228260184
BF267B42A2A4,Random Forest,Vocabulary,3,3.1289310975,0.1289310975,0.1289310975
BF580042A644,Random Forest,Vocabulary,3,3.86049971547,0.86049971547,0.86049971547
BFAEA615906C,Random Forest,Vocabulary,4,3.52204669555,-0.47795330445,0.47795330445
BFB07811C92D,Random Forest,Vocabulary,3,3.06410373176,0.06410373176,0.06410373176
C01AC1CDDD65,Random Forest,Vocabulary,3,2.83456336011,-0.16543663989,0.16543663989
C0643251A96A,Random Forest,Vocabulary,3,2.81090589719,-0.18909410281,0.18909410281
C0B30026B439,Random Forest,Vocabulary,3,3.08830974001,0.08830974001,0.08830974001
C15EC5707409,Random Forest,Vocabulary,3,3.53641606352,0.53641606352,0.53641606352
C277BE295A41,Random Forest,Vocabulary,3.5,3.70888470805,0.20888470805,0.20888470805
C2D061782462,Random Forest,Vocabulary,3.5,3.36026017803,-0.13973982197,0.13973982197
C31C0ED2A05C,Random Forest,Vocabulary,3,2.8262690983,-0.1737309017,0.1737309017
C37F09E24836,Random Forest,Vocabulary,4,3.61220463395,-0.38779536605,0.38779536605
C40BB9E0BC6C,Random Forest,Vocabulary,2.5,3.24095805786,0.74095805786,0.74095805786
C465964DA6D5,Random Forest,Vocabulary,3,3.04947682074,0.04947682074,0.04947682074
C4A874260D21,Random Forest,Vocabulary,3,3.2187259603,0.2187259603,0.2187259603
C548AD0C706C,Random Forest,Vocabulary,3,2.93232648142,-0.06767351858,0.06767351858
C5DE10EA489B,Random Forest,Vocabulary,4,3.28324335313,-0.71675664687,0.71675664687
C616CFDBCA6A,Random Forest,Vocabulary,4.5,3.45165756735,-1.04834243265,1.04834243265
C662BDD50395,Random Forest,Vocabulary,3.5,3.31011516451,-0.18988483549,0.18988483549
C6A047494477,Random Forest,Vocabulary,2.5,2.81624120805,0.31624120805,0.31624120805
C6DDD966C9FC,Random Forest,Vocabulary,5,3.84742626893,-1.15257373107,1.15257373107
C70AEFA3CD16,Random Forest,Vocabulary,3.5,3.04751137157,-0.45248862843,0.45248862843
C76DBCE18AF0,Random Forest,Vocabulary,3.5,3.0136691771,-0.4863308229,0.4863308229
C7CE778367F6,Random Forest,Vocabulary,3,3.74059576035,0.74059576035,0.74059576035
C82037D6072F,Random Forest,Vocabulary,3,3.23065740401,0.23065740401,0.23065740401
C858F547F2AD,Random Forest,Vocabulary,3.5,3.45486178093,-0.04513821907,0.04513821907
C8620D9D22DC,Random Forest,Vocabulary,3,3.30922410485,0.30922410485,0.30922410485
C87D8E9C6248,Random Forest,Vocabulary,2.5,2.9305763196,0.4305763196,0.4305763196
C8EF7048C03F,Random Forest,Vocabulary,3,3.63677768503,0.63677768503,0.63677768503
C954A6D0B707,Random Forest,Vocabulary,2.5,3.16445832524,0.66445832524,0.66445832524
C972C565A819,Random Forest,Vocabulary,3,3.31448114611,0.31448114611,0.31448114611
CA3EB3AA11FC,Random Forest,Vocabulary,1.5,2.55214383091,1.05214383091,1.05214383091
CA4941643D09,Random Forest,Vocabulary,3,3.18330927076,0.18330927076,0.18330927076
CA58CF3D8943,Random Forest,Vocabulary,3,3.04266419704,0.04266419704,0.04266419704
CA64C82B0F26,Random Forest,Vocabulary,2.5,2.8519611233,0.3519611233,0.3519611233
CA7CE4CE7ED3,Random Forest,Vocabulary,3.5,3.46778300785,-0.03221699215,0.03221699215
CB120B25B46E,Random Forest,Vocabulary,4,3.29292684447,-0.70707315553,0.70707315553
CB2F9A2B612B,Random Forest,Vocabulary,3,3.39116683563,0.39116683563,0.39116683563
CBA73A4D5C18,Random Forest,Vocabulary,3,2.98338212979,-0.01661787021,0.01661787021
CBDE3C526D05,Random Forest,Vocabulary,3,2.99445525625,-0.00554474375,0.00554474375
CBF103FE58DD,Random Forest,Vocabulary,2.5,2.72051462702,0.22051462702,0.22051462702
CC11E4C2FE01,Random Forest,Vocabulary,3,3.22821874856,0.22821874856,0.22821874856
CC149CD4B584,Random Forest,Vocabulary,3,3.10846494498,0.10846494498,0.10846494498
CCA58535073C,Random Forest,Vocabulary,3.5,3.2329691318,-0.2670308682,0.2670308682
CCB13E22A439,Random Forest,Vocabulary,2.5,3.17084461006,0.67084461006,0.67084461006
CCDD77656701,Random Forest,Vocabulary,3,3.17888693439,0.17888693439,0.17888693439
CD9AF89E5CA1,Random Forest,Vocabulary,3.5,3.35986476077,-0.14013523923,0.14013523923
CDDAB6C29BF8,Random Forest,Vocabulary,3,2.82135103612,-0.17864896388,0.17864896388
CDE661A599F5,Random Forest,Vocabulary,4,3.54313528644,-0.45686471356,0.45686471356
CEC5B40D1688,Random Forest,Vocabulary,4.5,3.67167971354,-0.82832028646,0.82832028646
CEC6870D564F,Random Forest,Vocabulary,2,2.9450256074,0.9450256074,0.9450256074
CEE41F7526FA,Random Forest,Vocabulary,3,3.40182366786,0.40182366786,0.40182366786
CEFDC545C24F,Random Forest,Vocabulary,3.5,3.26611940139,-0.23388059861,0.23388059861
CF3DC2587708,Random Forest,Vocabulary,3,2.97665108398,-0.02334891602,0.02334891602
CFD454F55693,Random Forest,Vocabulary,3,2.82238532592,-0.17761467408,0.17761467408
D001F6D3A0D0,Random Forest,Vocabulary,4,3.44541482378,-0.55458517622,0.55458517622
D01F88C1F2A0,Random Forest,Vocabulary,3,3.29568011589,0.29568011589,0.29568011589
D03AC4A82463,Random Forest,Vocabulary,2.5,2.84415447589,0.34415447589,0.34415447589
D06EDF336392,Random Forest,Vocabulary,2.5,3.37515912462,0.87515912462,0.87515912462
D14413B502FD,Random Forest,Vocabulary,3,3.6527792228,0.6527792228,0.6527792228
D175411080CC,Random Forest,Vocabulary,3.5,3.43107067718,-0.06892932282,0.06892932282
D1769512AB23,Random Forest,Vocabulary,2,2.7286490714,0.7286490714,0.7286490714
D184EDBFB3B8,Random Forest,Vocabulary,3,3.17618868368,0.17618868368,0.17618868368
D1A682106D3C,Random Forest,Vocabulary,3,3.23130298445,0.23130298445,0.23130298445
D1B9A2A7BEDA,Random Forest,Vocabulary,3.5,3.15907381716,-0.34092618284,0.34092618284
D1D770AF6855,Random Forest,Vocabulary,5,3.5343874469,-1.4656125531,1.4656125531
D2517350CB3A,Random Forest,Vocabulary,3.5,3.17935876294,-0.32064123706,0.32064123706
D25868F1C5C3,Random Forest,Vocabulary,2.5,2.96750437903,0.46750437903,0.46750437903
D2FB14A7C43B,Random Forest,Vocabulary,3,3.37414395232,0.37414395232,0.37414395232
D326DB3F4FCF,Random Forest,Vocabulary,3,2.62139071661,-0.37860928339,0.37860928339
D344D0003B84,Random Forest,Vocabulary,3.5,3.56496001331,0.06496001331,0.06496001331
D3612C6F0653,Random Forest,Vocabulary,3,3.21629494153,0.21629494153,0.21629494153
D3F44CC7EC17,Random Forest,Vocabulary,4,3.12212603951,-0.87787396049,0.87787396049
D41787486DA6,Random Forest,Vocabulary,2.5,2.68686397196,0.18686397196,0.18686397196
D42B6354404D,Random Forest,Vocabulary,3,3.17024720906,0.17024720906,0.17024720906
D5AC4A35BAF8,Random Forest,Vocabulary,3.5,3.14541159457,-0.35458840543,0.35458840543
D5C7212A31FD,Random Forest,Vocabulary,2,3.04673705278,1.04673705278,1.04673705278
D5C7AA1266CC,Random Forest,Vocabulary,3.5,3.35774043648,-0.14225956352,0.14225956352
D5E3716C5E49,Random Forest,Vocabulary,4,3.40728964873,-0.59271035127,0.59271035127
D6278021E119,Random Forest,Vocabulary,3.5,2.63124191216,-0.86875808784,0.86875808784
D6407F1D3515,Random Forest,Vocabulary,3.5,3.34371824987,-0.15628175013,0.15628175013
D669349412FB,Random Forest,Vocabulary,2,3.34141880102,1.34141880102,1.34141880102
D7301CAAFAB0,Random Forest,Vocabulary,2.5,2.96006774853,0.46006774853,0.46006774853
D760EF65B80C,Random Forest,Vocabulary,3,3.53039280658,0.53039280658,0.53039280658
D779EEB6F8BC,Random Forest,Vocabulary,3,3.38560111701,0.38560111701,0.38560111701
D81AEDF6E262,Random Forest,Vocabulary,3,3.63103889368,0.63103889368,0.63103889368
D840D9ED669C,Random Forest,Vocabulary,3,2.76986011108,-0.23013988892,0.23013988892
D9018539576D,Random Forest,Vocabulary,4.5,4.19139255676,-0.30860744324,0.30860744324
D91D25F55AD9,Random Forest,Vocabulary,3.5,3.50504080854,0.00504080854,0.00504080854
D92BFF2AC7FD,Random Forest,Vocabulary,3,3.36705924241,0.36705924241,0.36705924241
D96EF27304E5,Random Forest,Vocabulary,3.5,3.44800009287,-0.05199990713,0.05199990713
D9FC1CDE9B10,Random Forest,Vocabulary,3,2.88003664765,-0.11996335235,0.11996335235
DA228B928B61,Random Forest,Vocabulary,3.5,3.33347896982,-0.16652103018,0.16652103018
DA674E9EB26C,Random Forest,Vocabulary,3.5,3.16753544284,-0.33246455716,0.33246455716
DA86BC9B9FB6,Random Forest,Vocabulary,4,3.22854138944,-0.77145861056,0.77145861056
DA8E64EC1304,Random Forest,Vocabulary,3,2.64689957915,-0.35310042085,0.35310042085
DB050381035B,Random Forest,Vocabulary,2,3.11911205079,1.11911205079,1.11911205079
DB2E935F461F,Random Forest,Vocabulary,3.5,3.54646824834,0.04646824834,0.04646824834
DB69B98973B6,Random Forest,Vocabulary,4,3.28258760843,-0.71741239157,0.71741239157
DB85B6DDB462,Random Forest,Vocabulary,3,2.90135151118,-0.09864848882,0.09864848882
DBAB680CBC5D,Random Forest,Vocabulary,3,2.96355592299,-0.03644407701,0.03644407701
DC1271D1294D,Random Forest,Vocabulary,4,3.40501622475,-0.59498377525,0.59498377525
DC391957FF10,Random Forest,Vocabulary,3,2.85991866776,-0.14008133224,0.14008133224
DC467256CD82,Random Forest,Vocabulary,4,4.1468670668,0.1468670668,0.1468670668
DC56EF65D59D,Random Forest,Vocabulary,3.5,3.21755491283,-0.28244508717,0.28244508717
DC7F27315FCF,Random Forest,Vocabulary,3.5,3.36438315046,-0.13561684954,0.13561684954
DCCA609D1212,Random Forest,Vocabulary,3,3.58902946972,0.58902946972,0.58902946972
DCED139D2C03,Random Forest,Vocabulary,3,3.29427163018,0.29427163018,0.29427163018
DCF9F70FBA91,Random Forest,Vocabulary,4,3.31150759863,-0.68849240137,0.68849240137
DCFBEEAC3AA8,Random Forest,Vocabulary,2.5,2.60771728397,0.10771728397,0.10771728397
DD96F81877AF,Random Forest,Vocabulary,3.5,2.70147502672,-0.79852497328,0.79852497328
DDB673D3627D,Random Forest,Vocabulary,3,3.3412938673,0.3412938673,0.3412938673
DDD24AF9146F,Random Forest,Vocabulary,4,3.50742298776,-0.49257701224,0.49257701224
DE54F3466948,Random Forest,Vocabulary,3,3.02186880481,0.02186880481,0.02186880481
DE8162CAC353,Random Forest,Vocabulary,3,3.18460495406,0.18460495406,0.18460495406
DE841BF24A2F,Random Forest,Vocabulary,3.5,3.38518839317,-0.11481160683,0.11481160683
DEB7816C7CAF,Random Forest,Vocabulary,2.5,2.70773398122,0.20773398122,0.20773398122
DEC50B420484,Random Forest,Vocabulary,3,3.11057659257,0.11057659257,0.11057659257
DEDCC703F6FC,Random Forest,Vocabulary,3.5,3.70346586335,0.20346586335,0.20346586335
DF328FBE5029,Random Forest,Vocabulary,3,2.7258329408,-0.2741670592,0.2741670592
DFD93C26F453,Random Forest,Vocabulary,3,3.15198510955,0.15198510955,0.15198510955
E04208981449,Random Forest,Vocabulary,4,3.24523859391,-0.75476140609,0.75476140609
E0BDF62838F7,Random Forest,Vocabulary,2.5,2.86974342791,0.36974342791,0.36974342791
E1EC4869981F,Random Forest,Vocabulary,4.5,3.40582608111,-1.09417391889,1.09417391889
E21BAA47A9F4,Random Forest,Vocabulary,4,3.58505377373,-0.41494622627,0.41494622627
E24ADB91F6D3,Random Forest,Vocabulary,3,3.35032263695,0.35032263695,0.35032263695
E2A60C034849,Random Forest,Vocabulary,2.5,3.02911295544,0.52911295544,0.52911295544
E2C3F26AB94D,Random Forest,Vocabulary,4.5,3.24718797613,-1.25281202387,1.25281202387
E2E6984894BC,Random Forest,Vocabulary,2.5,2.6093425184,0.1093425184,0.1093425184
E2FC55BF5005,Random Forest,Vocabulary,3.5,3.18146252379,-0.31853747621,0.31853747621
E3096B04916A,Random Forest,Vocabulary,4,3.50595532375,-0.49404467625,0.49404467625
E312449DF480,Random Forest,Vocabulary,3,3.2528722768,0.2528722768,0.2528722768
E31B2A06C28C,Random Forest,Vocabulary,3,3.28683079473,0.28683079473,0.28683079473
E353A05E7C8C,Random Forest,Vocabulary,3,3.07487394961,0.07487394961,0.07487394961
E3CCA8712549,Random Forest,Vocabulary,4,3.24099689604,-0.75900310396,0.75900310396
E429DAB69106,Random Forest,Vocabulary,3.5,3.35339191654,-0.14660808346,0.14660808346
E43EB471951D,Random Forest,Vocabulary,2,2.83974953901,0.83974953901,0.83974953901
E47A7E497F78,Random Forest,Vocabulary,3,3.12027652896,0.12027652896,0.12027652896
E4F813D54870,Random Forest,Vocabulary,3,3.33986934671,0.33986934671,0.33986934671
E55289EA6492,Random Forest,Vocabulary,2.5,2.63320118727,0.13320118727,0.13320118727
E5621447B675,Random Forest,Vocabulary,2,2.78721990365,0.78721990365,0.78721990365
E5F1CCC31762,Random Forest,Vocabulary,3.5,2.86730920119,-0.63269079881,0.63269079881
E6122E9ABFA3,Random Forest,Vocabulary,3,3.3057483388,0.3057483388,0.3057483388
E71DABB44645,Random Forest,Vocabulary,3.5,3.29804022404,-0.20195977596,0.20195977596
E73CF852AC12,Random Forest,Vocabulary,3.5,3.48131971626,-0.01868028374,0.01868028374
E7EFD51B632F,Random Forest,Vocabulary,5,4.11410103439,-0.88589896561,0.88589896561
E7F9A77683D2,Random Forest,Vocabulary,3,3.01407262264,0.01407262264,0.01407262264
E8257C027079,Random Forest,Vocabulary,3,3.04243999264,0.04243999264,0.04243999264
E877D5AD16DA,Random Forest,Vocabulary,3,3.07319885789,0.07319885789,0.07319885789
E89C57CE37A6,Random Forest,Vocabulary,2.5,2.74689977271,0.24689977271,0.24689977271
E8C3FA5907B0,Random Forest,Vocabulary,3,3.34284903579,0.34284903579,0.34284903579
E8E07D453C9B,Random Forest,Vocabulary,3,3.36440665202,0.36440665202,0.36440665202
E8F77B7EB4D9,Random Forest,Vocabulary,3.5,3.22453905161,-0.27546094839,0.27546094839
E952F0EB5083,Random Forest,Vocabulary,3,3.5944045867,0.5944045867,0.5944045867
E974548BFD00,Random Forest,Vocabulary,3.5,3.65408052191,0.15408052191,0.15408052191
EA105A8B8699,Random Forest,Vocabulary,3,3.24749108726,0.24749108726,0.24749108726
EA42A6028804,Random Forest,Vocabulary,3.5,3.6824347259,0.1824347259,0.1824347259
EA5B3C8E09D1,Random Forest,Vocabulary,3.5,3.18477240387,-0.31522759613,0.31522759613
EAE71A9E0247,Random Forest,Vocabulary,2.5,3.1300226017,0.6300226017,0.6300226017
EB5924FBD25C,Random Forest,Vocabulary,4,3.27600129307,-0.72399870693,0.72399870693
EB8030177678,Random Forest,Vocabulary,3.5,3.0865234922,-0.4134765078,0.4134765078
EC2758A5B74E,Random Forest,Vocabulary,4.5,4.13671052501,-0.36328947499,0.36328947499
EC35456D4E07,Random Forest,Vocabulary,2.5,3.17725735661,0.67725735661,0.67725735661
EC5138D8C9D6,Random Forest,Vocabulary,3,2.57323164541,-0.42676835459,0.42676835459
ECC9E84CD3D1,Random Forest,Vocabulary,3,3.11545890048,0.11545890048,0.11545890048
ED0A8E614649,Random Forest,Vocabulary,4,3.9806094661,-0.0193905339,0.0193905339
ED35A1FF5ACC,Random Forest,Vocabulary,3.5,3.38941695871,-0.11058304129,0.11058304129
EDA3FF6D2DCA,Random Forest,Vocabulary,2,3.13085849395,1.13085849395,1.13085849395
EDE0A58B0B47,Random Forest,Vocabulary,3,3.20655300866,0.20655300866,0.20655300866
EE3E133A2D55,Random Forest,Vocabulary,3,3.56137563275,0.56137563275,0.56137563275
EE855A723FE0,Random Forest,Vocabulary,2.5,3.34198662287,0.84198662287,0.84198662287
EE9EA950AAE1,Random Forest,Vocabulary,2.5,3.00005524572,0.50005524572,0.50005524572
EEB113169637,Random Forest,Vocabulary,3,3.1885126766,0.1885126766,0.1885126766
EF2E939F92B2,Random Forest,Vocabulary,3.5,3.34452989064,-0.15547010936,0.15547010936
EF4966D17FFB,Random Forest,Vocabulary,3,3.39591750423,0.39591750423,0.39591750423
EF7E0CBD62D2,Random Forest,Vocabulary,3,2.74902297266,-0.25097702734,0.25097702734
EFBF293CC2AF,Random Forest,Vocabulary,4,3.46044714829,-0.53955285171,0.53955285171
EFD7D87EF4C9,Random Forest,Vocabulary,4,3.50375018916,-0.49624981084,0.49624981084
EFDC396D9F7A,Random Forest,Vocabulary,3,2.75808302379,-0.24191697621,0.24191697621
EFF1803E4B81,Random Forest,Vocabulary,3,3.40507406489,0.40507406489,0.40507406489
F0116D8BA334,Random Forest,Vocabulary,3,3.44716074302,0.44716074302,0.44716074302
F0524CAE23DC,Random Forest,Vocabulary,3,2.88901676878,-0.11098323122,0.11098323122
F074C2FEC1AF,Random Forest,Vocabulary,3.5,3.49784052316,-0.00215947684,0.00215947684
F075F9AD2AA4,Random Forest,Vocabulary,2.5,3.2834280804,0.7834280804,0.7834280804
F07EB7B6F40E,Random Forest,Vocabulary,3.5,3.51196600397,0.01196600397,0.01196600397
F12FEB0FE5B6,Random Forest,Vocabulary,3,3.16762126086,0.16762126086,0.16762126086
F1596AB60E72,Random Forest,Vocabulary,4,3.30590569717,-0.69409430283,0.69409430283
F160E7B1FD96,Random Forest,Vocabulary,3,3.48384213033,0.48384213033,0.48384213033
F17F4DF6095D,Random Forest,Vocabulary,2.5,3.51214605947,1.01214605947,1.01214605947
F1883C3A8C1E,Random Forest,Vocabulary,2.5,3.14458402102,0.64458402102,0.64458402102
F1B1760AD63F,Random Forest,Vocabulary,3,3.02237226468,0.02237226468,0.02237226468
F1B4412674FE,Random Forest,Vocabulary,4,3.41504673235,-0.58495326765,0.58495326765
F1DF4F89F70D,Random Forest,Vocabulary,3,3.55546539801,0.55546539801,0.55546539801
F2A721819364,Random Forest,Vocabulary,3.5,3.2733868716,-0.2266131284,0.2266131284
F2C012ECBF9C,Random Forest,Vocabulary,3,2.77262216956,-0.22737783044,0.22737783044
F30AD5A2B74A,Random Forest,Vocabulary,2.5,3.23249127029,0.73249127029,0.73249127029
F347A054A1AF,Random Forest,Vocabulary,3.5,3.25103614773,-0.24896385227,0.24896385227
F3996EB91406,Random Forest,Vocabulary,2.5,2.72264698902,0.22264698902,0.22264698902
F39FFFB63840,Random Forest,Vocabulary,3,2.81128660067,-0.18871339933,0.18871339933
F3B7C2480747,Random Forest,Vocabulary,2.5,3.12243183407,0.62243183407,0.62243183407
F3BFC265844A,Random Forest,Vocabulary,2.5,2.7498359532,0.2498359532,0.2498359532
F44D5A636C2F,Random Forest,Vocabulary,3,2.95938962017,-0.04061037983,0.04061037983
F49521C3494B,Random Forest,Vocabulary,3,3.06685428533,0.06685428533,0.06685428533
F4B3B2CAB030,Random Forest,Vocabulary,3,3.22795625666,0.22795625666,0.22795625666
F4C52358CE03,Random Forest,Vocabulary,2.5,3.02289135155,0.52289135155,0.52289135155
F4D07B2A60F9,Random Forest,Vocabulary,3,2.75040178206,-0.24959821794,0.24959821794
F53E50C57938,Random Forest,Vocabulary,3.5,3.38553336554,-0.11446663446,0.11446663446
F58106266977,Random Forest,Vocabulary,3.5,3.22831297075,-0.27168702925,0.27168702925
F5EFA67354E6,Random Forest,Vocabulary,3,3.32339071131,0.32339071131,0.32339071131
F66B2BAB7E4C,Random Forest,Vocabulary,3,3.38054936102,0.38054936102,0.38054936102
F6886170FAA3,Random Forest,Vocabulary,3,2.9340477726,-0.0659522274,0.0659522274
F6B1E10F02C8,Random Forest,Vocabulary,3,2.79324533463,-0.20675466537,0.20675466537
F6DEF203DCD1,Random Forest,Vocabulary,3.5,2.91897297185,-0.58102702815,0.58102702815
F72B0C4DB804,Random Forest,Vocabulary,3.5,3.64225421832,0.14225421832,0.14225421832
F75D6E5CCE78,Random Forest,Vocabulary,3,3.38770466366,0.38770466366,0.38770466366
F771A9924D56,Random Forest,Vocabulary,3,3.00698885384,0.00698885384,0.00698885384
F78366DD5A31,Random Forest,Vocabulary,3.5,3.71970478672,0.21970478672,0.21970478672
F79EB8CBE0FE,Random Forest,Vocabulary,3,2.8930825685,-0.1069174315,0.1069174315
F7CC31D47F06,Random Forest,Vocabulary,3,3.34967725218,0.34967725218,0.34967725218
F7CF6202A7FA,Random Forest,Vocabulary,4,3.19908455184,-0.80091544816,0.80091544816
F7DF6ABE8573,Random Forest,Vocabulary,4,4.01147510058,0.01147510058,0.01147510058
F7FD0CB34BBC,Random Forest,Vocabulary,3.5,3.54012318233,0.04012318233,0.04012318233
F83702EEB830,Random Forest,Vocabulary,3,3.17172608637,0.17172608637,0.17172608637
F8F7785B285B,Random Forest,Vocabulary,2.5,2.80177041094,0.30177041094,0.30177041094
F8FE459205F4,Random Forest,Vocabulary,3,3.31474358732,0.31474358732,0.31474358732
F90A25704212,Random Forest,Vocabulary,4,3.73301353186,-0.26698646814,0.26698646814
F9111CF0A009,Random Forest,Vocabulary,3,3.2046086098,0.2046086098,0.2046086098
F91EFD0443E6,Random Forest,Vocabulary,4.5,3.62800574862,-0.87199425138,0.87199425138
F95CE6B81C75,Random Forest,Vocabulary,4,3.46475010493,-0.53524989507,0.53524989507
F998E8BD71CF,Random Forest,Vocabulary,4,3.1358121029,-0.8641878971,0.8641878971
F9DDE725DB74,Random Forest,Vocabulary,3,3.14578538911,0.14578538911,0.14578538911
F9FEE5DC1640,Random Forest,Vocabulary,3,3.07245569786,0.07245569786,0.07245569786
FA0A22FE957A,Random Forest,Vocabulary,2.5,3.26139208179,0.76139208179,0.76139208179
FA145FA7B678,Random Forest,Vocabulary,3,2.51512532962,-0.48487467038,0.48487467038
FA38957FCAF6,Random Forest,Vocabulary,2.5,2.53768631773,0.03768631773,0.03768631773
FA43581AD6D1,Random Forest,Vocabulary,3.5,3.16652347392,-0.33347652608,0.33347652608
FA5BCD4CBF5A,Random Forest,Vocabulary,3.5,2.74107555112,-0.75892444888,0.75892444888
FA63EE28501A,Random Forest,Vocabulary,3,3.31696193509,0.31696193509,0.31696193509
FA87416EF173,Random Forest,Vocabulary,2.5,2.75108169515,0.25108169515,0.25108169515
FAAFFC983E47,Random Forest,Vocabulary,2.5,3.40482801145,0.90482801145,0.90482801145
FAF2897C9B65,Random Forest,Vocabulary,4,3.11294063809,-0.88705936191,0.88705936191
FB4D3D883D49,Random Forest,Vocabulary,2.5,3.36287877857,0.86287877857,0.86287877857
FB68439D9CBA,Random Forest,Vocabulary,3,3.11495868665,0.11495868665,0.11495868665
FB70FE5B31A8,Random Forest,Vocabulary,3.5,3.5812553414,0.0812553414,0.0812553414
FC2D44D20533,Random Forest,Vocabulary,3,3.02738561476,0.02738561476,0.02738561476
FC343CFBE807,Random Forest,Vocabulary,4,3.50073389785,-0.49926610215,0.49926610215
FC69DC957116,Random Forest,Vocabulary,3,2.96969282358,-0.03030717642,0.03030717642
FC831CB27E25,Random Forest,Vocabulary,3,2.96447787308,-0.03552212692,0.03552212692
FC86782120D3,Random Forest,Vocabulary,2,3.05482748721,1.05482748721,1.05482748721
FCD0FB7FE622,Random Forest,Vocabulary,2,2.56480211725,0.56480211725,0.56480211725
FD22ECF287BD,Random Forest,Vocabulary,4,3.46128305938,-0.53871694062,0.53871694062
FD48D4BB6F06,Random Forest,Vocabulary,4,3.77466455082,-0.22533544918,0.22533544918
FDE0B653AD74,Random Forest,Vocabulary,3.5,3.73657967729,0.23657967729,0.23657967729
FE1D0E5EA2EB,Random Forest,Vocabulary,3.5,3.15135476176,-0.34864523824,0.34864523824
FE31D12E44FE,Random Forest,Vocabulary,2.5,2.66492233799,0.16492233799,0.16492233799
FE60E597467E,Random Forest,Vocabulary,4,3.61633357989,-0.38366642011,0.38366642011
FE6D9B200002,Random Forest,Vocabulary,2.5,2.78379522024,0.28379522024,0.28379522024
FED42BB10805,Random Forest,Vocabulary,3,2.48579557876,-0.51420442124,0.51420442124
FF190BD8380B,Random Forest,Vocabulary,3.5,3.20411713393,-0.29588286607,0.29588286607
FF6F91DC4170,Random Forest,Vocabulary,4,3.3053207621,-0.6946792379,0.6946792379
FF7FE6BD8509,Random Forest,Vocabulary,3.5,3.37204769553,-0.12795230447,0.12795230447
FFA6690BC309,Random Forest,Vocabulary,4,3.48405011638,-0.51594988362,0.51594988362
FFAEAF8D0C90,Random Forest,Vocabulary,2.5,2.59382809946,0.09382809946,0.09382809946
0022683E9EA5,Ridge,Grammar,2,2.84282893538,0.84282893538,0.84282893538
009F4E9310CB,Ridge,Grammar,3,3.05518733681,0.05518733681,0.05518733681
011AAA636F11,Ridge,Grammar,3.5,3.14400274877,-0.35599725123,0.35599725123
032EA4B76BF5,Ridge,Grammar,3.5,3.31859828962,-0.18140171038,0.18140171038
038480498E5A,Ridge,Grammar,3,3.56056955027,0.56056955027,0.56056955027
03A3B40D651B,Ridge,Grammar,3.5,3.3094090124,-0.1905909876,0.1905909876
043B9F48FDC2,Ridge,Grammar,3,3.07925663399,0.07925663399,0.07925663399
04788D56AC58,Ridge,Grammar,3.5,2.55399669646,-0.94600330354,0.94600330354
047BD3CB80B4,Ridge,Grammar,3.5,3.53031021331,0.03031021331,0.03031021331
05021F4CA528,Ridge,Grammar,2.5,2.2444831059,-0.2555168941,0.2555168941
0506BAC596A7,Ridge,Grammar,2,2.81779119744,0.81779119744,0.81779119744
050BFA60C6AF,Ridge,Grammar,2.5,2.90262974242,0.40262974242,0.40262974242
0514D25768A0,Ridge,Grammar,2,2.94967533736,0.94967533736,0.94967533736
057E81E19740,Ridge,Grammar,2,2.70845256511,0.70845256511,0.70845256511
05903AA4540F,Ridge,Grammar,3.5,3.30064608753,-0.19935391247,0.19935391247
05F54CEC774B,Ridge,Grammar,3.5,3.07844742021,-0.42155257979,0.42155257979
061AF57CB05C,Ridge,Grammar,3.5,2.89384371202,-0.60615628798,0.60615628798
063F809DE304,Ridge,Grammar,3,3.37009301639,0.37009301639,0.37009301639
06C9FC1267BB,Ridge,Grammar,3,3.12678820014,0.12678820014,0.12678820014
06E81109FE92,Ridge,Grammar,2,2.60763066625,0.60763066625,0.60763066625
07DFD9A0986B,Ridge,Grammar,2.5,2.8298572436,0.3298572436,0.3298572436
07E1633CC87A,Ridge,Grammar,3,3.17673656259,0.17673656259,0.17673656259
08B72DCFD859,Ridge,Grammar,3,3.02649367185,0.02649367185,0.02649367185
08FAE6E0BDCC,Ridge,Grammar,3,3.1620396441,0.1620396441,0.1620396441
0943E322C195,Ridge,Grammar,4,3.11452878347,-0.88547121653,0.88547121653
0A324290AFE7,Ridge,Grammar,3,3.10040131738,0.10040131738,0.10040131738
0ACB3F8B9DF8,Ridge,Grammar,3.5,2.82372509423,-0.67627490577,0.67627490577
0AF4F757FBEA,Ridge,Grammar,2,2.58202532702,0.58202532702,0.58202532702
0AFAD06336F3,Ridge,Grammar,3.5,3.4812162419,-0.0187837581,0.0187837581
0AFC8CE27321,Ridge,Grammar,5,3.38068851411,-1.61931148589,1.61931148589
0AFEC3CC53B5,Ridge,Grammar,2,2.16402324911,0.16402324911,0.16402324911
0B1599B11FCF,Ridge,Grammar,2.5,2.88992957409,0.38992957409,0.38992957409
0B6316123881,Ridge,Grammar,2.5,2.72246836348,0.22246836348,0.22246836348
0BB7AF7A448C,Ridge,Grammar,2,2.88033073483,0.88033073483,0.88033073483
0C91926E2BC6,Ridge,Grammar,3.5,3.16724604304,-0.33275395696,0.33275395696
0D9288F0A6C9,Ridge,Grammar,3.5,2.62626181505,-0.87373818495,0.87373818495
0DB44DDF91E6,Ridge,Grammar,3,2.75461558473,-0.24538441527,0.24538441527
0E03218FDD2F,Ridge,Grammar,5,3.67366899023,-1.32633100977,1.32633100977
0E14B9D24898,Ridge,Grammar,2.5,2.55444436848,0.05444436848,0.05444436848
0E26C20CFBBE,Ridge,Grammar,2.5,3.3357094067,0.8357094067,0.8357094067
0E4FA5AC1EC1,Ridge,Grammar,3.5,3.30954622369,-0.19045377631,0.19045377631
0F8436260047,Ridge,Grammar,4.5,3.39332458053,-1.10667541947,1.10667541947
0FFB44B5D0C2,Ridge,Grammar,3.5,2.64840731143,-0.85159268857,0.85159268857
101576652D3B,Ridge,Grammar,4,3.61669111051,-0.38330888949,0.38330888949
1087B6C7FB98,Ridge,Grammar,3,2.74219644024,-0.25780355976,0.25780355976
10AC7944DC4A,Ridge,Grammar,2,3.02207893473,1.02207893473,1.02207893473
10D2D1173D36,Ridge,Grammar,3.5,3.2729443252,-0.2270556748,0.2270556748
10D3A9E5E79E,Ridge,Grammar,3.5,3.23655716057,-0.26344283943,0.26344283943
113436EC45E2,Ridge,Grammar,2,2.68172628676,0.68172628676,0.68172628676
113B1543C433,Ridge,Grammar,2.5,3.03694123946,0.53694123946,0.53694123946
11E5C01714C5,Ridge,Grammar,3.5,3.30699628734,-0.19300371266,0.19300371266
120FE0B76D5C,Ridge,Grammar,4,3.35638349029,-0.64361650971,0.64361650971
13450D581EC9,Ridge,Grammar,3,3.01180266431,0.01180266431,0.01180266431
136B3124BE79,Ridge,Grammar,2.5,2.83652982637,0.33652982637,0.33652982637
14D2867090F2,Ridge,Grammar,4,3.41501131722,-0.58498868278,0.58498868278
15125AF6CB82,Ridge,Grammar,2.5,3.16272983414,0.66272983414,0.66272983414
15BDA0989B56,Ridge,Grammar,2,2.61905596397,0.61905596397,0.61905596397
16005A45A20A,Ridge,Grammar,3.5,3.44039337905,-0.05960662095,0.05960662095
168958FC7315,Ridge,Grammar,4,3.14487003986,-0.85512996014,0.85512996014
168C858F93A3,Ridge,Grammar,3,3.49073666883,0.49073666883,0.49073666883
16DEF72E220A,Ridge,Grammar,2.5,2.98986225302,0.48986225302,0.48986225302
1703E46B4DC9,Ridge,Grammar,4,3.1962633278,-0.8037366722,0.8037366722
1721F085F81E,Ridge,Grammar,2.5,3.57931132241,1.07931132241,1.07931132241
18EA27A2E333,Ridge,Grammar,3,2.94837024675,-0.05162975325,0.05162975325
1928846BB272,Ridge,Grammar,2.5,3.25745229727,0.75745229727,0.75745229727
192D02CF8C9E,Ridge,Grammar,2.5,2.76634798813,0.26634798813,0.26634798813
19D55405175F,Ridge,Grammar,3.5,3.11361910883,-0.38638089117,0.38638089117
19DDF17CA4DC,Ridge,Grammar,3.5,3.44876588159,-0.05123411841,0.05123411841
1A17F32415FD,Ridge,Grammar,2.5,3.10790273967,0.60790273967,0.60790273967
1AA55FB101FD,Ridge,Grammar,3,2.54343468899,-0.45656531101,0.45656531101
1AD12415C4DB,Ridge,Grammar,3,3.05304216062,0.05304216062,0.05304216062
1B056DE0E856,Ridge,Grammar,3,2.79244431676,-0.20755568324,0.20755568324
1B981E7E59C5,Ridge,Grammar,3,2.86206434177,-0.13793565823,0.13793565823
1BAD681F72CB,Ridge,Grammar,2.5,2.94702015948,0.44702015948,0.44702015948
1C0E34879BB0,Ridge,Grammar,2.5,2.95222684874,0.45222684874,0.45222684874
1DB195AA7BE3,Ridge,Grammar,1.5,2.37314370473,0.87314370473,0.87314370473
1DDA34D8E4D3,Ridge,Grammar,2.5,2.72277266513,0.22277266513,0.22277266513
1DFACB5D0C9E,Ridge,Grammar,3,3.10201007223,0.10201007223,0.10201007223
1F3620A2965E,Ridge,Grammar,4,3.33159402783,-0.66840597217,0.66840597217
1F4961D46D29,Ridge,Grammar,4.5,3.5832975919,-0.9167024081,0.9167024081
1F9C0492FB8A,Ridge,Grammar,2.5,2.98645567241,0.48645567241,0.48645567241
1FAC31F5C8DC,Ridge,Grammar,3,2.80271665397,-0.19728334603,0.19728334603
1FACF7E8D0A7,Ridge,Grammar,3.5,2.95497182585,-0.54502817415,0.54502817415
1FC46D4B9D8C,Ridge,Grammar,2.5,2.80605725743,0.30605725743,0.30605725743
1FE3EE0E16A8,Ridge,Grammar,2.5,2.71458318722,0.21458318722,0.21458318722
2003BF2E6DD0,Ridge,Grammar,4.5,3.48829106151,-1.01170893849,1.01170893849
2010889A6522,Ridge,Grammar,3,2.8262615196,-0.1737384804,0.1737384804
205069BE2E53,Ridge,Grammar,3,2.87442888328,-0.12557111672,0.12557111672
205D590BCBB1,Ridge,Grammar,3,3.21811917447,0.21811917447,0.21811917447
209A6BC99DB9,Ridge,Grammar,4.5,3.50485840722,-0.99514159278,0.99514159278
20E2B07931F3,Ridge,Grammar,3,3.11965888068,0.11965888068,0.11965888068
211699D25472,Ridge,Grammar,3,2.74541725984,-0.25458274016,0.25458274016
214EC21D1403,Ridge,Grammar,3,3.2445119255,0.2445119255,0.2445119255
2157AE4AFAA6,Ridge,Grammar,3,3.47765749228,0.47765749228,0.47765749228
21737947650E,Ridge,Grammar,2,2.8987571999,0.8987571999,0.8987571999
22D02123C65D,Ridge,Grammar,3,3.16175987937,0.16175987937,0.16175987937
22F16C83DE10,Ridge,Grammar,3.5,3.18569569298,-0.31430430702,0.31430430702
2327EC67A339,Ridge,Grammar,3,3.18296619172,0.18296619172,0.18296619172
2358C2CE9966,Ridge,Grammar,2,1.97737023465,-0.02262976535,0.02262976535
23958A3106EA,Ridge,Grammar,3.5,3.39818571985,-0.10181428015,0.10181428015
239A72DE1E35,Ridge,Grammar,3.5,3.18971642654,-0.31028357346,0.31028357346
23F0ABEF8370,Ridge,Grammar,2,3.03563941962,1.03563941962,1.03563941962
25130AAA9552,Ridge,Grammar,3,2.14463753524,-0.85536246476,0.85536246476
253108CDC69F,Ridge,Grammar,3.5,2.82549551589,-0.67450448411,0.67450448411
26788FA4ED04,Ridge,Grammar,3,3.07720538277,0.07720538277,0.07720538277
269101ABF266,Ridge,Grammar,3,2.82455306491,-0.17544693509,0.17544693509
277A95AC0190,Ridge,Grammar,4,2.66811861271,-1.33188138729,1.33188138729
279245CFCCF4,Ridge,Grammar,3.5,3.28206320366,-0.21793679634,0.21793679634
27D80E5F87B1,Ridge,Grammar,2.5,3.02243275805,0.52243275805,0.52243275805
28930E0B8820,Ridge,Grammar,3,2.17598883543,-0.82401116457,0.82401116457
293A93F037A7,Ridge,Grammar,4,3.32054550138,-0.67945449862,0.67945449862
29BB45AA907C,Ridge,Grammar,4,3.31343818495,-0.68656181505,0.68656181505
2A18E2265D9E,Ridge,Grammar,3.5,3.05056301141,-0.44943698859,0.44943698859
2B62F285FD21,Ridge,Grammar,3.5,3.49768934195,-0.00231065805,0.00231065805
2B9C5C3BB7B9,Ridge,Grammar,3,3.4649958265,0.4649958265,0.4649958265
2BE11993FB5F,Ridge,Grammar,3.5,3.16983595951,-0.33016404049,0.33016404049
2BFB0A8F50E1,Ridge,Grammar,3,3.24511565942,0.24511565942,0.24511565942
2C4DE9FD3734,Ridge,Grammar,3.5,3.29352196984,-0.20647803016,0.20647803016
2C8802241F51,Ridge,Grammar,3.5,2.84045308438,-0.65954691562,0.65954691562
2D508127DEF1,Ridge,Grammar,4,3.45323103557,-0.54676896443,0.54676896443
2D8464A3BD5B,Ridge,Grammar,3.5,3.04026210933,-0.45973789067,0.45973789067
2D940E7F240C,Ridge,Grammar,4,3.52034139761,-0.47965860239,0.47965860239
2DAA07621328,Ridge,Grammar,3.5,2.82096166915,-0.67903833085,0.67903833085
2E5A3E5FD179,Ridge,Grammar,3,3.07031533885,0.07031533885,0.07031533885
2F268BE28055,Ridge,Grammar,3.5,3.08250767066,-0.41749232934,0.41749232934
2F7B0CE01B4B,Ridge,Grammar,4,3.6577678673,-0.3422321327,0.3422321327
2F81111E7831,Ridge,Grammar,2.5,2.97979354761,0.47979354761,0.47979354761
30DDC17D2986,Ridge,Grammar,3.5,3.49963940688,-0.00036059312,0.00036059312
310CDA45739E,Ridge,Grammar,3.5,3.23519586001,-0.26480413999,0.26480413999
314E6ED40C6A,Ridge,Grammar,2.5,2.45163581021,-0.04836418979,0.04836418979
327AAC23CF5D,Ridge,Grammar,2,2.89983120193,0.89983120193,0.89983120193
327EB11122D0,Ridge,Grammar,2,2.82427744721,0.82427744721,0.82427744721
33113B7D1125,Ridge,Grammar,2.5,2.34699223064,-0.15300776936,0.15300776936
33DEFCDAD05F,Ridge,Grammar,4,3.49014859324,-0.50985140676,0.50985140676
33F18D5D8867,Ridge,Grammar,4,3.37856951965,-0.62143048035,0.62143048035
340BCFE7E249,Ridge,Grammar,3.5,3.08081552145,-0.41918447855,0.41918447855
34317A7F1262,Ridge,Grammar,2.5,2.67155133263,0.17155133263,0.17155133263
343A80DD6FB3,Ridge,Grammar,3.5,3.23001551862,-0.26998448138,0.26998448138
34716B652420,Ridge,Grammar,2,2.076004809,0.076004809,0.076004809
34A066E69905,Ridge,Grammar,3.5,3.0393751373,-0.4606248627,0.4606248627
34F016931102,Ridge,Grammar,3.5,3.24702743075,-0.25297256925,0.25297256925
3550660EE2EC,Ridge,Grammar,2.5,2.7286155847,0.2286155847,0.2286155847
35E552843ADF,Ridge,Grammar,3.5,3.2951156064,-0.2048843936,0.2048843936
36A74F4F050A,Ridge,Grammar,2.5,2.5471825471,0.0471825471,0.0471825471
37DD80EFE4D4,Ridge,Grammar,2.5,3.21882804621,0.71882804621,0.71882804621
380164B1BAB5,Ridge,Grammar,4,3.34962756431,-0.65037243569,0.65037243569
3814F9116CD1,Ridge,Grammar,2.5,2.40805392787,-0.09194607213,0.09194607213
38452CB371C9,Ridge,Grammar,3,3.50286808712,0.50286808712,0.50286808712
3898358B58BB,Ridge,Grammar,3.5,3.21330755091,-0.28669244909,0.28669244909
394F5867B7EC,Ridge,Grammar,2.5,3.16764687745,0.66764687745,0.66764687745
39BB85E5CB5A,Ridge,Grammar,3.5,3.15038984552,-0.34961015448,0.34961015448
3A38B9DD6723,Ridge,Grammar,3,3.32227965299,0.32227965299,0.32227965299
3A71C888CE45,Ridge,Grammar,2,2.47215606445,0.47215606445,0.47215606445
3B81809AA132,Ridge,Grammar,2.5,2.7424896425,0.2424896425,0.2424896425
3B93AE972238,Ridge,Grammar,2.5,3.32816597479,0.82816597479,0.82816597479
3BDF36560245,Ridge,Grammar,2,2.16182574034,0.16182574034,0.16182574034
3BFECA0F8470,Ridge,Grammar,2.5,3.21983690155,0.71983690155,0.71983690155
3C56844D4CF0,Ridge,Grammar,2,2.93408824265,0.93408824265,0.93408824265
3CD660D1E7BB,Ridge,Grammar,4.5,3.51167257403,-0.98832742597,0.98832742597
3D739817CC30,Ridge,Grammar,2,3.17412583758,1.17412583758,1.17412583758
3E7DE9C1C160,Ridge,Grammar,3.5,2.97928286681,-0.52071713319,0.52071713319
3EC60741B7BF,Ridge,Grammar,3,2.29464336373,-0.70535663627,0.70535663627
3F2941C11D95,Ridge,Grammar,4,3.67413787512,-0.32586212488,0.32586212488
3F4D8262235A,Ridge,Grammar,3.5,3.18539769118,-0.31460230882,0.31460230882
4032ED0063E4,Ridge,Grammar,4,2.77654587912,-1.22345412088,1.22345412088
40AF66A621E0,Ridge,Grammar,2,2.06992615737,0.06992615737,0.06992615737
410D72D3CCE8,Ridge,Grammar,3.5,3.19816528699,-0.30183471301,0.30183471301
41D9F5D10332,Ridge,Grammar,3,2.82393448292,-0.17606551708,0.17606551708
4288F88C8D15,Ridge,Grammar,3,2.73700165327,-0.26299834673,0.26299834673
42BF43BF8DBE,Ridge,Grammar,3.5,2.91455422324,-0.58544577676,0.58544577676
4351657CEC2F,Ridge,Grammar,3.5,3.52330730434,0.02330730434,0.02330730434
447221C3FA00,Ridge,Grammar,2,2.60569574055,0.60569574055,0.60569574055
4477C08B4960,Ridge,Grammar,3,3.11700903397,0.11700903397,0.11700903397
44C1594D0950,Ridge,Grammar,3,3.22449240202,0.22449240202,0.22449240202
451A840C382E,Ridge,Grammar,2,3.21100929992,1.21100929992,1.21100929992
451E8369BB76,Ridge,Grammar,2.5,2.48491327464,-0.01508672536,0.01508672536
453F18C3C8BD,Ridge,Grammar,2,1.60777935961,-0.39222064039,0.39222064039
45DF17CF4937,Ridge,Grammar,3.5,3.38638561731,-0.11361438269,0.11361438269
4608287E9B30,Ridge,Grammar,3,2.77508178097,-0.22491821903,0.22491821903
462769ABDD5B,Ridge,Grammar,2.5,2.90341695956,0.40341695956,0.40341695956
462832DCD932,Ridge,Grammar,2,2.87331456747,0.87331456747,0.87331456747
4665A1D77D6C,Ridge,Grammar,3.5,2.97048022574,-0.52951977426,0.52951977426
4744A861D13F,Ridge,Grammar,4,3.38987951842,-0.61012048158,0.61012048158
483EE18C996B,Ridge,Grammar,3.5,3.23688975487,-0.26311024513,0.26311024513
48940AA0656E,Ridge,Grammar,2.5,3.02575608908,0.52575608908,0.52575608908
48ADCBFC8376,Ridge,Grammar,3.5,3.61000688894,0.11000688894,0.11000688894
48EA282A4EAF,Ridge,Grammar,1,2.53651779723,1.53651779723,1.53651779723
4906FE42D823,Ridge,Grammar,3,3.47446117803,0.47446117803,0.47446117803
4967076F4E7F,Ridge,Grammar,3,2.55016330916,-0.44983669084,0.44983669084
49C5BCE4CD28,Ridge,Grammar,3.5,2.73807072629,-0.76192927371,0.76192927371
4A38761A2CBB,Ridge,Grammar,2.5,2.8628099193,0.3628099193,0.3628099193
4A4B45273A9D,Ridge,Grammar,2.5,2.466223167,-0.033776833,0.033776833
4AF3A09B2EF7,Ridge,Grammar,3.5,3.33640547261,-0.16359452739,0.16359452739
4BF17A253013,Ridge,Grammar,3,2.4850340394,-0.5149659606,0.5149659606
4C3AFB55C4F7,Ridge,Grammar,2.5,3.36923573524,0.86923573524,0.86923573524
4D35A86F4929,Ridge,Grammar,3,3.28879076225,0.28879076225,0.28879076225
4D377B163021,Ridge,Grammar,3,2.64035808573,-0.35964191427,0.35964191427
4D65BE0B15B8,Ridge,Grammar,2.5,2.71434931056,0.21434931056,0.21434931056
4DBC5B5272FF,Ridge,Grammar,3.5,3.60433804489,0.10433804489,0.10433804489
4E22E3143561,Ridge,Grammar,3,2.60563246851,-0.39436753149,0.39436753149
4E7DD441DAC8,Ridge,Grammar,3,2.4760452239,-0.5239547761,0.5239547761
4E8ED336CF7E,Ridge,Grammar,2.5,2.54253757573,0.04253757573,0.04253757573
4EE0B81B9133,Ridge,Grammar,3.5,3.21671434461,-0.28328565539,0.28328565539
4EECC9B3CF7F,Ridge,Grammar,4,3.56266870006,-0.43733129994,0.43733129994
508A9EC12C44,Ridge,Grammar,2.5,3.13912235787,0.63912235787,0.63912235787
5098F28A2EF3,Ridge,Grammar,4,3.64492773383,-0.35507226617,0.35507226617
50E361CD561E,Ridge,Grammar,4,3.41181150956,-0.58818849044,0.58818849044
510CA49B78BB,Ridge,Grammar,4.5,3.37667444888,-1.12332555112,1.12332555112
51DA4BA94C7C,Ridge,Grammar,4,2.6148320555,-1.3851679445,1.3851679445
52DC3B7C3952,Ridge,Grammar,5,3.58824513089,-1.41175486911,1.41175486911
5384378F1AC2,Ridge,Grammar,4,3.17431399484,-0.82568600516,0.82568600516
53CF6D801CAF,Ridge,Grammar,4.5,3.37612228625,-1.12387771375,1.12387771375
53D17839AAC0,Ridge,Grammar,4,3.61353848095,-0.38646151905,0.38646151905
55C7EC027A88,Ridge,Grammar,3.5,3.48390952232,-0.01609047768,0.01609047768
5661280443,Ridge,Grammar,4,2.73182546904,-1.26817453096,1.26817453096
56E32CEEB127,Ridge,Grammar,2.5,2.79245690707,0.29245690707,0.29245690707
56F9E8427D97,Ridge,Grammar,3,3.3725086117,0.3725086117,0.3725086117
57A750437C3A,Ridge,Grammar,3,2.5468330634,-0.4531669366,0.4531669366
58F6D70A2DC7,Ridge,Grammar,3.5,3.07036869486,-0.42963130514,0.42963130514
597618D3F66C,Ridge,Grammar,3,3.2691130491,0.2691130491,0.2691130491
599128B82FF0,Ridge,Grammar,3.5,3.31993354759,-0.18006645241,0.18006645241
59ADAA4D04E5,Ridge,Grammar,1.5,2.45373846805,0.95373846805,0.95373846805
5A89482533D9,Ridge,Grammar,2.5,3.05504933668,0.55504933668,0.55504933668
5AA45740A848,Ridge,Grammar,3.5,3.38837164939,-0.11162835061,0.11162835061
5AAD796F4D6B,Ridge,Grammar,2.5,3.34599768937,0.84599768937,0.84599768937
5B2FC963E89D,Ridge,Grammar,2.5,3.21484430765,0.71484430765,0.71484430765
5BE99F2E4030,Ridge,Grammar,4.5,3.67509332906,-0.82490667094,0.82490667094
5C05D79FE75A,Ridge,Grammar,2.5,2.89975458725,0.39975458725,0.39975458725
5C3A7990C870,Ridge,Grammar,2.5,3.35394020608,0.85394020608,0.85394020608
5C72AB0B1232,Ridge,Grammar,3.5,3.44751579948,-0.05248420052,0.05248420052
5CB186BF742C,Ridge,Grammar,3,2.90336254639,-0.09663745361,0.09663745361
5D2B8506EC4F,Ridge,Grammar,2.5,1.84453536663,-0.65546463337,0.65546463337
5D693DD9978D,Ridge,Grammar,2.5,3.02485242885,0.52485242885,0.52485242885
5D7D1445A7CF,Ridge,Grammar,4.5,3.52266897685,-0.97733102315,0.97733102315
5E49CEB56FB3,Ridge,Grammar,2,2.66223913204,0.66223913204,0.66223913204
5EA71157D48F,Ridge,Grammar,3,3.1199704706,0.1199704706,0.1199704706
5EFD8FA4133A,Ridge,Grammar,2.5,2.91820609002,0.41820609002,0.41820609002
5F370D929BA7,Ridge,Grammar,2.5,2.85181720986,0.35181720986,0.35181720986
5F5E1817CCA0,Ridge,Grammar,3,2.66237585264,-0.33762414736,0.33762414736
5FBDFD6DB173,Ridge,Grammar,3,2.98942015391,-0.01057984609,0.01057984609
5FE4F223CEA8,Ridge,Grammar,3,3.00650262609,0.00650262609,0.00650262609
603863409B06,Ridge,Grammar,3,2.99270534543,-0.00729465457,0.00729465457
605BF3B67175,Ridge,Grammar,3.5,3.3442862841,-0.1557137159,0.1557137159
60FD2E2FB768,Ridge,Grammar,3.5,3.44874067582,-0.05125932418,0.05125932418
610FA0016255,Ridge,Grammar,3,3.11874806182,0.11874806182,0.11874806182
6141DB282925,Ridge,Grammar,3,2.74645120557,-0.25354879443,0.25354879443
616C3D5795E8,Ridge,Grammar,2,2.713898864,0.713898864,0.713898864
62B3C9C3398E,Ridge,Grammar,3.5,3.32840035749,-0.17159964251,0.17159964251
62F7911DE51F,Ridge,Grammar,2.5,3.07295547809,0.57295547809,0.57295547809
64A8183557F7,Ridge,Grammar,3,3.12470899527,0.12470899527,0.12470899527
65975436BE5C,Ridge,Grammar,4,3.5464338564,-0.4535661436,0.4535661436
66FF0907BF26,Ridge,Grammar,4,3.57020048611,-0.42979951389,0.42979951389
6712BD512DB7,Ridge,Grammar,3.5,3.25387469489,-0.24612530511,0.24612530511
681B9CD21B07,Ridge,Grammar,3.5,2.8245314295,-0.6754685705,0.6754685705
685ABA004ADB,Ridge,Grammar,3.5,3.1316109772,-0.3683890228,0.3683890228
6867A6767D25,Ridge,Grammar,3.5,3.18457335787,-0.31542664213,0.31542664213
69241D10E69A,Ridge,Grammar,3.5,3.57533750219,0.07533750219,0.07533750219
696B864AED8C,Ridge,Grammar,3,2.85592478924,-0.14407521076,0.14407521076
698A3F2B43B9,Ridge,Grammar,3.5,3.44623991634,-0.05376008366,0.05376008366
6AB122D640E1,Ridge,Grammar,2.5,3.36739501061,0.86739501061,0.86739501061
6B850987631D,Ridge,Grammar,3.5,3.1587283917,-0.3412716083,0.3412716083
6BB4BEB51A80,Ridge,Grammar,2,3.03840319943,1.03840319943,1.03840319943
6BC83A3F4934,Ridge,Grammar,2.5,2.38701852666,-0.11298147334,0.11298147334
6BE1E93612AE,Ridge,Grammar,2,2.57406747525,0.57406747525,0.57406747525
6C16FC9FE7A4,Ridge,Grammar,3,2.5833218964,-0.4166781036,0.4166781036
6C802D3F5F2A,Ridge,Grammar,4,3.32491301546,-0.67508698454,0.67508698454
6C98327DA084,Ridge,Grammar,3.5,3.13927144189,-0.36072855811,0.36072855811
6D06DAD5446C,Ridge,Grammar,3,2.77701842566,-0.22298157434,0.22298157434
6DB65C457200,Ridge,Grammar,3.5,2.73463404357,-0.76536595643,0.76536595643
6EE4A9C8F158,Ridge,Grammar,3.5,3.37489460293,-0.12510539707,0.12510539707
6FDAD6124B9E,Ridge,Grammar,4,3.3852041035,-0.6147958965,0.6147958965
70041E13A0CC,Ridge,Grammar,2.5,3.2437480757,0.7437480757,0.7437480757
7007EB8E265D,Ridge,Grammar,3.5,3.55894053518,0.05894053518,0.05894053518
70E490A83717,Ridge,Grammar,4.5,3.62045107147,-0.87954892853,0.87954892853
71A9098715EB,Ridge,Grammar,3.5,3.3007922166,-0.1992077834,0.1992077834
7203112033A1,Ridge,Grammar,3.5,3.30658166669,-0.19341833331,0.19341833331
7231635A63C8,Ridge,Grammar,2,2.25058676605,0.25058676605,0.25058676605
72766FE38307,Ridge,Grammar,2.5,2.15238357815,-0.34761642185,0.34761642185
72913948CDAA,Ridge,Grammar,2.5,2.8009193944,0.3009193944,0.3009193944
7370AB0DDC7F,Ridge,Grammar,2.5,2.81094057444,0.31094057444,0.31094057444
7382F8B16AAF,Ridge,Grammar,3,2.9603318454,-0.0396681546,0.0396681546
73851AC4551C,Ridge,Grammar,3,3.39792027867,0.39792027867,0.39792027867
73930228893B,Ridge,Grammar,3.5,2.82203645757,-0.67796354243,0.67796354243
73A997703BC3,Ridge,Grammar,3,3.26142093761,0.26142093761,0.26142093761
73D2B941F40F,Ridge,Grammar,2.5,3.11204273554,0.61204273554,0.61204273554
73D69658CF95,Ridge,Grammar,3,3.3171081588,0.3171081588,0.3171081588
7445CD7E0985,Ridge,Grammar,3,2.17005402153,-0.82994597847,0.82994597847
74CDAF3BB9EF,Ridge,Grammar,2.5,2.58253472603,0.08253472603,0.08253472603
753E320B186B,Ridge,Grammar,2,3.26240672813,1.26240672813,1.26240672813
757C5E55BA96,Ridge,Grammar,3.5,3.32577228102,-0.17422771898,0.17422771898
763EF698F56B,Ridge,Grammar,2,2.52152425785,0.52152425785,0.52152425785
772D27D400BB,Ridge,Grammar,2,2.26569955632,0.26569955632,0.26569955632
7797541CF0A6,Ridge,Grammar,2,2.95162229165,0.95162229165,0.95162229165
77A31D0A07A8,Ridge,Grammar,2.5,2.69469102372,0.19469102372,0.19469102372
78201045481,Ridge,Grammar,2,3.13315250895,1.13315250895,1.13315250895
785DBAB78957,Ridge,Grammar,3,3.31766341637,0.31766341637,0.31766341637
78B6F383CD30,Ridge,Grammar,2,2.83470857684,0.83470857684,0.83470857684
78E8970D0C13,Ridge,Grammar,2.5,3.28545234145,0.78545234145,0.78545234145
790891A35047,Ridge,Grammar,3,3.3828336808,0.3828336808,0.3828336808
79098D096CB8,Ridge,Grammar,2.5,2.19714016536,-0.30285983464,0.30285983464
79484682B23E,Ridge,Grammar,4,3.09269158766,-0.90730841234,0.90730841234
7999A063F80E,Ridge,Grammar,3.5,3.74225589375,0.24225589375,0.24225589375
79D634E4575F,Ridge,Grammar,3.5,3.26280563135,-0.23719436865,0.23719436865
7A0A80926A0D,Ridge,Grammar,2.5,2.30023558082,-0.19976441918,0.19976441918
7A6599531E9C,Ridge,Grammar,2,2.953537495,0.953537495,0.953537495
7A66900A3812,Ridge,Grammar,2,2.24970783768,0.24970783768,0.24970783768
7A68E1FB7863,Ridge,Grammar,3,3.32919780737,0.32919780737,0.32919780737
7B2B2910BB90,Ridge,Grammar,3.5,2.76715232357,-0.73284767643,0.73284767643
7B802407D629,Ridge,Grammar,3.5,3.34692897875,-0.15307102125,0.15307102125
7CB712FD1253,Ridge,Grammar,3.5,2.86678960374,-0.63321039626,0.63321039626
7D1825E2F4AD,Ridge,Grammar,3,3.24994556052,0.24994556052,0.24994556052
7DDFB0CA2BF8,Ridge,Grammar,3,2.28047463458,-0.71952536542,0.71952536542
7E109A7AC169,Ridge,Grammar,2.5,3.3610771497,0.8610771497,0.8610771497
7E29ACA46157,Ridge,Grammar,2.5,2.96266121087,0.46266121087,0.46266121087
7E530A20DA68,Ridge,Grammar,4,3.19728278015,-0.80271721985,0.80271721985
7E669FF93EB9,Ridge,Grammar,3,2.9929540983,-0.0070459017,0.0070459017
7F0703CF058E,Ridge,Grammar,2.5,3.45279553633,0.95279553633,0.95279553633
7F1E8663BAE8,Ridge,Grammar,3,2.33619880501,-0.66380119499,0.66380119499
806672A60686,Ridge,Grammar,2,3.10806449596,1.10806449596,1.10806449596
80AD3F379BD1,Ridge,Grammar,2.5,2.96358677647,0.46358677647,0.46358677647
80DD7EE85BF7,Ridge,Grammar,3.5,3.03435013365,-0.46564986635,0.46564986635
80F9E6D6503C,Ridge,Grammar,2.5,3.23143419337,0.73143419337,0.73143419337
81218F777A2F,Ridge,Grammar,3.5,3.50315381567,0.00315381567,0.00315381567
8149E792E505,Ridge,Grammar,3,2.67356062379,-0.32643937621,0.32643937621
81946793B89A,Ridge,Grammar,4,3.76955100382,-0.23044899618,0.23044899618
81D266D94D6D,Ridge,Grammar,3.5,3.59014202759,0.09014202759,0.09014202759
82294A32E3E3,Ridge,Grammar,3.5,2.73286497855,-0.76713502145,0.76713502145
82722CEBCAB3,Ridge,Grammar,3.5,2.92927506336,-0.57072493664,0.57072493664
82BA3E4396CC,Ridge,Grammar,3.5,3.37529506286,-0.12470493714,0.12470493714
82F7210163B5,Ridge,Grammar,3.5,3.33240693579,-0.16759306421,0.16759306421
833F25175AFC,Ridge,Grammar,3,2.5465347847,-0.4534652153,0.4534652153
83C48C5697AE,Ridge,Grammar,2,3.05366405052,1.05366405052,1.05366405052
852C90E3FA05,Ridge,Grammar,2.5,2.44706776929,-0.05293223071,0.05293223071
857B7FB712ED,Ridge,Grammar,2.5,2.08208999171,-0.41791000829,0.41791000829
858DFA7A9980,Ridge,Grammar,2.5,3.1295986999,0.6295986999,0.6295986999
85C71A1E0117,Ridge,Grammar,2.5,2.5027190297,0.0027190297,0.0027190297
862ACD748291,Ridge,Grammar,2,2.59843529141,0.59843529141,0.59843529141
869CC4EDD3B5,Ridge,Grammar,2,2.82166251965,0.82166251965,0.82166251965
86B2AFB816D5,Ridge,Grammar,2.5,2.47924861653,-0.02075138347,0.02075138347
8772F74F5EE0,Ridge,Grammar,4,3.14991646693,-0.85008353307,0.85008353307
87A8B315A26E,Ridge,Grammar,2.5,2.90043541658,0.40043541658,0.40043541658
8836B8EFCE5A,Ridge,Grammar,3,2.84296804823,-0.15703195177,0.15703195177
883C1EF358F6,Ridge,Grammar,2.5,3.44283005077,0.94283005077,0.94283005077
88ECDCC89475,Ridge,Grammar,3,2.8914791018,-0.1085208982,0.1085208982
88FCD4D35128,Ridge,Grammar,3,2.96150803712,-0.03849196288,0.03849196288
88FD7FAAFA90,Ridge,Grammar,3,3.4718537218,0.4718537218,0.4718537218
89ADE1CC1BEC,Ridge,Grammar,3,3.25824197184,0.25824197184,0.25824197184
8A216BEDA4C2,Ridge,Grammar,3,3.11106779501,0.11106779501,0.11106779501
8A80B525C75D,Ridge,Grammar,3,2.32371391834,-0.67628608166,0.67628608166
8AF043C98622,Ridge,Grammar,3,2.76845067597,-0.23154932403,0.23154932403
8B1EB1890F9B,Ridge,Grammar,2,2.29939487306,0.29939487306,0.29939487306
8C0C5CED34D5,Ridge,Grammar,2.5,3.03706943572,0.53706943572,0.53706943572
8C3993109983,Ridge,Grammar,3.5,3.43557419346,-0.06442580654,0.06442580654
8D14BC33208D,Ridge,Grammar,3,2.56486884732,-0.43513115268,0.43513115268
8D1CD79C0F8D,Ridge,Grammar,3.5,3.28185204314,-0.21814795686,0.21814795686
8D734AF72931,Ridge,Grammar,3,3.18952905731,0.18952905731,0.18952905731
8DD09D4FCD4F,Ridge,Grammar,3,3.54966192745,0.54966192745,0.54966192745
8DF5D7CF4085,Ridge,Grammar,3.5,3.36744254001,-0.13255745999,0.13255745999
8E10A6D2B272,Ridge,Grammar,4,3.27690791266,-0.72309208734,0.72309208734
8E5E6211E4D6,Ridge,Grammar,3.5,3.15095980579,-0.34904019421,0.34904019421
8E6F35BA3EE6,Ridge,Grammar,3,3.09587736788,0.09587736788,0.09587736788
8E764A2C7266,Ridge,Grammar,2,2.82676692834,0.82676692834,0.82676692834
8EE0540E163D,Ridge,Grammar,2,2.34773401403,0.34773401403,0.34773401403
8EF9BE158AD3,Ridge,Grammar,3,2.42278512296,-0.57721487704,0.57721487704
8F16365E363D,Ridge,Grammar,2,2.86154995525,0.86154995525,0.86154995525
8F6DFE02DF75,Ridge,Grammar,2.5,2.59201862666,0.09201862666,0.09201862666
8FE04E30F621,Ridge,Grammar,4.5,3.44167081124,-1.05832918876,1.05832918876
9000217714BE,Ridge,Grammar,2.5,3.38673838617,0.88673838617,0.88673838617
90526CA48E47,Ridge,Grammar,4,3.26104806616,-0.73895193384,0.73895193384
9086C0A2BF10,Ridge,Grammar,2.5,2.42959243665,-0.07040756335,0.07040756335
918C1880FCD8,Ridge,Grammar,3.5,3.61321011003,0.11321011003,0.11321011003
92B418CEA06E,Ridge,Grammar,3.5,2.97266472479,-0.52733527521,0.52733527521
92CD1BD0C18F,Ridge,Grammar,2.5,2.46507907522,-0.03492092478,0.03492092478
9392E2E0AA1E,Ridge,Grammar,3,2.75320330025,-0.24679669975,0.24679669975
93B8C8DAFE20,Ridge,Grammar,4,3.46677559475,-0.53322440525,0.53322440525
93DF867BE1C5,Ridge,Grammar,2.5,2.89969965005,0.39969965005,0.39969965005
940441D4CF9C,Ridge,Grammar,2.5,2.65276633678,0.15276633678,0.15276633678
95540EBC3FC9,Ridge,Grammar,2.5,3.25810571676,0.75810571676,0.75810571676
95FD6DF25420,Ridge,Grammar,3,2.78273525411,-0.21726474589,0.21726474589
9613CEAFE86E,Ridge,Grammar,3.5,3.26870629074,-0.23129370926,0.23129370926
96220F2863D1,Ridge,Grammar,3.5,3.22960201609,-0.27039798391,0.27039798391
963AD357A595,Ridge,Grammar,2,2.35661182938,0.35661182938,0.35661182938
9715AAF5B952,Ridge,Grammar,3,3.29129814073,0.29129814073,0.29129814073
976E2E05C4EB,Ridge,Grammar,3,2.79346619293,-0.20653380707,0.20653380707
97A0FFE91A3E,Ridge,Grammar,2,3.38050408006,1.38050408006,1.38050408006
9801CF414927,Ridge,Grammar,3.5,2.59428022629,-0.90571977371,0.90571977371
988BFF516FA0,Ridge,Grammar,2.5,3.61547675395,1.11547675395,1.11547675395
98CD7819C7EF,Ridge,Grammar,2,3.06150115712,1.06150115712,1.06150115712
98D8723E86D0,Ridge,Grammar,3.5,3.1042423626,-0.3957576374,0.3957576374
98D8FF9E3C56,Ridge,Grammar,3,3.37079521715,0.37079521715,0.37079521715
992DB55B9726,Ridge,Grammar,2.5,2.16668204015,-0.33331795985,0.33331795985
997589EE26E6,Ridge,Grammar,2.5,1.89388529469,-0.60611470531,0.60611470531
99A3641592CA,Ridge,Grammar,2.5,3.19617150393,0.69617150393,0.69617150393
99CAD0AF3560,Ridge,Grammar,3.5,3.30948824572,-0.19051175428,0.19051175428
9A5193D1C19B,Ridge,Grammar,3.5,3.40668455257,-0.09331544743,0.09331544743
9ABF7B48B802,Ridge,Grammar,2.5,3.06677080364,0.56677080364,0.56677080364
9AC32EA4050B,Ridge,Grammar,2.5,3.28610487279,0.78610487279,0.78610487279
9AC838864995,Ridge,Grammar,3.5,3.31670652057,-0.18329347943,0.18329347943
9ADC4A3BFDD0,Ridge,Grammar,2.5,3.06721727402,0.56721727402,0.56721727402
9B4C52064991,Ridge,Grammar,3,3.39693303986,0.39693303986,0.39693303986
9B5E878ED861,Ridge,Grammar,3,3.24702243181,0.24702243181,0.24702243181
9BF717F45D68,Ridge,Grammar,3.5,3.02557498663,-0.47442501337,0.47442501337
9C1B60E737FB,Ridge,Grammar,3.5,3.27316365276,-0.22683634724,0.22683634724
9C57307D58A5,Ridge,Grammar,3,2.61629202725,-0.38370797275,0.38370797275
9C601D9FCB5F,Ridge,Grammar,2.5,3.0614824635,0.5614824635,0.5614824635
9C6132E41DDE,Ridge,Grammar,3.5,3.30481214073,-0.19518785927,0.19518785927
9CB69011AE54,Ridge,Grammar,2,2.6412118793,0.6412118793,0.6412118793
9DA131E0F720,Ridge,Grammar,3.5,3.44492063496,-0.05507936504,0.05507936504
9E478C982AD0,Ridge,Grammar,3,3.2376039529,0.2376039529,0.2376039529
9E817DB62497,Ridge,Grammar,3,3.18579126299,0.18579126299,0.18579126299
9EAB766AF4BE,Ridge,Grammar,3.5,3.65639631648,0.15639631648,0.15639631648
9EADCECA2FB8,Ridge,Grammar,3,2.23936543098,-0.76063456902,0.76063456902
9EBA120196BC,Ridge,Grammar,4,3.16323187776,-0.83676812224,0.83676812224
9EC4A16802BF,Ridge,Grammar,4.5,3.32665112811,-1.17334887189,1.17334887189
9F27EAC1E27D,Ridge,Grammar,3,3.51990952274,0.51990952274,0.51990952274
9F401E75755A,Ridge,Grammar,4,2.94133955359,-1.05866044641,1.05866044641
9FD1F622BAC3,Ridge,Grammar,2,3.03853560868,1.03853560868,1.03853560868
9FDD8A146288,Ridge,Grammar,2.5,2.52352445369,0.02352445369,0.02352445369
A094036DE672,Ridge,Grammar,4,2.71850581046,-1.28149418954,1.28149418954
A0A2D6856B0E,Ridge,Grammar,2.5,3.11567655614,0.61567655614,0.61567655614
A0E95D8119F7,Ridge,Grammar,2.5,2.62205892668,0.12205892668,0.12205892668
A10755158FEF,Ridge,Grammar,3,3.06159132708,0.06159132708,0.06159132708
A10E91E49973,Ridge,Grammar,3,3.43261455093,0.43261455093,0.43261455093
A11969208401,Ridge,Grammar,3,3.16235527951,0.16235527951,0.16235527951
A18B82F7407B,Ridge,Grammar,4,3.08260625277,-0.91739374723,0.91739374723
A1D0490FD324,Ridge,Grammar,3.5,3.5115896979,0.0115896979,0.0115896979
A1DE235AFFC8,Ridge,Grammar,2.5,3.20529937833,0.70529937833,0.70529937833
A336FB5F2623,Ridge,Grammar,3.5,2.61354054501,-0.88645945499,0.88645945499
A38A3B76558A,Ridge,Grammar,3.5,3.19319929627,-0.30680070373,0.30680070373
A3A0AB366927,Ridge,Grammar,3,3.52096719949,0.52096719949,0.52096719949
A3E6A572C6E5,Ridge,Grammar,3,2.95874657899,-0.04125342101,0.04125342101
A47106D7B784,Ridge,Grammar,3.5,3.27611464956,-0.22388535044,0.22388535044
A4C46FEBBCC4,Ridge,Grammar,3.5,3.12024555202,-0.37975444798,0.37975444798
A4DA4201903F,Ridge,Grammar,2,2.13225872375,0.13225872375,0.13225872375
A6745A8EE7AF,Ridge,Grammar,2.5,2.833231522,0.333231522,0.333231522
A6A6C7852F05,Ridge,Grammar,3,3.18688198504,0.18688198504,0.18688198504
A6BE0FAFA04B,Ridge,Grammar,3,2.92001541988,-0.07998458012,0.07998458012
A72F4E50ED92,Ridge,Grammar,2,3.2144079176,1.2144079176,1.2144079176
A764E2DFDDD7,Ridge,Grammar,2,2.71906822691,0.71906822691,0.71906822691
A84FFDD09442,Ridge,Grammar,2.5,2.98876990749,0.48876990749,0.48876990749
A87C80DEAB08,Ridge,Grammar,3,3.0126960185,0.0126960185,0.0126960185
A88FB1D1C8BD,Ridge,Grammar,3,2.62952573704,-0.37047426296,0.37047426296
A98482015F5A,Ridge,Grammar,4.5,3.57297093024,-0.92702906976,0.92702906976
AA0919FCDEDC,Ridge,Grammar,1.5,2.69029261604,1.19029261604,1.19029261604
AA8DA5629CBC,Ridge,Grammar,3,3.2109551404,0.2109551404,0.2109551404
AAF42F8A396F,Ridge,Grammar,3,2.50687419149,-0.49312580851,0.49312580851
AB2FD69DBACF,Ridge,Grammar,2,3.02253819851,1.02253819851,1.02253819851
AB6284069E18,Ridge,Grammar,3,3.34638153969,0.34638153969,0.34638153969
ABC59FCA6150,Ridge,Grammar,2.5,2.56511387304,0.06511387304,0.06511387304
ABFEE879153D,Ridge,Grammar,2.5,3.08769471943,0.58769471943,0.58769471943
AC1F60D0F85D,Ridge,Grammar,3,3.24074441255,0.24074441255,0.24074441255
AC3111702C95,Ridge,Grammar,4,3.60530692873,-0.39469307127,0.39469307127
AC9719A6A375,Ridge,Grammar,3.5,3.1529177601,-0.3470822399,0.3470822399
AD175892EC1C,Ridge,Grammar,3,3.37722579899,0.37722579899,0.37722579899
AD5F7E8C127F,Ridge,Grammar,3.5,2.93589045227,-0.56410954773,0.56410954773
AE2E6B3472DB,Ridge,Grammar,2.5,2.94149384798,0.44149384798,0.44149384798
AE8A9585640A,Ridge,Grammar,3.5,3.17905593871,-0.32094406129,0.32094406129
AECE763751DB,Ridge,Grammar,3,3.08006511658,0.08006511658,0.08006511658
AEDDD593BF0F,Ridge,Grammar,3.5,3.2228676821,-0.2771323179,0.2771323179
AFB5CC3E27EB,Ridge,Grammar,2.5,2.90760189641,0.40760189641,0.40760189641
AFC600D922F6,Ridge,Grammar,2,2.55785556292,0.55785556292,0.55785556292
AFE6CAE937D8,Ridge,Grammar,2.5,1.96357154534,-0.53642845466,0.53642845466
B0DFC5E93591,Ridge,Grammar,2,1.27902812161,-0.72097187839,0.72097187839
B18BEE398BAD,Ridge,Grammar,2.5,1.99934021367,-0.50065978633,0.50065978633
B1BF25C4C28B,Ridge,Grammar,3.5,3.35650334034,-0.14349665966,0.14349665966
B2123357B114,Ridge,Grammar,2.5,3.09152830591,0.59152830591,0.59152830591
B23BDDB4B5FA,Ridge,Grammar,3.5,3.31070194916,-0.18929805084,0.18929805084
B261F438E0DA,Ridge,Grammar,3.5,2.91398898242,-0.58601101758,0.58601101758
B2D03F892B0D,Ridge,Grammar,3,2.99313359822,-0.00686640178,0.00686640178
B3AB4E6C5678,Ridge,Grammar,2.5,2.90294665337,0.40294665337,0.40294665337
B469122B9ACB,Ridge,Grammar,2.5,2.98070552028,0.48070552028,0.48070552028
B46E31AA2653,Ridge,Grammar,3,3.35757320571,0.35757320571,0.35757320571
B50C9D328FAD,Ridge,Grammar,4.5,3.30253534595,-1.19746465405,1.19746465405
B5106AB5C81C,Ridge,Grammar,2.5,2.65216008228,0.15216008228,0.15216008228
B543953F757A,Ridge,Grammar,2.5,3.05948694403,0.55948694403,0.55948694403
B5AE26EEE247,Ridge,Grammar,3.5,2.94685504645,-0.55314495355,0.55314495355
B5FFED1536FE,Ridge,Grammar,2.5,2.28961854928,-0.21038145072,0.21038145072
B68C62AB1515,Ridge,Grammar,4.5,3.45745783062,-1.04254216938,1.04254216938
B6D958C73D90,Ridge,Grammar,2.5,3.32482871876,0.82482871876,0.82482871876
B7626C8D1FAB,Ridge,Grammar,3.5,3.16527570893,-0.33472429107,0.33472429107
B794B3C07254,Ridge,Grammar,3.5,2.55699941536,-0.94300058464,0.94300058464
B7FABBC13A0F,Ridge,Grammar,3.5,3.3027383027,-0.1972616973,0.1972616973
B7FCFC6A7011,Ridge,Grammar,3,2.2260485262,-0.7739514738,0.7739514738
B83DD09D3129,Ridge,Grammar,2,3.02946982311,1.02946982311,1.02946982311
B8656754E9EB,Ridge,Grammar,3,3.35232242998,0.35232242998,0.35232242998
B9A542B2C36C,Ridge,Grammar,3.5,3.12065772761,-0.37934227239,0.37934227239
B9DABCFD687D,Ridge,Grammar,3,2.996443773,-0.003556227,0.003556227
BA9DA5122C58,Ridge,Grammar,4,3.30972449564,-0.69027550436,0.69027550436
BAD99FB704BB,Ridge,Grammar,2.5,2.93818668733,0.43818668733,0.43818668733
BB18A75AC035,Ridge,Grammar,4,3.22064969555,-0.77935030445,0.77935030445
BB5D6C14712D,Ridge,Grammar,2.5,3.00874682107,0.50874682107,0.50874682107
BBB9D66F934C,Ridge,Grammar,3,3.13040440603,0.13040440603,0.13040440603
BC1F1C37721E,Ridge,Grammar,4,3.26558068651,-0.73441931349,0.73441931349
BC8115EEB029,Ridge,Grammar,2.5,3.29797969065,0.79797969065,0.79797969065
BDAE1D4B6C20,Ridge,Grammar,3.5,3.63788707153,0.13788707153,0.13788707153
BE1752DCF09C,Ridge,Grammar,2.5,2.45023703439,-0.04976296561,0.04976296561
BE4764F7BFF1,Ridge,Grammar,4.5,3.62312225701,-0.87687774299,0.87687774299
BEFA85A6134B,Ridge,Grammar,2,2.52963834893,0.52963834893,0.52963834893
BF0AF86DFDE1,Ridge,Grammar,4,3.30768032501,-0.69231967499,0.69231967499
BF267B42A2A4,Ridge,Grammar,3.5,2.84149442697,-0.65850557303,0.65850557303
BF580042A644,Ridge,Grammar,3,3.49660696153,0.49660696153,0.49660696153
BFAEA615906C,Ridge,Grammar,4,3.3928398263,-0.6071601737,0.6071601737
BFB07811C92D,Ridge,Grammar,2,2.66585403984,0.66585403984,0.66585403984
C01AC1CDDD65,Ridge,Grammar,3,2.46260268454,-0.53739731546,0.53739731546
C0643251A96A,Ridge,Grammar,3,2.35592691948,-0.64407308052,0.64407308052
C0B30026B439,Ridge,Grammar,3,2.84872383445,-0.15127616555,0.15127616555
C15EC5707409,Ridge,Grammar,2.5,3.34449237334,0.84449237334,0.84449237334
C277BE295A41,Ridge,Grammar,4.5,3.72444403781,-0.77555596219,0.77555596219
C2D061782462,Ridge,Grammar,4,3.41722942182,-0.58277057818,0.58277057818
C31C0ED2A05C,Ridge,Grammar,2,2.63359586994,0.63359586994,0.63359586994
C37F09E24836,Ridge,Grammar,3.5,3.26135544604,-0.23864455396,0.23864455396
C40BB9E0BC6C,Ridge,Grammar,2,2.91946745141,0.91946745141,0.91946745141
C465964DA6D5,Ridge,Grammar,2.5,2.87289116243,0.37289116243,0.37289116243
C4A874260D21,Ridge,Grammar,2.5,3.08928591893,0.58928591893,0.58928591893
C548AD0C706C,Ridge,Grammar,2,2.55323344203,0.55323344203,0.55323344203
C5DE10EA489B,Ridge,Grammar,3.5,3.04498837439,-0.45501162561,0.45501162561
C616CFDBCA6A,Ridge,Grammar,4.5,3.6992541647,-0.8007458353,0.8007458353
C662BDD50395,Ridge,Grammar,4.5,3.28317843737,-1.21682156263,1.21682156263
C6A047494477,Ridge,Grammar,2.5,1.6727204854,-0.8272795146,0.8272795146
C6DDD966C9FC,Ridge,Grammar,4.5,3.58058053512,-0.91941946488,0.91941946488
C70AEFA3CD16,Ridge,Grammar,3,2.68528164258,-0.31471835742,0.31471835742
C76DBCE18AF0,Ridge,Grammar,3.5,2.96352419961,-0.53647580039,0.53647580039
C7CE778367F6,Ridge,Grammar,3,3.2888835039,0.2888835039,0.2888835039
C82037D6072F,Ridge,Grammar,3,3.2169451575,0.2169451575,0.2169451575
C858F547F2AD,Ridge,Grammar,4,3.26476360428,-0.73523639572,0.73523639572
C8620D9D22DC,Ridge,Grammar,3,3.3027205389,0.3027205389,0.3027205389
C87D8E9C6248,Ridge,Grammar,2,2.66334059203,0.66334059203,0.66334059203
C8EF7048C03F,Ridge,Grammar,2.5,3.42550617349,0.92550617349,0.92550617349
C954A6D0B707,Ridge,Grammar,4,3.31952735002,-0.68047264998,0.68047264998
C972C565A819,Ridge,Grammar,2.5,3.13443994571,0.63443994571,0.63443994571
CA3EB3AA11FC,Ridge,Grammar,1,0.774876419825,-0.225123580175,0.225123580175
CA4941643D09,Ridge,Grammar,3,3.04244552901,0.04244552901,0.04244552901
CA58CF3D8943,Ridge,Grammar,2,2.69613704899,0.69613704899,0.69613704899
CA64C82B0F26,Ridge,Grammar,3,2.76778705603,-0.23221294397,0.23221294397
CA7CE4CE7ED3,Ridge,Grammar,3,3.23140629049,0.23140629049,0.23140629049
CB120B25B46E,Ridge,Grammar,3.5,3.28899337991,-0.21100662009,0.21100662009
CB2F9A2B612B,Ridge,Grammar,4,3.26181583561,-0.73818416439,0.73818416439
CBA73A4D5C18,Ridge,Grammar,2,2.4583818549,0.4583818549,0.4583818549
CBDE3C526D05,Ridge,Grammar,2.5,3.13514734383,0.63514734383,0.63514734383
CBF103FE58DD,Ridge,Grammar,2.5,2.5020133874,0.0020133874,0.0020133874
CC11E4C2FE01,Ridge,Grammar,3.5,3.58973841455,0.08973841455,0.08973841455
CC149CD4B584,Ridge,Grammar,3,2.98657660266,-0.01342339734,0.01342339734
CCA58535073C,Ridge,Grammar,2.5,3.2501675915,0.7501675915,0.7501675915
CCB13E22A439,Ridge,Grammar,2.5,2.98045145714,0.48045145714,0.48045145714
CCDD77656701,Ridge,Grammar,3.5,3.06785809113,-0.43214190887,0.43214190887
CD9AF89E5CA1,Ridge,Grammar,2,2.88927826862,0.88927826862,0.88927826862
CDDAB6C29BF8,Ridge,Grammar,3,2.56511756816,-0.43488243184,0.43488243184
CDE661A599F5,Ridge,Grammar,3,3.18934293954,0.18934293954,0.18934293954
CEC5B40D1688,Ridge,Grammar,4,3.39016754276,-0.60983245724,0.60983245724
CEC6870D564F,Ridge,Grammar,2,2.75391022964,0.75391022964,0.75391022964
CEE41F7526FA,Ridge,Grammar,3,3.26524243847,0.26524243847,0.26524243847
CEFDC545C24F,Ridge,Grammar,3.5,3.15382432648,-0.34617567352,0.34617567352
CF3DC2587708,Ridge,Grammar,2.5,2.4052238634,-0.0947761366,0.0947761366
CFD454F55693,Ridge,Grammar,2.5,2.52155239919,0.02155239919,0.02155239919
D001F6D3A0D0,Ridge,Grammar,3.5,3.13135810806,-0.36864189194,0.36864189194
D01F88C1F2A0,Ridge,Grammar,3,3.14919815294,0.14919815294,0.14919815294
D03AC4A82463,Ridge,Grammar,2,2.59227097644,0.59227097644,0.59227097644
D06EDF336392,Ridge,Grammar,2.5,3.0593581137,0.5593581137,0.5593581137
D14413B502FD,Ridge,Grammar,3,3.49829484212,0.49829484212,0.49829484212
D175411080CC,Ridge,Grammar,3.5,3.02848301402,-0.47151698598,0.47151698598
D1769512AB23,Ridge,Grammar,2,2.33674759205,0.33674759205,0.33674759205
D184EDBFB3B8,Ridge,Grammar,3,3.33829199703,0.33829199703,0.33829199703
D1A682106D3C,Ridge,Grammar,3.5,3.21409433701,-0.28590566299,0.28590566299
D1B9A2A7BEDA,Ridge,Grammar,3,2.84698675189,-0.15301324811,0.15301324811
D1D770AF6855,Ridge,Grammar,3.5,3.56673290458,0.06673290458,0.06673290458
D2517350CB3A,Ridge,Grammar,3,3.00706547266,0.00706547266,0.00706547266
D25868F1C5C3,Ridge,Grammar,2.5,3.35714180517,0.85714180517,0.85714180517
D2FB14A7C43B,Ridge,Grammar,2,3.09338163096,1.09338163096,1.09338163096
D326DB3F4FCF,Ridge,Grammar,2.5,2.36641801145,-0.13358198855,0.13358198855
D344D0003B84,Ridge,Grammar,2,3.39827882345,1.39827882345,1.39827882345
D3612C6F0653,Ridge,Grammar,3.5,2.93760735314,-0.56239264686,0.56239264686
D3F44CC7EC17,Ridge,Grammar,4,3.22820097571,-0.77179902429,0.77179902429
D41787486DA6,Ridge,Grammar,2.5,2.19718234605,-0.30281765395,0.30281765395
D42B6354404D,Ridge,Grammar,4,3.28907175528,-0.71092824472,0.71092824472
D5AC4A35BAF8,Ridge,Grammar,3.5,2.68003489571,-0.81996510429,0.81996510429
D5C7212A31FD,Ridge,Grammar,2,2.46170259159,0.46170259159,0.46170259159
D5C7AA1266CC,Ridge,Grammar,3.5,3.24264782577,-0.25735217423,0.25735217423
D5E3716C5E49,Ridge,Grammar,3,3.35171058402,0.35171058402,0.35171058402
D6278021E119,Ridge,Grammar,3,2.3705567568,-0.6294432432,0.6294432432
D6407F1D3515,Ridge,Grammar,3.5,3.28983582281,-0.21016417719,0.21016417719
D669349412FB,Ridge,Grammar,2,3.04985642957,1.04985642957,1.04985642957
D7301CAAFAB0,Ridge,Grammar,2,2.63326001896,0.63326001896,0.63326001896
D760EF65B80C,Ridge,Grammar,4,3.28527393161,-0.71472606839,0.71472606839
D779EEB6F8BC,Ridge,Grammar,4,3.35594207837,-0.64405792163,0.64405792163
D81AEDF6E262,Ridge,Grammar,3.5,3.13910266397,-0.36089733603,0.36089733603
D840D9ED669C,Ridge,Grammar,2.5,2.34874941598,-0.15125058402,0.15125058402
D9018539576D,Ridge,Grammar,4.5,3.60569015004,-0.89430984996,0.89430984996
D91D25F55AD9,Ridge,Grammar,4,3.4505530785,-0.5494469215,0.5494469215
D92BFF2AC7FD,Ridge,Grammar,3,3.26265693051,0.26265693051,0.26265693051
D96EF27304E5,Ridge,Grammar,3.5,3.16392965279,-0.33607034721,0.33607034721
D9FC1CDE9B10,Ridge,Grammar,2.5,2.74688885521,0.24688885521,0.24688885521
DA228B928B61,Ridge,Grammar,3.5,3.25893334757,-0.24106665243,0.24106665243
DA674E9EB26C,Ridge,Grammar,3.5,3.02350994117,-0.47649005883,0.47649005883
DA86BC9B9FB6,Ridge,Grammar,3,2.94768544443,-0.05231455557,0.05231455557
DA8E64EC1304,Ridge,Grammar,2,2.23957378571,0.23957378571,0.23957378571
DB050381035B,Ridge,Grammar,2,2.83811441548,0.83811441548,0.83811441548
DB2E935F461F,Ridge,Grammar,4,3.24696182446,-0.75303817554,0.75303817554
DB69B98973B6,Ridge,Grammar,4,3.19090054893,-0.80909945107,0.80909945107
DB85B6DDB462,Ridge,Grammar,3.5,2.62130466306,-0.87869533694,0.87869533694
DBAB680CBC5D,Ridge,Grammar,2,3.18594525842,1.18594525842,1.18594525842
DC1271D1294D,Ridge,Grammar,4,3.23434914374,-0.76565085626,0.76565085626
DC391957FF10,Ridge,Grammar,2.5,2.56348631191,0.06348631191,0.06348631191
DC467256CD82,Ridge,Grammar,3.5,3.54984706787,0.04984706787,0.04984706787
DC56EF65D59D,Ridge,Grammar,3,2.7914534987,-0.2085465013,0.2085465013
DC7F27315FCF,Ridge,Grammar,3.5,3.17107497806,-0.32892502194,0.32892502194
DCCA609D1212,Ridge,Grammar,3.5,3.40825349599,-0.09174650401,0.09174650401
DCED139D2C03,Ridge,Grammar,3,3.07322145587,0.07322145587,0.07322145587
DCF9F70FBA91,Ridge,Grammar,4,3.44427413619,-0.55572586381,0.55572586381
DCFBEEAC3AA8,Ridge,Grammar,2,2.61348903296,0.61348903296,0.61348903296
DD96F81877AF,Ridge,Grammar,3,2.79120976613,-0.20879023387,0.20879023387
DDB673D3627D,Ridge,Grammar,2,2.84067686795,0.84067686795,0.84067686795
DDD24AF9146F,Ridge,Grammar,3.5,3.21570129105,-0.28429870895,0.28429870895
DE54F3466948,Ridge,Grammar,2,2.66434497066,0.66434497066,0.66434497066
DE8162CAC353,Ridge,Grammar,3,3.13149451763,0.13149451763,0.13149451763
DE841BF24A2F,Ridge,Grammar,2,3.40012576307,1.40012576307,1.40012576307
DEB7816C7CAF,Ridge,Grammar,2,2.46362410697,0.46362410697,0.46362410697
DEC50B420484,Ridge,Grammar,3,3.3748972025,0.3748972025,0.3748972025
DEDCC703F6FC,Ridge,Grammar,3.5,3.4600405611,-0.0399594389,0.0399594389
DF328FBE5029,Ridge,Grammar,2.5,2.36978945722,-0.13021054278,0.13021054278
DFD93C26F453,Ridge,Grammar,3.5,3.03653378494,-0.46346621506,0.46346621506
E04208981449,Ridge,Grammar,3,3.05670834168,0.05670834168,0.05670834168
E0BDF62838F7,Ridge,Grammar,3,2.91816252556,-0.08183747444,0.08183747444
E1EC4869981F,Ridge,Grammar,3.5,3.31961042087,-0.18038957913,0.18038957913
E21BAA47A9F4,Ridge,Grammar,3.5,3.42134332362,-0.07865667638,0.07865667638
E24ADB91F6D3,Ridge,Grammar,3,2.96678718835,-0.03321281165,0.03321281165
E2A60C034849,Ridge,Grammar,3,2.95405953994,-0.04594046006,0.04594046006
E2C3F26AB94D,Ridge,Grammar,3.5,3.1405838549,-0.3594161451,0.3594161451
E2E6984894BC,Ridge,Grammar,2.5,2.16157100342,-0.33842899658,0.33842899658
E2FC55BF5005,Ridge,Grammar,4,3.38779497188,-0.61220502812,0.61220502812
E3096B04916A,Ridge,Grammar,3,3.41689781988,0.41689781988,0.41689781988
E312449DF480,Ridge,Grammar,3.5,3.12368251339,-0.37631748661,0.37631748661
E31B2A06C28C,Ridge,Grammar,2.5,3.20823650706,0.70823650706,0.70823650706
E353A05E7C8C,Ridge,Grammar,3,3.13054892159,0.13054892159,0.13054892159
E3CCA8712549,Ridge,Grammar,3.5,3.22291792697,-0.27708207303,0.27708207303
E429DAB69106,Ridge,Grammar,3,3.23496215562,0.23496215562,0.23496215562
E43EB471951D,Ridge,Grammar,2,2.42527856045,0.42527856045,0.42527856045
E47A7E497F78,Ridge,Grammar,3,3.29905813868,0.29905813868,0.29905813868
E4F813D54870,Ridge,Grammar,3,3.16243902155,0.16243902155,0.16243902155
E55289EA6492,Ridge,Grammar,2,2.32656385032,0.32656385032,0.32656385032
E5621447B675,Ridge,Grammar,2.5,2.68991351822,0.18991351822,0.18991351822
E5F1CCC31762,Ridge,Grammar,3,2.65920454402,-0.34079545598,0.34079545598
E6122E9ABFA3,Ridge,Grammar,3.5,3.17852001885,-0.32147998115,0.32147998115
E71DABB44645,Ridge,Grammar,3.5,3.04585157312,-0.45414842688,0.45414842688
E73CF852AC12,Ridge,Grammar,3.5,3.22783645199,-0.27216354801,0.27216354801
E7EFD51B632F,Ridge,Grammar,4,3.49175123951,-0.50824876049,0.50824876049
E7F9A77683D2,Ridge,Grammar,3.5,3.18486968323,-0.31513031677,0.31513031677
E8257C027079,Ridge,Grammar,3.5,3.05374566765,-0.44625433235,0.44625433235
E877D5AD16DA,Ridge,Grammar,3,3.18916277759,0.18916277759,0.18916277759
E89C57CE37A6,Ridge,Grammar,2.5,2.53183601219,0.03183601219,0.03183601219
E8C3FA5907B0,Ridge,Grammar,3.5,3.39203449125,-0.10796550875,0.10796550875
E8E07D453C9B,Ridge,Grammar,2.5,3.15125782481,0.65125782481,0.65125782481
E8F77B7EB4D9,Ridge,Grammar,3,2.99470203779,-0.00529796221,0.00529796221
E952F0EB5083,Ridge,Grammar,3.5,3.347746025,-0.152253975,0.152253975
E974548BFD00,Ridge,Grammar,3.5,3.45408017054,-0.04591982946,0.04591982946
EA105A8B8699,Ridge,Grammar,3.5,3.31035908549,-0.18964091451,0.18964091451
EA42A6028804,Ridge,Grammar,3,3.36735865807,0.36735865807,0.36735865807
EA5B3C8E09D1,Ridge,Grammar,4,3.2855791453,-0.7144208547,0.7144208547
EAE71A9E0247,Ridge,Grammar,3,3.16713402897,0.16713402897,0.16713402897
EB5924FBD25C,Ridge,Grammar,3.5,2.88634046611,-0.61365953389,0.61365953389
EB8030177678,Ridge,Grammar,3,2.69260120051,-0.30739879949,0.30739879949
EC2758A5B74E,Ridge,Grammar,5,3.66887216789,-1.33112783211,1.33112783211
EC35456D4E07,Ridge,Grammar,4,3.37084841456,-0.62915158544,0.62915158544
EC5138D8C9D6,Ridge,Grammar,2.5,1.28339039011,-1.21660960989,1.21660960989
ECC9E84CD3D1,Ridge,Grammar,4,3.30966069816,-0.69033930184,0.69033930184
ED0A8E614649,Ridge,Grammar,4,3.41265168976,-0.58734831024,0.58734831024
ED35A1FF5ACC,Ridge,Grammar,3.5,3.46134030422,-0.03865969578,0.03865969578
EDA3FF6D2DCA,Ridge,Grammar,2.5,3.42640987208,0.92640987208,0.92640987208
EDE0A58B0B47,Ridge,Grammar,3.5,3.04911163484,-0.45088836516,0.45088836516
EE3E133A2D55,Ridge,Grammar,3,3.19989140507,0.19989140507,0.19989140507
EE855A723FE0,Ridge,Grammar,2,3.0260091949,1.0260091949,1.0260091949
EE9EA950AAE1,Ridge,Grammar,2,2.79607461295,0.79607461295,0.79607461295
EEB113169637,Ridge,Grammar,2,3.21177202244,1.21177202244,1.21177202244
EF2E939F92B2,Ridge,Grammar,3,2.70383186263,-0.29616813737,0.29616813737
EF4966D17FFB,Ridge,Grammar,3.5,3.23796654329,-0.26203345671,0.26203345671
EF7E0CBD62D2,Ridge,Grammar,2,2.40507919019,0.40507919019,0.40507919019
EFBF293CC2AF,Ridge,Grammar,3.5,3.05329825231,-0.44670174769,0.44670174769
EFD7D87EF4C9,Ridge,Grammar,3.5,3.19997800892,-0.30002199108,0.30002199108
EFDC396D9F7A,Ridge,Grammar,2.5,2.20948691174,-0.29051308826,0.29051308826
EFF1803E4B81,Ridge,Grammar,3,3.28381967896,0.28381967896,0.28381967896
F0116D8BA334,Ridge,Grammar,2.5,3.10101582963,0.60101582963,0.60101582963
F0524CAE23DC,Ridge,Grammar,2,2.72610381867,0.72610381867,0.72610381867
F074C2FEC1AF,Ridge,Grammar,3.5,3.48014413004,-0.01985586996,0.01985586996
F075F9AD2AA4,Ridge,Grammar,2,3.02322597571,1.02322597571,1.02322597571
F07EB7B6F40E,Ridge,Grammar,3,3.22092217199,0.22092217199,0.22092217199
F12FEB0FE5B6,Ridge,Grammar,2,2.92640817476,0.92640817476,0.92640817476
F1596AB60E72,Ridge,Grammar,3,2.99413172437,-0.00586827563,0.00586827563
F160E7B1FD96,Ridge,Grammar,4,3.47041668661,-0.52958331339,0.52958331339
F17F4DF6095D,Ridge,Grammar,2,3.27431987438,1.27431987438,1.27431987438
F1883C3A8C1E,Ridge,Grammar,2,3.26141672308,1.26141672308,1.26141672308
F1B1760AD63F,Ridge,Grammar,4,2.76695224239,-1.23304775761,1.23304775761
F1B4412674FE,Ridge,Grammar,3,3.16294395229,0.16294395229,0.16294395229
F1DF4F89F70D,Ridge,Grammar,3.5,3.31734141664,-0.18265858336,0.18265858336
F2A721819364,Ridge,Grammar,3.5,3.02214493549,-0.47785506451,0.47785506451
F2C012ECBF9C,Ridge,Grammar,3,2.71285139156,-0.28714860844,0.28714860844
F30AD5A2B74A,Ridge,Grammar,2,2.8621955823,0.8621955823,0.8621955823
F347A054A1AF,Ridge,Grammar,2.5,3.21006422631,0.71006422631,0.71006422631
F3996EB91406,Ridge,Grammar,2.5,1.93022795168,-0.56977204832,0.56977204832
F39FFFB63840,Ridge,Grammar,2,2.02063439748,0.02063439748,0.02063439748
F3B7C2480747,Ridge,Grammar,2,2.98279470049,0.98279470049,0.98279470049
F3BFC265844A,Ridge,Grammar,2.5,2.68935268867,0.18935268867,0.18935268867
F44D5A636C2F,Ridge,Grammar,3,2.58034980124,-0.41965019876,0.41965019876
F49521C3494B,Ridge,Grammar,3,3.1447551601,0.1447551601,0.1447551601
F4B3B2CAB030,Ridge,Grammar,2.5,2.7898267417,0.2898267417,0.2898267417
F4C52358CE03,Ridge,Grammar,2.5,2.83482866614,0.33482866614,0.33482866614
F4D07B2A60F9,Ridge,Grammar,3.5,2.56398124776,-0.93601875224,0.93601875224
F53E50C57938,Ridge,Grammar,3.5,3.21562984186,-0.28437015814,0.28437015814
F58106266977,Ridge,Grammar,3,3.03591058023,0.03591058023,0.03591058023
F5EFA67354E6,Ridge,Grammar,3.5,3.03582504516,-0.46417495484,0.46417495484
F66B2BAB7E4C,Ridge,Grammar,3,3.32735799402,0.32735799402,0.32735799402
F6886170FAA3,Ridge,Grammar,3,2.55909484844,-0.44090515156,0.44090515156
F6B1E10F02C8,Ridge,Grammar,3,2.64521804041,-0.35478195959,0.35478195959
F6DEF203DCD1,Ridge,Grammar,3,2.89182213086,-0.10817786914,0.10817786914
F72B0C4DB804,Ridge,Grammar,4,3.41973881345,-0.58026118655,0.58026118655
F75D6E5CCE78,Ridge,Grammar,3.5,3.19301983376,-0.30698016624,0.30698016624
F771A9924D56,Ridge,Grammar,2.5,2.84850838711,0.34850838711,0.34850838711
F78366DD5A31,Ridge,Grammar,4,3.69109507482,-0.30890492518,0.30890492518
F79EB8CBE0FE,Ridge,Grammar,2,2.84411509718,0.84411509718,0.84411509718
F7CC31D47F06,Ridge,Grammar,3.5,3.38440156429,-0.11559843571,0.11559843571
F7CF6202A7FA,Ridge,Grammar,3.5,3.08133794271,-0.41866205729,0.41866205729
F7DF6ABE8573,Ridge,Grammar,4.5,3.86894034429,-0.63105965571,0.63105965571
F7FD0CB34BBC,Ridge,Grammar,3.5,3.2568325498,-0.2431674502,0.2431674502
F83702EEB830,Ridge,Grammar,3,3.03921926991,0.03921926991,0.03921926991
F8F7785B285B,Ridge,Grammar,2,2.52575504712,0.52575504712,0.52575504712
F8FE459205F4,Ridge,Grammar,3,2.94225192086,-0.05774807914,0.05774807914
F90A25704212,Ridge,Grammar,3.5,3.58731430346,0.08731430346,0.08731430346
F9111CF0A009,Ridge,Grammar,2.5,3.03881602496,0.53881602496,0.53881602496
F91EFD0443E6,Ridge,Grammar,3.5,3.4304290225,-0.0695709775,0.0695709775
F95CE6B81C75,Ridge,Grammar,3.5,3.31588606366,-0.18411393634,0.18411393634
F998E8BD71CF,Ridge,Grammar,3,2.94376424942,-0.05623575058,0.05623575058
F9DDE725DB74,Ridge,Grammar,2.5,2.84961058187,0.34961058187,0.34961058187
F9FEE5DC1640,Ridge,Grammar,2.5,2.92995799239,0.42995799239,0.42995799239
FA0A22FE957A,Ridge,Grammar,2.5,3.04874517034,0.54874517034,0.54874517034
FA145FA7B678,Ridge,Grammar,2,1.83947123069,-0.16052876931,0.16052876931
FA38957FCAF6,Ridge,Grammar,2,2.34220686226,0.34220686226,0.34220686226
FA43581AD6D1,Ridge,Grammar,4,3.16221381394,-0.83778618606,0.83778618606
FA5BCD4CBF5A,Ridge,Grammar,2.5,2.74378776231,0.24378776231,0.24378776231
FA63EE28501A,Ridge,Grammar,2.5,3.10078681728,0.60078681728,0.60078681728
FA87416EF173,Ridge,Grammar,2,2.03199901541,0.03199901541,0.03199901541
FAAFFC983E47,Ridge,Grammar,2,3.13935816221,1.13935816221,1.13935816221
FAF2897C9B65,Ridge,Grammar,3.5,2.89205042188,-0.60794957812,0.60794957812
FB4D3D883D49,Ridge,Grammar,2,3.06918230587,1.06918230587,1.06918230587
FB68439D9CBA,Ridge,Grammar,2,2.80597298612,0.80597298612,0.80597298612
FB70FE5B31A8,Ridge,Grammar,3.5,3.45579953554,-0.04420046446,0.04420046446
FC2D44D20533,Ridge,Grammar,2,2.58207561047,0.58207561047,0.58207561047
FC343CFBE807,Ridge,Grammar,3,3.31120293632,0.31120293632,0.31120293632
FC69DC957116,Ridge,Grammar,2.5,2.36021690609,-0.13978309391,0.13978309391
FC831CB27E25,Ridge,Grammar,2.5,2.36922967174,-0.13077032826,0.13077032826
FC86782120D3,Ridge,Grammar,2.5,3.16500696763,0.66500696763,0.66500696763
FCD0FB7FE622,Ridge,Grammar,3,3.17348768107,0.17348768107,0.17348768107
FD22ECF287BD,Ridge,Grammar,4,3.30944377166,-0.69055622834,0.69055622834
FD48D4BB6F06,Ridge,Grammar,4,3.5139352351,-0.4860647649,0.4860647649
FDE0B653AD74,Ridge,Grammar,4,3.4753963493,-0.5246036507,0.5246036507
FE1D0E5EA2EB,Ridge,Grammar,3.5,3.15186507275,-0.34813492725,0.34813492725
FE31D12E44FE,Ridge,Grammar,3,2.41867722616,-0.58132277384,0.58132277384
FE60E597467E,Ridge,Grammar,4.5,3.36552771663,-1.13447228337,1.13447228337
FE6D9B200002,Ridge,Grammar,2.5,2.59459755577,0.09459755577,0.09459755577
FED42BB10805,Ridge,Grammar,2.5,1.72728240592,-0.77271759408,0.77271759408
FF190BD8380B,Ridge,Grammar,3,2.8907853252,-0.1092146748,0.1092146748
FF6F91DC4170,Ridge,Grammar,3,3.00031764156,0.00031764156,0.00031764156
FF7FE6BD8509,Ridge,Grammar,3.5,3.19615399464,-0.30384600536,0.30384600536
FFA6690BC309,Ridge,Grammar,3.5,3.30249422145,-0.19750577855,0.19750577855
FFAEAF8D0C90,Ridge,Grammar,2,2.16991810403,0.16991810403,0.16991810403
0022683E9EA5,Random Forest,Grammar,2,2.72730781203,0.72730781203,0.72730781203
009F4E9310CB,Random Forest,Grammar,3,3.0269185364,0.0269185364,0.0269185364
011AAA636F11,Random Forest,Grammar,3.5,3.02809541594,-0.47190458406,0.47190458406
032EA4B76BF5,Random Forest,Grammar,3.5,3.0305694633,-0.4694305367,0.4694305367
038480498E5A,Random Forest,Grammar,3,3.53872640884,0.53872640884,0.53872640884
03A3B40D651B,Random Forest,Grammar,3.5,3.40037663817,-0.09962336183,0.09962336183
043B9F48FDC2,Random Forest,Grammar,3,2.984473562,-0.015526438,0.015526438
04788D56AC58,Random Forest,Grammar,3.5,2.53436332857,-0.96563667143,0.96563667143
047BD3CB80B4,Random Forest,Grammar,3.5,3.4826030745,-0.0173969255,0.0173969255
05021F4CA528,Random Forest,Grammar,2.5,2.38436970133,-0.11563029867,0.11563029867
0506BAC596A7,Random Forest,Grammar,2,2.77365393552,0.77365393552,0.77365393552
050BFA60C6AF,Random Forest,Grammar,2.5,2.73890568171,0.23890568171,0.23890568171
0514D25768A0,Random Forest,Grammar,2,2.74984626383,0.74984626383,0.74984626383
057E81E19740,Random Forest,Grammar,2,2.54266983092,0.54266983092,0.54266983092
05903AA4540F,Random Forest,Grammar,3.5,3.18657097322,-0.31342902678,0.31342902678
05F54CEC774B,Random Forest,Grammar,3.5,2.97372758267,-0.52627241733,0.52627241733
061AF57CB05C,Random Forest,Grammar,3.5,2.76110436986,-0.73889563014,0.73889563014
063F809DE304,Random Forest,Grammar,3,3.49259955251,0.49259955251,0.49259955251
06C9FC1267BB,Random Forest,Grammar,3,3.05627328163,0.05627328163,0.05627328163
06E81109FE92,Random Forest,Grammar,2,2.68050979513,0.68050979513,0.68050979513
07DFD9A0986B,Random Forest,Grammar,2.5,2.83076652859,0.33076652859,0.33076652859
07E1633CC87A,Random Forest,Grammar,3,3.20312401145,0.20312401145,0.20312401145
08B72DCFD859,Random Forest,Grammar,3,3.01270362742,0.01270362742,0.01270362742
08FAE6E0BDCC,Random Forest,Grammar,3,3.24924487905,0.24924487905,0.24924487905
0943E322C195,Random Forest,Grammar,4,3.06172635695,-0.93827364305,0.93827364305
0A324290AFE7,Random Forest,Grammar,3,3.03698859117,0.03698859117,0.03698859117
0ACB3F8B9DF8,Random Forest,Grammar,3.5,2.83724199532,-0.66275800468,0.66275800468
0AF4F757FBEA,Random Forest,Grammar,2,2.45188509135,0.45188509135,0.45188509135
0AFAD06336F3,Random Forest,Grammar,3.5,3.62377373804,0.12377373804,0.12377373804
0AFC8CE27321,Random Forest,Grammar,5,3.26048448117,-1.73951551883,1.73951551883
0AFEC3CC53B5,Random Forest,Grammar,2,2.30293760041,0.30293760041,0.30293760041
0B1599B11FCF,Random Forest,Grammar,2.5,3.05212318592,0.55212318592,0.55212318592
0B6316123881,Random Forest,Grammar,2.5,2.793849436,0.293849436,0.293849436
0BB7AF7A448C,Random Forest,Grammar,2,2.83719657107,0.83719657107,0.83719657107
0C91926E2BC6,Random Forest,Grammar,3.5,3.32310969156,-0.17689030844,0.17689030844
0D9288F0A6C9,Random Forest,Grammar,3.5,2.62572261925,-0.87427738075,0.87427738075
0DB44DDF91E6,Random Forest,Grammar,3,2.82538269238,-0.17461730762,0.17461730762
0E03218FDD2F,Random Forest,Grammar,5,3.76103415181,-1.23896584819,1.23896584819
0E14B9D24898,Random Forest,Grammar,2.5,2.43101031663,-0.06898968337,0.06898968337
0E26C20CFBBE,Random Forest,Grammar,2.5,3.2181628118,0.7181628118,0.7181628118
0E4FA5AC1EC1,Random Forest,Grammar,3.5,3.45128521801,-0.04871478199,0.04871478199
0F8436260047,Random Forest,Grammar,4.5,3.19632466187,-1.30367533813,1.30367533813
0FFB44B5D0C2,Random Forest,Grammar,3.5,2.56575201503,-0.93424798497,0.93424798497
101576652D3B,Random Forest,Grammar,4,3.66539835067,-0.33460164933,0.33460164933
1087B6C7FB98,Random Forest,Grammar,3,2.86834515587,-0.13165484413,0.13165484413
10AC7944DC4A,Random Forest,Grammar,2,2.96248304299,0.96248304299,0.96248304299
10D2D1173D36,Random Forest,Grammar,3.5,3.22632176725,-0.27367823275,0.27367823275
10D3A9E5E79E,Random Forest,Grammar,3.5,3.46692069399,-0.03307930601,0.03307930601
113436EC45E2,Random Forest,Grammar,2,2.57964906501,0.57964906501,0.57964906501
113B1543C433,Random Forest,Grammar,2.5,2.76394435591,0.26394435591,0.26394435591
11E5C01714C5,Random Forest,Grammar,3.5,3.39050824216,-0.10949175784,0.10949175784
120FE0B76D5C,Random Forest,Grammar,4,3.09334344074,-0.90665655926,0.90665655926
13450D581EC9,Random Forest,Grammar,3,2.57430911287,-0.42569088713,0.42569088713
136B3124BE79,Random Forest,Grammar,2.5,2.74902705477,0.24902705477,0.24902705477
14D2867090F2,Random Forest,Grammar,4,3.23562120611,-0.76437879389,0.76437879389
15125AF6CB82,Random Forest,Grammar,2.5,2.85174056988,0.35174056988,0.35174056988
15BDA0989B56,Random Forest,Grammar,2,2.52634628186,0.52634628186,0.52634628186
16005A45A20A,Random Forest,Grammar,3.5,3.38703843045,-0.11296156955,0.11296156955
168958FC7315,Random Forest,Grammar,4,3.22922253466,-0.77077746534,0.77077746534
168C858F93A3,Random Forest,Grammar,3,3.59237943469,0.59237943469,0.59237943469
16DEF72E220A,Random Forest,Grammar,2.5,2.95526602529,0.45526602529,0.45526602529
1703E46B4DC9,Random Forest,Grammar,4,3.05543836115,-0.94456163885,0.94456163885
1721F085F81E,Random Forest,Grammar,2.5,3.47057362518,0.97057362518,0.97057362518
18EA27A2E333,Random Forest,Grammar,3,2.8037040429,-0.1962959571,0.1962959571
1928846BB272,Random Forest,Grammar,2.5,3.05100037093,0.55100037093,0.55100037093
192D02CF8C9E,Random Forest,Grammar,2.5,2.71137716589,0.21137716589,0.21137716589
19D55405175F,Random Forest,Grammar,3.5,3.05640163586,-0.44359836414,0.44359836414
19DDF17CA4DC,Random Forest,Grammar,3.5,3.46243962804,-0.03756037196,0.03756037196
1A17F32415FD,Random Forest,Grammar,2.5,2.80550326592,0.30550326592,0.30550326592
1AA55FB101FD,Random Forest,Grammar,3,2.60621423054,-0.39378576946,0.39378576946
1AD12415C4DB,Random Forest,Grammar,3,3.24440714771,0.24440714771,0.24440714771
1B056DE0E856,Random Forest,Grammar,3,2.79912366114,-0.20087633886,0.20087633886
1B981E7E59C5,Random Forest,Grammar,3,2.79414594087,-0.20585405913,0.20585405913
1BAD681F72CB,Random Forest,Grammar,2.5,2.85178967534,0.35178967534,0.35178967534
1C0E34879BB0,Random Forest,Grammar,2.5,2.73304355945,0.23304355945,0.23304355945
1DB195AA7BE3,Random Forest,Grammar,1.5,2.43925672757,0.93925672757,0.93925672757
1DDA34D8E4D3,Random Forest,Grammar,2.5,2.58237160098,0.08237160098,0.08237160098
1DFACB5D0C9E,Random Forest,Grammar,3,3.07061665476,0.07061665476,0.07061665476
1F3620A2965E,Random Forest,Grammar,4,3.45877128231,-0.54122871769,0.54122871769
1F4961D46D29,Random Forest,Grammar,4.5,3.5998518207,-0.9001481793,0.9001481793
1F9C0492FB8A,Random Forest,Grammar,2.5,2.94619587387,0.44619587387,0.44619587387
1FAC31F5C8DC,Random Forest,Grammar,3,2.6166303285,-0.3833696715,0.3833696715
1FACF7E8D0A7,Random Forest,Grammar,3.5,2.87170694759,-0.62829305241,0.62829305241
1FC46D4B9D8C,Random Forest,Grammar,2.5,2.62591535467,0.12591535467,0.12591535467
1FE3EE0E16A8,Random Forest,Grammar,2.5,2.5857515333,0.0857515333,0.0857515333
2003BF2E6DD0,Random Forest,Grammar,4.5,3.62671961397,-0.87328038603,0.87328038603
2010889A6522,Random Forest,Grammar,3,2.91415982662,-0.08584017338,0.08584017338
205069BE2E53,Random Forest,Grammar,3,2.89542559608,-0.10457440392,0.10457440392
205D590BCBB1,Random Forest,Grammar,3,3.42462510553,0.42462510553,0.42462510553
209A6BC99DB9,Random Forest,Grammar,4.5,3.50288709227,-0.99711290773,0.99711290773
20E2B07931F3,Random Forest,Grammar,3,2.97922526468,-0.02077473532,0.02077473532
211699D25472,Random Forest,Grammar,3,2.71397482145,-0.28602517855,0.28602517855
214EC21D1403,Random Forest,Grammar,3,3.09251201061,0.09251201061,0.09251201061
2157AE4AFAA6,Random Forest,Grammar,3,3.50442487852,0.50442487852,0.50442487852
21737947650E,Random Forest,Grammar,2,2.82469832264,0.82469832264,0.82469832264
22D02123C65D,Random Forest,Grammar,3,3.12940515553,0.12940515553,0.12940515553
22F16C83DE10,Random Forest,Grammar,3.5,3.0857869367,-0.4142130633,0.4142130633
2327EC67A339,Random Forest,Grammar,3,3.18052638862,0.18052638862,0.18052638862
2358C2CE9966,Random Forest,Grammar,2,2.21670265057,0.21670265057,0.21670265057
23958A3106EA,Random Forest,Grammar,3.5,3.21673246357,-0.28326753643,0.28326753643
239A72DE1E35,Random Forest,Grammar,3.5,2.8482498968,-0.6517501032,0.6517501032
23F0ABEF8370,Random Forest,Grammar,2,2.84288136862,0.84288136862,0.84288136862
25130AAA9552,Random Forest,Grammar,3,2.26484011876,-0.73515988124,0.73515988124
253108CDC69F,Random Forest,Grammar,3.5,2.80964946889,-0.69035053111,0.69035053111
26788FA4ED04,Random Forest,Grammar,3,2.90340390693,-0.09659609307,0.09659609307
269101ABF266,Random Forest,Grammar,3,2.95189330472,-0.04810669528,0.04810669528
277A95AC0190,Random Forest,Grammar,4,2.60996335329,-1.39003664671,1.39003664671
279245CFCCF4,Random Forest,Grammar,3.5,3.26358667937,-0.23641332063,0.23641332063
27D80E5F87B1,Random Forest,Grammar,2.5,2.95387886919,0.45387886919,0.45387886919
28930E0B8820,Random Forest,Grammar,3,2.29501932067,-0.70498067933,0.70498067933
293A93F037A7,Random Forest,Grammar,4,3.41488019594,-0.58511980406,0.58511980406
29BB45AA907C,Random Forest,Grammar,4,3.39503710024,-0.60496289976,0.60496289976
2A18E2265D9E,Random Forest,Grammar,3.5,2.85550004957,-0.64449995043,0.64449995043
2B62F285FD21,Random Forest,Grammar,3.5,3.5412759232,0.0412759232,0.0412759232
2B9C5C3BB7B9,Random Forest,Grammar,3,3.85417790541,0.85417790541,0.85417790541
2BE11993FB5F,Random Forest,Grammar,3.5,3.14052668147,-0.35947331853,0.35947331853
2BFB0A8F50E1,Random Forest,Grammar,3,3.27167762725,0.27167762725,0.27167762725
2C4DE9FD3734,Random Forest,Grammar,3.5,3.08328957731,-0.41671042269,0.41671042269
2C8802241F51,Random Forest,Grammar,3.5,2.74307097833,-0.75692902167,0.75692902167
2D508127DEF1,Random Forest,Grammar,4,3.3571777748,-0.6428222252,0.6428222252
2D8464A3BD5B,Random Forest,Grammar,3.5,2.8468749574,-0.6531250426,0.6531250426
2D940E7F240C,Random Forest,Grammar,4,3.44849617601,-0.55150382399,0.55150382399
2DAA07621328,Random Forest,Grammar,3.5,2.83879612904,-0.66120387096,0.66120387096
2E5A3E5FD179,Random Forest,Grammar,3,3.17765194062,0.17765194062,0.17765194062
2F268BE28055,Random Forest,Grammar,3.5,2.94901314337,-0.55098685663,0.55098685663
2F7B0CE01B4B,Random Forest,Grammar,4,3.67434260342,-0.32565739658,0.32565739658
2F81111E7831,Random Forest,Grammar,2.5,2.79320261692,0.29320261692,0.29320261692
30DDC17D2986,Random Forest,Grammar,3.5,3.68530125672,0.18530125672,0.18530125672
310CDA45739E,Random Forest,Grammar,3.5,3.37730855206,-0.12269144794,0.12269144794
314E6ED40C6A,Random Forest,Grammar,2.5,2.46338194625,-0.03661805375,0.03661805375
327AAC23CF5D,Random Forest,Grammar,2,2.89948379226,0.89948379226,0.89948379226
327EB11122D0,Random Forest,Grammar,2,2.79902210844,0.79902210844,0.79902210844
33113B7D1125,Random Forest,Grammar,2.5,2.37026068721,-0.12973931279,0.12973931279
33DEFCDAD05F,Random Forest,Grammar,4,3.62510589576,-0.37489410424,0.37489410424
33F18D5D8867,Random Forest,Grammar,4,3.25748245328,-0.74251754672,0.74251754672
340BCFE7E249,Random Forest,Grammar,3.5,2.93504865297,-0.56495134703,0.56495134703
34317A7F1262,Random Forest,Grammar,2.5,2.59124694427,0.09124694427,0.09124694427
343A80DD6FB3,Random Forest,Grammar,3.5,3.18760905628,-0.31239094372,0.31239094372
34716B652420,Random Forest,Grammar,2,2.2888817124,0.2888817124,0.2888817124
34A066E69905,Random Forest,Grammar,3.5,3.08466683354,-0.41533316646,0.41533316646
34F016931102,Random Forest,Grammar,3.5,2.95764815908,-0.54235184092,0.54235184092
3550660EE2EC,Random Forest,Grammar,2.5,2.8330432206,0.3330432206,0.3330432206
35E552843ADF,Random Forest,Grammar,3.5,3.21291348896,-0.28708651104,0.28708651104
36A74F4F050A,Random Forest,Grammar,2.5,2.5018383099,0.0018383099,0.0018383099
37DD80EFE4D4,Random Forest,Grammar,2.5,3.03777710968,0.53777710968,0.53777710968
380164B1BAB5,Random Forest,Grammar,4,3.21573721918,-0.78426278082,0.78426278082
3814F9116CD1,Random Forest,Grammar,2.5,2.50422012678,0.00422012678,0.00422012678
38452CB371C9,Random Forest,Grammar,3,3.65223759197,0.65223759197,0.65223759197
3898358B58BB,Random Forest,Grammar,3.5,3.17942066504,-0.32057933496,0.32057933496
394F5867B7EC,Random Forest,Grammar,2.5,2.91049106175,0.41049106175,0.41049106175
39BB85E5CB5A,Random Forest,Grammar,3.5,3.16226157781,-0.33773842219,0.33773842219
3A38B9DD6723,Random Forest,Grammar,3,3.42212655059,0.42212655059,0.42212655059
3A71C888CE45,Random Forest,Grammar,2,2.4148135157,0.4148135157,0.4148135157
3B81809AA132,Random Forest,Grammar,2.5,2.67381556579,0.17381556579,0.17381556579
3B93AE972238,Random Forest,Grammar,2.5,3.22948757996,0.72948757996,0.72948757996
3BDF36560245,Random Forest,Grammar,2,2.41697434028,0.41697434028,0.41697434028
3BFECA0F8470,Random Forest,Grammar,2.5,2.89612215624,0.39612215624,0.39612215624
3C56844D4CF0,Random Forest,Grammar,2,2.67181791161,0.67181791161,0.67181791161
3CD660D1E7BB,Random Forest,Grammar,4.5,3.56838013606,-0.93161986394,0.93161986394
3D739817CC30,Random Forest,Grammar,2,3.003576015,1.003576015,1.003576015
3E7DE9C1C160,Random Forest,Grammar,3.5,2.92903769015,-0.57096230985,0.57096230985
3EC60741B7BF,Random Forest,Grammar,3,2.32020921425,-0.67979078575,0.67979078575
3F2941C11D95,Random Forest,Grammar,4,3.67478097884,-0.32521902116,0.32521902116
3F4D8262235A,Random Forest,Grammar,3.5,3.10605886514,-0.39394113486,0.39394113486
4032ED0063E4,Random Forest,Grammar,4,2.84191058701,-1.15808941299,1.15808941299
40AF66A621E0,Random Forest,Grammar,2,2.28793106013,0.28793106013,0.28793106013
410D72D3CCE8,Random Forest,Grammar,3.5,3.11353833157,-0.38646166843,0.38646166843
41D9F5D10332,Random Forest,Grammar,3,2.65103663594,-0.34896336406,0.34896336406
4288F88C8D15,Random Forest,Grammar,3,2.79800593608,-0.20199406392,0.20199406392
42BF43BF8DBE,Random Forest,Grammar,3.5,2.87860823249,-0.62139176751,0.62139176751
4351657CEC2F,Random Forest,Grammar,3.5,3.52618012913,0.02618012913,0.02618012913
447221C3FA00,Random Forest,Grammar,2,2.44010997874,0.44010997874,0.44010997874
4477C08B4960,Random Forest,Grammar,3,2.88943044962,-0.11056955038,0.11056955038
44C1594D0950,Random Forest,Grammar,3,3.33120129352,0.33120129352,0.33120129352
451A840C382E,Random Forest,Grammar,2,3.09473375496,1.09473375496,1.09473375496
451E8369BB76,Random Forest,Grammar,2.5,2.59761150425,0.09761150425,0.09761150425
453F18C3C8BD,Random Forest,Grammar,2,2.24980893633,0.24980893633,0.24980893633
45DF17CF4937,Random Forest,Grammar,3.5,3.53604787351,0.03604787351,0.03604787351
4608287E9B30,Random Forest,Grammar,3,2.68306180578,-0.31693819422,0.31693819422
462769ABDD5B,Random Forest,Grammar,2.5,2.59206733623,0.09206733623,0.09206733623
462832DCD932,Random Forest,Grammar,2,2.87231605274,0.87231605274,0.87231605274
4665A1D77D6C,Random Forest,Grammar,3.5,2.78646921234,-0.71353078766,0.71353078766
4744A861D13F,Random Forest,Grammar,4,3.45306472927,-0.54693527073,0.54693527073
483EE18C996B,Random Forest,Grammar,3.5,3.07698272244,-0.42301727756,0.42301727756
48940AA0656E,Random Forest,Grammar,2.5,3.20377098995,0.70377098995,0.70377098995
48ADCBFC8376,Random Forest,Grammar,3.5,3.62635552435,0.12635552435,0.12635552435
48EA282A4EAF,Random Forest,Grammar,1,3.1736933038,2.1736933038,2.1736933038
4906FE42D823,Random Forest,Grammar,3,3.36020855409,0.36020855409,0.36020855409
4967076F4E7F,Random Forest,Grammar,3,2.50797221312,-0.49202778688,0.49202778688
49C5BCE4CD28,Random Forest,Grammar,3.5,2.7617955094,-0.7382044906,0.7382044906
4A38761A2CBB,Random Forest,Grammar,2.5,2.77384477977,0.27384477977,0.27384477977
4A4B45273A9D,Random Forest,Grammar,2.5,2.51395583154,0.01395583154,0.01395583154
4AF3A09B2EF7,Random Forest,Grammar,3.5,3.37762441303,-0.12237558697,0.12237558697
4BF17A253013,Random Forest,Grammar,3,2.46482554012,-0.53517445988,0.53517445988
4C3AFB55C4F7,Random Forest,Grammar,2.5,3.2562029592,0.7562029592,0.7562029592
4D35A86F4929,Random Forest,Grammar,3,3.10177831772,0.10177831772,0.10177831772
4D377B163021,Random Forest,Grammar,3,2.61105270888,-0.38894729112,0.38894729112
4D65BE0B15B8,Random Forest,Grammar,2.5,2.66035527637,0.16035527637,0.16035527637
4DBC5B5272FF,Random Forest,Grammar,3.5,3.80250416212,0.30250416212,0.30250416212
4E22E3143561,Random Forest,Grammar,3,2.56983181024,-0.43016818976,0.43016818976
4E7DD441DAC8,Random Forest,Grammar,3,2.65212648163,-0.34787351837,0.34787351837
4E8ED336CF7E,Random Forest,Grammar,2.5,2.39733191115,-0.10266808885,0.10266808885
4EE0B81B9133,Random Forest,Grammar,3.5,3.43380358298,-0.06619641702,0.06619641702
4EECC9B3CF7F,Random Forest,Grammar,4,3.51786961119,-0.48213038881,0.48213038881
508A9EC12C44,Random Forest,Grammar,2.5,2.90718414476,0.40718414476,0.40718414476
5098F28A2EF3,Random Forest,Grammar,4,3.73926417399,-0.26073582601,0.26073582601
50E361CD561E,Random Forest,Grammar,4,3.19934005174,-0.80065994826,0.80065994826
510CA49B78BB,Random Forest,Grammar,4.5,3.39496050446,-1.10503949554,1.10503949554
51DA4BA94C7C,Random Forest,Grammar,4,2.56698319644,-1.43301680356,1.43301680356
52DC3B7C3952,Random Forest,Grammar,5,3.53029747544,-1.46970252456,1.46970252456
5384378F1AC2,Random Forest,Grammar,4,3.42919053983,-0.57080946017,0.57080946017
53CF6D801CAF,Random Forest,Grammar,4.5,3.40943301367,-1.09056698633,1.09056698633
53D17839AAC0,Random Forest,Grammar,4,3.5852761468,-0.4147238532,0.4147238532
55C7EC027A88,Random Forest,Grammar,3.5,3.11189098832,-0.38810901168,0.38810901168
5661280443,Random Forest,Grammar,4,2.72144953769,-1.27855046231,1.27855046231
56E32CEEB127,Random Forest,Grammar,2.5,2.67289514423,0.17289514423,0.17289514423
56F9E8427D97,Random Forest,Grammar,3,3.01216914831,0.01216914831,0.01216914831
57A750437C3A,Random Forest,Grammar,3,2.54902635454,-0.45097364546,0.45097364546
58F6D70A2DC7,Random Forest,Grammar,3.5,3.25978390841,-0.24021609159,0.24021609159
597618D3F66C,Random Forest,Grammar,3,3.33989162378,0.33989162378,0.33989162378
599128B82FF0,Random Forest,Grammar,3.5,3.15582048943,-0.34417951057,0.34417951057
59ADAA4D04E5,Random Forest,Grammar,1.5,2.92451614859,1.42451614859,1.42451614859
5A89482533D9,Random Forest,Grammar,2.5,3.11893128697,0.61893128697,0.61893128697
5AA45740A848,Random Forest,Grammar,3.5,3.21120524407,-0.28879475593,0.28879475593
5AAD796F4D6B,Random Forest,Grammar,2.5,3.1311225298,0.6311225298,0.6311225298
5B2FC963E89D,Random Forest,Grammar,2.5,3.06479138998,0.56479138998,0.56479138998
5BE99F2E4030,Random Forest,Grammar,4.5,3.78301700449,-0.71698299551,0.71698299551
5C05D79FE75A,Random Forest,Grammar,2.5,2.7440008003,0.2440008003,0.2440008003
5C3A7990C870,Random Forest,Grammar,2.5,3.09906506645,0.59906506645,0.59906506645
5C72AB0B1232,Random Forest,Grammar,3.5,3.68967414084,0.18967414084,0.18967414084
5CB186BF742C,Random Forest,Grammar,3,2.67626383465,-0.32373616535,0.32373616535
5D2B8506EC4F,Random Forest,Grammar,2.5,2.30960179107,-0.19039820893,0.19039820893
5D693DD9978D,Random Forest,Grammar,2.5,2.92267739105,0.42267739105,0.42267739105
5D7D1445A7CF,Random Forest,Grammar,4.5,3.80296098121,-0.69703901879,0.69703901879
5E49CEB56FB3,Random Forest,Grammar,2,2.74822876497,0.74822876497,0.74822876497
5EA71157D48F,Random Forest,Grammar,3,2.98985513769,-0.01014486231,0.01014486231
5EFD8FA4133A,Random Forest,Grammar,2.5,2.88078839839,0.38078839839,0.38078839839
5F370D929BA7,Random Forest,Grammar,2.5,2.61565607937,0.11565607937,0.11565607937
5F5E1817CCA0,Random Forest,Grammar,3,2.51481356172,-0.48518643828,0.48518643828
5FBDFD6DB173,Random Forest,Grammar,3,2.90313901592,-0.09686098408,0.09686098408
5FE4F223CEA8,Random Forest,Grammar,3,2.996010577,-0.003989423,0.003989423
603863409B06,Random Forest,Grammar,3,2.84232282684,-0.15767717316,0.15767717316
605BF3B67175,Random Forest,Grammar,3.5,3.4038411294,-0.0961588706,0.0961588706
60FD2E2FB768,Random Forest,Grammar,3.5,3.44746418199,-0.05253581801,0.05253581801
610FA0016255,Random Forest,Grammar,3,3.16245202633,0.16245202633,0.16245202633
6141DB282925,Random Forest,Grammar,3,2.75659958921,-0.24340041079,0.24340041079
616C3D5795E8,Random Forest,Grammar,2,2.71447985807,0.71447985807,0.71447985807
62B3C9C3398E,Random Forest,Grammar,3.5,3.38580697142,-0.11419302858,0.11419302858
62F7911DE51F,Random Forest,Grammar,2.5,3.15455486906,0.65455486906,0.65455486906
64A8183557F7,Random Forest,Grammar,3,2.9530507588,-0.0469492412,0.0469492412
65975436BE5C,Random Forest,Grammar,4,3.5237033191,-0.4762966809,0.4762966809
66FF0907BF26,Random Forest,Grammar,4,3.52095547801,-0.47904452199,0.47904452199
6712BD512DB7,Random Forest,Grammar,3.5,3.05893542988,-0.44106457012,0.44106457012
681B9CD21B07,Random Forest,Grammar,3.5,2.83324669579,-0.66675330421,0.66675330421
685ABA004ADB,Random Forest,Grammar,3.5,2.92549245717,-0.57450754283,0.57450754283
6867A6767D25,Random Forest,Grammar,3.5,3.16428231567,-0.33571768433,0.33571768433
69241D10E69A,Random Forest,Grammar,3.5,3.60841134823,0.10841134823,0.10841134823
696B864AED8C,Random Forest,Grammar,3,2.85737782705,-0.14262217295,0.14262217295
698A3F2B43B9,Random Forest,Grammar,3.5,3.50862782072,0.00862782072,0.00862782072
6AB122D640E1,Random Forest,Grammar,2.5,3.56494059757,1.06494059757,1.06494059757
6B850987631D,Random Forest,Grammar,3.5,3.00333601419,-0.49666398581,0.49666398581
6BB4BEB51A80,Random Forest,Grammar,2,2.9756181044,0.9756181044,0.9756181044
6BC83A3F4934,Random Forest,Grammar,2.5,2.52771872417,0.02771872417,0.02771872417
6BE1E93612AE,Random Forest,Grammar,2,2.59208137762,0.59208137762,0.59208137762
6C16FC9FE7A4,Random Forest,Grammar,3,2.58990102804,-0.41009897196,0.41009897196
6C802D3F5F2A,Random Forest,Grammar,4,3.46476113691,-0.53523886309,0.53523886309
6C98327DA084,Random Forest,Grammar,3.5,3.11733140265,-0.38266859735,0.38266859735
6D06DAD5446C,Random Forest,Grammar,3,2.5910869691,-0.4089130309,0.4089130309
6DB65C457200,Random Forest,Grammar,3.5,2.61002139434,-0.88997860566,0.88997860566
6EE4A9C8F158,Random Forest,Grammar,3.5,3.46657099479,-0.03342900521,0.03342900521
6FDAD6124B9E,Random Forest,Grammar,4,3.57866583055,-0.42133416945,0.42133416945
70041E13A0CC,Random Forest,Grammar,2.5,3.16821930789,0.66821930789,0.66821930789
7007EB8E265D,Random Forest,Grammar,3.5,3.53603740803,0.03603740803,0.03603740803
70E490A83717,Random Forest,Grammar,4.5,3.67031357944,-0.82968642056,0.82968642056
71A9098715EB,Random Forest,Grammar,3.5,3.25711098025,-0.24288901975,0.24288901975
7203112033A1,Random Forest,Grammar,3.5,3.53458427502,0.03458427502,0.03458427502
7231635A63C8,Random Forest,Grammar,2,2.52860508436,0.52860508436,0.52860508436
72766FE38307,Random Forest,Grammar,2.5,2.27119054309,-0.22880945691,0.22880945691
72913948CDAA,Random Forest,Grammar,2.5,2.79397499672,0.29397499672,0.29397499672
7370AB0DDC7F,Random Forest,Grammar,2.5,2.88597470585,0.38597470585,0.38597470585
7382F8B16AAF,Random Forest,Grammar,3,2.81819410188,-0.18180589812,0.18180589812
73851AC4551C,Random Forest,Grammar,3,3.39346776505,0.39346776505,0.39346776505
73930228893B,Random Forest,Grammar,3.5,2.66309482391,-0.83690517609,0.83690517609
73A997703BC3,Random Forest,Grammar,3,3.50344715067,0.50344715067,0.50344715067
73D2B941F40F,Random Forest,Grammar,2.5,3.02740082648,0.52740082648,0.52740082648
73D69658CF95,Random Forest,Grammar,3,3.1949920004,0.1949920004,0.1949920004
7445CD7E0985,Random Forest,Grammar,3,2.48278513149,-0.51721486851,0.51721486851
74CDAF3BB9EF,Random Forest,Grammar,2.5,2.45517808783,-0.04482191217,0.04482191217
753E320B186B,Random Forest,Grammar,2,2.94229450936,0.94229450936,0.94229450936
757C5E55BA96,Random Forest,Grammar,3.5,3.34709614982,-0.15290385018,0.15290385018
763EF698F56B,Random Forest,Grammar,2,2.30842440316,0.30842440316,0.30842440316
772D27D400BB,Random Forest,Grammar,2,2.30732679863,0.30732679863,0.30732679863
7797541CF0A6,Random Forest,Grammar,2,2.90831031602,0.90831031602,0.90831031602
77A31D0A07A8,Random Forest,Grammar,2.5,2.64807311156,0.14807311156,0.14807311156
78201045481,Random Forest,Grammar,2,2.98773780427,0.98773780427,0.98773780427
785DBAB78957,Random Forest,Grammar,3,3.42418344547,0.42418344547,0.42418344547
78B6F383CD30,Random Forest,Grammar,2,2.6967510943,0.6967510943,0.6967510943
78E8970D0C13,Random Forest,Grammar,2.5,3.29412810241,0.79412810241,0.79412810241
790891A35047,Random Forest,Grammar,3,3.32809604684,0.32809604684,0.32809604684
79098D096CB8,Random Forest,Grammar,2.5,2.33384913143,-0.16615086857,0.16615086857
79484682B23E,Random Forest,Grammar,4,2.98869399104,-1.01130600896,1.01130600896
7999A063F80E,Random Forest,Grammar,3.5,3.82298574787,0.32298574787,0.32298574787
79D634E4575F,Random Forest,Grammar,3.5,3.12788351958,-0.37211648042,0.37211648042
7A0A80926A0D,Random Forest,Grammar,2.5,2.63543464098,0.13543464098,0.13543464098
7A6599531E9C,Random Forest,Grammar,2,2.75087694415,0.75087694415,0.75087694415
7A66900A3812,Random Forest,Grammar,2,2.416067191,0.416067191,0.416067191
7A68E1FB7863,Random Forest,Grammar,3,3.28214188008,0.28214188008,0.28214188008
7B2B2910BB90,Random Forest,Grammar,3.5,2.62017049722,-0.87982950278,0.87982950278
7B802407D629,Random Forest,Grammar,3.5,3.50716718552,0.00716718552,0.00716718552
7CB712FD1253,Random Forest,Grammar,3.5,2.70987315372,-0.79012684628,0.79012684628
7D1825E2F4AD,Random Forest,Grammar,3,3.16548278816,0.16548278816,0.16548278816
7DDFB0CA2BF8,Random Forest,Grammar,3,2.30292090535,-0.69707909465,0.69707909465
7E109A7AC169,Random Forest,Grammar,2.5,3.302896179,0.802896179,0.802896179
7E29ACA46157,Random Forest,Grammar,2.5,2.83259900879,0.33259900879,0.33259900879
7E530A20DA68,Random Forest,Grammar,4,3.3519926668,-0.6480073332,0.6480073332
7E669FF93EB9,Random Forest,Grammar,3,2.95902533271,-0.04097466729,0.04097466729
7F0703CF058E,Random Forest,Grammar,2.5,3.51425369835,1.01425369835,1.01425369835
7F1E8663BAE8,Random Forest,Grammar,3,2.38503911697,-0.61496088303,0.61496088303
806672A60686,Random Forest,Grammar,2,3.26139657758,1.26139657758,1.26139657758
80AD3F379BD1,Random Forest,Grammar,2.5,3.04209919713,0.54209919713,0.54209919713
80DD7EE85BF7,Random Forest,Grammar,3.5,3.04899665718,-0.45100334282,0.45100334282
80F9E6D6503C,Random Forest,Grammar,2.5,3.29610889747,0.79610889747,0.79610889747
81218F777A2F,Random Forest,Grammar,3.5,3.45549095617,-0.04450904383,0.04450904383
8149E792E505,Random Forest,Grammar,3,2.64780851085,-0.35219148915,0.35219148915
81946793B89A,Random Forest,Grammar,4,3.80205206713,-0.19794793287,0.19794793287
81D266D94D6D,Random Forest,Grammar,3.5,3.67376192831,0.17376192831,0.17376192831
82294A32E3E3,Random Forest,Grammar,3.5,2.78588459889,-0.71411540111,0.71411540111
82722CEBCAB3,Random Forest,Grammar,3.5,2.78038531901,-0.71961468099,0.71961468099
82BA3E4396CC,Random Forest,Grammar,3.5,3.56060100733,0.06060100733,0.06060100733
82F7210163B5,Random Forest,Grammar,3.5,3.34869345241,-0.15130654759,0.15130654759
833F25175AFC,Random Forest,Grammar,3,2.7050005027,-0.2949994973,0.2949994973
83C48C5697AE,Random Forest,Grammar,2,2.94143366518,0.94143366518,0.94143366518
852C90E3FA05,Random Forest,Grammar,2.5,2.55707595509,0.05707595509,0.05707595509
857B7FB712ED,Random Forest,Grammar,2.5,2.38518493074,-0.11481506926,0.11481506926
858DFA7A9980,Random Forest,Grammar,2.5,3.23999803051,0.73999803051,0.73999803051
85C71A1E0117,Random Forest,Grammar,2.5,2.57258204805,0.07258204805,0.07258204805
862ACD748291,Random Forest,Grammar,2,2.48674947522,0.48674947522,0.48674947522
869CC4EDD3B5,Random Forest,Grammar,2,2.6997209782,0.6997209782,0.6997209782
86B2AFB816D5,Random Forest,Grammar,2.5,2.38467310165,-0.11532689835,0.11532689835
8772F74F5EE0,Random Forest,Grammar,4,2.85490148008,-1.14509851992,1.14509851992
87A8B315A26E,Random Forest,Grammar,2.5,2.70582741949,0.20582741949,0.20582741949
8836B8EFCE5A,Random Forest,Grammar,3,2.80187635784,-0.19812364216,0.19812364216
883C1EF358F6,Random Forest,Grammar,2.5,3.47541910402,0.97541910402,0.97541910402
88ECDCC89475,Random Forest,Grammar,3,2.74895809738,-0.25104190262,0.25104190262
88FCD4D35128,Random Forest,Grammar,3,2.5911504291,-0.4088495709,0.4088495709
88FD7FAAFA90,Random Forest,Grammar,3,3.66674967571,0.66674967571,0.66674967571
89ADE1CC1BEC,Random Forest,Grammar,3,3.17864784077,0.17864784077,0.17864784077
8A216BEDA4C2,Random Forest,Grammar,3,3.38177020031,0.38177020031,0.38177020031
8A80B525C75D,Random Forest,Grammar,3,2.35212753984,-0.64787246016,0.64787246016
8AF043C98622,Random Forest,Grammar,3,2.74603056506,-0.25396943494,0.25396943494
8B1EB1890F9B,Random Forest,Grammar,2,2.49728629036,0.49728629036,0.49728629036
8C0C5CED34D5,Random Forest,Grammar,2.5,2.8440213481,0.3440213481,0.3440213481
8C3993109983,Random Forest,Grammar,3.5,3.44071452595,-0.05928547405,0.05928547405
8D14BC33208D,Random Forest,Grammar,3,2.43022815113,-0.56977184887,0.56977184887
8D1CD79C0F8D,Random Forest,Grammar,3.5,3.46352811848,-0.03647188152,0.03647188152
8D734AF72931,Random Forest,Grammar,3,3.01227979246,0.01227979246,0.01227979246
8DD09D4FCD4F,Random Forest,Grammar,3,3.74683993373,0.74683993373,0.74683993373
8DF5D7CF4085,Random Forest,Grammar,3.5,3.48819362011,-0.01180637989,0.01180637989
8E10A6D2B272,Random Forest,Grammar,4,3.41123820611,-0.58876179389,0.58876179389
8E5E6211E4D6,Random Forest,Grammar,3.5,3.08149447832,-0.41850552168,0.41850552168
8E6F35BA3EE6,Random Forest,Grammar,3,3.08618129343,0.08618129343,0.08618129343
8E764A2C7266,Random Forest,Grammar,2,3.24587912712,1.24587912712,1.24587912712
8EE0540E163D,Random Forest,Grammar,2,2.52660970213,0.52660970213,0.52660970213
8EF9BE158AD3,Random Forest,Grammar,3,2.59102795687,-0.40897204313,0.40897204313
8F16365E363D,Random Forest,Grammar,2,2.68556381164,0.68556381164,0.68556381164
8F6DFE02DF75,Random Forest,Grammar,2.5,2.52663781501,0.02663781501,0.02663781501
8FE04E30F621,Random Forest,Grammar,4.5,3.46779295104,-1.03220704896,1.03220704896
9000217714BE,Random Forest,Grammar,2.5,3.35840932328,0.85840932328,0.85840932328
90526CA48E47,Random Forest,Grammar,4,3.13804619251,-0.86195380749,0.86195380749
9086C0A2BF10,Random Forest,Grammar,2.5,2.33801435466,-0.16198564534,0.16198564534
918C1880FCD8,Random Forest,Grammar,3.5,3.78559008026,0.28559008026,0.28559008026
92B418CEA06E,Random Forest,Grammar,3.5,2.91685831412,-0.58314168588,0.58314168588
92CD1BD0C18F,Random Forest,Grammar,2.5,2.372627379,-0.127372621,0.127372621
9392E2E0AA1E,Random Forest,Grammar,3,2.73328019916,-0.26671980084,0.26671980084
93B8C8DAFE20,Random Forest,Grammar,4,3.44752625005,-0.55247374995,0.55247374995
93DF867BE1C5,Random Forest,Grammar,2.5,2.67834970671,0.17834970671,0.17834970671
940441D4CF9C,Random Forest,Grammar,2.5,2.60318290215,0.10318290215,0.10318290215
95540EBC3FC9,Random Forest,Grammar,2.5,3.02947052088,0.52947052088,0.52947052088
95FD6DF25420,Random Forest,Grammar,3,2.75480030036,-0.24519969964,0.24519969964
9613CEAFE86E,Random Forest,Grammar,3.5,3.34436909782,-0.15563090218,0.15563090218
96220F2863D1,Random Forest,Grammar,3.5,3.17856955781,-0.32143044219,0.32143044219
963AD357A595,Random Forest,Grammar,2,2.32754799219,0.32754799219,0.32754799219
9715AAF5B952,Random Forest,Grammar,3,3.40608180536,0.40608180536,0.40608180536
976E2E05C4EB,Random Forest,Grammar,3,2.74733774501,-0.25266225499,0.25266225499
97A0FFE91A3E,Random Forest,Grammar,2,3.33619225835,1.33619225835,1.33619225835
9801CF414927,Random Forest,Grammar,3.5,2.64658157733,-0.85341842267,0.85341842267
988BFF516FA0,Random Forest,Grammar,2.5,3.59806702998,1.09806702998,1.09806702998
98CD7819C7EF,Random Forest,Grammar,2,3.03011440647,1.03011440647,1.03011440647
98D8723E86D0,Random Forest,Grammar,3.5,3.31456476584,-0.18543523416,0.18543523416
98D8FF9E3C56,Random Forest,Grammar,3,3.12898077195,0.12898077195,0.12898077195
992DB55B9726,Random Forest,Grammar,2.5,2.43038618991,-0.06961381009,0.06961381009
997589EE26E6,Random Forest,Grammar,2.5,2.25326012923,-0.24673987077,0.24673987077
99A3641592CA,Random Forest,Grammar,2.5,3.09988779005,0.59988779005,0.59988779005
99CAD0AF3560,Random Forest,Grammar,3.5,3.62380441026,0.12380441026,0.12380441026
9A5193D1C19B,Random Forest,Grammar,3.5,3.49016941802,-0.00983058198,0.00983058198
9ABF7B48B802,Random Forest,Grammar,2.5,2.94454675335,0.44454675335,0.44454675335
9AC32EA4050B,Random Forest,Grammar,2.5,3.24099987145,0.74099987145,0.74099987145
9AC838864995,Random Forest,Grammar,3.5,3.19072694155,-0.30927305845,0.30927305845
9ADC4A3BFDD0,Random Forest,Grammar,2.5,2.88021492714,0.38021492714,0.38021492714
9B4C52064991,Random Forest,Grammar,3,3.49350119598,0.49350119598,0.49350119598
9B5E878ED861,Random Forest,Grammar,3,3.06791948574,0.06791948574,0.06791948574
9BF717F45D68,Random Forest,Grammar,3.5,3.02351847443,-0.47648152557,0.47648152557
9C1B60E737FB,Random Forest,Grammar,3.5,3.02027876549,-0.47972123451,0.47972123451
9C57307D58A5,Random Forest,Grammar,3,2.62698391441,-0.37301608559,0.37301608559
9C601D9FCB5F,Random Forest,Grammar,2.5,2.91123630899,0.41123630899,0.41123630899
9C6132E41DDE,Random Forest,Grammar,3.5,3.43660509578,-0.06339490422,0.06339490422
9CB69011AE54,Random Forest,Grammar,2,2.56619869326,0.56619869326,0.56619869326
9DA131E0F720,Random Forest,Grammar,3.5,3.48481151114,-0.01518848886,0.01518848886
9E478C982AD0,Random Forest,Grammar,3,3.06444471793,0.06444471793,0.06444471793
9E817DB62497,Random Forest,Grammar,3,3.40241760899,0.40241760899,0.40241760899
9EAB766AF4BE,Random Forest,Grammar,3.5,3.72211394354,0.22211394354,0.22211394354
9EADCECA2FB8,Random Forest,Grammar,3,2.32526851361,-0.67473148639,0.67473148639
9EBA120196BC,Random Forest,Grammar,4,3.09543256135,-0.90456743865,0.90456743865
9EC4A16802BF,Random Forest,Grammar,4.5,3.48457578483,-1.01542421517,1.01542421517
9F27EAC1E27D,Random Forest,Grammar,3,3.5722848105,0.5722848105,0.5722848105
9F401E75755A,Random Forest,Grammar,4,2.65905980037,-1.34094019963,1.34094019963
9FD1F622BAC3,Random Forest,Grammar,2,2.97606660645,0.97606660645,0.97606660645
9FDD8A146288,Random Forest,Grammar,2.5,2.40354973387,-0.09645026613,0.09645026613
A094036DE672,Random Forest,Grammar,4,2.69549802782,-1.30450197218,1.30450197218
A0A2D6856B0E,Random Forest,Grammar,2.5,3.27639335804,0.77639335804,0.77639335804
A0E95D8119F7,Random Forest,Grammar,2.5,2.77968456874,0.27968456874,0.27968456874
A10755158FEF,Random Forest,Grammar,3,2.99466568613,-0.00533431387,0.00533431387
A10E91E49973,Random Forest,Grammar,3,3.49153516263,0.49153516263,0.49153516263
A11969208401,Random Forest,Grammar,3,3.42655851105,0.42655851105,0.42655851105
A18B82F7407B,Random Forest,Grammar,4,2.88896365194,-1.11103634806,1.11103634806
A1D0490FD324,Random Forest,Grammar,3.5,3.62370019154,0.12370019154,0.12370019154
A1DE235AFFC8,Random Forest,Grammar,2.5,2.83238841664,0.33238841664,0.33238841664
A336FB5F2623,Random Forest,Grammar,3.5,2.59358287179,-0.90641712821,0.90641712821
A38A3B76558A,Random Forest,Grammar,3.5,3.10022235274,-0.39977764726,0.39977764726
A3A0AB366927,Random Forest,Grammar,3,3.65854892253,0.65854892253,0.65854892253
A3E6A572C6E5,Random Forest,Grammar,3,2.76704921222,-0.23295078778,0.23295078778
A47106D7B784,Random Forest,Grammar,3.5,3.0638124395,-0.4361875605,0.4361875605
A4C46FEBBCC4,Random Forest,Grammar,3.5,2.91855446911,-0.58144553089,0.58144553089
A4DA4201903F,Random Forest,Grammar,2,2.32655609266,0.32655609266,0.32655609266
A6745A8EE7AF,Random Forest,Grammar,2.5,2.60433018662,0.10433018662,0.10433018662
A6A6C7852F05,Random Forest,Grammar,3,3.32365929373,0.32365929373,0.32365929373
A6BE0FAFA04B,Random Forest,Grammar,3,2.82509394553,-0.17490605447,0.17490605447
A72F4E50ED92,Random Forest,Grammar,2,2.91216847798,0.91216847798,0.91216847798
A764E2DFDDD7,Random Forest,Grammar,2,2.62396113488,0.62396113488,0.62396113488
A84FFDD09442,Random Forest,Grammar,2.5,2.81305767412,0.31305767412,0.31305767412
A87C80DEAB08,Random Forest,Grammar,3,2.91826178024,-0.08173821976,0.08173821976
A88FB1D1C8BD,Random Forest,Grammar,3,2.62815048944,-0.37184951056,0.37184951056
A98482015F5A,Random Forest,Grammar,4.5,3.61700792542,-0.88299207458,0.88299207458
AA0919FCDEDC,Random Forest,Grammar,1.5,2.6191700527,1.1191700527,1.1191700527
AA8DA5629CBC,Random Forest,Grammar,3,3.23554045517,0.23554045517,0.23554045517
AAF42F8A396F,Random Forest,Grammar,3,2.54932737786,-0.45067262214,0.45067262214
AB2FD69DBACF,Random Forest,Grammar,2,2.84181774649,0.84181774649,0.84181774649
AB6284069E18,Random Forest,Grammar,3,3.43721995832,0.43721995832,0.43721995832
ABC59FCA6150,Random Forest,Grammar,2.5,2.55147664461,0.05147664461,0.05147664461
ABFEE879153D,Random Forest,Grammar,2.5,3.0561385789,0.5561385789,0.5561385789
AC1F60D0F85D,Random Forest,Grammar,3,3.01075431044,0.01075431044,0.01075431044
AC3111702C95,Random Forest,Grammar,4,3.59930994412,-0.40069005588,0.40069005588
AC9719A6A375,Random Forest,Grammar,3.5,3.20736362015,-0.29263637985,0.29263637985
AD175892EC1C,Random Forest,Grammar,3,3.43228282861,0.43228282861,0.43228282861
AD5F7E8C127F,Random Forest,Grammar,3.5,2.87292690044,-0.62707309956,0.62707309956
AE2E6B3472DB,Random Forest,Grammar,2.5,2.89632355393,0.39632355393,0.39632355393
AE8A9585640A,Random Forest,Grammar,3.5,3.32213119368,-0.17786880632,0.17786880632
AECE763751DB,Random Forest,Grammar,3,2.91316509904,-0.08683490096,0.08683490096
AEDDD593BF0F,Random Forest,Grammar,3.5,3.31885865888,-0.18114134112,0.18114134112
AFB5CC3E27EB,Random Forest,Grammar,2.5,2.67658269408,0.17658269408,0.17658269408
AFC600D922F6,Random Forest,Grammar,2,2.59439500196,0.59439500196,0.59439500196
AFE6CAE937D8,Random Forest,Grammar,2.5,2.45541710936,-0.04458289064,0.04458289064
B0DFC5E93591,Random Forest,Grammar,2,2.22063033949,0.22063033949,0.22063033949
B18BEE398BAD,Random Forest,Grammar,2.5,2.31908228251,-0.18091771749,0.18091771749
B1BF25C4C28B,Random Forest,Grammar,3.5,3.30233340936,-0.19766659064,0.19766659064
B2123357B114,Random Forest,Grammar,2.5,2.99899545855,0.49899545855,0.49899545855
B23BDDB4B5FA,Random Forest,Grammar,3.5,3.35523889582,-0.14476110418,0.14476110418
B261F438E0DA,Random Forest,Grammar,3.5,2.87210318682,-0.62789681318,0.62789681318
B2D03F892B0D,Random Forest,Grammar,3,2.84455236592,-0.15544763408,0.15544763408
B3AB4E6C5678,Random Forest,Grammar,2.5,2.82475017084,0.32475017084,0.32475017084
B469122B9ACB,Random Forest,Grammar,2.5,3.06338352215,0.56338352215,0.56338352215
B46E31AA2653,Random Forest,Grammar,3,3.38878139691,0.38878139691,0.38878139691
B50C9D328FAD,Random Forest,Grammar,4.5,3.12312609501,-1.37687390499,1.37687390499
B5106AB5C81C,Random Forest,Grammar,2.5,2.62714829194,0.12714829194,0.12714829194
B543953F757A,Random Forest,Grammar,2.5,2.80472521543,0.30472521543,0.30472521543
B5AE26EEE247,Random Forest,Grammar,3.5,2.88957843059,-0.61042156941,0.61042156941
B5FFED1536FE,Random Forest,Grammar,2.5,2.45538453675,-0.04461546325,0.04461546325
B68C62AB1515,Random Forest,Grammar,4.5,3.57890170097,-0.92109829903,0.92109829903
B6D958C73D90,Random Forest,Grammar,2.5,3.44417818645,0.94417818645,0.94417818645
B7626C8D1FAB,Random Forest,Grammar,3.5,3.14484304769,-0.35515695231,0.35515695231
B794B3C07254,Random Forest,Grammar,3.5,2.66239203142,-0.83760796858,0.83760796858
B7FABBC13A0F,Random Forest,Grammar,3.5,3.04476660878,-0.45523339122,0.45523339122
B7FCFC6A7011,Random Forest,Grammar,3,2.51451915602,-0.48548084398,0.48548084398
B83DD09D3129,Random Forest,Grammar,2,2.91372475533,0.91372475533,0.91372475533
B8656754E9EB,Random Forest,Grammar,3,3.20488368374,0.20488368374,0.20488368374
B9A542B2C36C,Random Forest,Grammar,3.5,2.87404064819,-0.62595935181,0.62595935181
B9DABCFD687D,Random Forest,Grammar,3,2.85162530392,-0.14837469608,0.14837469608
BA9DA5122C58,Random Forest,Grammar,4,3.18323358361,-0.81676641639,0.81676641639
BAD99FB704BB,Random Forest,Grammar,2.5,2.78589111695,0.28589111695,0.28589111695
BB18A75AC035,Random Forest,Grammar,4,3.16907158555,-0.83092841445,0.83092841445
BB5D6C14712D,Random Forest,Grammar,2.5,3.21158167871,0.71158167871,0.71158167871
BBB9D66F934C,Random Forest,Grammar,3,3.14508307524,0.14508307524,0.14508307524
BC1F1C37721E,Random Forest,Grammar,4,3.37807065926,-0.62192934074,0.62192934074
BC8115EEB029,Random Forest,Grammar,2.5,3.18318674018,0.68318674018,0.68318674018
BDAE1D4B6C20,Random Forest,Grammar,3.5,3.79183834442,0.29183834442,0.29183834442
BE1752DCF09C,Random Forest,Grammar,2.5,2.49242407785,-0.00757592215,0.00757592215
BE4764F7BFF1,Random Forest,Grammar,4.5,3.92214704316,-0.57785295684,0.57785295684
BEFA85A6134B,Random Forest,Grammar,2,2.55201288734,0.55201288734,0.55201288734
BF0AF86DFDE1,Random Forest,Grammar,4,3.45029411271,-0.54970588729,0.54970588729
BF267B42A2A4,Random Forest,Grammar,3.5,2.71143465894,-0.78856534106,0.78856534106
BF580042A644,Random Forest,Grammar,3,3.719990191,0.719990191,0.719990191
BFAEA615906C,Random Forest,Grammar,4,3.54954453381,-0.45045546619,0.45045546619
BFB07811C92D,Random Forest,Grammar,2,2.65681847876,0.65681847876,0.65681847876
C01AC1CDDD65,Random Forest,Grammar,3,2.44782509847,-0.55217490153,0.55217490153
C0643251A96A,Random Forest,Grammar,3,2.50089024893,-0.49910975107,0.49910975107
C0B30026B439,Random Forest,Grammar,3,2.8165055566,-0.1834944434,0.1834944434
C15EC5707409,Random Forest,Grammar,2.5,3.4300836355,0.9300836355,0.9300836355
C277BE295A41,Random Forest,Grammar,4.5,3.60710308675,-0.89289691325,0.89289691325
C2D061782462,Random Forest,Grammar,4,3.42645608061,-0.57354391939,0.57354391939
C31C0ED2A05C,Random Forest,Grammar,2,2.40634545521,0.40634545521,0.40634545521
C37F09E24836,Random Forest,Grammar,3.5,3.34806047282,-0.15193952718,0.15193952718
C40BB9E0BC6C,Random Forest,Grammar,2,2.86468090578,0.86468090578,0.86468090578
C465964DA6D5,Random Forest,Grammar,2.5,2.73253832714,0.23253832714,0.23253832714
C4A874260D21,Random Forest,Grammar,2.5,2.97494715664,0.47494715664,0.47494715664
C548AD0C706C,Random Forest,Grammar,2,2.59985725789,0.59985725789,0.59985725789
C5DE10EA489B,Random Forest,Grammar,3.5,2.99574674058,-0.50425325942,0.50425325942
C616CFDBCA6A,Random Forest,Grammar,4.5,3.46222164157,-1.03777835843,1.03777835843
C662BDD50395,Random Forest,Grammar,4.5,3.53258039379,-0.96741960621,0.96741960621
C6A047494477,Random Forest,Grammar,2.5,2.42921295259,-0.07078704741,0.07078704741
C6DDD966C9FC,Random Forest,Grammar,4.5,3.78341622341,-0.71658377659,0.71658377659
C70AEFA3CD16,Random Forest,Grammar,3,2.58150644978,-0.41849355022,0.41849355022
C76DBCE18AF0,Random Forest,Grammar,3.5,2.80908646257,-0.69091353743,0.69091353743
C7CE778367F6,Random Forest,Grammar,3,3.4259031912,0.4259031912,0.4259031912
C82037D6072F,Random Forest,Grammar,3,2.90139325516,-0.09860674484,0.09860674484
C858F547F2AD,Random Forest,Grammar,4,3.43832570245,-0.56167429755,0.56167429755
C8620D9D22DC,Random Forest,Grammar,3,3.44490481844,0.44490481844,0.44490481844
C87D8E9C6248,Random Forest,Grammar,2,2.61368303495,0.61368303495,0.61368303495
C8EF7048C03F,Random Forest,Grammar,2.5,3.59329935283,1.09329935283,1.09329935283
C954A6D0B707,Random Forest,Grammar,4,3.33109976461,-0.66890023539,0.66890023539
C972C565A819,Random Forest,Grammar,2.5,3.13036601969,0.63036601969,0.63036601969
CA3EB3AA11FC,Random Forest,Grammar,1,2.17308677824,1.17308677824,1.17308677824
CA4941643D09,Random Forest,Grammar,3,2.9389557873,-0.0610442127,0.0610442127
CA58CF3D8943,Random Forest,Grammar,2,2.58972159061,0.58972159061,0.58972159061
CA64C82B0F26,Random Forest,Grammar,3,2.433552914,-0.566447086,0.566447086
CA7CE4CE7ED3,Random Forest,Grammar,3,3.2934742505,0.2934742505,0.2934742505
CB120B25B46E,Random Forest,Grammar,3.5,3.33440197717,-0.16559802283,0.16559802283
CB2F9A2B612B,Random Forest,Grammar,4,3.37355848623,-0.62644151377,0.62644151377
CBA73A4D5C18,Random Forest,Grammar,2,2.49425054005,0.49425054005,0.49425054005
CBDE3C526D05,Random Forest,Grammar,2.5,2.93503679951,0.43503679951,0.43503679951
CBF103FE58DD,Random Forest,Grammar,2.5,2.47437777498,-0.02562222502,0.02562222502
CC11E4C2FE01,Random Forest,Grammar,3.5,3.41335150549,-0.08664849451,0.08664849451
CC149CD4B584,Random Forest,Grammar,3,2.86575660008,-0.13424339992,0.13424339992
CCA58535073C,Random Forest,Grammar,2.5,3.27238508173,0.77238508173,0.77238508173
CCB13E22A439,Random Forest,Grammar,2.5,2.84437118599,0.34437118599,0.34437118599
CCDD77656701,Random Forest,Grammar,3.5,2.80157081679,-0.69842918321,0.69842918321
CD9AF89E5CA1,Random Forest,Grammar,2,3.05131641428,1.05131641428,1.05131641428
CDDAB6C29BF8,Random Forest,Grammar,3,2.70465749744,-0.29534250256,0.29534250256
CDE661A599F5,Random Forest,Grammar,3,3.07285123091,0.07285123091,0.07285123091
CEC5B40D1688,Random Forest,Grammar,4,3.25585035557,-0.74414964443,0.74414964443
CEC6870D564F,Random Forest,Grammar,2,2.70146170684,0.70146170684,0.70146170684
CEE41F7526FA,Random Forest,Grammar,3,3.35850371227,0.35850371227,0.35850371227
CEFDC545C24F,Random Forest,Grammar,3.5,3.58537734088,0.08537734088,0.08537734088
CF3DC2587708,Random Forest,Grammar,2.5,2.58439389789,0.08439389789,0.08439389789
CFD454F55693,Random Forest,Grammar,2.5,2.45687928385,-0.04312071615,0.04312071615
D001F6D3A0D0,Random Forest,Grammar,3.5,3.24837314005,-0.25162685995,0.25162685995
D01F88C1F2A0,Random Forest,Grammar,3,2.9189112476,-0.0810887524,0.0810887524
D03AC4A82463,Random Forest,Grammar,2,2.6583081001,0.6583081001,0.6583081001
D06EDF336392,Random Forest,Grammar,2.5,2.87867192638,0.37867192638,0.37867192638
D14413B502FD,Random Forest,Grammar,3,3.40404890373,0.40404890373,0.40404890373
D175411080CC,Random Forest,Grammar,3.5,2.87237052917,-0.62762947083,0.62762947083
D1769512AB23,Random Forest,Grammar,2,2.29399454086,0.29399454086,0.29399454086
D184EDBFB3B8,Random Forest,Grammar,3,3.28396807015,0.28396807015,0.28396807015
D1A682106D3C,Random Forest,Grammar,3.5,3.07318764148,-0.42681235852,0.42681235852
D1B9A2A7BEDA,Random Forest,Grammar,3,2.8043120943,-0.1956879057,0.1956879057
D1D770AF6855,Random Forest,Grammar,3.5,3.51283430578,0.01283430578,0.01283430578
D2517350CB3A,Random Forest,Grammar,3,2.84625677882,-0.15374322118,0.15374322118
D25868F1C5C3,Random Forest,Grammar,2.5,3.19496856555,0.69496856555,0.69496856555
D2FB14A7C43B,Random Forest,Grammar,2,2.97525264465,0.97525264465,0.97525264465
D326DB3F4FCF,Random Forest,Grammar,2.5,2.57643359189,0.07643359189,0.07643359189
D344D0003B84,Random Forest,Grammar,2,3.44316896381,1.44316896381,1.44316896381
D3612C6F0653,Random Forest,Grammar,3.5,3.09432959679,-0.40567040321,0.40567040321
D3F44CC7EC17,Random Forest,Grammar,4,3.01080832602,-0.98919167398,0.98919167398
D41787486DA6,Random Forest,Grammar,2.5,2.25897326692,-0.24102673308,0.24102673308
D42B6354404D,Random Forest,Grammar,4,3.33669751253,-0.66330248747,0.66330248747
D5AC4A35BAF8,Random Forest,Grammar,3.5,2.7265590405,-0.7734409595,0.7734409595
D5C7212A31FD,Random Forest,Grammar,2,2.56015181095,0.56015181095,0.56015181095
D5C7AA1266CC,Random Forest,Grammar,3.5,3.04389700326,-0.45610299674,0.45610299674
D5E3716C5E49,Random Forest,Grammar,3,3.52567597798,0.52567597798,0.52567597798
D6278021E119,Random Forest,Grammar,3,2.463640295,-0.536359705,0.536359705
D6407F1D3515,Random Forest,Grammar,3.5,3.40555279665,-0.09444720335,0.09444720335
D669349412FB,Random Forest,Grammar,2,3.25689054775,1.25689054775,1.25689054775
D7301CAAFAB0,Random Forest,Grammar,2,2.57721739265,0.57721739265,0.57721739265
D760EF65B80C,Random Forest,Grammar,4,3.42634925054,-0.57365074946,0.57365074946
D779EEB6F8BC,Random Forest,Grammar,4,3.54229687272,-0.45770312728,0.45770312728
D81AEDF6E262,Random Forest,Grammar,3.5,3.08095301551,-0.41904698449,0.41904698449
D840D9ED669C,Random Forest,Grammar,2.5,2.4674664786,-0.0325335214,0.0325335214
D9018539576D,Random Forest,Grammar,4.5,4.04583621775,-0.45416378225,0.45416378225
D91D25F55AD9,Random Forest,Grammar,4,3.23985414622,-0.76014585378,0.76014585378
D92BFF2AC7FD,Random Forest,Grammar,3,3.05693135374,0.05693135374,0.05693135374
D96EF27304E5,Random Forest,Grammar,3.5,3.15486655478,-0.34513344522,0.34513344522
D9FC1CDE9B10,Random Forest,Grammar,2.5,2.7673276995,0.2673276995,0.2673276995
DA228B928B61,Random Forest,Grammar,3.5,3.42621239758,-0.07378760242,0.07378760242
DA674E9EB26C,Random Forest,Grammar,3.5,3.01783037503,-0.48216962497,0.48216962497
DA86BC9B9FB6,Random Forest,Grammar,3,2.78418183764,-0.21581816236,0.21581816236
DA8E64EC1304,Random Forest,Grammar,2,2.37687215031,0.37687215031,0.37687215031
DB050381035B,Random Forest,Grammar,2,2.7382864744,0.7382864744,0.7382864744
DB2E935F461F,Random Forest,Grammar,4,3.17771024963,-0.82228975037,0.82228975037
DB69B98973B6,Random Forest,Grammar,4,3.12517692991,-0.87482307009,0.87482307009
DB85B6DDB462,Random Forest,Grammar,3.5,2.47312845592,-1.02687154408,1.02687154408
DBAB680CBC5D,Random Forest,Grammar,2,3.11566406822,1.11566406822,1.11566406822
DC1271D1294D,Random Forest,Grammar,4,3.1074349609,-0.8925650391,0.8925650391
DC391957FF10,Random Forest,Grammar,2.5,2.6214852332,0.1214852332,0.1214852332
DC467256CD82,Random Forest,Grammar,3.5,3.90857895405,0.40857895405,0.40857895405
DC56EF65D59D,Random Forest,Grammar,3,2.76125263578,-0.23874736422,0.23874736422
DC7F27315FCF,Random Forest,Grammar,3.5,2.9545288999,-0.5454711001,0.5454711001
DCCA609D1212,Random Forest,Grammar,3.5,3.59754134822,0.09754134822,0.09754134822
DCED139D2C03,Random Forest,Grammar,3,2.91743616773,-0.08256383227,0.08256383227
DCF9F70FBA91,Random Forest,Grammar,4,3.37680620495,-0.62319379505,0.62319379505
DCFBEEAC3AA8,Random Forest,Grammar,2,2.53175154598,0.53175154598,0.53175154598
DD96F81877AF,Random Forest,Grammar,3,2.60221931342,-0.39778068658,0.39778068658
DDB673D3627D,Random Forest,Grammar,2,2.92852482517,0.92852482517,0.92852482517
DDD24AF9146F,Random Forest,Grammar,3.5,3.05625648672,-0.44374351328,0.44374351328
DE54F3466948,Random Forest,Grammar,2,2.62345916337,0.62345916337,0.62345916337
DE8162CAC353,Random Forest,Grammar,3,3.34081699816,0.34081699816,0.34081699816
DE841BF24A2F,Random Forest,Grammar,2,3.36682944581,1.36682944581,1.36682944581
DEB7816C7CAF,Random Forest,Grammar,2,2.48575536542,0.48575536542,0.48575536542
DEC50B420484,Random Forest,Grammar,3,3.34491111356,0.34491111356,0.34491111356
DEDCC703F6FC,Random Forest,Grammar,3.5,3.51269665035,0.01269665035,0.01269665035
DF328FBE5029,Random Forest,Grammar,2.5,2.40434068367,-0.09565931633,0.09565931633
DFD93C26F453,Random Forest,Grammar,3.5,3.22169570479,-0.27830429521,0.27830429521
E04208981449,Random Forest,Grammar,3,2.83469482409,-0.16530517591,0.16530517591
E0BDF62838F7,Random Forest,Grammar,3,2.81888387251,-0.18111612749,0.18111612749
E1EC4869981F,Random Forest,Grammar,3.5,3.13708004432,-0.36291995568,0.36291995568
E21BAA47A9F4,Random Forest,Grammar,3.5,3.50701106244,0.00701106244,0.00701106244
E24ADB91F6D3,Random Forest,Grammar,3,3.03725110415,0.03725110415,0.03725110415
E2A60C034849,Random Forest,Grammar,3,2.69659101709,-0.30340898291,0.30340898291
E2C3F26AB94D,Random Forest,Grammar,3.5,3.42106320591,-0.07893679409,0.07893679409
E2E6984894BC,Random Forest,Grammar,2.5,2.33565930317,-0.16434069683,0.16434069683
E2FC55BF5005,Random Forest,Grammar,4,3.18946393953,-0.81053606047,0.81053606047
E3096B04916A,Random Forest,Grammar,3,3.37562677452,0.37562677452,0.37562677452
E312449DF480,Random Forest,Grammar,3.5,3.4490679189,-0.0509320811,0.0509320811
E31B2A06C28C,Random Forest,Grammar,2.5,3.13019751301,0.63019751301,0.63019751301
E353A05E7C8C,Random Forest,Grammar,3,2.98053242032,-0.01946757968,0.01946757968
E3CCA8712549,Random Forest,Grammar,3.5,3.29392996945,-0.20607003055,0.20607003055
E429DAB69106,Random Forest,Grammar,3,3.31393000496,0.31393000496,0.31393000496
E43EB471951D,Random Forest,Grammar,2,2.43505019445,0.43505019445,0.43505019445
E47A7E497F78,Random Forest,Grammar,3,3.22172699429,0.22172699429,0.22172699429
E4F813D54870,Random Forest,Grammar,3,3.06102356864,0.06102356864,0.06102356864
E55289EA6492,Random Forest,Grammar,2,2.3401701659,0.3401701659,0.3401701659
E5621447B675,Random Forest,Grammar,2.5,2.82147687037,0.32147687037,0.32147687037
E5F1CCC31762,Random Forest,Grammar,3,2.61164677649,-0.38835322351,0.38835322351
E6122E9ABFA3,Random Forest,Grammar,3.5,3.23537488047,-0.26462511953,0.26462511953
E71DABB44645,Random Forest,Grammar,3.5,2.86689903908,-0.63310096092,0.63310096092
E73CF852AC12,Random Forest,Grammar,3.5,3.04763951801,-0.45236048199,0.45236048199
E7EFD51B632F,Random Forest,Grammar,4,3.88396240289,-0.11603759711,0.11603759711
E7F9A77683D2,Random Forest,Grammar,3.5,3.19296333317,-0.30703666683,0.30703666683
E8257C027079,Random Forest,Grammar,3.5,2.9173558715,-0.5826441285,0.5826441285
E877D5AD16DA,Random Forest,Grammar,3,3.12683093307,0.12683093307,0.12683093307
E89C57CE37A6,Random Forest,Grammar,2.5,2.40063008404,-0.09936991596,0.09936991596
E8C3FA5907B0,Random Forest,Grammar,3.5,3.37566749647,-0.12433250353,0.12433250353
E8E07D453C9B,Random Forest,Grammar,2.5,3.01297989455,0.51297989455,0.51297989455
E8F77B7EB4D9,Random Forest,Grammar,3,3.00638366898,0.00638366898,0.00638366898
E952F0EB5083,Random Forest,Grammar,3.5,3.55938434546,0.05938434546,0.05938434546
E974548BFD00,Random Forest,Grammar,3.5,3.50203983788,0.00203983788,0.00203983788
EA105A8B8699,Random Forest,Grammar,3.5,3.23095748011,-0.26904251989,0.26904251989
EA42A6028804,Random Forest,Grammar,3,3.36746737897,0.36746737897,0.36746737897
EA5B3C8E09D1,Random Forest,Grammar,4,3.26771892656,-0.73228107344,0.73228107344
EAE71A9E0247,Random Forest,Grammar,3,3.35119398008,0.35119398008,0.35119398008
EB5924FBD25C,Random Forest,Grammar,3.5,2.91078855792,-0.58921144208,0.58921144208
EB8030177678,Random Forest,Grammar,3,2.69907659402,-0.30092340598,0.30092340598
EC2758A5B74E,Random Forest,Grammar,5,3.92316750871,-1.07683249129,1.07683249129
EC35456D4E07,Random Forest,Grammar,4,3.26388106151,-0.73611893849,0.73611893849
EC5138D8C9D6,Random Forest,Grammar,2.5,2.29071221258,-0.20928778742,0.20928778742
ECC9E84CD3D1,Random Forest,Grammar,4,3.01923910906,-0.98076089094,0.98076089094
ED0A8E614649,Random Forest,Grammar,4,3.76767325189,-0.23232674811,0.23232674811
ED35A1FF5ACC,Random Forest,Grammar,3.5,3.37934513664,-0.12065486336,0.12065486336
EDA3FF6D2DCA,Random Forest,Grammar,2.5,3.33694142076,0.83694142076,0.83694142076
EDE0A58B0B47,Random Forest,Grammar,3.5,2.91502266966,-0.58497733034,0.58497733034
EE3E133A2D55,Random Forest,Grammar,3,3.04076171158,0.04076171158,0.04076171158
EE855A723FE0,Random Forest,Grammar,2,2.92494518689,0.92494518689,0.92494518689
EE9EA950AAE1,Random Forest,Grammar,2,2.75620152888,0.75620152888,0.75620152888
EEB113169637,Random Forest,Grammar,2,3.02285195313,1.02285195313,1.02285195313
EF2E939F92B2,Random Forest,Grammar,3,2.76907514721,-0.23092485279,0.23092485279
EF4966D17FFB,Random Forest,Grammar,3.5,3.03961398009,-0.46038601991,0.46038601991
EF7E0CBD62D2,Random Forest,Grammar,2,2.40614227024,0.40614227024,0.40614227024
EFBF293CC2AF,Random Forest,Grammar,3.5,3.18588447394,-0.31411552606,0.31411552606
EFD7D87EF4C9,Random Forest,Grammar,3.5,3.47456771008,-0.02543228992,0.02543228992
EFDC396D9F7A,Random Forest,Grammar,2.5,2.38046253468,-0.11953746532,0.11953746532
EFF1803E4B81,Random Forest,Grammar,3,3.18735233881,0.18735233881,0.18735233881
F0116D8BA334,Random Forest,Grammar,2.5,2.98679606556,0.48679606556,0.48679606556
F0524CAE23DC,Random Forest,Grammar,2,2.61615520318,0.61615520318,0.61615520318
F074C2FEC1AF,Random Forest,Grammar,3.5,3.51268631135,0.01268631135,0.01268631135
F075F9AD2AA4,Random Forest,Grammar,2,3.00081738849,1.00081738849,1.00081738849
F07EB7B6F40E,Random Forest,Grammar,3,3.06667523782,0.06667523782,0.06667523782
F12FEB0FE5B6,Random Forest,Grammar,2,2.97466931835,0.97466931835,0.97466931835
F1596AB60E72,Random Forest,Grammar,3,2.87595434313,-0.12404565687,0.12404565687
F160E7B1FD96,Random Forest,Grammar,4,3.56784516564,-0.43215483436,0.43215483436
F17F4DF6095D,Random Forest,Grammar,2,3.12651765933,1.12651765933,1.12651765933
F1883C3A8C1E,Random Forest,Grammar,2,3.21973322406,1.21973322406,1.21973322406
F1B1760AD63F,Random Forest,Grammar,4,2.71344793507,-1.28655206493,1.28655206493
F1B4412674FE,Random Forest,Grammar,3,3.15697257197,0.15697257197,0.15697257197
F1DF4F89F70D,Random Forest,Grammar,3.5,3.38227562566,-0.11772437434,0.11772437434
F2A721819364,Random Forest,Grammar,3.5,3.09093946069,-0.40906053931,0.40906053931
F2C012ECBF9C,Random Forest,Grammar,3,2.60427367688,-0.39572632312,0.39572632312
F30AD5A2B74A,Random Forest,Grammar,2,2.87713314083,0.87713314083,0.87713314083
F347A054A1AF,Random Forest,Grammar,2.5,3.05151957605,0.55151957605,0.55151957605
F3996EB91406,Random Forest,Grammar,2.5,2.30332908836,-0.19667091164,0.19667091164
F39FFFB63840,Random Forest,Grammar,2,2.3968488023,0.3968488023,0.3968488023
F3B7C2480747,Random Forest,Grammar,2,2.89795896969,0.89795896969,0.89795896969
F3BFC265844A,Random Forest,Grammar,2.5,2.51702999456,0.01702999456,0.01702999456
F44D5A636C2F,Random Forest,Grammar,3,2.73949148846,-0.26050851154,0.26050851154
F49521C3494B,Random Forest,Grammar,3,2.81586330592,-0.18413669408,0.18413669408
F4B3B2CAB030,Random Forest,Grammar,2.5,2.65146650507,0.15146650507,0.15146650507
F4C52358CE03,Random Forest,Grammar,2.5,2.64867367048,0.14867367048,0.14867367048
F4D07B2A60F9,Random Forest,Grammar,3.5,2.48846015562,-1.01153984438,1.01153984438
F53E50C57938,Random Forest,Grammar,3.5,3.0463098852,-0.4536901148,0.4536901148
F58106266977,Random Forest,Grammar,3,2.93115817288,-0.06884182712,0.06884182712
F5EFA67354E6,Random Forest,Grammar,3.5,3.17503943085,-0.32496056915,0.32496056915
F66B2BAB7E4C,Random Forest,Grammar,3,3.39658089762,0.39658089762,0.39658089762
F6886170FAA3,Random Forest,Grammar,3,2.47649939391,-0.52350060609,0.52350060609
F6B1E10F02C8,Random Forest,Grammar,3,2.43475948112,-0.56524051888,0.56524051888
F6DEF203DCD1,Random Forest,Grammar,3,2.63674094906,-0.36325905094,0.36325905094
F72B0C4DB804,Random Forest,Grammar,4,3.43134922033,-0.56865077967,0.56865077967
F75D6E5CCE78,Random Forest,Grammar,3.5,3.22956688605,-0.27043311395,0.27043311395
F771A9924D56,Random Forest,Grammar,2.5,2.58848044386,0.08848044386,0.08848044386
F78366DD5A31,Random Forest,Grammar,4,3.83194814987,-0.16805185013,0.16805185013
F79EB8CBE0FE,Random Forest,Grammar,2,2.67967183612,0.67967183612,0.67967183612
F7CC31D47F06,Random Forest,Grammar,3.5,3.47787298911,-0.02212701089,0.02212701089
F7CF6202A7FA,Random Forest,Grammar,3.5,2.70459532088,-0.79540467912,0.79540467912
F7DF6ABE8573,Random Forest,Grammar,4.5,3.809166852,-0.690833148,0.690833148
F7FD0CB34BBC,Random Forest,Grammar,3.5,3.17683954555,-0.32316045445,0.32316045445
F83702EEB830,Random Forest,Grammar,3,2.8914893348,-0.1085106652,0.1085106652
F8F7785B285B,Random Forest,Grammar,2,2.57037954633,0.57037954633,0.57037954633
F8FE459205F4,Random Forest,Grammar,3,2.99959264815,-0.00040735185,0.00040735185
F90A25704212,Random Forest,Grammar,3.5,3.69134289149,0.19134289149,0.19134289149
F9111CF0A009,Random Forest,Grammar,2.5,2.8992584739,0.3992584739,0.3992584739
F91EFD0443E6,Random Forest,Grammar,3.5,3.21511441758,-0.28488558242,0.28488558242
F95CE6B81C75,Random Forest,Grammar,3.5,3.45416424639,-0.04583575361,0.04583575361
F998E8BD71CF,Random Forest,Grammar,3,3.0071210684,0.0071210684,0.0071210684
F9DDE725DB74,Random Forest,Grammar,2.5,2.82617857196,0.32617857196,0.32617857196
F9FEE5DC1640,Random Forest,Grammar,2.5,2.85884424484,0.35884424484,0.35884424484
FA0A22FE957A,Random Forest,Grammar,2.5,2.80381659104,0.30381659104,0.30381659104
FA145FA7B678,Random Forest,Grammar,2,2.19795538998,0.19795538998,0.19795538998
FA38957FCAF6,Random Forest,Grammar,2,2.54299237217,0.54299237217,0.54299237217
FA43581AD6D1,Random Forest,Grammar,4,3.27073922095,-0.72926077905,0.72926077905
FA5BCD4CBF5A,Random Forest,Grammar,2.5,2.56929597104,0.06929597104,0.06929597104
FA63EE28501A,Random Forest,Grammar,2.5,3.08455449895,0.58455449895,0.58455449895
FA87416EF173,Random Forest,Grammar,2,2.3944350024,0.3944350024,0.3944350024
FAAFFC983E47,Random Forest,Grammar,2,2.97627801772,0.97627801772,0.97627801772
FAF2897C9B65,Random Forest,Grammar,3.5,2.86377163494,-0.63622836506,0.63622836506
FB4D3D883D49,Random Forest,Grammar,2,3.01358619663,1.01358619663,1.01358619663
FB68439D9CBA,Random Forest,Grammar,2,2.71424485811,0.71424485811,0.71424485811
FB70FE5B31A8,Random Forest,Grammar,3.5,3.46364674306,-0.03635325694,0.03635325694
FC2D44D20533,Random Forest,Grammar,2,2.48095689358,0.48095689358,0.48095689358
FC343CFBE807,Random Forest,Grammar,3,3.3105528609,0.3105528609,0.3105528609
FC69DC957116,Random Forest,Grammar,2.5,2.53605858366,0.03605858366,0.03605858366
FC831CB27E25,Random Forest,Grammar,2.5,2.52312681331,0.02312681331,0.02312681331
FC86782120D3,Random Forest,Grammar,2.5,3.05264395621,0.55264395621,0.55264395621
FCD0FB7FE622,Random Forest,Grammar,3,2.85837100592,-0.14162899408,0.14162899408
FD22ECF287BD,Random Forest,Grammar,4,3.35136025335,-0.64863974665,0.64863974665
FD48D4BB6F06,Random Forest,Grammar,4,3.57491391186,-0.42508608814,0.42508608814
FDE0B653AD74,Random Forest,Grammar,4,3.55670173814,-0.44329826186,0.44329826186
FE1D0E5EA2EB,Random Forest,Grammar,3.5,3.17829335058,-0.32170664942,0.32170664942
FE31D12E44FE,Random Forest,Grammar,3,2.4908879482,-0.5091120518,0.5091120518
FE60E597467E,Random Forest,Grammar,4.5,3.50378123186,-0.99621876814,0.99621876814
FE6D9B200002,Random Forest,Grammar,2.5,2.64186628375,0.14186628375,0.14186628375
FED42BB10805,Random Forest,Grammar,2.5,2.20836594081,-0.29163405919,0.29163405919
FF190BD8380B,Random Forest,Grammar,3,2.62540322839,-0.37459677161,0.37459677161
FF6F91DC4170,Random Forest,Grammar,3,2.95841361591,-0.04158638409,0.04158638409
FF7FE6BD8509,Random Forest,Grammar,3.5,2.9403347337,-0.5596652663,0.5596652663
FFA6690BC309,Random Forest,Grammar,3.5,3.34272673712,-0.15727326288,0.15727326288
FFAEAF8D0C90,Random Forest,Grammar,2,2.38062030518,0.38062030518,0.38062030518
