essay_id,Vocabulary,Grammar,random_forest_vocabulary,random_forest_grammar,error_vocabulary,error_grammar,max_rf_absolute_error,large_error,vocabulary_large_error,grammar_large_error
0000C359D63E,3.5,3,3.1521528605,2.71619563564,0.347847139499,0.283804364362,0.347847139499,False,False,False
000BAD50D026,2.5,2,2.71137585253,2.27668618465,0.211375852533,0.276686184651,0.276686184651,False,False,False
00367BB2546B,3.5,3,3.23751380083,2.93125824901,0.262486199169,0.0687417509926,0.262486199169,False,False,False
003969F4EDB6,4.5,4,4.18374305583,3.8864440814,0.316256944175,0.113555918605,0.316256944175,False,False,False
003CD44CF2A4,4.5,4,3.48902239224,2.99477920247,1.01097760776,1.00522079753,1.01097760776,True,True,True
003D42DDACFF,3.5,3,3.27897523233,3.02506726638,0.221024767669,0.0250672663784,0.221024767669,False,False,False
006BBA75CDC8,3,3,3.24339617174,3.3261151915,0.243396171737,0.326115191503,0.326115191503,False,False,False
00898D9FB10A,4,4.5,3.49117289379,3.60367665239,0.508827106207,0.896323347606,0.896323347606,False,False,False
00A49C7C4858,3,2.5,2.83429970111,2.37355726077,0.165700298892,0.126442739226,0.165700298892,False,False,False
00A6131B713F,2.5,2.5,3.12732553351,3.06888215307,0.627325533515,0.568882153066,0.627325533515,False,False,False
00C59F811990,3.5,4,3.37332085068,3.01329726923,0.126679149316,0.986702730771,0.986702730771,False,False,False
00E3943E1CBC,4.5,5,3.64401863614,3.56601427534,0.855981363857,1.43398572466,1.43398572466,True,False,True
00F1B64983E6,3,4,3.28604094124,3.09888092905,0.286040941236,0.901119070946,0.901119070946,False,False,False
014CA5A01658,3,2,3.40455312847,3.02051424012,0.404553128471,1.02051424012,1.02051424012,True,False,True
0156601A2CF7,3,2,3.02044326073,3.01388431837,0.0204432607313,1.01388431837,1.01388431837,True,False,True
01732789E9C5,3.5,3,3.76482601314,3.17474852302,0.264826013137,0.174748523024,0.264826013137,False,False,False
01B1CFD8215F,3.5,2.5,3.69860304372,3.15276569627,0.198603043716,0.652765696271,0.652765696271,False,False,False
01D8970208A9,3,3.5,3.30663001396,2.95316231169,0.306630013965,0.546837688313,0.546837688313,False,False,False
01D9E0250FC3,2.5,3,3.29345616833,3.38977507844,0.793456168326,0.389775078444,0.793456168326,False,False,False
01E7242A2AD7,3,4,3.68307702453,3.54692841133,0.683077024529,0.453071588667,0.683077024529,False,False,False
01F2F4ACBB52,3,2.5,3.07945294435,2.9804926506,0.0794529443502,0.480492650603,0.480492650603,False,False,False
0201B7877AD3,3,2.5,2.9891145678,2.74517320378,0.0108854322037,0.245173203777,0.245173203777,False,False,False
021BB7B4A80E,3,2,2.37146316648,2.19691618939,0.628536833522,0.196916189394,0.628536833522,False,False,False
02440F360C5A,4,4,3.71154400666,3.64753898645,0.288455993336,0.352461013546,0.352461013546,False,False,False
02804004CA32,3,3,3.73585600474,3.72316009866,0.735856004743,0.723160098658,0.735856004743,False,False,False
0284B75925F3,2.5,3.5,3.04625845205,2.78057075284,0.546258452049,0.719429247159,0.719429247159,False,False,False
028D5A9225EF,3.5,4,3.63604424667,3.08802096683,0.136044246672,0.911979033168,0.911979033168,False,False,False
02A574A22EFC,2.5,2.5,3.10844075392,2.91302697864,0.608440753916,0.413026978637,0.608440753916,False,False,False
02A7A3AFFBD5,3,2.5,3.52111816651,3.19531541974,0.521118166512,0.695315419744,0.695315419744,False,False,False
02EFA76621AD,3,2,3.258280347,2.93364998218,0.258280347002,0.93364998218,0.93364998218,False,False,False
02EFED8BB1F3,4,4,3.21461861171,2.96064509903,0.785381388288,1.03935490097,1.03935490097,True,False,True
0302B100D902,3,4,3.11731452568,3.30252155179,0.117314525683,0.69747844821,0.69747844821,False,False,False
032EA260523C,4,3,3.22813046595,2.85747887755,0.77186953405,0.142521122445,0.77186953405,False,False,False
0355066BBDF8,3.5,4,3.49807040493,3.42446890234,0.00192959507226,0.575531097657,0.575531097657,False,False,False
03656D51096B,3.5,3,3.36101017022,2.71402126615,0.138989829781,0.285978733848,0.285978733848,False,False,False
03ACC24E174B,3,3.5,3.14892941262,2.94052923685,0.148929412621,0.559470763148,0.559470763148,False,False,False
03E6BECDC070,3.5,3,3.59094002283,3.50210538425,0.0909400228275,0.502105384253,0.502105384253,False,False,False
03F1072E7B0B,2.5,2.5,3.13154139049,2.80271272269,0.631541390495,0.302712722694,0.631541390495,False,False,False
03FDC60BE33B,4,3,3.71998114476,3.17803478203,0.280018855243,0.178034782034,0.280018855243,False,False,False
040FEEAEE7EB,4,3,3.42777765174,3.17335939332,0.572222348256,0.173359393317,0.572222348256,False,False,False
04184B40C7F4,4,3.5,3.43421448167,3.15146873763,0.565785518326,0.348531262374,0.565785518326,False,False,False
0460D496583C,4,4.5,3.76757791143,3.67664344756,0.232422088566,0.823356552438,0.823356552438,False,False,False
046297CE5FF1,3,2.5,3.47887288534,3.50883868896,0.478872885343,1.00883868896,1.00883868896,True,False,True
04776677F17B,4,3.5,3.26301435951,3.30868914847,0.736985640491,0.191310851534,0.736985640491,False,False,False
049035B52D10,3.5,3,3.16554118782,3.00020617364,0.334458812183,0.000206173640637,0.334458812183,False,False,False
049B81A96C80,4.5,5,3.61206434517,3.61300790291,0.887935654832,1.38699209709,1.38699209709,True,False,True
04C3E054509C,4,3.5,3.67328542624,3.74849460366,0.32671457376,0.248494603662,0.32671457376,False,False,False
04C82DE05927,2.5,3.5,3.06348254486,2.99496808186,0.563482544861,0.505031918138,0.563482544861,False,False,False
04CAB8943A49,3.5,3,3.1732082387,2.66589678571,0.326791761297,0.334103214294,0.334103214294,False,False,False
04E5813F4484,4,3.5,3.52612217699,3.32559522459,0.473877823006,0.174404775405,0.473877823006,False,False,False
04EDDF675649,4,3.5,3.87229836394,3.69170939273,0.127701636059,0.191709392728,0.191709392728,False,False,False
04FD6D3F0D85,3,3,3.16019532592,3.15739890687,0.160195325922,0.157398906866,0.160195325922,False,False,False
05118F820085,3,2.5,2.77641528202,2.57071196512,0.223584717985,0.0707119651246,0.223584717985,False,False,False
0513BFE67A44,3.5,3,3.57198608694,3.28132599692,0.0719860869413,0.281325996916,0.281325996916,False,False,False
051EA089AB5C,2.5,2,3.02751667555,2.76411621746,0.527516675553,0.76411621746,0.76411621746,False,False,False
0530EFC2C988,3,2,2.53242602359,2.29034986978,0.46757397641,0.29034986978,0.46757397641,False,False,False
0533762ACD0D,3,2,2.67961921556,2.26673891078,0.320380784439,0.26673891078,0.320380784439,False,False,False
05577F21EC4A,4,3.5,3.1949130526,2.70821071005,0.805086947396,0.791789289952,0.805086947396,False,False,False
0582CA46C6C9,3.5,2.5,3.21748893747,2.97561336416,0.282511062528,0.475613364159,0.475613364159,False,False,False
059FB5798AD7,2.5,2,2.96173205577,2.60455189478,0.461732055765,0.60455189478,0.60455189478,False,False,False
05A0DA9580E5,3.5,3.5,3.37141689236,3.43088051192,0.128583107639,0.0691194880818,0.128583107639,False,False,False
05A6953BFA14,2.5,2,3.23934583698,3.42113018075,0.739345836983,1.42113018075,1.42113018075,True,False,True
05B0A120B963,2.5,2,3.15612282628,2.76212555067,0.656122826277,0.762125550674,0.762125550674,False,False,False
05C1BC63B590,3,3.5,3.14208972339,3.53071274991,0.142089723395,0.0307127499095,0.142089723395,False,False,False
05D237F606EA,5,5,3.8497290268,3.90861807857,1.1502709732,1.09138192143,1.1502709732,True,True,True
05DE4EDA3728,2.5,2,2.53414338256,2.26104778201,0.0341433825579,0.261047782014,0.261047782014,False,False,False
06157560C62F,3.5,2.5,3.296398632,2.8141977821,0.203601368003,0.314197782097,0.314197782097,False,False,False
061AD4A149E6,3,2,3.6137748676,3.09407931965,0.613774867603,1.09407931965,1.09407931965,True,False,True
062211CEDBAA,3,4,3.72260212457,3.55851766638,0.722602124567,0.441482333624,0.722602124567,False,False,False
0632179AE306,3,2,2.89025680506,2.76106612021,0.109743194937,0.761066120209,0.761066120209,False,False,False
065F25665503,2.5,2,2.97791852489,2.68993434703,0.477918524891,0.689934347033,0.689934347033,False,False,False
068CB04916E0,3.5,3,3.16255102068,3.23759380037,0.337448979318,0.237593800374,0.337448979318,False,False,False
068D538BE131,3,3,3.17118651754,2.77753009747,0.171186517536,0.222469902526,0.222469902526,False,False,False
069CC5098990,4.5,3.5,3.48544733342,3.13350097765,1.01455266658,0.366499022348,1.01455266658,True,True,False
06AE531C787C,3.5,3,3.43938738271,3.09313576954,0.0606126172902,0.0931357695444,0.0931357695444,False,False,False
06E45DA87F52,2.5,2,2.46719894192,2.22464554216,0.0328010580809,0.224645542164,0.224645542164,False,False,False
06FDA881AB3A,3.5,3,3.32587518325,3.28186709907,0.174124816747,0.281867099073,0.281867099073,False,False,False
0713F0B79291,4,4,3.80322626118,3.35046255882,0.196773738821,0.649537441177,0.649537441177,False,False,False
07150605AAEB,2.5,2,2.99018817815,2.42187778589,0.490188178148,0.421877785889,0.490188178148,False,False,False
07414A338814,3,2.5,3.53252307631,3.30851436433,0.532523076306,0.808514364329,0.808514364329,False,False,False
074E385E3B7E,2,3,3.06928111067,3.10897274826,1.06928111067,0.108972748262,1.06928111067,True,True,False
074E715BAE12,3,3,3.11933390533,2.62847374205,0.119333905329,0.371526257953,0.371526257953,False,False,False
0756ACE551C9,4.5,4.5,3.44808432693,3.50796687094,1.05191567307,0.992033129056,1.05191567307,True,True,False
0757FE18DBAA,2.5,2.5,3.22847360868,3.0585534645,0.728473608678,0.558553464502,0.728473608678,False,False,False
07B8F7060A2F,3.5,3.5,3.61762721212,3.75784073184,0.117627212116,0.257840731844,0.257840731844,False,False,False
07E2F8CABADF,3,2.5,2.95466755734,2.67784872164,0.0453324426557,0.177848721636,0.177848721636,False,False,False
07E5864D604F,3,4,3.25888868559,3.51114553266,0.258888685594,0.488854467343,0.488854467343,False,False,False
07EA2B30D5B6,3.5,3.5,3.3566784229,3.21179376278,0.143321577103,0.288206237216,0.288206237216,False,False,False
0803F2812306,2,2,2.60788900697,2.25625829661,0.607889006969,0.256258296614,0.607889006969,False,False,False
0836140D6A63,3.5,3,3.73256857746,3.53434939948,0.23256857746,0.534349399485,0.534349399485,False,False,False
0842E2B6DDC3,4,3,3.27757973215,2.99454591317,0.722420267852,0.00545408683353,0.722420267852,False,False,False
085798FCBBAD,3,2,3.04408737601,2.50715087581,0.044087376011,0.507150875807,0.507150875807,False,False,False
08D9AEA4067B,3.5,3.5,3.21188871304,3.05433762233,0.288111286962,0.445662377673,0.445662377673,False,False,False
08E2BB17C5EF,3.5,3,3.61863457754,3.46266733975,0.118634577542,0.462667339751,0.462667339751,False,False,False
08FE13761B3D,3,2.5,3.0132182823,2.64838920148,0.0132182822981,0.148389201485,0.148389201485,False,False,False
0905D5A094A8,3,2.5,3.12518080299,2.79221498238,0.125180802995,0.292214982375,0.292214982375,False,False,False
090CFB3688B7,3.5,3,3.44253719887,3.01243370742,0.0574628011313,0.0124337074199,0.0574628011313,False,False,False
093403D63CA6,3,2.5,3.40900966802,3.10687106701,0.40900966802,0.60687106701,0.60687106701,False,False,False
099D0608A3B0,3.5,3,3.48692121595,3.23376599351,0.0130787840501,0.233765993508,0.233765993508,False,False,False
09A58AA7FA36,3,3,3.08352740288,2.71611024348,0.0835274028812,0.283889756519,0.283889756519,False,False,False
09ADBEF70E6F,3.5,2.5,3.10206499571,2.81016860028,0.397935004287,0.310168600277,0.397935004287,False,False,False
09BEB819F5B9,3.5,2.5,3.23355092671,2.69038666772,0.266449073287,0.190386667718,0.266449073287,False,False,False
09CE6027F7B4,3,2,3.01374496663,2.76082369931,0.0137449666318,0.760823699312,0.760823699312,False,False,False
09ED47E3BF27,3,3,3.66121867374,3.20545483466,0.661218673737,0.205454834662,0.661218673737,False,False,False
0A159A97697C,2.5,2.5,2.87483544517,2.50268879383,0.37483544517,0.00268879383448,0.37483544517,False,False,False
0A1B8662B5AC,4.5,3.5,3.86972550086,3.66105391673,0.630274499139,0.161053916726,0.630274499139,False,False,False
0A6313BC210C,3,2.5,2.89690866429,2.46783875374,0.103091335713,0.0321612462559,0.103091335713,False,False,False
0A67029FA17C,3.5,4,3.41522532702,3.36011541836,0.0847746729827,0.639884581642,0.639884581642,False,False,False
0A7DEB4B5011,4,3.5,3.71900182443,3.67540595821,0.280998175567,0.175405958205,0.280998175567,False,False,False
0A80A992E9AA,4,4,3.65133731059,3.49386112107,0.348662689412,0.506138878933,0.506138878933,False,False,False
0ABCC897F21B,2.5,2,2.66278146095,2.22899890317,0.162781460948,0.228998903174,0.228998903174,False,False,False
0AD29D4C0225,4,3,3.468677771,3.47268671833,0.531322228996,0.472686718325,0.531322228996,False,False,False
0AD76E1EE147,2.5,2.5,3.78341998871,3.65373508959,1.28341998871,1.15373508959,1.28341998871,True,True,True
0ADBB145FC2C,3,3,3.23305345722,3.19559185192,0.233053457217,0.195591851918,0.233053457217,False,False,False
0B095276FFFB,3,3.5,3.14497979537,3.35734818786,0.144979795371,0.142651812136,0.144979795371,False,False,False
0B11ADBC2A1A,4,3.5,3.63312209094,3.46861968126,0.366877909056,0.0313803187367,0.366877909056,False,False,False
0B1733D853E7,4.5,4.5,3.6240845772,3.65053152454,0.875915422797,0.849468475464,0.875915422797,False,False,False
0B34C39B3560,3,2.5,2.90753367921,2.44664340361,0.0924663207918,0.0533565963886,0.0924663207918,False,False,False
0B5C36871E50,3,3.5,3.24889468461,3.05582824495,0.248894684615,0.444171755051,0.444171755051,False,False,False
0B6C6000D9D3,2.5,2.5,3.21339017791,2.8493899035,0.713390177909,0.349389903504,0.713390177909,False,False,False
0B8E5B049106,3.5,2.5,3.76639589955,3.73298619609,0.266395899549,1.23298619609,1.23298619609,True,False,True
0BDB87C86FE3,3.5,3.5,3.23649661165,3.0026665076,0.26350338835,0.497333492399,0.497333492399,False,False,False
0BE3F2A2835B,3,2,2.84916981952,2.48631984462,0.150830180476,0.486319844623,0.486319844623,False,False,False
0C00B8C5AFF1,3,4,3.33663462885,3.30561914916,0.336634628853,0.69438085084,0.69438085084,False,False,False
0C02DB524F25,3.5,3.5,3.55752284493,3.46722684016,0.0575228449318,0.0327731598392,0.0575228449318,False,False,False
0C164408ED84,5,5,4.16423862277,4.07539621732,0.835761377231,0.924603782681,0.924603782681,False,False,False
0C2179431D0C,3.5,3.5,3.21003529998,3.22834996362,0.289964700021,0.271650036383,0.289964700021,False,False,False
0C63B6A59CD3,3,2.5,3.01482592381,2.55732228928,0.0148259238065,0.0573222892795,0.0573222892795,False,False,False
0C64F0864724,3,2.5,2.85039221594,2.74902575477,0.149607784058,0.24902575477,0.24902575477,False,False,False
0C77F76A1B3A,3,3.5,3.01036160399,3.24601403237,0.0103616039857,0.253985967633,0.253985967633,False,False,False
0CA040291656,2.5,2,2.72886271599,2.70791072537,0.228862715989,0.707910725366,0.707910725366,False,False,False
0CCE646B9491,3.5,2.5,2.92689309458,2.51218973288,0.573106905422,0.0121897328811,0.573106905422,False,False,False
0CD3EF8EFCFF,2.5,2.5,3.27440670565,2.84262905355,0.774406705651,0.342629053549,0.774406705651,False,False,False
0CE342F791B1,4.5,4,3.54081484152,3.11798462858,0.959185158476,0.882015371417,0.959185158476,False,False,False
0CE67A7D9C7B,3,3.5,3.14070416539,2.88040987912,0.140704165394,0.619590120876,0.619590120876,False,False,False
0D2F0F08AF68,2.5,3,2.84598436863,2.54822025215,0.345984368631,0.451779747854,0.451779747854,False,False,False
0D3071762B38,3,3,2.80573262782,2.33822197203,0.194267372184,0.661778027965,0.661778027965,False,False,False
0D480F69D360,3.5,4,3.21304339055,3.23814015567,0.286956609448,0.76185984433,0.76185984433,False,False,False
0D53EF7A19C7,3,2,3.32488968031,2.75412822532,0.324889680305,0.754128225317,0.754128225317,False,False,False
0D61EF3B59FC,4,3,3.6004648454,3.26439025979,0.399535154602,0.264390259786,0.399535154602,False,False,False
0D83E3704F48,3.5,3,3.5632076935,3.25185431502,0.0632076935014,0.251854315021,0.251854315021,False,False,False
0D8C0E1ED0EE,4,3.5,3.2954751184,3.36430668086,0.704524881597,0.135693319135,0.704524881597,False,False,False
0D983D66364A,3,3.5,3.32264350554,3.29481222105,0.322643505536,0.205187778945,0.322643505536,False,False,False
0DA397621836,3,2.5,3.51289702548,3.42109976729,0.512897025477,0.921099767289,0.921099767289,False,False,False
0DABCF0BA8C0,3,3,3.01099027381,2.86637413175,0.0109902738144,0.133625868248,0.133625868248,False,False,False
0DE1054742E1,3,2.5,3.27038032199,3.10986694388,0.270380321987,0.609866943876,0.609866943876,False,False,False
0DED60B09E28,3,3,2.90974890937,2.63329341246,0.090251090626,0.366706587537,0.366706587537,False,False,False
0DF7BEC9E947,2,2.5,3.22035872891,2.78642915806,1.22035872891,0.286429158062,1.22035872891,True,True,False
0E06044E2717,4,3.5,3.88713832787,3.85367607979,0.112861672127,0.353676079793,0.353676079793,False,False,False
0E24F8C90CFB,5,5,3.87270577907,3.68100600525,1.12729422093,1.31899399475,1.31899399475,True,True,True
0E263A05732A,2,2,2.98072925316,2.53098140204,0.980729253163,0.530981402037,0.980729253163,False,False,False
0E4059713969,3.5,4,3.18070726568,3.4030484456,0.319292734322,0.596951554399,0.596951554399,False,False,False
0E42992B3528,3,3,2.76781786064,2.74870128596,0.232182139362,0.251298714037,0.251298714037,False,False,False
0E4EFCB6507C,2.5,2.5,2.6243149154,2.39607781673,0.124314915396,0.103922183266,0.124314915396,False,False,False
0E98D45E677E,2,2,2.80345813631,2.42992996258,0.803458136313,0.42992996258,0.803458136313,False,False,False
0EA233776340,4,4,3.53473247208,3.44140399279,0.465267527917,0.558596007206,0.558596007206,False,False,False
0EB2253C397F,3.5,4,3.32583058622,2.92611294686,0.174169413784,1.07388705314,1.07388705314,True,False,True
0EBB7A090157,2,1.5,2.76447269105,2.34681230832,0.764472691051,0.846812308319,0.846812308319,False,False,False
0ED7EC1045A1,3,3.5,3.04460648296,3.12966715229,0.0446064829553,0.370332847706,0.370332847706,False,False,False
0EDBF71D5CF6,3.5,3,3.61349288433,3.44297249901,0.113492884326,0.442972499007,0.442972499007,False,False,False
0EFF424C1440,4.5,4.5,3.55422927162,3.42707062165,0.945770728377,1.07292937835,1.07292937835,True,False,True
0F1285CEAE53,3.5,2.5,3.15253333466,2.83813017489,0.347466665338,0.338130174892,0.347466665338,False,False,False
0F14FEA19E2A,3.5,3.5,3.33018813637,2.98942076559,0.169811863627,0.510579234413,0.510579234413,False,False,False
0F2569608FE2,3,2.5,3.57106721174,3.0866000983,0.571067211737,0.586600098302,0.586600098302,False,False,False
0F2720F5FBED,4.5,5,4.13238790632,3.90594408077,0.367612093684,1.09405591923,1.09405591923,True,False,True
0F2786A7E9F7,4,3,3.37530073184,2.96589478249,0.624699268162,0.0341052175115,0.624699268162,False,False,False
0F2A8AAD958D,3,2.5,2.77225597383,2.5567574882,0.227744026172,0.0567574882012,0.227744026172,False,False,False
0F33BBD2B0AA,2.5,2.5,2.87380927995,2.71952503857,0.373809279946,0.219525038571,0.373809279946,False,False,False
0F3BABCD0749,4,3.5,3.78560590538,3.80790230752,0.214394094618,0.30790230752,0.30790230752,False,False,False
0F5AC7FE6924,2.5,3.5,2.82121227455,2.59820153639,0.321212274552,0.901798463614,0.901798463614,False,False,False
0F6A6478049B,3,2,2.8254324993,2.34105074748,0.174567500699,0.34105074748,0.34105074748,False,False,False
0F706EB152E7,3,3,3.09956515376,3.10856033208,0.0995651537608,0.108560332079,0.108560332079,False,False,False
0F7376FFC91C,3,3,3.11943492394,2.92386684356,0.119434923942,0.0761331564416,0.119434923942,False,False,False
0F85B38CBFD7,3,2.5,3.4318919425,3.37172828716,0.431891942502,0.871728287155,0.871728287155,False,False,False
0F97A7E40E42,4,4.5,3.44823210429,3.47088814925,0.551767895712,1.02911185075,1.02911185075,True,False,True
0F9CBA111D84,3.5,4,3.04419801159,3.23986313437,0.455801988409,0.76013686563,0.76013686563,False,False,False
0F9DDF417CDA,4,4,3.78481868056,3.75756760624,0.215181319441,0.242432393756,0.242432393756,False,False,False
0FA0B0078686,3,3.5,2.7803108898,2.4422347454,0.219689110204,1.0577652546,1.0577652546,True,False,True
0FA54A0548E3,3,3,3.17003941141,3.09022897872,0.170039411411,0.0902289787161,0.170039411411,False,False,False
0FB8F9758235,2.5,2.5,2.76971931393,2.4083317123,0.269719313927,0.0916682876982,0.269719313927,False,False,False
0FC61E073762,3,2.5,3.06873068176,2.48822102176,0.068730681756,0.0117789782407,0.068730681756,False,False,False
0FDAFECB3B60,2.5,2.5,3.00293784742,2.75849840807,0.50293784742,0.25849840807,0.50293784742,False,False,False
0FDB8CC29BEF,2,2.5,2.64337255195,2.38377044379,0.643372551951,0.116229556205,0.643372551951,False,False,False
1.99E+11,4,3,3.44320805498,3.01069344125,0.556791945021,0.0106934412533,0.556791945021,False,False,False
101391E396E6,3,2.5,2.97869707512,2.46294776824,0.0213029248829,0.037052231763,0.037052231763,False,False,False
101C4E5A21DD,2.5,2,2.88156310897,2.40570148119,0.381563108968,0.405701481195,0.405701481195,False,False,False
103F9797FF1F,4,4,3.21997112427,3.32888958329,0.780028875734,0.671110416709,0.780028875734,False,False,False
10490469631A,4,4,3.6183803738,3.73388617641,0.381619626203,0.266113823592,0.381619626203,False,False,False
104DC38A503B,4,3.5,3.5239823771,3.56621903848,0.476017622901,0.0662190384776,0.476017622901,False,False,False
106D24D5BEA7,2.5,2.5,2.62137720494,2.36377037026,0.121377204938,0.136229629743,0.136229629743,False,False,False
10711D2187FC,2.5,2,2.80312612183,2.47250698243,0.303126121826,0.472506982429,0.472506982429,False,False,False
1071F1620739,3,2.5,2.88864431813,2.46541850499,0.111355681867,0.0345814950099,0.111355681867,False,False,False
1086C314B53B,4,3.5,3.34868296588,3.26620641095,0.651317034121,0.23379358905,0.651317034121,False,False,False
108C2B892E48,3,3.5,3.09470681679,3.19068221063,0.0947068167916,0.309317789367,0.309317789367,False,False,False
108DFAC2A0B8,3,3,3.05686259765,2.63688331608,0.0568625976467,0.363116683922,0.363116683922,False,False,False
10A0F2059774,3,3.5,3.61710147183,3.12946231527,0.617101471833,0.370537684734,0.617101471833,False,False,False
10AF43338B59,4.5,3,3.61096333872,3.67934301944,0.889036661281,0.679343019445,0.889036661281,False,False,False
10B9D8E983B7,4,4,3.83983981263,3.70206240633,0.160160187369,0.297937593674,0.297937593674,False,False,False
10BA03D3A0BF,3.5,2.5,3.06110055916,2.5772391877,0.438899440843,0.0772391876953,0.438899440843,False,False,False
10CA6A380793,3.5,2.5,2.91005679027,2.59469480485,0.58994320973,0.0946948048484,0.58994320973,False,False,False
10D1D5724C4A,3,2,3.55560976541,3.52919299974,0.555609765407,1.52919299974,1.52919299974,True,False,True
111443A063CE,4,5,3.7624784939,3.64484614014,0.2375215061,1.35515385986,1.35515385986,True,False,True
11150087CEC1,3,3.5,3.36805239713,3.47840776126,0.368052397127,0.0215922387408,0.368052397127,False,False,False
1115C15B1F71,3,3,2.924282842,2.83532472398,0.0757171580009,0.164675276022,0.164675276022,False,False,False
112B891A4F41,2,2,2.87593269325,2.52347548421,0.875932693246,0.523475484207,0.875932693246,False,False,False
1150728AD3F5,2,2.5,2.65428058608,2.35818805047,0.654280586082,0.141811949533,0.654280586082,False,False,False
1151BAA93780,3.5,3.5,3.47259020353,3.11257039832,0.0274097964744,0.38742960168,0.38742960168,False,False,False
115B8E45C92F,3,3,3.03949787521,2.67952097016,0.0394978752127,0.320479029837,0.320479029837,False,False,False
118DB132058B,3.5,3,3.23031375298,2.86574149958,0.269686247021,0.134258500425,0.269686247021,False,False,False
11926579AB40,3.5,3,3.51840800899,3.19226777404,0.0184080089851,0.192267774042,0.192267774042,False,False,False
11952FBA5AE5,3.5,4,3.21501858104,3.17891715097,0.284981418963,0.82108284903,0.82108284903,False,False,False
11B63DAD869A,3,3.5,3.46086093867,3.48765066962,0.460860938667,0.0123493303805,0.460860938667,False,False,False
11BD08CDC59B,2.5,2.5,3.20703108659,2.92753638923,0.707031086588,0.427536389226,0.707031086588,False,False,False
11F4C64AAC2A,2.5,2,3.20045328253,2.92823645756,0.700453282528,0.928236457561,0.928236457561,False,False,False
11F852AB1C96,3.5,2.5,3.18092442426,3.03455638681,0.319075575738,0.534556386813,0.534556386813,False,False,False
120A227A5FFC,3,2.5,3.11899289918,2.90214744009,0.118992899176,0.402147440094,0.402147440094,False,False,False
122A5CEADEA3,3,2,3.02287415085,3.16187326033,0.0228741508474,1.16187326033,1.16187326033,True,False,True
123ABDB6A15D,3,2,3.49603117506,3.21236703146,0.496031175064,1.21236703146,1.21236703146,True,False,True
123B1451B0B7,3,3,3.19558886547,3.03847732098,0.195588865468,0.0384773209755,0.195588865468,False,False,False
1249421E06AE,3,2,3.43842002841,3.06711984892,0.438420028408,1.06711984892,1.06711984892,True,False,True
126DE879875A,3,2,3.06464414131,2.64896388329,0.0646441413052,0.648963883286,0.648963883286,False,False,False
1279AD02B635,3,3.5,3.21899574834,3.32499820821,0.218995748338,0.175001791789,0.218995748338,False,False,False
128612174F5D,3.5,3.5,3.58166180117,3.44031372118,0.0816618011666,0.0596862788191,0.0816618011666,False,False,False
12A1C0861411,3.5,4,3.37038672216,3.54540107158,0.129613277841,0.454598928415,0.454598928415,False,False,False
12AAF9C7C266,2.5,3,3.00145690982,2.867354478,0.501456909824,0.132645521999,0.501456909824,False,False,False
12AB334092B9,3.5,3,3.07331952644,2.82504639191,0.426680473561,0.174953608091,0.426680473561,False,False,False
12B019A5D2E2,3.5,3,3.06066094184,2.84596919185,0.43933905816,0.154030808153,0.43933905816,False,False,False
12BFF583AC8F,3,3.5,2.96534929061,2.99277630017,0.0346507093876,0.507223699833,0.507223699833,False,False,False
12F2A2D4AB24,3,2.5,3.00250080199,2.71326195388,0.00250080199301,0.213261953876,0.213261953876,False,False,False
12F2FFF56A84,3,2.5,3.13282094681,3.10367061429,0.132820946812,0.603670614295,0.603670614295,False,False,False
130FF3CB379E,4,3.5,3.22938606062,3.19972276357,0.770613939385,0.30027723643,0.770613939385,False,False,False
133F6664F9C5,2.5,3.5,3.57954262996,3.53871325804,1.07954262996,0.0387132580352,1.07954262996,True,True,False
134861A9F261,2.5,3.5,3.53487327554,3.34407429739,1.03487327554,0.155925702608,1.03487327554,True,True,False
134E7BD10EC5,3.5,3.5,3.19156876343,2.80433588487,0.308431236567,0.695664115135,0.695664115135,False,False,False
1358B5C6DB40,2,2,2.808340184,2.78805760335,0.808340183996,0.788057603348,0.808340183996,False,False,False
135E08DB7D61,2,2,2.6820308318,2.31694666863,0.682030831796,0.316946668633,0.682030831796,False,False,False
137FC2E422E3,3.5,2.5,3.16454685289,2.87608997625,0.335453147108,0.376089976252,0.376089976252,False,False,False
1396189A1ACC,2.5,2,2.80042461338,2.39135392077,0.300424613384,0.391353920769,0.391353920769,False,False,False
13DC0BD623B8,3,2,2.90097799856,2.66230887335,0.0990220014431,0.662308873354,0.662308873354,False,False,False
13E933F916EB,3,3,3.05759216478,3.12261500365,0.0575921647832,0.122615003645,0.122615003645,False,False,False
13EDC505534E,4,3,3.57981420549,3.67094231712,0.420185794513,0.670942317117,0.670942317117,False,False,False
1451C7C0FE44,3,2.5,2.74667460431,2.28473656313,0.253325395686,0.215263436868,0.253325395686,False,False,False
14677B7D4801,3,3.5,3.35974975213,3.41967115684,0.359749752131,0.0803288431573,0.359749752131,False,False,False
146A310BAB23,4,4.5,3.67081066945,3.38859371106,0.329189330546,1.11140628894,1.11140628894,True,False,True
14767994A319,2.5,2,2.99820862093,2.77645446002,0.498208620925,0.776454460022,0.776454460022,False,False,False
14951BD57147,4,4,3.2010401786,3.13348725963,0.798959821399,0.866512740374,0.866512740374,False,False,False
149AA9153485,4,3,3.40392309743,3.04528060781,0.596076902569,0.0452806078098,0.596076902569,False,False,False
14B667544F4E,4,4,3.30349858741,3.44865389657,0.696501412592,0.551346103428,0.696501412592,False,False,False
14C4130F90C2,3,2,3.07617671281,3.01225371369,0.0761767128111,1.01225371369,1.01225371369,True,False,True
14C52C79622A,3.5,3,2.95345141983,2.54131916391,0.546548580167,0.458680836093,0.546548580167,False,False,False
14CB29C9168A,3,2,3.02740233535,2.65526913442,0.0274023353485,0.655269134417,0.655269134417,False,False,False
14CBCA18C124,2.5,2.5,3.41048294392,3.49885005939,0.910482943919,0.998850059385,0.998850059385,False,False,False
14D4A7C1A883,3.5,3,3.34054416031,3.46486254211,0.159455839688,0.464862542114,0.464862542114,False,False,False
14F0D1DFE3B1,4,3.5,3.6567359621,3.50854904431,0.343264037903,0.00854904430588,0.343264037903,False,False,False
1509D8D81A10,4,3,4.04202640994,4.01231171531,0.0420264099381,1.01231171531,1.01231171531,True,False,True
150AC6C8E7C6,3.5,4,3.49461810951,3.42891061689,0.00538189049177,0.571089383107,0.571089383107,False,False,False
150E8EE114A4,3,2.5,3.44290265456,2.98538491985,0.442902654564,0.485384919845,0.485384919845,False,False,False
1510B46771BE,3.5,3.5,3.43357867106,3.57568952153,0.0664213289429,0.0756895215336,0.0756895215336,False,False,False
151ADAD693F8,4,3.5,3.50726600503,3.15201493104,0.492733994967,0.34798506896,0.492733994967,False,False,False
15298661E315,3,3,3.05444631953,2.64994140686,0.054446319529,0.350058593139,0.350058593139,False,False,False
1553CAF19CEA,3.5,2.5,3.14933029764,2.78132975088,0.350669702356,0.281329750885,0.350669702356,False,False,False
1557E40A4AC9,3,1.5,3.02543984552,2.53911998008,0.0254398455169,1.03911998008,1.03911998008,True,False,True
15874CE3A0EC,4.5,4,3.5926489533,3.45315792182,0.907351046705,0.546842078182,0.907351046705,False,False,False
158DB6073DBB,3,3,3.08706920365,2.77681543956,0.087069203653,0.223184560443,0.223184560443,False,False,False
15912A718F26,3.5,3,3.48586937845,3.364474669,0.0141306215506,0.364474668997,0.364474668997,False,False,False
1598CF951277,2.5,2,2.8809957398,2.46753874764,0.380995739801,0.467538747641,0.467538747641,False,False,False
15A1C2AF6A5C,3.5,3.5,3.46089833702,3.49134686105,0.0391016629832,0.00865313894608,0.0391016629832,False,False,False
15C22AF8D7A8,2,2,2.73791408064,2.57120544722,0.737914080642,0.571205447215,0.737914080642,False,False,False
15EC573C42F8,3.5,3.5,3.48621835081,3.58263159917,0.0137816491867,0.0826315991693,0.0826315991693,False,False,False
1602B1FA1069,4,3.5,3.65179853681,3.70808550559,0.348201463186,0.208085505591,0.348201463186,False,False,False
1615D51C4EBE,3,3,2.95637982986,2.94361268738,0.043620170141,0.0563873126179,0.0563873126179,False,False,False
1620957B7036,4,3,3.55679863278,3.49261018979,0.443201367223,0.492610189793,0.492610189793,False,False,False
1623E0390923,4,3.5,3.15861650941,2.74818316727,0.84138349059,0.751816832731,0.84138349059,False,False,False
163640053B57,3.5,3.5,3.07152854818,2.80924291599,0.428471451825,0.690757084009,0.690757084009,False,False,False
16549827D1AF,2.5,3,3.37144417129,3.24905326215,0.871444171291,0.249053262149,0.871444171291,False,False,False
165D9BF20484,4,4,3.79835469062,3.75687922091,0.201645309375,0.243120779095,0.243120779095,False,False,False
1662A240870C,3,2.5,3.44725863116,3.07938324563,0.447258631164,0.579383245629,0.579383245629,False,False,False
166EC90C5D34,3.5,3,3.42271320692,3.61771225238,0.0772867930801,0.617712252384,0.617712252384,False,False,False
167D451B5A78,3.5,3.5,3.96175750828,3.90113009682,0.461757508279,0.40113009682,0.461757508279,False,False,False
16805109FDAB,3.5,3.5,3.22018530557,3.35570221871,0.279814694434,0.144297781287,0.279814694434,False,False,False
169528C31812,3.5,2.5,3.7837282213,3.55738983169,0.283728221299,1.05738983169,1.05738983169,True,False,True
16BE136AB3A7,3,2,2.82282508488,2.45994273418,0.177174915117,0.459942734177,0.459942734177,False,False,False
16CCFBFC2DC2,3,3.5,3.12747306099,3.21545014455,0.127473060989,0.284549855454,0.284549855454,False,False,False
1706541FCA2C,3,2,2.94794594349,2.67188699262,0.0520540565134,0.671886992623,0.671886992623,False,False,False
170B786B55AC,3,4,3.42601045237,3.52109606704,0.42601045237,0.478903932963,0.478903932963,False,False,False
172539049B09,3,3.5,3.15290171566,3.25884918361,0.15290171566,0.241150816391,0.241150816391,False,False,False
1732E7BCD28D,2.5,2.5,2.78999479781,2.42369675427,0.289994797807,0.0763032457304,0.289994797807,False,False,False
176419BE305B,2.5,2.5,2.63940758725,2.35193922681,0.139407587255,0.148060773192,0.148060773192,False,False,False
17671B80CA81,3,3,3.03299319678,2.491003751,0.0329931967823,0.508996248999,0.508996248999,False,False,False
176EC75DBB38,3,3.5,3.42990720176,3.31514679725,0.429907201764,0.184853202752,0.429907201764,False,False,False
17840D290E28,2,2,2.63527418869,2.30212540324,0.63527418869,0.302125403239,0.63527418869,False,False,False
179E8E1AF20C,3,2,3.01473368964,2.6526692426,0.0147336896446,0.652669242597,0.652669242597,False,False,False
17A9F45E2A88,2.5,3,3.26606319275,3.03645346371,0.766063192753,0.0364534637097,0.766063192753,False,False,False
17C7C1CAF7E8,3.5,4,2.96809396831,3.09516251783,0.53190603169,0.904837482173,0.904837482173,False,False,False
17F08C5848AD,2.5,2,2.79699889389,2.30961389709,0.29699889389,0.309613897094,0.309613897094,False,False,False
17F7000992D7,3.5,3,3.46757519684,3.1931877569,0.0324248031617,0.193187756902,0.193187756902,False,False,False
17F7A129F123,3,2,3.09371644321,2.87743773268,0.0937164432136,0.877437732675,0.877437732675,False,False,False
17FC8F322225,3.5,3.5,3.7385826854,3.75540101276,0.238582685397,0.255401012758,0.255401012758,False,False,False
17FDD3D6538B,3.5,3.5,3.55814714095,3.07225020886,0.058147140947,0.427749791145,0.427749791145,False,False,False
181D23AC5C01,3.5,4,3.3766950989,2.98489300536,0.123304901104,1.01510699464,1.01510699464,True,False,True
183C0C0BAA13,3.5,3.5,3.3740681648,3.20173368113,0.125931835198,0.298266318866,0.298266318866,False,False,False
183EF065190E,3.5,3.5,3.18350600776,3.302237012,0.31649399224,0.197762988001,0.31649399224,False,False,False
1851AEBD44BB,3,3,3.45941443385,3.35945821555,0.459414433847,0.359458215553,0.459414433847,False,False,False
186C52E32DB5,2.5,2.5,3.04070064179,2.62735938528,0.540700641786,0.127359385275,0.540700641786,False,False,False
18A475AB03D3,3.5,4,3.11218579112,3.32911196812,0.387814208882,0.670888031881,0.670888031881,False,False,False
190E0A83F82B,3.5,3.5,3.08659158869,2.95330301361,0.413408411306,0.546696986389,0.546696986389,False,False,False
191F78EF6D73,3,3,3.16145164568,2.97399985107,0.161451645677,0.0260001489305,0.161451645677,False,False,False
195BE5C95449,3,2,2.94700402336,2.51227035794,0.0529959766397,0.512270357935,0.512270357935,False,False,False
195DDC774453,4,3.5,3.23537443909,2.86234920377,0.764625560913,0.637650796229,0.764625560913,False,False,False
19692639977E,3,2.5,3.02479378376,2.79587557693,0.0247937837575,0.295875576934,0.295875576934,False,False,False
199C1E645FB4,3,3,3.65235710492,3.59990550297,0.65235710492,0.59990550297,0.65235710492,False,False,False
19AF9F3BAC86,3,2.5,2.85642387787,2.67372215641,0.143576122133,0.173722156405,0.173722156405,False,False,False
1A0A0175D372,2.5,2.5,2.91509811493,2.68939316937,0.415098114927,0.189393169365,0.415098114927,False,False,False
1A0AD9EDC773,2.5,2.5,2.98209264604,2.66889272162,0.482092646041,0.168892721622,0.482092646041,False,False,False
1A11F5E5FD1F,2.5,3,3.07934650378,2.84440684476,0.579346503778,0.155593155241,0.579346503778,False,False,False
1A2F313C89C8,3,3,3.14604567577,2.97704733059,0.146045675772,0.0229526694082,0.146045675772,False,False,False
1A33A8F30D55,3.5,3.5,2.96157760959,3.00112648382,0.538422390412,0.498873516184,0.538422390412,False,False,False
1A55C7B84E6B,3.5,2.5,3.15333814472,2.88303603169,0.346661855276,0.383036031686,0.383036031686,False,False,False
1A69B2FC1200,2.5,3,3.00495876729,2.76746939096,0.50495876729,0.232530609043,0.50495876729,False,False,False
1A863F7CC29E,3,2.5,3.06387510432,2.58788864843,0.0638751043172,0.0878886484324,0.0878886484324,False,False,False
1A88F6F7E8CE,3,3,3.36257033759,3.5477410467,0.362570337593,0.547741046704,0.547741046704,False,False,False
1A8A994EBFDA,3,2.5,3.81979510428,3.74571178582,0.819795104281,1.24571178582,1.24571178582,True,False,True
1A8D9BF22997,2.5,2.5,2.9086813758,2.78523897622,0.408681375805,0.285238976225,0.408681375805,False,False,False
1AB7CF99612C,2.5,2.5,2.92001244624,3.03091788628,0.42001244624,0.530917886277,0.530917886277,False,False,False
1AD3A3D99046,4,3.5,3.19602885852,3.11545665733,0.803971141477,0.38454334267,0.803971141477,False,False,False
1B127A370E2A,3.5,2.5,3.37228792507,3.07053710367,0.127712074927,0.57053710367,0.57053710367,False,False,False
1B2B4A98C5E6,2,2,2.5415285864,2.30177125207,0.541528586401,0.30177125207,0.541528586401,False,False,False
1B2B5D08014D,3.5,2.5,3.51069621299,3.00888821771,0.0106962129909,0.50888821771,0.50888821771,False,False,False
1B5D24F4D307,3,2.5,2.64866419641,2.44798124623,0.351335803587,0.0520187537726,0.351335803587,False,False,False
1B74CCD4F138,3,3,3.13011510198,2.90820715106,0.13011510198,0.0917928489358,0.13011510198,False,False,False
1BA83A25F117,3,2.5,2.95182410836,2.91604921704,0.048175891638,0.416049217042,0.416049217042,False,False,False
1BAB238BF5A6,3.5,4,3.52935744231,3.51320999979,0.0293574423066,0.486790000212,0.486790000212,False,False,False
1BAE4E235915,3.5,3,2.88982598994,3.01469506678,0.610174010057,0.0146950667849,0.610174010057,False,False,False
1BC323128EBB,3.5,4,3.71555497406,3.45502339037,0.215554974058,0.544976609633,0.544976609633,False,False,False
1BCF848822B6,3.5,3.5,3.78550378643,3.55554095673,0.285503786427,0.0555409567344,0.285503786427,False,False,False
1C03DC666CB4,2.5,2.5,3.11519225438,2.81681863215,0.61519225438,0.316818632152,0.61519225438,False,False,False
1C11828DAE4D,2.5,2,3.27966914759,2.90278572793,0.779669147593,0.902785727927,0.902785727927,False,False,False
1C32F25C46EE,3.5,2.5,3.07325629303,2.9992552628,0.426743706974,0.499255262799,0.499255262799,False,False,False
1C4FCEB29DEE,3.5,2.5,3.01675369228,2.82464467517,0.483246307715,0.324644675169,0.483246307715,False,False,False
1C561924CC16,2,2,2.85897638834,3.09343208229,0.858976388343,1.09343208229,1.09343208229,True,False,True
1C62037C5F0F,2,2.5,2.74463738445,2.41696909437,0.744637384451,0.0830309056263,0.744637384451,False,False,False
1C8861E0C4EB,3,3.5,3.24274897346,3.23919116854,0.242748973459,0.260808831465,0.260808831465,False,False,False
1C8F6219CF27,3.5,3.5,3.5646982669,3.31152863377,0.0646982668964,0.188471366227,0.188471366227,False,False,False
1C9C9859BE4D,3,2.5,3.4178856097,3.0131273581,0.417885609704,0.513127358096,0.513127358096,False,False,False
1CDBF6CC97BD,4,4,3.20520100562,2.9502392843,0.794798994377,1.0497607157,1.0497607157,True,False,True
1CE68763BF59,5,4,3.80516304926,3.77200686563,1.19483695074,0.227993134368,1.19483695074,True,True,False
1D2467310736,2.5,2.5,2.77200116959,2.38972443507,0.272001169588,0.110275564931,0.272001169588,False,False,False
1D2EA05CE6FB,2,1.5,2.48460083488,2.32634957747,0.48460083488,0.826349577473,0.826349577473,False,False,False
1D48AC8B7B56,3.5,3,3.31504665267,2.8991790051,0.184953347331,0.100820994903,0.184953347331,False,False,False
1D4B0097E15F,2.5,2,3.51589399419,3.00747976863,1.01589399419,1.00747976863,1.01589399419,True,True,True
1D51BCF69AD3,3.5,3.5,3.15429436332,3.35687504776,0.345705636685,0.143124952239,0.345705636685,False,False,False
1D5E38D95442,3.5,4,3.56955155981,3.56106098155,0.0695515598113,0.438939018445,0.438939018445,False,False,False
1D9E3E96379C,3.5,3.5,3.21043994758,3.29360172268,0.289560052423,0.206398277323,0.289560052423,False,False,False
1D9F4510A90B,3.5,3.5,3.58387613808,3.25199242324,0.0838761380823,0.248007576756,0.248007576756,False,False,False
1DA4B652DB8D,3.5,3.5,3.03266153995,3.20512226349,0.467338460046,0.294877736512,0.467338460046,False,False,False
1DAF72D388B1,3.5,3.5,3.40975414453,3.14553147165,0.0902458554722,0.354468528355,0.354468528355,False,False,False
1DC6D2E78B65,4,4,3.26131593366,3.4446428531,0.738684066338,0.5553571469,0.738684066338,False,False,False
1DD048B373B3,2.5,2.5,2.86391224125,2.67077746504,0.363912241253,0.170777465041,0.363912241253,False,False,False
1DF74255B4B4,3,3,3.2066626606,2.85348707686,0.206662660596,0.14651292314,0.206662660596,False,False,False
1E04733FB3EE,2.5,2.5,2.87977791056,2.68256720517,0.379777910563,0.182567205171,0.379777910563,False,False,False
1E072DC647AC,3.5,3.5,3.47084335075,3.47371623666,0.0291566492536,0.026283763335,0.0291566492536,False,False,False
1E0BF3E0FAA7,4,3,3.58904457193,3.24771345548,0.410955428068,0.247713455478,0.410955428068,False,False,False
1E122D099A1A,3,3,3.21182217157,2.95252609918,0.211822171567,0.0474739008218,0.211822171567,False,False,False
1E175452D3E4,3,3.5,3.26865183874,3.2060181327,0.268651838739,0.293981867297,0.293981867297,False,False,False
1E29EE6F0C54,2.5,3.5,2.59695445293,2.31885363762,0.0969544529316,1.18114636238,1.18114636238,True,False,True
1E38AA12D0FA,3,2,2.96443434417,2.47798908126,0.0355656558301,0.477989081258,0.477989081258,False,False,False
1E55311CA5D6,2.5,2,3.15884134794,2.56942408098,0.658841347936,0.569424080981,0.658841347936,False,False,False
1E563F170C61,3,2.5,2.9719285798,2.56758729999,0.0280714201988,0.0675872999903,0.0675872999903,False,False,False
1E5ADEC9926E,3,2.5,2.67488224605,2.3533766304,0.325117753954,0.146623369599,0.325117753954,False,False,False
1E6CDE24A17C,3,4,3.35014242581,3.48903372573,0.350142425808,0.510966274273,0.510966274273,False,False,False
1E92DFF2A61B,3,2.5,3.19700786621,2.99810572081,0.19700786621,0.498105720813,0.498105720813,False,False,False
1E9789CE290E,3,3,3.12583146821,3.25525440934,0.125831468209,0.255254409341,0.255254409341,False,False,False
1EA990257725,3.5,3,3.6430145638,3.35133039455,0.143014563795,0.351330394554,0.351330394554,False,False,False
1ED78D6972E3,3,3,3.19481134098,3.2432157786,0.194811340981,0.243215778598,0.243215778598,False,False,False
1EFFE819A2DC,4,3,3.35299253315,3.18675227589,0.647007466848,0.18675227589,0.647007466848,False,False,False
1F1C6054B6D2,3,4,3.5220703972,3.3817086533,0.522070397196,0.618291346697,0.618291346697,False,False,False
1F1F881729C3,2.5,2.5,3.10428720425,2.77528081822,0.604287204255,0.275280818216,0.604287204255,False,False,False
1F41E6E6CE4D,4,3.5,3.61670424529,3.49395113289,0.383295754709,0.00604886711307,0.383295754709,False,False,False
1F4BEAB4F48F,3.5,3.5,3.69016419788,3.65493679172,0.190164197879,0.154936791725,0.190164197879,False,False,False
1F4C4154C034,3,2.5,3.07530595372,2.55840329006,0.0753059537242,0.0584032900625,0.0753059537242,False,False,False
1F596143D558,3.5,3,3.63027876653,3.54893862836,0.130278766533,0.548938628356,0.548938628356,False,False,False
1F63F334C9EB,3.5,2.5,3.65426456396,3.6847412186,0.154264563965,1.1847412186,1.1847412186,True,False,True
1F6C8E0F61E3,3.5,4,3.5549156958,3.14108455848,0.0549156958032,0.858915441523,0.858915441523,False,False,False
1F8012FFBEBE,3,2.5,3.04005601203,2.84701686018,0.0400560120315,0.347016860178,0.347016860178,False,False,False
1F8441914809,2.5,3,2.73834849885,2.34827832874,0.238348498846,0.651721671264,0.651721671264,False,False,False
1FA3601935E3,2.5,2,2.68819438215,2.29595107391,0.188194382148,0.295951073909,0.295951073909,False,False,False
1FC7F0D3FB27,3,3,3.08559834382,2.9499597707,0.0855983438217,0.050040229301,0.0855983438217,False,False,False
2.45E+11,3.5,3,3.11676906464,3.02969455979,0.383230935362,0.0296945597926,0.383230935362,False,False,False
2.58E+14,3,2.5,2.87885947096,2.39542501596,0.121140529044,0.104574984037,0.121140529044,False,False,False
2.89E+11,4,4,3.40787979674,3.02953985073,0.592120203257,0.970460149268,0.970460149268,False,False,False
200EFE07465C,3,2.5,3.09391864743,3.18589307972,0.0939186474255,0.685893079715,0.685893079715,False,False,False
2027260EE12F,3,2.5,2.95570835453,2.77111929107,0.0442916454708,0.271119291073,0.271119291073,False,False,False
203A2895F51D,3,3,2.54632202032,2.27517169767,0.453677979677,0.724828302332,0.724828302332,False,False,False
208612D0F38F,2.5,3,2.97475965914,2.9208069073,0.474759659137,0.0791930926977,0.474759659137,False,False,False
2087926315D7,3.5,3,3.13671783977,3.15208081154,0.363282160228,0.152080811544,0.363282160228,False,False,False
2089E34381BE,3.5,3,3.12439356211,2.64939511493,0.375606437886,0.350604885067,0.375606437886,False,False,False
20A4E74DE0C3,3.5,4,3.54207972621,3.58472885384,0.0420797262132,0.415271146156,0.415271146156,False,False,False
20C2264E6ED2,4,3.5,3.30176497531,3.30076853104,0.698235024686,0.199231468963,0.698235024686,False,False,False
20C990A8A5EE,2,2,2.56876933142,2.22047749961,0.568769331419,0.220477499605,0.568769331419,False,False,False
20F8B4E628F3,2.5,2,2.47021997366,2.30529833926,0.0297800263446,0.305298339259,0.305298339259,False,False,False
20FFD026FD9E,3,3,3.23782065956,2.99197125834,0.237820659557,0.00802874165582,0.237820659557,False,False,False
210FF7C7E95F,4.5,4.5,3.75497564189,3.66221820355,0.74502435811,0.837781796449,0.837781796449,False,False,False
212EC5537EEB,3,2.5,3.18658310686,2.63127438998,0.186583106862,0.131274389981,0.186583106862,False,False,False
214382129B87,3,2.5,2.72024154275,2.34450294159,0.279758457252,0.155497058414,0.279758457252,False,False,False
21460A7F2719,3,3,3.5187863,3.41705899634,0.518786299995,0.417058996344,0.518786299995,False,False,False
2147C68A6BE8,3.5,3.5,3.57607160061,3.44101684608,0.0760716006069,0.0589831539194,0.0760716006069,False,False,False
2164C24FFAE2,3,2,3.15666184163,2.54357634661,0.156661841632,0.543576346607,0.543576346607,False,False,False
216AEAE3EF97,2.5,2.5,2.91594465784,2.5509926993,0.415944657842,0.0509926993029,0.415944657842,False,False,False
2172289E42B2,3.5,2.5,3.40109324163,3.30755750929,0.0989067583724,0.807557509286,0.807557509286,False,False,False
218FCD96DF2A,3.5,4,2.91238929546,2.92177088621,0.58761070454,1.07822911379,1.07822911379,True,False,True
219C6F6BFF40,3,3.5,3.47325266238,3.52277649615,0.473252662381,0.022776496154,0.473252662381,False,False,False
219E44AA7948,3.5,3,3.53361596049,3.60419207895,0.0336159604928,0.604192078951,0.604192078951,False,False,False
21CCDFC527FA,3,3,3.21045823093,3.03952093603,0.210458230931,0.0395209360255,0.210458230931,False,False,False
21D3A66F949D,3.5,4,3.52816798233,3.53923783292,0.0281679823274,0.460762167078,0.460762167078,False,False,False
21E0043BDE04,4.5,3.5,3.90999359846,3.74141345732,0.590006401537,0.241413457318,0.590006401537,False,False,False
220215A7EA1A,3,3,3.125294013,3.044113477,0.125294013002,0.044113476997,0.125294013002,False,False,False
220342CABE6C,4,4,3.85377076511,3.68691118255,0.146229234893,0.313088817449,0.313088817449,False,False,False
2208E450D536,4,3.5,3.13506887431,3.00641167814,0.86493112569,0.493588321862,0.86493112569,False,False,False
221CEF940262,4,3,3.49780349069,3.40672076912,0.502196509309,0.406720769124,0.502196509309,False,False,False
2225E256AE55,2.5,2,2.62505972285,2.29300530825,0.125059722855,0.293005308252,0.293005308252,False,False,False
2264DA8CFAD7,3.5,3.5,3.44524255711,3.41975116716,0.0547574428939,0.0802488328368,0.0802488328368,False,False,False
2269E46D240B,3,3.5,3.1378792149,3.10796416338,0.137879214898,0.392035836624,0.392035836624,False,False,False
226B6C9C665D,3,2,2.60149346391,2.38775541909,0.398506536089,0.387755419089,0.398506536089,False,False,False
226D3E32B7D0,3,3,3.33450042565,3.34199410659,0.334500425655,0.341994106592,0.341994106592,False,False,False
226F1296FE54,5,4.5,3.69168347408,3.29687058855,1.30831652592,1.20312941145,1.30831652592,True,True,True
22749E004CE1,3,2.5,3.63424885877,3.66565675238,0.634248858773,1.16565675238,1.16565675238,True,False,True
2277064733A4,4.5,4.5,3.79512852313,3.700371801,0.704871476868,0.799628198999,0.799628198999,False,False,False
2279302C12DC,3.5,2.5,3.06143831483,2.7769391834,0.438561685175,0.276939183402,0.438561685175,False,False,False
22B6586B8AC2,3,3.5,3.04055399719,2.96664873402,0.0405539971882,0.533351265979,0.533351265979,False,False,False
22CDB1CA3D44,3.5,4,3.57105096626,3.45485219349,0.0710509662627,0.545147806513,0.545147806513,False,False,False
22D5A49E4AFD,3.5,3.5,3.3801545031,2.95627616296,0.119845496902,0.543723837043,0.543723837043,False,False,False
22E58F966EBB,4,4,3.56284649467,3.42066504095,0.437153505331,0.579334959052,0.579334959052,False,False,False
23058E7FEBF8,3.5,3,3.61406413731,3.12706805296,0.114064137314,0.127068052957,0.127068052957,False,False,False
232CDFBFCCC3,3,3,3.62480231359,3.61521424647,0.624802313594,0.615214246474,0.624802313594,False,False,False
23393129100A,3,3.5,3.13103580885,3.2418595477,0.131035808846,0.2581404523,0.2581404523,False,False,False
2346C80AF13B,3,4,3.22840971919,3.4445225327,0.228409719187,0.555477467298,0.555477467298,False,False,False
23605BB8BE39,3,3.5,3.24168904703,3.34827686884,0.24168904703,0.15172313116,0.24168904703,False,False,False
236E12C9FE8C,3,2,3.04728500547,2.97899986731,0.0472850054673,0.978999867314,0.978999867314,False,False,False
2374830DF968,4,3,3.47468315104,3.38425910486,0.525316848958,0.384259104863,0.525316848958,False,False,False
23773CCA244E,3,2.5,2.88244818072,2.46719269229,0.117551819284,0.0328073077087,0.117551819284,False,False,False
237A3B66F1B2,3.5,3.5,3.18877036539,2.9997200208,0.311229634611,0.500279979205,0.500279979205,False,False,False
23872919A981,2,1,2.93980213334,2.74853218137,0.93980213334,1.74853218137,1.74853218137,True,False,True
2390768D5D67,3,2.5,3.3103213031,2.90732149203,0.310321303103,0.407321492029,0.407321492029,False,False,False
23972FBA1934,3,3,3.15183212673,2.87782061603,0.151832126727,0.122179383974,0.151832126727,False,False,False
23A32E1A5042,3,3.5,2.90672462778,2.91069287382,0.0932753722246,0.589307126177,0.589307126177,False,False,False
23ACC872D2CD,3,3,3.10017056769,2.92361111341,0.100170567692,0.0763888865915,0.100170567692,False,False,False
23DB1CEDA453,2.5,2,3.1306589637,2.91616899983,0.630658963697,0.91616899983,0.91616899983,False,False,False
24008FFDB479,3.5,4,3.2261920213,3.29476048959,0.2738079787,0.70523951041,0.70523951041,False,False,False
2402C99EB8C6,3.5,3.5,3.23076974107,2.72999716626,0.26923025893,0.770002833741,0.770002833741,False,False,False
242632EC61DF,4,3,4.08202926186,3.85166757171,0.0820292618647,0.851667571714,0.851667571714,False,False,False
24330A1CE67F,3.5,3,3.14769309019,2.80390086603,0.352306909811,0.196099133971,0.352306909811,False,False,False
2437988A4110,3.5,3,3.19938828668,3.32217655537,0.30061171332,0.322176555366,0.322176555366,False,False,False
24471BA30D9E,3.5,2.5,2.87483647638,2.48191745893,0.625163523622,0.0180825410682,0.625163523622,False,False,False
248089DD85F6,4,3.5,3.52490250836,3.46782478033,0.475097491639,0.0321752196684,0.475097491639,False,False,False
2488814B8440,3,2,3.022451902,2.51375694708,0.0224519019952,0.513756947077,0.513756947077,False,False,False
248F4D79E0BC,3,2,3.39276894846,3.00341670457,0.392768948457,1.00341670457,1.00341670457,True,False,True
2493DB02D804,4,3.5,2.8541886902,3.040351721,1.1458113098,0.459648279004,1.1458113098,True,True,False
24BBFA26D076,4.5,4.5,3.56905354724,3.19816576099,0.93094645276,1.30183423901,1.30183423901,True,False,True
24E7B40A1CEA,3,2,3.25575644049,2.81225324086,0.255756440492,0.812253240858,0.812253240858,False,False,False
24E8B6441F65,2.5,3,2.65893691572,2.19815069567,0.15893691572,0.801849304329,0.801849304329,False,False,False
253C0E851756,3.5,3.5,3.5042016281,3.14538561917,0.00420162809801,0.354614380832,0.354614380832,False,False,False
256C70D2B3EC,3.5,4.5,3.63171414108,3.4472264299,0.131714141081,1.0527735701,1.0527735701,True,False,True
25787D933FD7,3,3.5,3.02558708643,2.8310498363,0.0255870864296,0.668950163702,0.668950163702,False,False,False
257A7BC3927D,2,2,3.51704046416,3.11795530305,1.51704046416,1.11795530305,1.51704046416,True,True,True
2586E95FC8B4,3.5,4,3.46764333239,3.08065460628,0.0323566676135,0.919345393721,0.919345393721,False,False,False
259BC6C5BCB6,3,3.5,3.28910114524,3.10786330438,0.289101145244,0.392136695615,0.392136695615,False,False,False
25A70D6BA605,2.5,2,2.6223509101,2.29437940792,0.122350910103,0.294379407925,0.294379407925,False,False,False
25D2FDAB000B,3.5,3.5,3.17178185817,2.85606403546,0.328218141827,0.643935964545,0.643935964545,False,False,False
2607C272E5FA,3,3.5,3.28463610722,3.35291335497,0.284636107215,0.147086645035,0.284636107215,False,False,False
260BADEAC625,2.5,2.5,2.98798614187,2.68432598316,0.487986141869,0.184325983164,0.487986141869,False,False,False
262A8C1625B6,3,3.5,3.1894242369,2.85765557493,0.189424236899,0.642344425072,0.642344425072,False,False,False
2640CD15FE02,3,3,3.51019664582,3.46821506379,0.510196645819,0.468215063791,0.510196645819,False,False,False
2643FB528BF2,2.5,3,3.31291405306,3.36910527052,0.812914053059,0.369105270517,0.812914053059,False,False,False
2652194CF346,4,4,3.70201524396,3.67927121185,0.297984756044,0.320728788151,0.320728788151,False,False,False
26650408983,3,2.5,3.01623557529,2.5281323295,0.0162355752902,0.0281323294978,0.0281323294978,False,False,False
2665B100103F,3,3,2.99811007762,2.92642182355,0.00188992237554,0.0735781764542,0.0735781764542,False,False,False
267E1082CE9E,3,2.5,3.34032862529,2.97214046018,0.340328625289,0.472140460176,0.472140460176,False,False,False
268BDC1DA46F,4,4,3.42905308547,3.44576235941,0.57094691453,0.554237640587,0.57094691453,False,False,False
26BCCFA8C83E,3.5,4,3.20485029101,3.36181640334,0.295149708987,0.638183596658,0.638183596658,False,False,False
26DF88270348,3,2,2.56426780353,2.16900242419,0.435732196468,0.169002424192,0.435732196468,False,False,False
26EFC4BC6726,2.5,2,2.72649423321,2.26979695149,0.226494233213,0.269796951487,0.269796951487,False,False,False
26F9A7DAFDB5,2.5,3,2.9265268547,3.18131966357,0.426526854701,0.181319663572,0.426526854701,False,False,False
274884FF1C04,3,2.5,2.78681583953,2.38252971084,0.213184160471,0.11747028916,0.213184160471,False,False,False
27537D97FEB5,3,2.5,2.60763617776,2.34566112131,0.392363822244,0.154338878687,0.392363822244,False,False,False
27778596AFD5,2.5,2,2.62180504175,2.39151807499,0.121805041751,0.391518074994,0.391518074994,False,False,False
279FC74EEB27,4,3.5,3.40762938464,3.07555965592,0.592370615358,0.424440344076,0.592370615358,False,False,False
27A2E22A4634,4.5,3.5,3.65136857897,3.32357868331,0.848631421034,0.176421316689,0.848631421034,False,False,False
27AC24126FA5,3.5,3.5,3.1744444571,3.30492593007,0.325555542905,0.195074069926,0.325555542905,False,False,False
27DBD975EC8E,2,2,2.81946112186,2.39179898623,0.819461121863,0.391798986233,0.819461121863,False,False,False
27DE6C2556AF,3.5,3,3.08185426485,2.86838764876,0.41814573515,0.131612351239,0.41814573515,False,False,False
27F5A5200EAE,2.5,2.5,3.17100576721,3.23296220685,0.671005767214,0.732962206847,0.732962206847,False,False,False
280BED11B625,3.5,3.5,3.3790308301,2.93769541092,0.120969169902,0.562304589085,0.562304589085,False,False,False
2823F7B47127,3.5,4,3.35648397576,3.47610492649,0.14351602424,0.523895073513,0.523895073513,False,False,False
28246F0B0C4A,2,3,3.3853331695,3.51239853046,1.3853331695,0.512398530462,1.3853331695,True,True,False
287965E2FCB7,3,3,3.40401944976,3.35615728479,0.404019449757,0.356157284787,0.404019449757,False,False,False
287C03054E67,3.5,4,3.59367155979,3.48192187662,0.0936715597875,0.51807812338,0.51807812338,False,False,False
287CAE92D7EB,3.5,4,3.69878318365,3.57847104026,0.198783183652,0.42152895974,0.42152895974,False,False,False
288B3DD0D4F9,3,2,2.9580812417,2.53887337838,0.0419187582983,0.538873378382,0.538873378382,False,False,False
28B0E4203556,3,2.5,2.74590705098,2.46283336679,0.254092949022,0.0371666332145,0.254092949022,False,False,False
28BAB42779B2,4,3,2.80315181435,2.60634030909,1.19684818565,0.393659690908,1.19684818565,True,True,False
28D86AEC7140,2.5,2,2.86032132082,2.66491063183,0.360321320818,0.664910631831,0.664910631831,False,False,False
292A64D51CE3,3.5,2.5,2.99135579811,2.79670630921,0.508644201888,0.296706309214,0.508644201888,False,False,False
29595ADA257B,3,3.5,3.34361575876,3.18853953435,0.343615758756,0.311460465649,0.343615758756,False,False,False
2960E9477338,4.5,5,3.63968439432,3.67214391772,0.860315605678,1.32785608228,1.32785608228,True,False,True
29765A8DA7DC,3,3.5,2.87061369765,2.73864326557,0.129386302346,0.761356734434,0.761356734434,False,False,False
2986E2782AA3,4,3,3.48312389287,3.0163212117,0.516876107126,0.0163212116975,0.516876107126,False,False,False
298E5C25E843,3,3.5,3.00009047144,3.10203371422,9.04714414087e-05,0.397966285779,0.397966285779,False,False,False
29A55100637F,3.5,4.5,3.25645767257,3.50845646002,0.243542327427,0.991543539985,0.991543539985,False,False,False
29B0D696566A,2.5,2,2.84204036893,2.66209450452,0.342040368927,0.662094504525,0.662094504525,False,False,False
29C1E2CE5DB3,3,2.5,3.1583585287,2.69415046225,0.158358528698,0.194150462249,0.194150462249,False,False,False
29C7D0FF2114,3,3.5,2.89442381624,2.81700698624,0.105576183756,0.68299301376,0.68299301376,False,False,False
29D398423803,3.5,3.5,3.57631008609,3.58365290765,0.0763100860879,0.0836529076469,0.0836529076469,False,False,False
29DCC61428C0,4,3,3.57948495736,3.05311943627,0.420515042637,0.0531194362731,0.420515042637,False,False,False
2A0EDE1851E3,2.5,2.5,2.98014088688,2.82328826532,0.480140886883,0.32328826532,0.480140886883,False,False,False
2A15E389C462,3,3.5,2.99119240615,2.78020025209,0.00880759384963,0.719799747912,0.719799747912,False,False,False
2A3C4C1F9B71,3.5,3.5,3.33677049379,3.09501837662,0.163229506212,0.404981623381,0.404981623381,False,False,False
2A40B9A56907,3.5,3.5,2.66378944421,2.3409167598,0.836210555794,1.1590832402,1.1590832402,True,False,True
2A426B89E8C5,2.5,2.5,3.26829165165,2.78621482187,0.768291651646,0.286214821872,0.768291651646,False,False,False
2A4D0D22C04D,3.5,3.5,3.11916231544,2.90782630212,0.380837684564,0.592173697881,0.592173697881,False,False,False
2A6C395EAC9A,5,4.5,3.94261368512,3.77863474988,1.05738631488,0.721365250118,1.05738631488,True,True,False
2A77599AF25F,3.5,4,3.51682186677,3.49320477947,0.0168218667748,0.506795220533,0.506795220533,False,False,False
2A865237A98F,2.5,2.5,2.78822016233,2.36649932169,0.28822016233,0.133500678306,0.28822016233,False,False,False
2AA54A1472F2,3,2,3.21602391254,3.08910060527,0.216023912543,1.08910060527,1.08910060527,True,False,True
2ABFDA03AB4B,3,3,2.98739350601,2.49748425518,0.0126064939852,0.50251574482,0.50251574482,False,False,False
2AEFB1F243B1,2,1.5,2.82739242275,2.47246078228,0.827392422753,0.972460782284,0.972460782284,False,False,False
2B2F5AE0F6D2,3,2.5,3.29117188096,3.43366356669,0.291171880956,0.933663566689,0.933663566689,False,False,False
2B5F1309FD2D,3,2.5,3.22097695363,3.15235468005,0.220976953629,0.652354680054,0.652354680054,False,False,False
2B63A9B12B5B,3.5,3.5,3.72026456605,3.51719716211,0.220264566049,0.0171971621143,0.220264566049,False,False,False
2B7D6422D991,3,3,3.33358550993,3.48286170224,0.333585509927,0.482861702242,0.482861702242,False,False,False
2B92F920AEA2,3,3.5,3.00456197783,3.04293234208,0.00456197783361,0.457067657917,0.457067657917,False,False,False
2B964EFD03B8,3.5,3,3.80368870585,3.34766954628,0.303688705851,0.347669546284,0.347669546284,False,False,False
2BBAAAA020DA,2,2,3.18892667759,2.81335152617,1.18892667759,0.813351526175,1.18892667759,True,True,False
2BEFE795A4F9,3,3.5,3.18631541846,2.89404325459,0.186315418455,0.605956745414,0.605956745414,False,False,False
2BEFF32D3886,3.5,3.5,3.80789925979,3.63023979272,0.307899259786,0.130239792725,0.307899259786,False,False,False
2C04694CA156,4,3.5,3.88632201125,3.71928285999,0.113677988752,0.219282859988,0.219282859988,False,False,False
2C1A9FF82DEE,3.5,3.5,3.45316828003,3.31821756374,0.0468317199713,0.18178243626,0.18178243626,False,False,False
2C34B6221141,2.5,2.5,2.25487644786,2.25976533157,0.245123552138,0.240234668434,0.245123552138,False,False,False
2C3911F2CA28,3.5,3.5,3.01020550193,3.00260265986,0.489794498073,0.497397340137,0.497397340137,False,False,False
2C3DDBD72A9C,3,2.5,3.38828770876,3.17443493411,0.388287708763,0.674434934113,0.674434934113,False,False,False
2CC4B554C694,3,2.5,2.88208336613,2.7821051253,0.117916633873,0.282105125296,0.282105125296,False,False,False
2CCFDD86A250,3.5,2.5,3.03528674802,2.4962116738,0.46471325198,0.00378832620229,0.46471325198,False,False,False
2CFE8E711946,4.5,4,3.64507567315,3.18669510536,0.854924326852,0.813304894639,0.854924326852,False,False,False
2D002D8E8A94,3.5,3.5,3.20708282918,3.31967977092,0.292917170825,0.180320229078,0.292917170825,False,False,False
2D0355EBD79E,4,3,4.23948288909,3.92883521822,0.239482889089,0.92883521822,0.92883521822,False,False,False
2D07CFE4B821,3,2,3.05023825584,2.68115069053,0.0502382558401,0.681150690532,0.681150690532,False,False,False
2D0CDBC81DC0,3,2.5,3.02216104341,2.47857025198,0.0221610434087,0.0214297480172,0.0221610434087,False,False,False
2D252FB14103,3,2.5,2.86879764218,2.73292666383,0.131202357816,0.232926663829,0.232926663829,False,False,False
2D328F280E25,3,2.5,3.72852659721,3.34115906837,0.728526597212,0.841159068369,0.841159068369,False,False,False
2D40E0391ED0,3.5,4,2.83188791839,2.83521607679,0.668112081613,1.16478392321,1.16478392321,True,False,True
2D47FB310B00,3,2.5,3.03736349278,2.56511590404,0.0373634927751,0.0651159040415,0.0651159040415,False,False,False
2D48DB7BFE46,4,4.5,3.63979239607,3.53906301171,0.360207603929,0.960936988286,0.960936988286,False,False,False
2D5F073E7FCC,4,3.5,3.35883651128,3.11747494811,0.641163488717,0.382525051889,0.641163488717,False,False,False
2D753C38C77F,3,2.5,2.85741895433,2.41928863973,0.142581045673,0.080711360268,0.142581045673,False,False,False
2D7557DCE6AF,4,3,3.97737646011,3.8647377657,0.0226235398943,0.864737765697,0.864737765697,False,False,False
2D8ADF6F02CB,2.5,2.5,2.69899716617,2.29556556439,0.198997166165,0.204434435611,0.204434435611,False,False,False
2D91B36A3597,4,4.5,3.4956870745,3.44956943115,0.504312925501,1.05043056885,1.05043056885,True,False,True
2D972C80CEFF,3,2.5,3.06729017161,2.77448673367,0.0672901716082,0.274486733668,0.274486733668,False,False,False
2DA1C5338C78,4,3,3.53336520066,3.33857427634,0.466634799335,0.33857427634,0.466634799335,False,False,False
2DAF1DDAB6FF,3,3,3.26005871608,2.85359844889,0.260058716077,0.146401551112,0.260058716077,False,False,False
2DB5BE8AC7FB,3,2.5,2.82877988672,2.3418386717,0.171220113284,0.158161328296,0.171220113284,False,False,False
2DC1A5B465B3,3.5,3.5,3.19298272334,2.8530914444,0.307017276658,0.646908555596,0.646908555596,False,False,False
2DC55C3EFD7D,3,2,3.31966874752,2.92663934035,0.31966874752,0.92663934035,0.92663934035,False,False,False
2DDF4051E688,2.5,3.5,3.13696697607,3.1571848512,0.636966976072,0.342815148796,0.636966976072,False,False,False
2E0B93BE4A85,4,3,4.13196562089,3.70976100908,0.13196562089,0.709761009085,0.709761009085,False,False,False
2E0D8ACA0697,3.5,3.5,3.16776256113,3.3641071807,0.332237438871,0.135892819304,0.332237438871,False,False,False
2E32D0B9ED92,2.5,2.5,2.57275915102,2.277808782,0.0727591510206,0.222191217996,0.222191217996,False,False,False
2E5B911E782C,3,3,3.40602748899,3.458683228,0.406027488993,0.458683228004,0.458683228004,False,False,False
2E9725180575,2.5,3.5,3.31469543193,3.20909483062,0.814695431928,0.290905169385,0.814695431928,False,False,False
2EA04AF8AF20,3.5,3.5,2.76259988203,2.32894991579,0.737400117971,1.17105008421,1.17105008421,True,False,True
2EA88D8BFE85,3.5,2.5,3.19721604397,2.66202885997,0.302783956034,0.16202885997,0.302783956034,False,False,False
2EB01D782D2C,3,3.5,3.28842656272,3.32600632263,0.288426562723,0.173993677373,0.288426562723,False,False,False
2ED54D76E478,2,2,2.74959749766,2.53740038286,0.74959749766,0.537400382859,0.74959749766,False,False,False
2EE2EC3D1819,3,2,2.63644328559,2.45804920162,0.363556714408,0.458049201622,0.458049201622,False,False,False
2F0BD3FAFB2E,3,3.5,3.08730881292,2.71152486612,0.0873088129218,0.78847513388,0.78847513388,False,False,False
2F34580C9A37,2.5,2,2.68790076059,2.31062609758,0.187900760586,0.310626097578,0.310626097578,False,False,False
2F3EA5F1B805,3,3.5,3.151371468,2.73031003607,0.151371468001,0.769689963931,0.769689963931,False,False,False
2F439149E85C,4,4.5,4.04000928935,3.8298713754,0.0400092893472,0.670128624601,0.670128624601,False,False,False
2F522D046DCC,3,3,3.08857470476,3.11367625873,0.0885747047641,0.113676258733,0.113676258733,False,False,False
2F63FA06A100,4.5,3.5,3.54410170194,3.41486497391,0.955898298064,0.0851350260919,0.955898298064,False,False,False
2F644F0E7532,3.5,2,3.01885256529,2.7503789778,0.481147434709,0.750378977801,0.750378977801,False,False,False
2F6EC00096F3,2,2,2.45477820967,2.16251202074,0.454778209673,0.16251202074,0.454778209673,False,False,False
2F772DB6FB8E,3,2,2.8282152267,2.54345568149,0.171784773296,0.54345568149,0.54345568149,False,False,False
2F8F2476D0E6,2.5,2,2.66361085667,2.51433229648,0.163610856667,0.514332296483,0.514332296483,False,False,False
2FBED3953538,3.5,3.5,3.36851064193,3.2918817301,0.131489358071,0.208118269897,0.208118269897,False,False,False
2FC4AFBC19C5,4,3,3.58183982894,3.47226098976,0.418160171058,0.472260989763,0.472260989763,False,False,False
2FD3308AC194,1.5,1.5,2.9014499984,2.62978485443,1.4014499984,1.12978485443,1.4014499984,True,True,True
2FD3B620DE15,3.5,3.5,3.20300718227,3.14843484199,0.296992817732,0.351565158015,0.351565158015,False,False,False
2FDC65793FE5,4,3,3.06342383585,2.68298285304,0.936576164148,0.317017146957,0.936576164148,False,False,False
2FEA68935FD9,2.5,3,2.97384646633,2.71422294301,0.473846466325,0.285777056993,0.473846466325,False,False,False
3.99E+11,3,3.5,3.20117475008,3.26933302517,0.201174750082,0.230666974833,0.230666974833,False,False,False
3003FD70AE6D,4.5,4.5,3.6786952028,3.49005259965,0.821304797202,1.00994740035,1.00994740035,True,False,True
3005AB9238DC,3,3.5,3.58785536772,3.47018723986,0.587855367718,0.0298127601422,0.587855367718,False,False,False
30386A7C8D79,4,3,3.68063875289,3.72706674318,0.319361247109,0.727066743177,0.727066743177,False,False,False
307A4AD3618C,3.5,3.5,2.9858533394,2.8800910183,0.514146660604,0.619908981702,0.619908981702,False,False,False
30832988F476,3,3,3.43683166603,3.14905102236,0.436831666035,0.149051022356,0.436831666035,False,False,False
30851C4D3083,4,4.5,3.537071956,3.56436942059,0.462928043998,0.935630579411,0.935630579411,False,False,False
3094C86F9818,3,2.5,3.68483865185,3.46915202692,0.684838651852,0.969152026922,0.969152026922,False,False,False
30A041802BD6,3,3,2.9602907108,2.7320795607,0.0397092891983,0.267920439301,0.267920439301,False,False,False
30D2D638D2D5,2.5,2,2.76629843492,2.51920875806,0.266298434924,0.519208758059,0.519208758059,False,False,False
30F9449A2F90,4,4,3.62915996927,3.54636400405,0.370840030728,0.453635995945,0.453635995945,False,False,False
310201844A5A,3.5,3.5,2.89349208929,3.21019429944,0.606507910708,0.28980570056,0.606507910708,False,False,False
311DB2B36941,4,3.5,3.29921144464,3.39930997116,0.700788555359,0.100690028835,0.700788555359,False,False,False
314E8BECDC81,3.5,3.5,3.26810526519,2.8299725957,0.231894734814,0.670027404299,0.670027404299,False,False,False
31620DE4AA8B,3,2,2.95196581135,2.66396468488,0.0480341886509,0.663964684875,0.663964684875,False,False,False
316BC8F49C0A,4,4.5,3.77645807707,3.56638029444,0.223541922933,0.933619705556,0.933619705556,False,False,False
3182AA4DA49A,3,3,3.40850280421,3.55144171214,0.408502804212,0.551441712143,0.551441712143,False,False,False
319547B4ABAA,3,3.5,3.08789066107,3.20562754454,0.0878906610699,0.294372455464,0.294372455464,False,False,False
31A831175A3F,3,2.5,3.28874030421,3.33309748537,0.288740304215,0.83309748537,0.83309748537,False,False,False
31C1A9D7C580,3.5,3.5,3.14645222919,3.00362989176,0.353547770809,0.496370108241,0.496370108241,False,False,False
31DEDD89C49A,3,3.5,3.21914177538,3.39490915567,0.219141775385,0.105090844333,0.219141775385,False,False,False
31FB79E16333,4,3,3.64517168529,3.2774995302,0.354828314709,0.277499530201,0.354828314709,False,False,False
31FEDC6FC2BD,3,3,2.77693145052,2.46767228452,0.223068549484,0.532327715482,0.532327715482,False,False,False
3228D45E0F40,3.5,2.5,2.66000923368,2.30552769331,0.83999076632,0.194472306688,0.83999076632,False,False,False
322B89BDF743,3,3,3.44890634286,3.38229219394,0.448906342859,0.382292193939,0.448906342859,False,False,False
3237F0C6E955,3.5,3,3.20176982049,3.03972321469,0.29823017951,0.0397232146917,0.29823017951,False,False,False
324F067BAE52,3,3,2.82919563728,2.47004274116,0.170804362724,0.529957258839,0.529957258839,False,False,False
32B2FDA9D3ED,3.5,4,3.40945740847,3.06413734214,0.0905425915308,0.935862657862,0.935862657862,False,False,False
332921BEC390,3,3.5,3.75860388802,3.68718448711,0.758603888018,0.187184487109,0.758603888018,False,False,False
332BE928E04A,3,2.5,3.42291243232,2.91285249344,0.422912432319,0.412852493443,0.422912432319,False,False,False
335697BE1F56,4.5,4.5,3.75304564814,3.80080273736,0.746954351862,0.699197262643,0.746954351862,False,False,False
337A0B3AD1AE,3,2,2.85960568002,2.44236449181,0.140394319978,0.442364491811,0.442364491811,False,False,False
3392251A95E6,3,2.5,2.88450690075,2.52813813625,0.115493099248,0.028138136253,0.115493099248,False,False,False
33967D70EEB9,3,2.5,3.52670195165,2.93222163498,0.526701951652,0.43222163498,0.526701951652,False,False,False
33A839B24788,3,3,3.19484291475,2.89787634575,0.194842914749,0.102123654248,0.194842914749,False,False,False
33B5A70B7B4B,3,4,3.57669840734,3.13112942329,0.576698407341,0.868870576707,0.868870576707,False,False,False
33BE3319F46F,3.5,2.5,3.17319528238,3.28593501288,0.326804717624,0.785935012881,0.785935012881,False,False,False
33DA094EF084,4,3,3.36709870514,3.46297561804,0.632901294859,0.462975618038,0.632901294859,False,False,False
33E098BC4A83,4,4,3.36519775024,3.04542068967,0.634802249759,0.954579310331,0.954579310331,False,False,False
33FD540FB9EA,3,3,3.16546247728,2.8292515613,0.165462477278,0.170748438699,0.170748438699,False,False,False
3457DFAD4CE1,3.5,4,3.11843406817,3.13580594714,0.381565931831,0.864194052862,0.864194052862,False,False,False
347C6FF60682,3.5,3.5,3.49418443727,3.39358464172,0.0058155627302,0.106415358279,0.106415358279,False,False,False
3480D4CCF0B5,4.5,4.5,3.51675763637,3.32599969531,0.983242363635,1.17400030469,1.17400030469,True,False,True
34A66EFBF3AA,3,2.5,2.63234942445,2.24415247282,0.367650575549,0.255847527181,0.367650575549,False,False,False
34BE5F5D7B9E,3,2,2.68312115725,2.38079286164,0.316878842754,0.380792861642,0.380792861642,False,False,False
34C40190E817,3.5,4,3.8783839599,3.69684348188,0.378383959899,0.303156518116,0.378383959899,False,False,False
34C810F20E41,3,2.5,3.29268132866,3.0351909816,0.292681328659,0.535190981601,0.535190981601,False,False,False
34D378212AD1,3.5,3.5,3.35564036969,3.55976789021,0.144359630312,0.0597678902071,0.144359630312,False,False,False
34DA35A20049,3,3,3.43297887339,3.41926526703,0.432978873389,0.419265267034,0.432978873389,False,False,False
34E77A9B1136,3.5,3,2.78704530116,2.36941553381,0.712954698839,0.630584466188,0.712954698839,False,False,False
3504E2757216,3,3.5,2.93066381284,2.68826479376,0.069336187162,0.811735206243,0.811735206243,False,False,False
35052A394131,3,2.5,2.85183672333,2.70602637104,0.148163276674,0.206026371036,0.206026371036,False,False,False
353A36AE4FB3,3.5,3.5,3.02206294736,2.63125522417,0.477937052637,0.868744775826,0.868744775826,False,False,False
353B54DDC133,3.5,3.5,3.20132524333,2.94695091093,0.298674756667,0.553049089067,0.553049089067,False,False,False
355CF45A46B1,3.5,3.5,3.20315209561,3.11680390895,0.296847904386,0.383196091054,0.383196091054,False,False,False
357A3AE05BE8,3.5,3,3.43438267297,2.82321845901,0.065617327026,0.176781540991,0.176781540991,False,False,False
35A29947DE9F,3,4,3.21496903249,3.32032668113,0.214969032487,0.679673318865,0.679673318865,False,False,False
35A63D4837BC,3,2.5,2.83616708783,2.8024050352,0.163832912173,0.302405035196,0.302405035196,False,False,False
35B430A94449,3,3.5,2.73757637508,2.71839895607,0.262423624916,0.781601043926,0.781601043926,False,False,False
35C91193E595,3.5,3,3.3496915619,2.85583465214,0.150308438101,0.144165347861,0.150308438101,False,False,False
35D64739B0D2,3,3,3.19541051662,3.04871712712,0.195410516617,0.0487171271218,0.195410516617,False,False,False
3623A9D212EE,3,2.5,3.16659000526,3.09762053903,0.166590005262,0.597620539028,0.597620539028,False,False,False
36311D8E825C,3,2,3.14229924619,2.83513314612,0.14229924619,0.835133146123,0.835133146123,False,False,False
364285D0C33B,3.5,3,3.11557681725,3.04199185282,0.384423182752,0.0419918528229,0.384423182752,False,False,False
366725B151D7,3.5,3.5,3.16801077445,2.96018086738,0.331989225552,0.539819132616,0.539819132616,False,False,False
3670CB1DD363,3.5,3.5,3.76843557743,3.46170037043,0.268435577431,0.038299629568,0.268435577431,False,False,False
367D082FB9F4,4,3,3.41332385436,3.33932419138,0.586676145636,0.339324191376,0.586676145636,False,False,False
368EA4021349,3.5,3,3.55338026575,3.52947191885,0.0533802657538,0.529471918847,0.529471918847,False,False,False
36D2192013B8,2.5,2.5,2.91999974547,2.62473350011,0.419999745466,0.124733500107,0.419999745466,False,False,False
36D44B34AE7B,3.5,4,3.69602078196,3.16761012685,0.196020781963,0.832389873145,0.832389873145,False,False,False
36E2681A6C2F,4,3,3.39323423536,3.0756160312,0.606765764641,0.0756160312029,0.606765764641,False,False,False
36F119F39108,3,3,3.44277983961,3.49056097089,0.442779839611,0.490560970889,0.490560970889,False,False,False
37155437896B,2,2.5,3.28636304114,3.07668789807,1.28636304114,0.576687898067,1.28636304114,True,True,False
37344DDF73D9,4,3.5,3.75926424191,3.59453330997,0.24073575809,0.0945333099697,0.24073575809,False,False,False
37423449B879,3.5,4,3.39762283553,3.35885125446,0.102377164467,0.641148745538,0.641148745538,False,False,False
374A3753D227,3,2,2.65109109642,2.31103995595,0.348908903579,0.311039955947,0.348908903579,False,False,False
3752FB872CE8,3,2.5,3.0042277013,2.66425212581,0.0042277013025,0.164252125812,0.164252125812,False,False,False
3770DB4908FF,3.5,3,3.60591882867,3.51059919905,0.105918828671,0.510599199051,0.510599199051,False,False,False
37CCCFE419BC,2.5,2.5,3.18697346877,2.91701058882,0.686973468774,0.417010588824,0.686973468774,False,False,False
37D4C99ADD01,3,3.5,3.17677464179,2.91371131435,0.176774641791,0.586288685649,0.586288685649,False,False,False
37F461B99305,3,3.5,3.07540107803,3.05988828382,0.075401078029,0.44011171618,0.44011171618,False,False,False
38128326D4AD,4,3,3.54178550146,3.21564208298,0.458214498543,0.215642082979,0.458214498543,False,False,False
38442D37BCD2,3,2.5,3.69854702599,3.70191229501,0.698547025993,1.20191229501,1.20191229501,True,False,True
384ED93D297A,3.5,3.5,3.45974976007,3.45308718827,0.0402502399302,0.0469128117298,0.0469128117298,False,False,False
38584D59365A,3.5,3.5,3.19979469956,2.79927050524,0.300205300441,0.700729494759,0.700729494759,False,False,False
3867639DFCE4,3,3.5,3.86747946583,3.71399896412,0.867479465826,0.213998964125,0.867479465826,False,False,False
38733F6A4A36,4,3,3.16428708748,2.76607483623,0.835712912519,0.233925163774,0.835712912519,False,False,False
3875FD41B005,3,2.5,2.876349546,2.52720017632,0.123650454005,0.0272001763165,0.123650454005,False,False,False
388F31A9A1A1,2.5,3,3.05437127867,2.91909101214,0.554371278668,0.0809089878554,0.554371278668,False,False,False
389B7B042C94,3,2.5,3.01934677758,2.53796120275,0.0193467775839,0.037961202746,0.037961202746,False,False,False
38A9AEE19B1D,3.5,3.5,3.53545166718,3.40322536065,0.0354516671758,0.0967746393468,0.0967746393468,False,False,False
38AE04AFEEFE,3.5,3.5,3.64739651397,3.25468713679,0.147396513968,0.24531286321,0.24531286321,False,False,False
38B5AFD473E1,3,3,3.05130969581,2.92176547339,0.0513096958073,0.0782345266061,0.0782345266061,False,False,False
38C3001D7D16,3.5,3.5,3.31963496007,3.43977256503,0.180365039934,0.060227434968,0.180365039934,False,False,False
38E03AE14C78,3,2.5,3.43662447447,3.0306551189,0.436624474469,0.530655118903,0.530655118903,False,False,False
38ED687FAEEF,3.5,3.5,2.76135297813,2.38681389268,0.738647021867,1.11318610732,1.11318610732,True,False,True
38F66216B09A,3,2,2.77204616616,2.50120228929,0.227953833841,0.501202289286,0.501202289286,False,False,False
38F68FC5317C,3,3,3.04438623145,2.4386116073,0.0443862314477,0.561388392698,0.561388392698,False,False,False
38FBEA0DC086,3.5,3.5,2.93628870769,2.85330727479,0.563711292308,0.646692725215,0.646692725215,False,False,False
38FD642A3223,3,3,3.38433047032,3.38047270215,0.384330470324,0.380472702148,0.384330470324,False,False,False
3930575684EB,3.5,3.5,3.56303496575,3.50586996805,0.0630349657521,0.00586996805046,0.0630349657521,False,False,False
394F40B7B922,2.5,2.5,2.81412402142,2.6121403528,0.314124021419,0.1121403528,0.314124021419,False,False,False
3954DF9C83CD,4,3,3.4189110755,3.09090719408,0.581088924504,0.0909071940785,0.581088924504,False,False,False
39AEA114D356,2.5,2.5,2.64956303456,2.44794574849,0.149563034559,0.0520542515109,0.149563034559,False,False,False
39C054F7CF00,3.5,3,3.29691577195,3.44061677701,0.203084228052,0.440616777007,0.440616777007,False,False,False
39C652D0822E,3.5,3,3.53359842002,3.39082471103,0.0335984200201,0.390824711031,0.390824711031,False,False,False
3A05F3FA6052,3.5,3,3.38603239479,2.8927440303,0.113967605208,0.107255969696,0.113967605208,False,False,False
3A1556C9C275,4,4.5,3.3562046208,3.0215881192,0.643795379198,1.4784118808,1.4784118808,True,False,True
3A4198F3522B,2.5,2.5,3.96266020693,3.77442618848,1.46266020693,1.27442618848,1.46266020693,True,True,True
3A4D3ABE5B2A,3,3.5,3.24939202005,3.03266374069,0.249392020053,0.467336259314,0.467336259314,False,False,False
3A4D49632B3B,2.5,2,2.62172054306,2.24836623236,0.121720543064,0.248366232362,0.248366232362,False,False,False
3A6517C8AA39,2.5,2.5,2.88355936868,2.74896223716,0.383559368676,0.248962237161,0.383559368676,False,False,False
3AB3FC197550,3,3,3.0804229152,2.76519639452,0.0804229151995,0.234803605481,0.234803605481,False,False,False
3AD64B4E25CD,3,2,3.47339248405,3.0349287142,0.473392484053,1.0349287142,1.0349287142,True,False,True
3AD91D812260,3,2,3.3222206742,2.93955175873,0.322220674197,0.939551758734,0.939551758734,False,False,False
3AEBBDC0B4A2,3,3.5,3.18335985453,2.92877733069,0.183359854533,0.571222669313,0.571222669313,False,False,False
3B3E4BEBE32D,4,3.5,3.30794159055,2.83986007627,0.692058409447,0.66013992373,0.692058409447,False,False,False
3B40A9710FBA,3,2.5,3.63892730313,3.68526317574,0.638927303131,1.18526317574,1.18526317574,True,False,True
3B4B3FC503DC,3.5,2.5,3.15071966743,2.68135125531,0.349280332571,0.18135125531,0.349280332571,False,False,False
3B4F715F787B,3.5,4,3.41733853897,3.36665427972,0.0826614610272,0.633345720276,0.633345720276,False,False,False
3B5F512BDE39,2.5,2.5,3.0480173929,2.80619671342,0.548017392896,0.306196713421,0.548017392896,False,False,False
3B62370779A1,3,2,3.32368184533,2.87889558331,0.323681845326,0.878895583313,0.878895583313,False,False,False
3B660D6010E3,3.5,4,3.60924887053,3.66092188106,0.109248870529,0.339078118943,0.339078118943,False,False,False
3B7430E38767,3,2.5,3.06301908592,2.54326626881,0.0630190859208,0.0432662688133,0.0630190859208,False,False,False
3B74F5C263C2,3,2,3.53118139532,3.10500504325,0.531181395319,1.10500504325,1.10500504325,True,False,True
3B91630212AF,3,2,2.61372768151,2.27797871054,0.386272318492,0.277978710538,0.386272318492,False,False,False
3BB94ABF8E02,4.5,4.5,3.64885533299,3.38108266692,0.851144667007,1.11891733308,1.11891733308,True,False,True
3BCD9AA3A1F7,2.5,2,2.72588752154,2.41842057411,0.225887521544,0.418420574108,0.418420574108,False,False,False
3C05F5FC558A,4,4,3.26008235765,3.34885185604,0.739917642352,0.651148143963,0.739917642352,False,False,False
3C133B27FD35,3,3.5,3.53267813757,3.13018575407,0.532678137565,0.36981424593,0.532678137565,False,False,False
3C1BAB16C568,2,2,2.74455523987,2.30110215403,0.744555239875,0.301102154025,0.744555239875,False,False,False
3C1FC3E5E3B4,3.5,3,3.67414866954,3.44728677701,0.174148669541,0.447286777006,0.447286777006,False,False,False
3C2032CEEC9C,3,2,3.36195947867,2.9035077806,0.361959478667,0.903507780596,0.903507780596,False,False,False
3C20C195AF66,3.5,4,3.40565340709,3.33672947557,0.0943465929061,0.663270524431,0.663270524431,False,False,False
3C442451101C,2.5,3,3.03041613398,2.90178745911,0.530416133977,0.098212540885,0.530416133977,False,False,False
3C7D5BB904A8,3,3,2.90619241351,2.53370397001,0.0938075864876,0.466296029988,0.466296029988,False,False,False
3C818D5455E0,4.5,4.5,3.8501019392,3.77663043154,0.649898060797,0.723369568465,0.723369568465,False,False,False
3C9BB6363CD4,3.5,4,3.53539577014,3.35881460563,0.0353957701404,0.641185394369,0.641185394369,False,False,False
3CA1A4324D53,3.5,3,3.5860650447,3.37326514037,0.0860650447042,0.373265140369,0.373265140369,False,False,False
3CA8DFA49511,2.5,2.5,2.99456470909,2.39495213844,0.49456470909,0.105047861556,0.49456470909,False,False,False
3CB1B6AACD95,2.5,2.5,3.13052203904,3.01138672262,0.630522039044,0.51138672262,0.630522039044,False,False,False
3CB26FC60794,3.5,3,3.71117803246,3.30283363632,0.211178032456,0.302833636323,0.302833636323,False,False,False
3CD2C9F56CB1,3,3.5,3.31739471895,3.43282327783,0.317394718952,0.067176722167,0.317394718952,False,False,False
3CDE1D9E6E57,4.5,5,3.68601071462,3.23408572803,0.813989285377,1.76591427197,1.76591427197,True,False,True
3D09B9957F9C,2.5,2,2.98322728893,2.43031362767,0.483227288927,0.43031362767,0.483227288927,False,False,False
3D0E5A23035C,4,3,3.58046244388,3.19630961106,0.419537556118,0.196309611059,0.419537556118,False,False,False
3D24EE77F079,3,2.5,2.8244001033,2.60217815607,0.175599896705,0.102178156066,0.175599896705,False,False,False
3D5A91F03F09,3,3,3.20860923012,3.25273882805,0.208609230124,0.25273882805,0.25273882805,False,False,False
3D6C67E3EA20,4,3.5,3.4885249008,3.05199508448,0.511475099202,0.448004915522,0.511475099202,False,False,False
3D73663FE12D,2.5,2,3.3441560997,2.89522262235,0.8441560997,0.895222622345,0.895222622345,False,False,False
3D898B9B5708,2.5,2,2.93773832259,2.34550692454,0.437738322593,0.345506924539,0.437738322593,False,False,False
3D941A609DDA,4,3.5,3.57314707819,3.25940818192,0.426852921815,0.24059181808,0.426852921815,False,False,False
3D96910E1239,3,2.5,3.56579009683,3.14782420118,0.565790096829,0.647824201183,0.647824201183,False,False,False
3DEAB76EE0C4,3,3,2.61372928945,2.43197792734,0.386270710548,0.568022072658,0.568022072658,False,False,False
3E47DA330201,4.5,4,3.49467684404,3.1787270254,1.00532315596,0.8212729746,1.00532315596,True,True,False
3E5D59BA1440,4,3,3.02188031495,2.63780815836,0.978119685045,0.362191841642,0.978119685045,False,False,False
3E85CCEE0601,2.5,2.5,3.09348038977,3.13765292314,0.593480389772,0.63765292314,0.63765292314,False,False,False
3E985C0CA51A,3.5,3,3.69515065374,3.67503661928,0.19515065374,0.675036619278,0.675036619278,False,False,False
3EE4C10E9149,3.5,4,4.20273972701,3.96496308806,0.702739727012,0.0350369119406,0.702739727012,False,False,False
3EE9BA9B31D6,3,3.5,3.23745084699,3.39095572582,0.237450846987,0.109044274184,0.237450846987,False,False,False
3F00345B8BA6,4,4.5,3.35618363746,3.40153362552,0.643816362538,1.09846637448,1.09846637448,True,False,True
3F12BC08B53F,3,4,3.28604406426,3.23922104419,0.286044064263,0.760778955814,0.760778955814,False,False,False
3F443A810D91,3,3,3.02592572329,2.94836120314,0.0259257232943,0.0516387968602,0.0516387968602,False,False,False
3F7B0E366665,4,3.5,2.98694960623,2.71060045455,1.01305039377,0.789399545451,1.01305039377,True,True,False
3F8441CBAA82,3,3,3.12683477825,2.97066039541,0.126834778254,0.0293396045911,0.126834778254,False,False,False
3FA34FE01526,3,3,3.39373509004,3.56427963292,0.393735090043,0.564279632923,0.564279632923,False,False,False
3FB14087996F,3.5,3,2.98982557551,2.77451169996,0.510174424493,0.225488300042,0.510174424493,False,False,False
3FC799617EB3,2.5,2,2.79724756043,2.22094399743,0.297247560435,0.220943997427,0.297247560435,False,False,False
3FFE3AFE2395,3.5,3.5,3.43621781091,3.46934688122,0.0637821890932,0.0306531187765,0.0637821890932,False,False,False
4.37E+11,3,3,3.28008500178,2.9125807807,0.280085001782,0.0874192193043,0.280085001782,False,False,False
4.96E+11,3,2.5,3.2018394956,3.22114025585,0.201839495601,0.721140255845,0.721140255845,False,False,False
40007FDDC453,3,3,3.14519498881,2.8788533556,0.145194988806,0.121146644402,0.145194988806,False,False,False
400B644C071E,3,3,3.59468158804,3.56159673789,0.594681588044,0.56159673789,0.594681588044,False,False,False
4011A2544FDD,3,4,3.21404056043,3.13995136564,0.214040560426,0.860048634358,0.860048634358,False,False,False
401217D9AB7B,2.5,3.5,3.05169253282,2.6852363672,0.551692532821,0.814763632801,0.814763632801,False,False,False
40179579DB49,4,3.5,3.42045322803,3.08859890656,0.57954677197,0.411401093441,0.57954677197,False,False,False
401DE7ACFA97,3,2.5,3.18206602395,2.82374780551,0.182066023949,0.323747805507,0.323747805507,False,False,False
4030DE7F410E,4,3.5,3.06558876427,2.52108712316,0.934411235731,0.978912876836,0.978912876836,False,False,False
403A374940A6,3.5,3,3.17022687902,3.04072678687,0.329773120979,0.0407267868744,0.329773120979,False,False,False
4066CB3792EA,3,3.5,3.471925664,3.36907751635,0.471925664,0.13092248365,0.471925664,False,False,False
4071DCC4EF32,3,2,3.04450555097,2.44700202782,0.0445055509746,0.447002027816,0.447002027816,False,False,False
40B1E8E6BE6E,2.5,3,2.91112945311,2.95844610099,0.411129453106,0.0415538990144,0.411129453106,False,False,False
40D0F17FC41C,3,2.5,2.83693411139,2.33566031758,0.163065888615,0.164339682417,0.164339682417,False,False,False
40F936ABBDFD,3.5,3.5,3.35101337434,3.43178757111,0.148986625661,0.0682124288893,0.148986625661,False,False,False
40F9DCD1794D,3.5,3,3.42416538401,3.51324659334,0.075834615991,0.513246593339,0.513246593339,False,False,False
412CC8B23027,3.5,3,3.17689193139,3.30497916488,0.323108068608,0.304979164882,0.323108068608,False,False,False
4130C1E55000,3.5,2.5,3.44139709409,3.1255306958,0.05860290591,0.625530695803,0.625530695803,False,False,False
413E0A5AE69C,4,4,3.50740362608,3.28183897647,0.492596373918,0.71816102353,0.71816102353,False,False,False
4146F6D6DA74,4,3.5,3.50787907747,3.58188185669,0.492120922535,0.0818818566901,0.492120922535,False,False,False
4167630691D3,3,3,3.29432049323,3.32995624215,0.294320493234,0.329956242152,0.329956242152,False,False,False
416BE2C0D3A1,3,3,3.31726004901,3.15934731995,0.317260049006,0.15934731995,0.317260049006,False,False,False
4176E05183E0,3,2.5,3.52217334841,3.21959429105,0.522173348407,0.719594291049,0.719594291049,False,False,False
41AEF2D0D03E,2.5,2.5,2.90643714571,2.62120227499,0.406437145713,0.12120227499,0.406437145713,False,False,False
41CE9804B226,3,2.5,3.15398580983,2.52478611121,0.153985809829,0.0247861112069,0.153985809829,False,False,False
41E1F163E26E,3,2.5,2.77668899331,2.39830955157,0.223311006691,0.101690448434,0.223311006691,False,False,False
41E7B2A49FAF,3,2.5,3.49889571909,3.25556159506,0.498895719095,0.755561595059,0.755561595059,False,False,False
41F11AC58B17,3.5,3.5,3.33379678679,3.50580097668,0.166203213209,0.00580097668322,0.166203213209,False,False,False
41F41C454794,3,2,3.00738996333,2.85027257717,0.00738996332775,0.850272577166,0.850272577166,False,False,False
41FEC0DBAA7F,4,3,3.323162686,3.44827017241,0.676837313997,0.448270172415,0.676837313997,False,False,False
42031E46ADA3,3.5,3,3.24175830244,2.93095812477,0.258241697563,0.0690418752296,0.258241697563,False,False,False
420B1BB01B16,4,4,3.56466956237,3.32249160442,0.435330437633,0.677508395578,0.677508395578,False,False,False
42101819B738,3,4,3.17102397092,3.30380798629,0.171023970916,0.696192013713,0.696192013713,False,False,False
4210C4CA9806,3,3.5,3.08515932893,3.25211617173,0.0851593289347,0.247883828273,0.247883828273,False,False,False
422E3DF5F244,3,3.5,2.93902497391,2.86825294334,0.0609750260876,0.631747056659,0.631747056659,False,False,False
425A82E1A7D8,3.5,3.5,3.11404912478,3.26436502177,0.385950875223,0.235634978228,0.385950875223,False,False,False
4271EB1D90F1,3.5,4,3.56699293323,3.67417622378,0.0669929332264,0.325823776218,0.325823776218,False,False,False
42A8A8E04B3A,3.5,3,3.38000918797,3.05682767608,0.119990812034,0.0568276760809,0.119990812034,False,False,False
42D8CB22DADA,3,2.5,3.31569927602,3.38395816964,0.315699276021,0.88395816964,0.88395816964,False,False,False
42FB6D5C60ED,3.5,3,2.66536146344,2.3451302261,0.834638536564,0.654869773895,0.834638536564,False,False,False
4307357DB16A,2,2,2.47680250429,2.40656074681,0.476802504292,0.406560746808,0.476802504292,False,False,False
430C1B16922B,3,3,3.30524091694,3.10640408164,0.305240916935,0.106404081643,0.305240916935,False,False,False
434B89C9C323,3,2.5,3.42593944978,3.25667436095,0.425939449776,0.756674360953,0.756674360953,False,False,False
4354C616F94F,3,3,3.61591822262,3.6347658245,0.615918222624,0.634765824503,0.634765824503,False,False,False
4362342B2DAB,3,3,3.52736922731,3.21139887541,0.52736922731,0.211398875408,0.52736922731,False,False,False
43A49D21021B,3,2.5,3.39452072267,2.96368030062,0.394520722669,0.463680300623,0.463680300623,False,False,False
43B91A2F96F1,3,4,3.58580545205,3.61739276527,0.585805452048,0.382607234734,0.585805452048,False,False,False
43E2BB02C59D,3,3.5,3.65326646878,3.22104097763,0.653266468779,0.278959022365,0.653266468779,False,False,False
43F98D8020CF,3.5,3,3.08317813544,2.5660764522,0.416821864559,0.433923547795,0.433923547795,False,False,False
441BEC6F1FF5,3,2,3.21197066604,3.15107325792,0.211970666036,1.15107325792,1.15107325792,True,False,True
441D491C3F2B,3,3,3.18519189873,3.06183049316,0.185191898734,0.0618304931635,0.185191898734,False,False,False
4437878B088C,4,4,3.88935814756,3.85115555401,0.110641852445,0.148844445988,0.148844445988,False,False,False
444EE58641C2,3.5,3.5,3.52337331662,3.54809222333,0.0233733166177,0.0480922233303,0.0480922233303,False,False,False
44760E0F02B0,3,3.5,2.65551126093,2.48997606082,0.344488739073,1.01002393918,1.01002393918,True,False,True
4480C28C2FCB,3,3.5,2.93015106408,2.45088040528,0.0698489359183,1.04911959472,1.04911959472,True,False,True
44A96D63935A,4,3,3.44160229824,2.98687249285,0.558397701761,0.0131275071548,0.558397701761,False,False,False
44C1C893E1F4,3.5,4.5,3.26995682931,3.35303511397,0.230043170692,1.14696488603,1.14696488603,True,False,True
44EBBDE247AD,4,3.5,3.64032040594,3.59171872095,0.359679594061,0.0917187209528,0.359679594061,False,False,False
44FD30777ED7,4,3.5,3.8881057162,3.72238691526,0.111894283797,0.222386915264,0.222386915264,False,False,False
450C5438A561,3.5,4,3.30185841083,3.03661383943,0.198141589168,0.963386160567,0.963386160567,False,False,False
4523C54AD30A,3,2.5,3.2105708051,2.81146913759,0.210570805101,0.311469137594,0.311469137594,False,False,False
4533273010BD,3,3.5,3.00282470719,2.85038973539,0.00282470718969,0.649610264607,0.649610264607,False,False,False
45378B25E66E,3.5,3,3.14494973264,2.58571389591,0.35505026736,0.414286104091,0.414286104091,False,False,False
4545C3BA65E7,3.5,3,3.07249918003,2.57321492279,0.427500819973,0.426785077211,0.427500819973,False,False,False
454DEE35F518,2.5,2.5,3.37366503701,3.47228749011,0.873665037014,0.972287490112,0.972287490112,False,False,False
457549C51576,3.5,3.5,3.17733993801,3.27440798842,0.322660061986,0.225592011579,0.322660061986,False,False,False
457B00D8B951,4,4.5,3.30135147959,3.50849079582,0.698648520409,0.991509204176,0.991509204176,False,False,False
45A7755F4F43,3.5,3,3.26271515918,2.84632651122,0.237284840818,0.153673488779,0.237284840818,False,False,False
45F2A76AD999,3,3,3.14405529823,2.76004339096,0.144055298234,0.239956609044,0.239956609044,False,False,False
460BB140DB78,3,3.5,3.36276729295,3.2575909811,0.36276729295,0.242409018898,0.36276729295,False,False,False
461478335BAB,3,2.5,3.23727617819,2.99201758793,0.237276178185,0.492017587927,0.492017587927,False,False,False
4618DCF43061,4,3,3.58789311889,3.23387653891,0.412106881111,0.233876538912,0.412106881111,False,False,False
462EC285B036,3.5,3,3.6037528755,3.10336563009,0.103752875497,0.103365630095,0.103752875497,False,False,False
4639878D6C17,3,2.5,2.98603745752,2.81445760492,0.0139625424804,0.314457604916,0.314457604916,False,False,False
4689DDBC445C,3.5,2,3.13317283469,2.66492971995,0.36682716531,0.664929719947,0.664929719947,False,False,False
468BDD0CA1F5,3.5,3,3.26655729273,3.42325220796,0.233442707266,0.423252207959,0.423252207959,False,False,False
468C4FFD8040,3.5,4,3.86922789533,3.79178194177,0.369227895328,0.208218058226,0.369227895328,False,False,False
468EF37C2F2C,3.5,3,3.17046661436,2.83528349321,0.329533385642,0.164716506787,0.329533385642,False,False,False
468F72152475,3,4,3.33421919191,3.37227579072,0.334219191911,0.627724209283,0.627724209283,False,False,False
47075653744C,3,3.5,3.37300969597,3.38310016567,0.373009695968,0.116899834334,0.373009695968,False,False,False
471ADCA51497,3,3,3.23602658163,3.38327445,0.236026581628,0.38327445,0.38327445,False,False,False
4723F83440D4,3.5,3.5,3.77904869735,3.84941403816,0.279048697353,0.349414038165,0.349414038165,False,False,False
474CC11D250E,3.5,3.5,3.1045042854,2.80666825544,0.395495714605,0.693331744561,0.693331744561,False,False,False
47925F54FD13,3,3,3.45704008487,3.03589439535,0.457040084869,0.035894395348,0.457040084869,False,False,False
479D3ED0CC1E,2.5,2.5,3.07539808157,2.96024647248,0.575398081573,0.460246472485,0.575398081573,False,False,False
47A1277A181F,3,3.5,2.873572465,2.9505357065,0.126427535004,0.549464293499,0.549464293499,False,False,False
47A858ED385B,3,2,3.18739626667,3.35609602933,0.187396266675,1.35609602933,1.35609602933,True,False,True
47CA31054C81,2.5,3.5,3.27870519883,3.46747928945,0.778705198829,0.0325207105493,0.778705198829,False,False,False
47DCB7763FF9,4,3,3.67771494815,3.19241486318,0.322285051846,0.192414863184,0.322285051846,False,False,False
47DDBF9CA1A3,4,3.5,3.54725601548,3.39390525717,0.45274398452,0.10609474283,0.45274398452,False,False,False
47E5F4259C34,4.5,4.5,3.96910644647,3.8828818762,0.530893553528,0.6171181238,0.6171181238,False,False,False
480E59F42326,2.5,2,3.00445141782,2.60025081772,0.50445141782,0.600250817717,0.600250817717,False,False,False
4836CEBE11E2,3.5,4,3.06868084102,3.25364441629,0.431319158976,0.746355583709,0.746355583709,False,False,False
48379FE11E37,3,2.5,2.98931790699,2.68484662556,0.0106820930137,0.184846625559,0.184846625559,False,False,False
484434E30EE8,3,2,2.53458676045,2.28286144963,0.465413239551,0.282861449629,0.465413239551,False,False,False
484D339A6831,3.5,3,2.98566080745,2.78251168884,0.514339192546,0.217488311164,0.514339192546,False,False,False
484EA4DDA5D8,3,2,2.80075454998,2.61241199429,0.199245450021,0.612411994294,0.612411994294,False,False,False
48600CC6449A,2.5,2.5,3.01547795565,2.91362471065,0.515477955645,0.413624710654,0.515477955645,False,False,False
488512B6F0B8,4,3,3.65679696175,3.43376031192,0.343203038248,0.433760311918,0.433760311918,False,False,False
48A4203A1A20,2.5,3,2.65267761278,2.37879694411,0.152677612782,0.621203055889,0.621203055889,False,False,False
48CD3C2E57E9,3,2,3.2780114513,2.79517222835,0.278011451303,0.795172228347,0.795172228347,False,False,False
48CE4CFF4C8E,3,2.5,3.19732502496,2.8780987752,0.197325024958,0.378098775201,0.378098775201,False,False,False
48CFF85660F4,3.5,3.5,3.1854416397,2.64088047852,0.314558360303,0.859119521476,0.859119521476,False,False,False
48D37EF2FB73,3,3,3.44157031368,3.29020241599,0.441570313684,0.290202415993,0.441570313684,False,False,False
48DAAFE10A02,4.5,4.5,3.63185772878,3.50683735279,0.868142271221,0.993162647206,0.993162647206,False,False,False
48DFA71F8A58,3,2.5,2.79909769175,2.44681647431,0.200902308246,0.0531835256939,0.200902308246,False,False,False
48E86A1D4331,4,3.5,3.48688215899,3.14881649799,0.513117841008,0.351183502011,0.513117841008,False,False,False
48EE16BE5D49,3.5,3,3.5168545164,3.53550057796,0.0168545163993,0.535500577959,0.535500577959,False,False,False
4926FE9DFB45,3,3,3.60133257372,3.37537810389,0.601332573724,0.375378103888,0.601332573724,False,False,False
492ED47AC122,3,4,3.17168300059,3.33285895531,0.171683000588,0.667141044686,0.667141044686,False,False,False
492FF7D7E726,3.5,2.5,4.10042333669,3.90986291581,0.600423336687,1.40986291581,1.40986291581,True,False,True
494796746D6C,2.5,3,3.07825288587,3.01105058991,0.578252885875,0.0110505899135,0.578252885875,False,False,False
495D19739645,3.5,3.5,3.63174479107,3.1094138848,0.131744791067,0.390586115202,0.390586115202,False,False,False
496C82ED5C7D,2.5,2,2.58997310752,2.18296619107,0.0899731075192,0.182966191068,0.182966191068,False,False,False
49948514DE35,4.5,3.5,3.89851937433,3.73425143245,0.60148062567,0.234251432454,0.60148062567,False,False,False
4994A639ED75,4,3,3.3744923515,3.10230342476,0.625507648495,0.102303424763,0.625507648495,False,False,False
4997306E980D,3,2.5,3.25156004918,2.95832805887,0.251560049185,0.458328058871,0.458328058871,False,False,False
49B2F5E28A13,4,4,3.23258112551,3.48048191271,0.767418874488,0.519518087286,0.767418874488,False,False,False
49BABF3BEF2F,4,4.5,3.71188967656,3.58599318446,0.288110323444,0.914006815539,0.914006815539,False,False,False
49EFF02DB815,2.5,2,2.90260238414,2.57849609304,0.402602384138,0.578496093039,0.578496093039,False,False,False
4A072A1632BB,2.5,2.5,3.00962488608,2.70560364723,0.509624886079,0.205603647231,0.509624886079,False,False,False
4A10B3C41630,3,3.5,3.19797215306,2.81863909814,0.197972153064,0.68136090186,0.68136090186,False,False,False
4A19AFC24A02,3,3.5,3.17187786207,2.90842980808,0.171877862071,0.591570191916,0.591570191916,False,False,False
4A250182282E,3,2,2.70024447094,2.46270308558,0.299755529059,0.462703085576,0.462703085576,False,False,False
4A2796E31DF2,3.5,3,3.13820541458,2.78258830139,0.361794585421,0.217411698614,0.361794585421,False,False,False
4A3A73608D0E,4,2.5,3.23252045545,2.94291550406,0.767479544545,0.442915504055,0.767479544545,False,False,False
4A44F1972288,3.5,3,3.08355730741,2.92131039653,0.416442692591,0.0786896034725,0.416442692591,False,False,False
4A4A4535C3B9,4,3,3.7357255746,3.65882526411,0.264274425404,0.658825264108,0.658825264108,False,False,False
4A5FFF41E5E7,3,2.5,3.02090754822,2.90256197545,0.0209075482195,0.402561975453,0.402561975453,False,False,False
4A775DDDF0B1,3,3.5,3.54759516221,3.47711568407,0.547595162206,0.0228843159347,0.547595162206,False,False,False
4A86F1C63480,5,4.5,4.15132849419,3.97148941612,0.848671505805,0.528510583882,0.848671505805,False,False,False
4A8ED1FD3636,3.5,3,3.25689627818,2.90852217367,0.243103721817,0.091477826326,0.243103721817,False,False,False
4A91B930DF29,4,3.5,3.39561086317,3.31287744518,0.604389136832,0.187122554817,0.604389136832,False,False,False
4AE3CC96E33E,3,2,3.25161844815,2.99991738247,0.251618448152,0.999917382469,0.999917382469,False,False,False
4B25EDB36089,3.5,3,2.93805531404,2.9552856165,0.561944685958,0.0447143835046,0.561944685958,False,False,False
4B5B210CB016,3,3,2.82264569584,2.68987249688,0.177354304163,0.310127503123,0.310127503123,False,False,False
4B7096501781,3,3,2.96964621295,2.57432168486,0.030353787052,0.425678315143,0.425678315143,False,False,False
4B8BFC292EF5,3,3,3.00681865415,2.87785824995,0.00681865415183,0.122141750054,0.122141750054,False,False,False
4B8DA6C2D322,3,3,2.63831594439,2.25450325326,0.361684055612,0.745496746745,0.745496746745,False,False,False
4BB857FA140D,2.5,2,2.93529540928,2.4208636256,0.435295409285,0.420863625596,0.435295409285,False,False,False
4BDCC37EE2F3,3.5,2.5,2.80249845337,2.27403163754,0.697501546628,0.225968362456,0.697501546628,False,False,False
4BDFD3B3C521,2.5,3,3.22178063884,2.91567502465,0.721780638844,0.0843249753528,0.721780638844,False,False,False
4BE05E82E10B,2.5,2.5,2.79228829247,2.65480276966,0.292288292473,0.154802769663,0.292288292473,False,False,False
4BEBAD919DE4,4,3,3.35296142105,3.34271238568,0.647038578947,0.34271238568,0.647038578947,False,False,False
4BF2F2E90758,3.5,3,3.79126336951,3.70202092575,0.291263369513,0.702020925752,0.702020925752,False,False,False
4BF5BD48F3DB,3.5,3,3.12582408369,3.08276280483,0.37417591631,0.0827628048302,0.37417591631,False,False,False
4BF751CE8F41,2,2,2.77722930667,2.51917223781,0.777229306672,0.519172237809,0.777229306672,False,False,False
4C1783D806CE,3,2.5,2.92906432323,2.67015396358,0.0709356767741,0.170153963584,0.170153963584,False,False,False
4C279C5BA0E5,3.5,2.5,3.32044781343,2.901746073,0.179552186569,0.401746072999,0.401746072999,False,False,False
4C6E08E611EA,3.5,3.5,3.30945773974,3.55644775162,0.190542260255,0.0564477516162,0.190542260255,False,False,False
4CA9678B07BE,3,3,3.54411014052,3.15522196806,0.544110140524,0.155221968057,0.544110140524,False,False,False
4CB32D5E9E67,3,3.5,2.88951066768,2.48471495351,0.110489332321,1.01528504649,1.01528504649,True,False,True
4CBF3F0B2FCC,3.5,3,2.83162081153,2.47068578717,0.668379188473,0.529314212831,0.668379188473,False,False,False
4CF311D90E96,3.5,4,3.06933771665,3.252021293,0.430662283347,0.747978706996,0.747978706996,False,False,False
4CFCFA31F50D,3.5,3,3.64912253915,3.64521484127,0.149122539152,0.645214841274,0.645214841274,False,False,False
4CFFB607101B,3.5,3,3.22269722562,2.88778858915,0.277302774375,0.112211410854,0.277302774375,False,False,False
4D24CE1CD162,3.5,3,2.99493960046,2.70075707857,0.505060399537,0.299242921425,0.505060399537,False,False,False
4D4683449914,3.5,4,3.54376709084,3.18308383537,0.0437670908408,0.816916164629,0.816916164629,False,False,False
4D48FC9FAED4,3.5,3,3.53078767611,3.43943416045,0.0307876761094,0.439434160452,0.439434160452,False,False,False
4D50313E8495,2,2,2.76634361032,2.54685960572,0.766343610315,0.546859605724,0.766343610315,False,False,False
4D60247D96CE,3.5,3.5,3.3306452548,3.4254549448,0.1693547452,0.0745450552038,0.1693547452,False,False,False
4D6545222FE4,2.5,3,2.98235095568,2.68265077104,0.482350955681,0.31734922896,0.482350955681,False,False,False
4D842289ADE3,4.5,4,3.28117843951,3.35105375212,1.21882156049,0.648946247879,1.21882156049,True,True,False
4DAECACDEFF2,3.5,3.5,3.8011450757,3.72583341308,0.301145075699,0.225833413077,0.301145075699,False,False,False
4DCDD74899A4,3,3,3.60574611958,3.30090985302,0.605746119582,0.300909853022,0.605746119582,False,False,False
4DFC3636D45C,3.5,3.5,3.30387146516,3.35282852782,0.196128534837,0.14717147218,0.196128534837,False,False,False
4E1D9FCFF386,3,2.5,2.89863966008,2.69388567253,0.10136033992,0.193885672526,0.193885672526,False,False,False
4E1FF7795A48,3.5,3,3.44773090708,3.38588516765,0.0522690929214,0.385885167648,0.385885167648,False,False,False
4E3E28469C88,3,2,3.35609024183,2.98454388215,0.356090241826,0.984543882154,0.984543882154,False,False,False
4E3FEE69D23E,3,2,3.05643516596,2.55135002429,0.056435165963,0.551350024291,0.551350024291,False,False,False
4E6BBA69EAFC,4,3.5,3.24333309475,3.43278741184,0.756666905254,0.0672125881589,0.756666905254,False,False,False
4E9FF907AB47,3.5,2.5,3.60511687879,3.55726867873,0.105116878793,1.05726867873,1.05726867873,True,False,True
4EA25671C1FA,3.5,3,3.0572817124,2.62997492986,0.442718287598,0.370025070135,0.442718287598,False,False,False
4EAE3326A33A,4,4.5,3.47218069067,3.53215866197,0.527819309331,0.96784133803,0.96784133803,False,False,False
4EBA44D861BE,3.5,4,3.21401864472,3.40591127738,0.285981355276,0.594088722623,0.594088722623,False,False,False
4ECF262EE305,5,3.5,4.18580070923,4.00396909376,0.814199290766,0.503969093759,0.814199290766,False,False,False
4ECF937899CF,3,3.5,3.15465461702,2.81218911716,0.154654617018,0.687810882837,0.687810882837,False,False,False
4ED60E89D535,3.5,4,3.70078000052,3.48962272002,0.200780000523,0.510377279977,0.510377279977,False,False,False
4EEBCFFE59EC,3,4,2.96196531881,3.00143146118,0.0380346811857,0.998568538819,0.998568538819,False,False,False
4F2124681E9A,3,3,3.37753235404,3.32034586491,0.377532354036,0.320345864907,0.377532354036,False,False,False
4F3199E4F0E3,3.5,3,3.30348698041,3.09609396975,0.196513019587,0.0960939697524,0.196513019587,False,False,False
4F3B770016BF,4.5,4,3.65729151999,3.46004442631,0.84270848001,0.539955573691,0.84270848001,False,False,False
4F3D7B25DD69,3.5,3.5,3.37163233373,3.18221470104,0.12836766627,0.31778529896,0.31778529896,False,False,False
4F42DEFB0A1B,4,4,3.69343497823,3.54937747621,0.306565021767,0.450622523792,0.450622523792,False,False,False
4F66168C7DF8,3.5,3,3.59017239667,3.55000438955,0.0901723966698,0.550004389552,0.550004389552,False,False,False
4F95D374C29F,2,2.5,3.1036020258,2.90852237626,1.1036020258,0.408522376262,1.1036020258,True,True,False
4FA52B61777E,2.5,2,3.29029000685,3.03530947938,0.790290006846,1.03530947938,1.03530947938,True,False,True
4FC8D334EAA5,3,3,3.04685129519,2.87396828673,0.0468512951891,0.126031713267,0.126031713267,False,False,False
4FCC4BEB161A,4,4.5,3.67106866656,3.66315849442,0.32893133344,0.836841505583,0.836841505583,False,False,False
4FD2B58768E2,3,2,2.78969556866,2.43230298887,0.210304431341,0.432302988868,0.432302988868,False,False,False
4FDDA15D9D7A,3,3.5,3.19346495979,3.45628074714,0.193464959787,0.0437192528556,0.193464959787,False,False,False
4FE8CD4987B6,3,3,3.06879454683,3.17033826467,0.0687945468265,0.170338264671,0.170338264671,False,False,False
50165AB9C6F2,3,3.5,3.28681067605,3.20287994023,0.286810676049,0.297120059769,0.297120059769,False,False,False
50296CC178CC,4,2.5,3.1394240357,2.80917126574,0.860575964302,0.309171265741,0.860575964302,False,False,False
502C8229C78C,3,3,2.93629461823,2.6167399673,0.0637053817715,0.3832600327,0.3832600327,False,False,False
503E3408D6C5,3,3.5,3.50962461815,3.5583332467,0.509624618148,0.0583332467048,0.509624618148,False,False,False
50402AFED87E,3,2.5,2.81077617363,2.58292997303,0.18922382637,0.0829299730254,0.18922382637,False,False,False
505A033B2BF9,4,3,2.9911784757,2.77562025979,1.0088215243,0.224379740206,1.0088215243,True,True,False
505F187709C1,4,3,3.20589821519,3.02628075277,0.79410178481,0.0262807527691,0.79410178481,False,False,False
50664D0C220C,3,3,2.98456260894,2.73303878115,0.0154373910639,0.266961218855,0.266961218855,False,False,False
5076A90622EC,3,3.5,3.35459043751,3.46509363082,0.354590437508,0.0349063691802,0.354590437508,False,False,False
507FAD8DAFB0,2.5,3,3.03619937549,2.69381113524,0.536199375493,0.306188864762,0.536199375493,False,False,False
5086E20438E9,3,2,2.56068536418,2.55169925225,0.439314635816,0.551699252247,0.551699252247,False,False,False
508853185AB2,3,3.5,3.1397353752,2.87384158941,0.139735375199,0.626158410589,0.626158410589,False,False,False
508A842957AD,2.5,2,2.66771599978,2.21430115712,0.167715999784,0.214301157124,0.214301157124,False,False,False
508EDA64C532,4,3.5,3.22989865849,2.92008047828,0.770101341506,0.579919521724,0.770101341506,False,False,False
5097C95EF5EF,3,3.5,3.16720708101,3.30786557467,0.167207081009,0.192134425328,0.192134425328,False,False,False
50B37A61BE1E,2.5,3,3.23919137751,3.28439612015,0.739191377507,0.284396120147,0.739191377507,False,False,False
50B8FE205F1D,3.5,3,3.42893618891,3.24325652772,0.0710638110867,0.243256527724,0.243256527724,False,False,False
50E98F3FCC76,2.5,2,2.40739954045,2.14907027969,0.0926004595539,0.149070279686,0.149070279686,False,False,False
50F0190B5C09,4,3,3.20617717262,2.9051961316,0.793822827378,0.0948038684043,0.793822827378,False,False,False
51109FD6CDA7,3,2,3.11010611751,2.52578383604,0.110106117514,0.525783836037,0.525783836037,False,False,False
5119FBEB63B1,2,1.5,2.91613035455,2.40042004238,0.916130354552,0.900420042377,0.916130354552,False,False,False
512DF0D17664,2.5,3,2.77862372282,2.58451989383,0.278623722821,0.415480106173,0.415480106173,False,False,False
514DC3B4F172,4,3.5,3.28149639869,3.1480611163,0.71850360131,0.3519388837,0.71850360131,False,False,False
51554EF59AC0,3.5,4,3.48104010532,3.44429920099,0.0189598946814,0.555700799005,0.555700799005,False,False,False
5163762A5EF2,3,3,3.07341238147,2.54219734452,0.0734123814715,0.457802655477,0.457802655477,False,False,False
51684135262A,4,3,3.37928678099,3.23754480861,0.620713219008,0.23754480861,0.620713219008,False,False,False
516B1122D33D,2,2,3.31748076607,2.94348129883,1.31748076607,0.943481298827,1.31748076607,True,True,False
5179FD3DAE50,4,4.5,3.65599845431,3.44555895177,0.34400154569,1.05444104823,1.05444104823,True,False,True
51A7C4616A18,3.5,3,2.88985615726,2.51547148578,0.610143842737,0.484528514225,0.610143842737,False,False,False
51BE588CD317,2.5,2,2.98594802342,2.70457458883,0.485948023416,0.704574588828,0.704574588828,False,False,False
51E50DF63DD3,3,2.5,3.23449725961,3.25885142868,0.23449725961,0.758851428682,0.758851428682,False,False,False
51EE6BE022BC,2.5,2,2.63262705615,2.3546869035,0.132627056145,0.354686903498,0.354686903498,False,False,False
51F9A5C5E6B8,3,2.5,3.03787817945,3.136163599,0.0378781794546,0.636163599,0.636163599,False,False,False
5229242BED40,3,2,3.04534369237,2.74211547712,0.0453436923725,0.742115477121,0.742115477121,False,False,False
522E27B5F714,3,2,2.79067573638,2.57912192856,0.209324263617,0.579121928562,0.579121928562,False,False,False
525258DFCD07,4,3,3.42210428448,3.40637782206,0.577895715525,0.406377822063,0.577895715525,False,False,False
5265BFB1D58C,3.5,2,3.27062041436,2.74748265706,0.229379585639,0.747482657056,0.747482657056,False,False,False
5266BD0C783E,3,4,3.02057189732,3.20254427848,0.0205718973226,0.797455721517,0.797455721517,False,False,False
5270E6F7CE23,3,3,3.68509663134,3.3502849197,0.685096631343,0.350284919695,0.685096631343,False,False,False
529BB4718541,2.5,3.5,3.0587682593,2.92220462999,0.558768259302,0.57779537001,0.57779537001,False,False,False
52B3ACA4682B,4,3.5,3.7591453252,3.5562899144,0.240854674795,0.0562899143989,0.240854674795,False,False,False
52CD8B8201C2,4,3.5,3.22914377028,3.38024468961,0.770856229717,0.119755310392,0.770856229717,False,False,False
52D244740799,3,2,2.84547305776,2.69221906853,0.154526942238,0.692219068529,0.692219068529,False,False,False
5328DB744353,2,2,3.06086616941,2.39583245196,1.06086616941,0.395832451959,1.06086616941,True,True,False
532E76923598,3,3,3.03617040143,3.10709209736,0.036170401432,0.107092097357,0.107092097357,False,False,False
533F907685EA,4,2.5,3.52505287901,3.03095044874,0.474947120986,0.530950448735,0.530950448735,False,False,False
535D2F56E335,2,2.5,2.72127390773,2.3989470649,0.721273907726,0.101052935099,0.721273907726,False,False,False
537ABE71CF0E,4.5,4.5,3.50469074189,3.43234586006,0.99530925811,1.06765413994,1.06765413994,True,False,True
53846B5CCD99,3,2.5,3.18019483124,2.80529868652,0.180194831236,0.305298686517,0.305298686517,False,False,False
53A5B5898974,2.5,2.5,3.08452064921,2.46103416161,0.584520649208,0.0389658383878,0.584520649208,False,False,False
53D639130EF0,3.5,4,3.45175774368,3.40150518735,0.0482422563234,0.598494812647,0.598494812647,False,False,False
540978A8C801,1.5,1.5,2.54522857253,2.16371540458,1.04522857253,0.663715404581,1.04522857253,True,True,False
548801CC60FD,3,2.5,2.78734913871,2.75813997415,0.212650861292,0.25813997415,0.25813997415,False,False,False
548849B47D8C,3,2.5,3.07870275943,2.81426701745,0.0787027594281,0.314267017448,0.314267017448,False,False,False
548D84DC5B7E,3.5,2.5,3.48882334879,3.34960222056,0.0111766512065,0.849602220564,0.849602220564,False,False,False
54B9E0F16D05,3.5,3.5,3.97233764642,3.71943994653,0.472337646417,0.219439946526,0.472337646417,False,False,False
552B02536F4A,4,3.5,3.51333829593,3.24084429354,0.486661704074,0.259155706464,0.486661704074,False,False,False
555670A36602,2,2,3.15801629267,2.71862719236,1.15801629267,0.718627192357,1.15801629267,True,True,False
55590E1C8987,4,3,3.39206437763,2.97319134903,0.607935622371,0.026808650966,0.607935622371,False,False,False
5560D6A2B76F,3.5,3,3.24930510328,3.13065572984,0.250694896723,0.130655729842,0.250694896723,False,False,False
5578E80DBDB5,4,3.5,3.3861936752,2.85220541129,0.613806324797,0.647794588712,0.647794588712,False,False,False
55836CA56F1A,3,2.5,2.9810151547,2.61105754679,0.0189848452957,0.111057546792,0.111057546792,False,False,False
55A31DF14015,4,3,3.5403623006,3.46031069091,0.459637699397,0.460310690912,0.460310690912,False,False,False
55B605649F35,4.5,3,3.63725315345,3.26668712816,0.862746846546,0.266687128164,0.862746846546,False,False,False
55EE5B4FC54F,4,4.5,3.78491958704,3.71036928553,0.215080412962,0.789630714474,0.789630714474,False,False,False
5647EC50AE4C,4,3,3.97084855369,3.80590025645,0.0291514463116,0.805900256446,0.805900256446,False,False,False
564C61B7E747,3,2,2.81287182963,2.362755397,0.18712817037,0.362755396999,0.362755396999,False,False,False
5665A1317754,2.5,2,3.03468703311,2.47241334489,0.534687033113,0.472413344894,0.534687033113,False,False,False
5670A4F9052D,3,3.5,3.49145178603,3.51046754602,0.491451786031,0.0104675460183,0.491451786031,False,False,False
5674A7E93E14,3,3.5,2.6726533265,2.45739098013,0.327346673498,1.04260901987,1.04260901987,True,False,True
567C33AC86E0,3,3,3.32500347444,3.07440800752,0.325003474435,0.0744080075175,0.325003474435,False,False,False
569C7E1B08B0,3.5,3.5,3.26700187144,3.21379353378,0.232998128556,0.286206466219,0.286206466219,False,False,False
56A3FF709712,3,3,3.24986414884,3.14215059694,0.249864148837,0.142150596945,0.249864148837,False,False,False
56A597D6ABA7,4.5,4,3.24405234776,3.1601575738,1.25594765224,0.839842426201,1.25594765224,True,True,False
56B38A0DDAAC,2.5,3.5,2.61243089945,2.48407785007,0.112430899451,1.01592214993,1.01592214993,True,False,True
56E17E539A41,3.5,3.5,3.61985750813,3.48033769427,0.11985750813,0.0196623057308,0.11985750813,False,False,False
56F53F2EC7EE,3,3,3.33689431178,3.44510303593,0.336894311778,0.445103035934,0.445103035934,False,False,False
56F7B79AD3CA,3,3,2.88402971761,2.75361367375,0.115970282386,0.246386326254,0.246386326254,False,False,False
571F79B234CE,3,2.5,2.98709385355,2.68306256588,0.0129061464477,0.183062565875,0.183062565875,False,False,False
57226E4DD013,3.5,2.5,3.37106292191,3.12261182534,0.12893707809,0.622611825339,0.622611825339,False,False,False
5735C890E3C7,4,3.5,3.79314723906,3.5847852122,0.206852760937,0.0847852121998,0.206852760937,False,False,False
573FECFBABF1,3.5,2.5,2.91091556811,2.47289996149,0.589084431887,0.0271000385075,0.589084431887,False,False,False
57BABDBDFDB4,4,3,2.78385597771,2.5856316521,1.21614402229,0.414368347903,1.21614402229,True,True,False
57FFFFAE9A1E,3,2.5,2.75729282306,2.36858354537,0.242707176937,0.131416454633,0.242707176937,False,False,False
5814A64C0CB2,3,3,3.05756782934,2.87134866409,0.0575678293351,0.128651335913,0.128651335913,False,False,False
58325FB4F834,3,4,3.20181705734,3.38183940038,0.201817057339,0.61816059962,0.61816059962,False,False,False
5847FC95B584,3.5,3.5,3.60729367508,3.60115633087,0.107293675082,0.101156330869,0.107293675082,False,False,False
586288B0E25C,3.5,3.5,3.55086087719,3.15614870589,0.0508608771931,0.343851294108,0.343851294108,False,False,False
586AC21410B9,2.5,2,2.94208174491,2.56102588234,0.442081744907,0.561025882339,0.561025882339,False,False,False
58A9AFCBBD39,3.5,3,3.42148195348,3.01005330903,0.0785180465187,0.0100533090316,0.0785180465187,False,False,False
58BC167E9D72,4,4,3.61080953843,3.39033957596,0.389190461571,0.609660424042,0.609660424042,False,False,False
58C6CE6B0BBB,3.5,3,3.05619227966,2.6615136463,0.443807720343,0.338486353702,0.443807720343,False,False,False
5922BC57820F,3,2,2.95510522425,2.47188627778,0.0448947757494,0.47188627778,0.47188627778,False,False,False
59245E1C5BF0,4.5,3.5,3.69476071611,3.54624369359,0.805239283888,0.0462436935864,0.805239283888,False,False,False
593B34020DEE,2.5,2.5,2.63008428751,2.35881935228,0.130084287513,0.141180647722,0.141180647722,False,False,False
5946289AA43C,4,4.5,3.2979138261,2.93867446626,0.702086173901,1.56132553374,1.56132553374,True,False,True
595308051AF7,4,4,3.42386886437,3.45982328242,0.576131135634,0.540176717575,0.576131135634,False,False,False
59708B02501E,3,2.5,2.82735700828,2.81663660122,0.172642991716,0.316636601219,0.316636601219,False,False,False
59A00E270F0B,3,2.5,3.23325856332,2.9001241278,0.233258563319,0.400124127799,0.400124127799,False,False,False
59C5F53D1FAA,4,2.5,3.19654585788,2.83017124356,0.803454142124,0.330171243562,0.803454142124,False,False,False
59CC9440F079,4,2.5,3.60599999121,3.20685777947,0.394000008788,0.706857779467,0.706857779467,False,False,False
59F189085889,3,2,2.77910915945,2.5355372094,0.220890840548,0.535537209399,0.535537209399,False,False,False
5A08D160AAD1,2.5,2,2.91909942497,2.39979884665,0.419099424972,0.399798846653,0.419099424972,False,False,False
5A138047A49F,3,2.5,2.56749026408,2.17371320181,0.432509735922,0.326286798185,0.432509735922,False,False,False
5A22520BBD44,3.5,3,3.51854998353,2.99148684777,0.0185499835342,0.00851315223058,0.0185499835342,False,False,False
5A3CDFFCC76C,3,3,3.36598587898,2.96611861494,0.365985878982,0.0338813850582,0.365985878982,False,False,False
5A6AE4CDEEF1,4.5,5,4.06288100604,3.94418330885,0.437118993961,1.05581669115,1.05581669115,True,False,True
5ABDBEE915FF,3.5,4,3.45900460757,3.14779082739,0.0409953924253,0.852209172605,0.852209172605,False,False,False
5AE56FFF7789,3,2.5,3.26980734215,2.84058762189,0.269807342153,0.340587621894,0.340587621894,False,False,False
5AE6F3EAEDFE,2.5,2,3.21827577289,3.03054160676,0.718275772894,1.03054160676,1.03054160676,True,False,True
5AEF9C6DD861,4,4,3.2908972519,3.25444378578,0.709102748103,0.745556214219,0.745556214219,False,False,False
5BACEECB9A6D,3,2,2.88924298347,2.4470372603,0.110757016527,0.447037260303,0.447037260303,False,False,False
5BB4C642C49C,3,2.5,3.37781156609,3.02524194157,0.377811566093,0.525241941566,0.525241941566,False,False,False
5BB9B79C46E0,3.5,3.5,3.44743120433,3.04962288184,0.0525687956685,0.450377118164,0.450377118164,False,False,False
5BC487520437,3.5,3.5,3.84957065281,3.66024406555,0.349570652809,0.160244065552,0.349570652809,False,False,False
5BCB83F25193,2,1.5,2.54325637517,2.13666399361,0.543256375172,0.636663993615,0.636663993615,False,False,False
5BD60D0345BE,3.5,3,3.78621937919,3.59475547126,0.28621937919,0.59475547126,0.59475547126,False,False,False
5BD7FA6A1881,2.5,3,3.52831585735,3.32209680069,1.02831585735,0.322096800693,1.02831585735,True,True,False
5BDDDFAD603A,3,2.5,3.18248353664,2.9055032806,0.182483536635,0.405503280601,0.405503280601,False,False,False
5BF4B34908E8,3.5,3.5,3.48391898829,3.40915398611,0.0160810117051,0.0908460138912,0.0908460138912,False,False,False
5C05F6933D41,4,3.5,3.25389973739,3.43212017729,0.746100262608,0.0678798227134,0.746100262608,False,False,False
5C4BA548AD9D,2.5,3.5,2.94991602238,2.96672214396,0.449916022377,0.533277856037,0.533277856037,False,False,False
5C843C6BD232,3,2.5,3.10016673387,2.90461818137,0.100166733873,0.404618181371,0.404618181371,False,False,False
5C8F782B32EF,3.5,3.5,3.43594069762,3.52809503545,0.0640593023822,0.0280950354473,0.0640593023822,False,False,False
5C9EADFD09C9,3,4,3.41629119868,3.43909013859,0.416291198682,0.560909861407,0.560909861407,False,False,False
5CC06295A66F,4,4,3.21692957454,3.21483926885,0.783070425456,0.785160731152,0.785160731152,False,False,False
5CE4EC5A3AF9,3,3.5,3.15553246495,3.27960856592,0.15553246495,0.220391434075,0.220391434075,False,False,False
5CEB6F00D0EB,4,4.5,3.57486276181,3.49047530914,0.425137238186,1.00952469086,1.00952469086,True,False,True
5CF677AC0E17,3,2.5,2.72500469542,2.46607739998,0.274995304583,0.0339226000205,0.274995304583,False,False,False
5CFC10A56FCA,2,1.5,2.59805392591,2.30855520234,0.598053925913,0.808555202343,0.808555202343,False,False,False
5D0B80AFEA96,3.5,3,3.47955495689,3.41906978017,0.0204450431063,0.419069780172,0.419069780172,False,False,False
5D0E66357C33,3.5,3,4.34655043372,4.09332912714,0.846550433718,1.09332912714,1.09332912714,True,False,True
5D1092A116BF,3.5,3,3.10729211921,2.76649358722,0.392707880786,0.233506412776,0.392707880786,False,False,False
5D2BF7C24599,4,3.5,3.71443443478,3.64359900986,0.285565565218,0.143599009861,0.285565565218,False,False,False
5D3A82DB2443,4,3,2.838478713,2.50079919079,1.161521287,0.499200809209,1.161521287,True,True,False
5D3B54857EF2,2.5,2,2.64706425676,2.3556386736,0.147064256757,0.355638673603,0.355638673603,False,False,False
5D430FC0DFB1,3,4,3.2545340444,3.38582802932,0.254534044396,0.614171970679,0.614171970679,False,False,False
5D478F53BA34,3.5,3,3.50622443967,3.35760727393,0.00622443967021,0.357607273928,0.357607273928,False,False,False
5D5ADE18BC61,2.5,2,3.08219292919,2.79061587292,0.582192929188,0.790615872923,0.790615872923,False,False,False
5D8CAC5D285D,3,3,3.0811827362,2.71837486327,0.0811827361971,0.281625136732,0.281625136732,False,False,False
5D9D27D07136,3.5,2.5,3.41233120236,3.17119389054,0.0876687976407,0.671193890538,0.671193890538,False,False,False
5DAA0D34556D,2.5,2,2.7767259629,2.53041030712,0.276725962897,0.530410307122,0.530410307122,False,False,False
5DB7C969B3DA,2.5,2,2.87188490922,2.77124348529,0.371884909216,0.771243485289,0.771243485289,False,False,False
5E001A5FC622,4,3.5,3.5115466713,3.37828454097,0.488453328702,0.121715459032,0.488453328702,False,False,False
5E15F2923699,3,3.5,3.02940466884,2.77282756255,0.0294046688365,0.727172437445,0.727172437445,False,False,False
5E26C9276FE3,4,4,3.32308381395,3.08503986105,0.676916186051,0.914960138949,0.914960138949,False,False,False
5E276DFCDABC,3.5,3.5,3.09128145657,2.58929274531,0.408718543434,0.910707254687,0.910707254687,False,False,False
5E32A7855A7F,3.5,4,3.55492727576,3.21690027748,0.0549272757614,0.783099722522,0.783099722522,False,False,False
5E347F6528BD,3,2.5,2.94588349198,2.72697723038,0.0541165080155,0.226977230384,0.226977230384,False,False,False
5E3967B5F263,3.5,4,3.34044691876,3.42407906436,0.159553081239,0.575920935645,0.575920935645,False,False,False
5E427A920EDC,3,3,3.19580999199,2.92460463747,0.195809991988,0.0753953625345,0.195809991988,False,False,False
5E5C5B4F692B,2.5,2,3.02188645898,2.72924334659,0.521886458985,0.729243346587,0.729243346587,False,False,False
5E636D002A6C,3.5,2.5,3.26170589297,3.00353715725,0.238294107028,0.503537157254,0.503537157254,False,False,False
5EA5BB6A198C,2.5,2.5,3.05545592251,2.66769530208,0.555455922509,0.167695302082,0.555455922509,False,False,False
5EA9385D1C13,3.5,3.5,3.23161766067,3.43061126371,0.268382339326,0.0693887362935,0.268382339326,False,False,False
5EB62BB9EA76,3,3.5,3.54902910057,3.13637833292,0.549029100568,0.363621667081,0.549029100568,False,False,False
5ECD0DE4F29D,2,1.5,2.85298641725,2.52459225089,0.852986417253,1.02459225089,1.02459225089,True,False,True
5EE6F7530113,3.5,3,3.67833098595,3.71090450363,0.178330985955,0.710904503632,0.710904503632,False,False,False
5EFCF28DF9BA,3.5,4,3.35149067821,3.46359857054,0.148509321794,0.536401429458,0.536401429458,False,False,False
5F12064C5746,4,2.5,3.17615710588,2.56755598858,0.823842894116,0.0675559885764,0.823842894116,False,False,False
5F1F30B03C42,4,3.5,3.43301916955,3.45420117798,0.566980830445,0.0457988220179,0.566980830445,False,False,False
5F1FE49B74F0,3,2.5,2.77347090514,2.40855265125,0.226529094857,0.0914473487522,0.226529094857,False,False,False
5F61ED998132,3.5,3.5,3.41425459401,3.12195985973,0.0857454059917,0.378040140267,0.378040140267,False,False,False
5F6B05B99CFF,2.5,2.5,2.75803717805,2.43856635046,0.258037178053,0.0614336495445,0.258037178053,False,False,False
5F6F39DCAFB7,3,2.5,3.16995753543,3.04567122858,0.169957535431,0.545671228578,0.545671228578,False,False,False
5F8A5963A0E3,2.5,2,2.91180115474,2.48978271991,0.411801154743,0.489782719909,0.489782719909,False,False,False
5F8B4D68C71B,3.5,2.5,3.44309432774,2.90876774195,0.0569056722563,0.40876774195,0.40876774195,False,False,False
5F99A89B93BE,3,2.5,3.04719360505,2.71832567776,0.0471936050528,0.218325677765,0.218325677765,False,False,False
5FA1ED6C8735,3.5,2.5,2.99925712564,2.51492838386,0.500742874357,0.0149283838606,0.500742874357,False,False,False
5FB5CCA83285,4,3.5,3.33087131032,3.16756210928,0.66912868968,0.33243789072,0.66912868968,False,False,False
6.00E+11,3,3,3.08952094247,2.92658081299,0.0895209424707,0.0734191870056,0.0895209424707,False,False,False
6.07E+11,3,2,2.74238012921,2.61841646761,0.257619870785,0.618416467615,0.618416467615,False,False,False
6.88E+11,4,3.5,3.03715917403,2.78686203272,0.962840825969,0.713137967284,0.962840825969,False,False,False
6010D6F59525,3,3,2.88696532257,2.5640616963,0.113034677426,0.435938303699,0.435938303699,False,False,False
601ADE3B6048,4,3,3.60199250548,3.29146348379,0.398007494522,0.291463483787,0.398007494522,False,False,False
601CE535FE48,3,2.5,3.1991028901,3.2959610269,0.199102890098,0.795961026896,0.795961026896,False,False,False
601EAC635D19,3,3,3.21898765824,3.08919064949,0.218987658237,0.0891906494868,0.218987658237,False,False,False
6020901426CA,2.5,2.5,2.89892143408,2.54911276624,0.398921434082,0.0491127662379,0.398921434082,False,False,False
60346336449,3,3.5,3.20722349098,2.98279244161,0.207223490979,0.517207558395,0.517207558395,False,False,False
605A87F9084E,2.5,3,2.98874155984,2.50380587206,0.488741559838,0.496194127943,0.496194127943,False,False,False
606C4015BD6B,3.5,3.5,2.93658217657,2.92860985448,0.563417823428,0.571390145522,0.571390145522,False,False,False
60A495340620,3.5,4.5,3.55152599995,3.58718623553,0.0515259999498,0.912813764471,0.912813764471,False,False,False
60B64507D3BD,3,3,3.36631635448,2.92962100913,0.366316354482,0.0703789908724,0.366316354482,False,False,False
60BD042950B1,3.5,2.5,3.05964085042,2.59807419674,0.440359149583,0.0980741967414,0.440359149583,False,False,False
60EAF2CDEB66,3,2.5,3.1409976857,2.65082387758,0.140997685701,0.150823877576,0.150823877576,False,False,False
60F1B5FB0CDC,4,3,3.36233926506,2.94162763345,0.63766073494,0.0583723665507,0.63766073494,False,False,False
610DB000B0CD,3.5,3,3.25084484643,2.91872099537,0.249155153575,0.0812790046282,0.249155153575,False,False,False
610F6AF40D04,2.5,3,2.94030407499,2.66018520146,0.440304074994,0.339814798544,0.440304074994,False,False,False
6113ABE39260,3,2.5,3.86936126195,3.74141095461,0.869361261951,1.24141095461,1.24141095461,True,False,True
6120EB163EC8,3,2.5,3.12850950223,3.04074314908,0.128509502227,0.540743149077,0.540743149077,False,False,False
6121A97C9582,2.5,2.5,3.29792047349,3.01785039878,0.797920473487,0.517850398775,0.797920473487,False,False,False
6133A8065DB0,2.5,2,3.14269664548,2.60765122851,0.642696645478,0.60765122851,0.642696645478,False,False,False
61446F4D0378,3.5,3,3.81841055051,3.3205425954,0.318410550508,0.320542595396,0.320542595396,False,False,False
61B2DE4C200E,2.5,2,2.83379940303,2.45032331702,0.333799403033,0.45032331702,0.45032331702,False,False,False
61DC27C9AF16,4,4,3.44876526084,3.17086786928,0.551234739158,0.829132130719,0.829132130719,False,False,False
61DC879EA1E1,2.5,2.5,2.71320994909,2.40975620404,0.213209949087,0.0902437959585,0.213209949087,False,False,False
61E17107BCDD,4,3.5,3.68259702546,3.69391458383,0.317402974542,0.193914583831,0.317402974542,False,False,False
61E2ADCF3B79,3,3.5,3.3674713539,3.012300279,0.367471353905,0.487699720998,0.487699720998,False,False,False
61EDBF8CEC7D,4,3,3.65786873406,3.62094677859,0.342131265936,0.620946778585,0.620946778585,False,False,False
61F26C05BB14,3,2.5,3.52628348289,3.47465522578,0.526283482893,0.974655225775,0.974655225775,False,False,False
6201E4DDEC0B,3,2.5,2.7751522386,2.35802948714,0.224847761402,0.141970512858,0.224847761402,False,False,False
6204A1726C16,4,3.5,3.7655369965,3.93803783407,0.234463003504,0.43803783407,0.43803783407,False,False,False
6208D64AAA34,3,3.5,3.51943568751,3.59492723383,0.519435687508,0.0949272338292,0.519435687508,False,False,False
620B05CFFC39,3.5,3,3.11915527524,2.89993478527,0.380844724756,0.100065214731,0.380844724756,False,False,False
620CC00E6CD8,3,3,3.30670641481,3.34640127517,0.306706414807,0.346401275165,0.346401275165,False,False,False
6228D856DAFB,3.5,2.5,3.39757323113,3.06020213694,0.10242676887,0.560202136945,0.560202136945,False,False,False
622DB3B1C2F1,3,3,2.99771784281,2.56271496368,0.0022821571855,0.437285036325,0.437285036325,False,False,False
6230B02C9FD8,3,3,2.91902696095,2.47813237014,0.0809730390508,0.521867629862,0.521867629862,False,False,False
6269E665B6D8,3,2.5,3.07329087862,2.61547401715,0.0732908786231,0.115474017155,0.115474017155,False,False,False
6273F9C1347B,2.5,2.5,3.19850207951,2.79891721674,0.698502079508,0.298917216742,0.698502079508,False,False,False
6276B3E4B795,3,3,3.21383618094,3.12823686162,0.213836180936,0.128236861618,0.213836180936,False,False,False
627AD9B00544,3,3.5,3.09634691012,3.25017354015,0.0963469101232,0.249826459846,0.249826459846,False,False,False
627E03B39AF5,3.5,3.5,3.63802435556,3.51471360466,0.13802435556,0.0147136046581,0.13802435556,False,False,False
629862A6AB15,2.5,2.5,3.09231824322,3.07861200192,0.592318243219,0.578612001918,0.592318243219,False,False,False
62A6A91A2C46,2.5,2.5,2.92639981869,2.83110630459,0.426399818686,0.331106304586,0.426399818686,False,False,False
62A77EDBF3AB,3,2,2.84781685856,2.51098606556,0.152183141443,0.510986065559,0.510986065559,False,False,False
62B300D016DA,3,2.5,2.82734907647,2.408604132,0.172650923529,0.091395868001,0.172650923529,False,False,False
62C69450FE7E,3.5,3,3.10405216548,2.80054031167,0.395947834517,0.199459688326,0.395947834517,False,False,False
62CF088BF8F8,4,3.5,3.35416535398,3.18892454965,0.645834646022,0.311075450352,0.645834646022,False,False,False
630D5E0A2518,4,3.5,3.61569091155,3.69896558418,0.384309088454,0.198965584185,0.384309088454,False,False,False
63146C2EA477,3,3.5,3.09552299693,3.21993519985,0.0955229969289,0.280064800148,0.280064800148,False,False,False
6314A8C1D128,3.5,3.5,3.29247535671,3.25253772523,0.20752464329,0.247462274768,0.247462274768,False,False,False
6317561C11CF,3,3.5,2.93989132728,2.99279477663,0.06010867272,0.507205223369,0.507205223369,False,False,False
632998A6072F,3.5,3.5,3.79197971754,3.94874500684,0.29197971754,0.448745006839,0.448745006839,False,False,False
6329CDD5B50B,4,4,3.62041303105,3.52103822281,0.379586968946,0.478961777193,0.478961777193,False,False,False
63A501924C4B,2,2,2.75567125371,2.35679813959,0.755671253715,0.356798139594,0.755671253715,False,False,False
63C3CB72C540,4,3.5,3.66185643682,3.22131018014,0.338143563183,0.278689819862,0.338143563183,False,False,False
63C762CF1FB6,2.5,3,3.56639974759,3.4345429993,1.06639974759,0.434542999303,1.06639974759,True,True,False
63DBE3005CF2,3,2.5,3.18886420606,2.91201929033,0.18886420606,0.412019290327,0.412019290327,False,False,False
643EF7B3B591,3.5,3,3.7018034706,3.68886055128,0.201803470599,0.688860551279,0.688860551279,False,False,False
6447DC939787,3,2.5,3.18217141359,3.08589303969,0.182171413585,0.585893039688,0.585893039688,False,False,False
645103593F14,4,3.5,3.25951498192,3.03964558721,0.740485018077,0.460354412786,0.740485018077,False,False,False
648D7D45A7BF,3,2.5,3.12990699911,2.73826552646,0.12990699911,0.238265526459,0.238265526459,False,False,False
64B8BE656432,3,2.5,3.02271214878,2.82426011645,0.0227121487807,0.324260116446,0.324260116446,False,False,False
64C0B28511DA,3,3,3.17008795291,2.81785277797,0.170087952909,0.182147222032,0.182147222032,False,False,False
64DBE55E9EA8,3,2.5,2.89780799104,2.403899946,0.102192008956,0.0961000539991,0.102192008956,False,False,False
64DD4D04D733,4,3.5,3.07481367178,2.73222012567,0.925186328221,0.767779874325,0.925186328221,False,False,False
64EFD2ED44EB,2.5,2,2.48015709012,2.15623064218,0.0198429098796,0.156230642184,0.156230642184,False,False,False
64FA1F7F556F,3,2.5,3.09435506873,2.72491578986,0.0943550687272,0.224915789858,0.224915789858,False,False,False
650928CF6CA0,3.5,4,3.60586834888,3.57311981419,0.105868348882,0.426880185815,0.426880185815,False,False,False
650FFD51AD15,3.5,3.5,3.07343404645,2.62378464409,0.426565953546,0.876215355907,0.876215355907,False,False,False
65170E28799D,3.5,3.5,3.553033945,3.58340612452,0.0530339449953,0.0834061245166,0.0834061245166,False,False,False
651716A39AFC,3,3,3.15454588202,3.25728826349,0.154545882015,0.257288263492,0.257288263492,False,False,False
651F99B279CB,2.5,2.5,2.73454623226,2.70412445903,0.234546232265,0.204124459032,0.234546232265,False,False,False
6528B8BA9891,3,2.5,3.02627687724,2.65194928252,0.0262768772411,0.151949282524,0.151949282524,False,False,False
657681C4F023,3,3,3.33413436296,2.9309934482,0.334134362957,0.0690065518042,0.334134362957,False,False,False
65831CCD4E32,3.5,3.5,3.555536645,3.46370510011,0.0555366450037,0.0362948998881,0.0555366450037,False,False,False
65844D26FDC2,3,3,3.25743657115,2.81559760835,0.257436571154,0.184402391647,0.257436571154,False,False,False
65A1209BCCDC,3.5,3,3.20730474147,2.92604004691,0.292695258527,0.0739599530878,0.292695258527,False,False,False
65AC7CEE84A7,3,2,3.23759012324,3.24236451345,0.237590123242,1.24236451345,1.24236451345,True,False,True
65D84CCF2E74,2.5,3,3.06439366542,2.84836238321,0.564393665419,0.151637616786,0.564393665419,False,False,False
65ED63C5796A,4.5,3.5,3.49306922318,3.56088733893,1.00693077682,0.0608873389256,1.00693077682,True,True,False
6604BA65CA5D,2,3,3.14504666565,3.27714699176,1.14504666565,0.277146991757,1.14504666565,True,True,False
662903CEF341,2.5,2,2.74997942451,2.62271369623,0.249979424506,0.622713696232,0.622713696232,False,False,False
662E92CD6A6E,4,4,3.32849126662,3.36826551189,0.671508733384,0.631734488113,0.671508733384,False,False,False
663149D85F9C,3.5,3,3.06442305734,2.85157851006,0.435576942663,0.14842148994,0.435576942663,False,False,False
6632A28FF00B,3,2.5,3.35418244329,3.41716702281,0.354182443289,0.917167022806,0.917167022806,False,False,False
666E1BDB2C9D,2.5,2.5,2.969430821,2.80997023945,0.469430821,0.309970239452,0.469430821,False,False,False
669209A19BAE,2.5,2,2.82273959726,2.45139934832,0.322739597265,0.451399348318,0.451399348318,False,False,False
669A736CF0B4,4,4,3.48162617044,3.21052150859,0.518373829562,0.789478491407,0.789478491407,False,False,False
66C44F6D4FF8,4,3,3.64424118764,3.29065353311,0.355758812357,0.29065353311,0.355758812357,False,False,False
66D204BC5986,2.5,3,3.00914945971,3.1908372692,0.509149459706,0.190837269202,0.509149459706,False,False,False
670D39CC0F2B,3,2.5,3.12502255264,2.61342500613,0.125022552645,0.113425006128,0.125022552645,False,False,False
67189615DF49,2.5,3.5,2.86174487865,2.75549788743,0.361744878647,0.744502112565,0.744502112565,False,False,False
671DE6C8E192,3,2.5,2.91629053447,2.67250978408,0.0837094655306,0.172509784079,0.172509784079,False,False,False
67458135DC0F,3.5,3,3.16620488189,2.69583385949,0.33379511811,0.30416614051,0.33379511811,False,False,False
676A452D376B,3,3,3.13570213313,2.63987502572,0.135702133132,0.360124974277,0.360124974277,False,False,False
6788AACED7B9,3,3,3.24899518975,2.7957998542,0.248995189749,0.2042001458,0.248995189749,False,False,False
67984D18D30D,4.5,4,3.5610910857,3.44724580084,0.938908914302,0.552754199162,0.938908914302,False,False,False
679DC940206E,2.5,2,2.84323314088,2.47256740474,0.343233140882,0.472567404737,0.472567404737,False,False,False
67DA4065A6B3,3.5,4,3.61601399473,3.65767302593,0.116013994729,0.342326974072,0.342326974072,False,False,False
67DD0E145628,3.5,3.5,3.3720295409,3.49180307845,0.127970459095,0.00819692155458,0.127970459095,False,False,False
680239A1F605,3.5,3,3.26363098538,3.23086348344,0.236369014624,0.230863483439,0.236369014624,False,False,False
6802A682429E,2.5,3,3.06492479181,2.80669690089,0.564924791807,0.193303099106,0.564924791807,False,False,False
680534FA6AF8,3,3.5,3.40100236702,3.52858308529,0.401002367022,0.0285830852909,0.401002367022,False,False,False
6820349C3BA1,3,3,3.53200719105,3.40069196471,0.53200719105,0.40069196471,0.53200719105,False,False,False
6850D8C2ADCB,3.5,3,3.93847573498,3.72962284626,0.438475734984,0.729622846255,0.729622846255,False,False,False
686788B2673C,3.5,3,3.46293868448,3.0497271154,0.0370613155222,0.0497271154048,0.0497271154048,False,False,False
688A392FC20B,4,3,3.11815683058,2.84838970914,0.881843169421,0.151610290861,0.881843169421,False,False,False
68B41C3AD2D5,2.5,2.5,3.03083566862,2.79121996354,0.530835668619,0.291219963539,0.530835668619,False,False,False
68C346DDE213,4,4,3.6256994783,3.52992979929,0.374300521699,0.470070200709,0.470070200709,False,False,False
68E0C70F0193,3.5,3,3.44466959739,3.16634446842,0.0553304026113,0.166344468422,0.166344468422,False,False,False
68EF6752D314,3,3,2.63638917119,2.36156935098,0.363610828806,0.638430649022,0.638430649022,False,False,False
6931FAF2DA77,4,4,3.77636085081,3.62649479296,0.223639149195,0.373505207041,0.373505207041,False,False,False
69331F728144,3,3,3.450878002,3.19801579201,0.450878001997,0.198015792009,0.450878001997,False,False,False
69347DB7FBF1,3.5,3.5,3.14814086847,3.10278629714,0.351859131526,0.397213702855,0.397213702855,False,False,False
6946899072F6,3,2.5,3.33586596513,3.06866407263,0.335865965134,0.568664072627,0.568664072627,False,False,False
695E2F1A9D50,3,2,2.59368582977,2.61982530415,0.406314170234,0.619825304149,0.619825304149,False,False,False
696F9EEB3C6C,3,2.5,3.20951828396,2.71212498293,0.209518283958,0.212124982931,0.212124982931,False,False,False
699259F14D89,4,4.5,3.74596544717,3.86736565453,0.254034552833,0.632634345473,0.632634345473,False,False,False
69B2E3BDE779,4.5,4.5,3.24418994735,2.979037144,1.25581005265,1.520962856,1.520962856,True,True,True
6A1E5FF50E58,3,2,3.07289111371,2.76407026693,0.072891113708,0.764070266932,0.764070266932,False,False,False
6A37A496A9C8,3,2.5,3.05791350297,2.74942114085,0.0579135029707,0.249421140851,0.249421140851,False,False,False
6A3C37AD876C,4,3.5,3.26260868085,3.03537592395,0.737391319154,0.464624076054,0.737391319154,False,False,False
6A4C8D0B9034,3,3,3.47320725481,3.25974304109,0.473207254812,0.259743041093,0.473207254812,False,False,False
6A5AA50BB348,3.5,3.5,3.69532366907,3.19610602676,0.195323669068,0.303893973241,0.303893973241,False,False,False
6A7DB13933D4,3.5,3.5,3.11359775913,3.30887133923,0.38640224087,0.191128660775,0.38640224087,False,False,False
6A86B01B87F0,2,2.5,3.56893299604,3.35098677078,1.56893299604,0.850986770777,1.56893299604,True,True,False
6A93CA2C5D9C,3,3,3.08819732864,2.55581822256,0.0881973286351,0.444181777443,0.444181777443,False,False,False
6AA04BBC6FF7,2.5,2.5,3.38514189729,3.1838613715,0.885141897291,0.683861371495,0.885141897291,False,False,False
6AA75E61D3C1,3,4,3.30389738413,3.41601501128,0.303897384126,0.583984988716,0.583984988716,False,False,False
6AB6AEFF3200,3.5,3,3.21019359784,2.84893218088,0.289806402162,0.151067819115,0.289806402162,False,False,False
6AC5C9BCE8D1,4,3.5,3.3706030619,3.11168104694,0.629396938102,0.388318953057,0.629396938102,False,False,False
6ACFB267B042,3,2.5,3.05179218394,2.54239463757,0.0517921839355,0.0423946375693,0.0517921839355,False,False,False
6AF4E0C44EB4,2.5,3,3.11824771259,2.74336022957,0.618247712588,0.256639770433,0.618247712588,False,False,False
6AFE8F926910,4.5,4.5,3.66486765821,3.59298759938,0.835132341789,0.907012400619,0.907012400619,False,False,False
6B2FC5532498,3,2.5,3.01371919088,2.52094216465,0.0137191908842,0.0209421646491,0.0209421646491,False,False,False
6B38FB57A1D3,3.5,3,3.58407410262,3.67646694526,0.0840741026201,0.676466945262,0.676466945262,False,False,False
6B59920A6334,4,4.5,3.26050466252,3.40812879755,0.739495337477,1.09187120245,1.09187120245,True,False,True
6B693AE98032,2.5,3,3.00678181866,2.7682357374,0.50678181866,0.231764262597,0.50678181866,False,False,False
6B7240C22E28,3,3,3.00175830416,2.55874174711,0.00175830416477,0.441258252891,0.441258252891,False,False,False
6B7C6E33A4D7,3,3.5,3.32180434626,3.48324230339,0.32180434626,0.0167576966078,0.32180434626,False,False,False
6B82E565157F,3,3,3.19202357946,3.36834578035,0.192023579461,0.368345780349,0.368345780349,False,False,False
6B9234579282,3,3,3.21885163183,3.2835527992,0.218851631832,0.283552799195,0.283552799195,False,False,False
6B95FA75A293,2,2,2.93460692868,2.7492174361,0.934606928679,0.749217436101,0.934606928679,False,False,False
6B9A6E422587,4.5,3,3.23892457681,2.7184601431,1.26107542319,0.281539856897,1.26107542319,True,True,False
6BA47B76E65C,2.5,3.5,3.03127250064,3.08208744512,0.531272500637,0.41791255488,0.531272500637,False,False,False
6BE0BB805BD9,3,2.5,2.835462962,3.15207692509,0.164537037998,0.65207692509,0.65207692509,False,False,False
6C3F924367E3,3,2,2.77540688531,2.56774070215,0.224593114685,0.56774070215,0.56774070215,False,False,False
6C56ECAA2111,4.5,5,3.63957270683,3.57253734517,0.860427293166,1.42746265483,1.42746265483,True,False,True
6C71247B2B57,4,4.5,3.57327221663,3.56643327306,0.426727783372,0.933566726944,0.933566726944,False,False,False
6C86EF20ACF7,2.5,2,3.27954768103,2.90897150161,0.779547681033,0.908971501614,0.908971501614,False,False,False
6C8F3164A8EF,2.5,2.5,3.06461931735,3.10907866187,0.564619317347,0.609078661872,0.609078661872,False,False,False
6C9014F7BDD9,3.5,3.5,3.41632309806,2.97743719173,0.0836769019423,0.52256280827,0.52256280827,False,False,False
6C9EE085A021,3,2,3.13259264086,2.70249579121,0.132592640857,0.702495791208,0.702495791208,False,False,False
6CDE492BFD4D,4,4,3.54819543118,3.09585270165,0.451804568817,0.90414729835,0.90414729835,False,False,False
6CE0400B6763,3,3,2.80220903713,2.74311925714,0.197790962867,0.256880742862,0.256880742862,False,False,False
6D09A01DEF15,3,2.5,3.30388612878,2.82199883206,0.30388612878,0.321998832062,0.321998832062,False,False,False
6D0E5B9678D7,3,3,2.79100477951,2.69350906919,0.208995220492,0.306490930808,0.306490930808,False,False,False
6D1B01E628D0,3,2.5,2.92937561354,2.88547545257,0.0706243864616,0.385475452566,0.385475452566,False,False,False
6D369ED6EB61,3,2.5,2.97665173735,2.77197026297,0.0233482626529,0.271970262973,0.271970262973,False,False,False
6D5ED3DDC4FE,3.5,4,3.59015855187,3.64448451167,0.0901585518729,0.355515488334,0.355515488334,False,False,False
6D64BFC0839B,2.5,2,3.00099002085,2.75559506324,0.50099002085,0.75559506324,0.75559506324,False,False,False
6D7A78C794C6,2.5,3,2.8388408191,2.82024134285,0.338840819104,0.179758657148,0.338840819104,False,False,False
6D7AAC7B778D,3.5,3.5,3.14049201793,3.25562643051,0.35950798207,0.244373569494,0.35950798207,False,False,False
6D94417D4391,3,3,3.11600028626,3.18601204054,0.116000286262,0.18601204054,0.18601204054,False,False,False
6DBF0DED6E6A,3.5,2.5,2.92293438864,2.52119840798,0.577065611362,0.0211984079774,0.577065611362,False,False,False
6DD1DA801AA2,3,3,2.97416368726,2.65602656628,0.025836312735,0.343973433722,0.343973433722,False,False,False
6DD6E6530141,3,2.5,2.75842117012,2.34023563422,0.241578829875,0.159764365776,0.241578829875,False,False,False
6DE1E67740FD,3.5,3.5,3.59779273507,3.56752986345,0.0977927350694,0.0675298634546,0.0977927350694,False,False,False
6DFA4172D538,2.5,3,3.3742919027,3.39978625415,0.874291902698,0.399786254149,0.874291902698,False,False,False
6E1BF9DFCB4B,3,3,3.07207811888,2.8983054385,0.0720781188825,0.101694561504,0.101694561504,False,False,False
6E2E96AC63B2,3,3.5,3.23616331627,2.96312729532,0.236163316271,0.536872704675,0.536872704675,False,False,False
6E3ED4DB9512,2.5,2.5,3.3981011253,3.17418868097,0.898101125299,0.67418868097,0.898101125299,False,False,False
6E4152086CFA,3.5,3.5,3.03773257658,2.70161649536,0.462267423424,0.798383504642,0.798383504642,False,False,False
6E451C099E41,5,4.5,3.73564197461,3.58574632386,1.26435802539,0.914253676142,1.26435802539,True,True,False
6E5E35D0E316,3.5,3,3.38761900703,3.14246286805,0.112380992972,0.142462868055,0.142462868055,False,False,False
6E60D098D3AA,4,3,3.54462508709,3.57924552071,0.455374912907,0.579245520714,0.579245520714,False,False,False
6E8B43214951,4,2.5,3.11567802141,2.9258741146,0.884321978593,0.425874114605,0.884321978593,False,False,False
6E906F48CF0D,3.5,2.5,3.62037511215,3.21271241774,0.120375112153,0.712712417736,0.712712417736,False,False,False
6E90E1918AFA,3,2.5,2.9705016062,2.72431290789,0.0294983937972,0.224312907894,0.224312907894,False,False,False
6E97D89C52CE,3.5,3,3.53357026358,3.53444951523,0.0335702635843,0.534449515234,0.534449515234,False,False,False
6EC39DD682AF,3.5,3.5,3.58658109294,3.5261208703,0.0865810929384,0.026120870305,0.0865810929384,False,False,False
6ECBDFDD395D,3,3,3.22443057662,3.02978443132,0.224430576615,0.0297844313161,0.224430576615,False,False,False
6ED616EC6B00,2.5,2,3.13258031409,2.76960111237,0.632580314091,0.769601112372,0.769601112372,False,False,False
6EEC89E5A1A4,3,4,3.09530141214,3.10916894677,0.0953014121432,0.890831053226,0.890831053226,False,False,False
6EF12F5838BA,4,4,3.00905512804,2.45101499012,0.990944871963,1.54898500988,1.54898500988,True,False,True
6F3A32D72279,3.5,3.5,3.78533581488,3.69468936781,0.285335814876,0.194689367808,0.285335814876,False,False,False
6F452C64BBCE,3,3,2.86562413193,2.73899537799,0.134375868072,0.261004622012,0.261004622012,False,False,False
6F54E475FDFF,3.5,2.5,3.39942716282,2.9975358588,0.100572837176,0.4975358588,0.4975358588,False,False,False
6F6305EDCDFF,3,3,3.0771010184,3.15215582084,0.0771010184002,0.152155820835,0.152155820835,False,False,False
6F63F3BCD18D,3,3.5,3.63000095127,3.53959477029,0.630000951271,0.0395947702881,0.630000951271,False,False,False
6F686064B5C4,3.5,3.5,3.43554524243,2.93084048226,0.0644547575669,0.569159517739,0.569159517739,False,False,False
6F9FF71B9E51,4,3,3.49715153329,3.49893287906,0.502848466711,0.498932879056,0.502848466711,False,False,False
6FB91939F1F1,3,2.5,3.11424306739,2.83725583005,0.114243067393,0.33725583005,0.33725583005,False,False,False
6FBD476D8AC9,3.5,3.5,3.54217463364,3.45993606384,0.0421746336408,0.0400639361576,0.0421746336408,False,False,False
6FC7381FFF7E,3,3,3.37136398116,3.1579988012,0.371363981159,0.157998801203,0.371363981159,False,False,False
6FEF08E3FC60,3,2.5,3.34674473021,3.2491723492,0.34674473021,0.749172349197,0.749172349197,False,False,False
6FFC02D6318F,4,3,3.38859274728,3.15441229072,0.611407252717,0.154412290722,0.611407252717,False,False,False
6FFE2878CEA2,3,3.5,3.63988765889,3.47714465261,0.639887658892,0.0228553473902,0.639887658892,False,False,False
7015373A0E0F,2,2.5,2.78261289884,2.36633230538,0.782612898841,0.133667694623,0.782612898841,False,False,False
7029989FF4BB,3,4,3.58831616944,3.4480371448,0.588316169444,0.551962855198,0.588316169444,False,False,False
702A25E4B218,3.5,3.5,3.53176891639,3.52212152738,0.0317689163888,0.0221215273839,0.0317689163888,False,False,False
707127A44212,3,3,3.4407163679,3.27241751086,0.440716367901,0.272417510862,0.440716367901,False,False,False
7085DB089317,3.5,3,3.35909846928,3.45475350963,0.14090153072,0.454753509626,0.454753509626,False,False,False
7092F9571086,3.5,3,3.46772985645,3.00083185925,0.0322701435473,0.000831859248029,0.0322701435473,False,False,False
70B3579057D8,3,4,3.43558927724,3.45045698602,0.435589277241,0.549543013977,0.549543013977,False,False,False
70D0DC705643,3,3.5,3.31210397728,3.42386021962,0.312103977278,0.0761397803832,0.312103977278,False,False,False
70EED6E8D92D,3,3.5,3.10829164634,3.18061224838,0.10829164634,0.319387751625,0.319387751625,False,False,False
711F0ACE7200,2.5,2,2.52001719941,2.28294186845,0.0200171994125,0.282941868452,0.282941868452,False,False,False
7143BC86F4EB,3,2,2.85885767604,2.43979278081,0.141142323963,0.43979278081,0.43979278081,False,False,False
71650F91C393,3,2.5,3.47643221309,3.58128803049,0.476432213091,1.08128803049,1.08128803049,True,False,True
716DA1B919CD,3,4,3.1344102837,3.15344954682,0.134410283701,0.846550453178,0.846550453178,False,False,False
7172C3C82401,3,2.5,3.47010986631,2.99823953753,0.470109866306,0.498239537533,0.498239537533,False,False,False
717A218A2AF3,2.5,3,3.14083077185,3.2781404868,0.64083077185,0.278140486803,0.64083077185,False,False,False
71813B994BC4,3.5,4,3.10387232159,3.11895825817,0.396127678411,0.88104174183,0.88104174183,False,False,False
7197674B4FB1,3.5,3,3.44804315159,3.51642024894,0.0519568484125,0.516420248945,0.516420248945,False,False,False
71A66E516ECD,3,3,3.37250656689,2.96809354932,0.372506566888,0.031906450684,0.372506566888,False,False,False
71B7928491A2,3.5,3.5,3.43337481075,3.14986200642,0.0666251892491,0.350137993583,0.350137993583,False,False,False
71FF69BA8F42,3.5,3.5,3.51362149228,3.40496210483,0.0136214922848,0.0950378951732,0.0950378951732,False,False,False
723F93E94783,3.5,3.5,3.69653912649,3.53207608784,0.196539126488,0.0320760878424,0.196539126488,False,False,False
726D0B7A1677,3,3,3.41778771967,3.07096673876,0.417787719669,0.070966738762,0.417787719669,False,False,False
7279A1627F4F,3.5,3.5,2.98509011364,3.13413888032,0.514909886356,0.365861119679,0.514909886356,False,False,False
72A9B4C3482A,3,3,3.0889668893,3.15179025299,0.088966889297,0.151790252985,0.151790252985,False,False,False
72DF5D84477A,4,3.5,3.51638504336,3.11030285458,0.483614956637,0.38969714542,0.483614956637,False,False,False
72ED0F853B8C,3.5,4,3.50400929614,3.59880625021,0.00400929614211,0.401193749792,0.401193749792,False,False,False
72ED193C2FBC,3.5,3,3.11878585735,2.77775812067,0.38121414265,0.222241879326,0.38121414265,False,False,False
72FDCD6AB045,2,2,2.6009795753,2.28708722783,0.600979575304,0.287087227831,0.600979575304,False,False,False
73268F15F18B,4,3.5,3.50989932766,3.6122660475,0.49010067234,0.112266047495,0.49010067234,False,False,False
7329F7F62936,3,3,3.13803473739,2.77363093414,0.138034737387,0.226369065856,0.226369065856,False,False,False
732B26359C79,3,3.5,3.05981152648,3.30882830249,0.0598115264807,0.191171697507,0.191171697507,False,False,False
7337E1BF0DB2,2.5,3,2.71246164512,2.35188299036,0.212461645124,0.648117009641,0.648117009641,False,False,False
734C4733E263,3,3,3.16949596847,2.76691753261,0.169495968468,0.233082467393,0.233082467393,False,False,False
7369CA8ED901,4,3,3.22127397022,2.91598624847,0.778726029784,0.0840137515256,0.778726029784,False,False,False
737ACDA3A359,3,2,2.62501775929,2.27761510811,0.374982240706,0.277615108113,0.374982240706,False,False,False
738214DC08A2,3.5,3.5,3.39189028131,3.09859372705,0.108109718691,0.401406272949,0.401406272949,False,False,False
739025946D54,3.5,4,2.91458563072,2.81641533222,0.585414369277,1.18358466778,1.18358466778,True,False,True
73ADB378323E,2.5,2.5,2.4165222498,2.24491596879,0.0834777501966,0.255084031208,0.255084031208,False,False,False
73ADBDB688A4,3.5,2.5,3.03825397616,2.80872761823,0.461746023837,0.308727618229,0.461746023837,False,False,False
73D29610F3B4,3.5,4,3.53756993529,3.54076501654,0.0375699352879,0.459234983464,0.459234983464,False,False,False
73E8763E5F73,4,4,3.23084498689,3.41835744044,0.769155013105,0.581642559561,0.769155013105,False,False,False
73F6405A37C3,3,3.5,3.00717638623,3.14561238911,0.00717638623144,0.35438761089,0.35438761089,False,False,False
73FAC4AE6AE1,3,3,3.06776592947,2.54519618199,0.0677659294673,0.454803818011,0.454803818011,False,False,False
73FC87C4FDF9,2.5,3,3.11945710697,2.8533271857,0.619457106972,0.146672814297,0.619457106972,False,False,False
74203BCE46C0,3,3,3.45945691096,3.30186434571,0.45945691096,0.301864345708,0.45945691096,False,False,False
74257B0754B9,3,3,3.37101563672,3.12838213251,0.371015636716,0.128382132513,0.371015636716,False,False,False
7433BE08FC5D,3,3,3.14893603408,2.66450829441,0.148936034078,0.335491705585,0.335491705585,False,False,False
7442E196DE5D,2,2.5,3.42765237345,3.17379505327,1.42765237345,0.67379505327,1.42765237345,True,True,False
7443ECC9A85D,3,3,3.18967808076,2.94843908129,0.189678080761,0.0515609187083,0.189678080761,False,False,False
744C96D9BE0B,4,3.5,3.64242719365,3.27790684489,0.357572806345,0.222093155114,0.357572806345,False,False,False
7483C23F8C17,3,3,3.25111425202,2.8627926501,0.251114252021,0.1372073499,0.251114252021,False,False,False
748519C7443C,3,2.5,2.73508049304,2.34268525646,0.264919506961,0.15731474354,0.264919506961,False,False,False
7488AFF7C2E8,2.5,2,2.80192846318,2.61252412447,0.301928463184,0.612524124467,0.612524124467,False,False,False
7489611C5E2E,3,2.5,3.14682060692,2.86949625251,0.146820606918,0.369496252508,0.369496252508,False,False,False
74A0785A66A7,2,2,2.89368421693,2.58911953554,0.89368421693,0.589119535544,0.89368421693,False,False,False
74A23ED485B0,3,3,3.30961408808,2.86664661397,0.309614088076,0.133353386029,0.309614088076,False,False,False
74D27CC3B47C,3.5,3.5,3.00462597095,2.53568207232,0.49537402905,0.964317927678,0.964317927678,False,False,False
74E67D57D50A,3.5,4.5,3.71904232935,3.7313632651,0.219042329348,0.768636734896,0.768636734896,False,False,False
74EFD5F7BE2A,3,2,2.94578373593,2.56300986697,0.0542162640741,0.563009866967,0.563009866967,False,False,False
750107B91CE7,3.5,3,3.38221144067,3.01856433147,0.11778855933,0.0185643314694,0.11778855933,False,False,False
7501BA9973AC,4.5,4.5,3.84953869659,3.75036360855,0.65046130341,0.749636391445,0.749636391445,False,False,False
751326F72A22,3.5,3.5,3.12653821962,2.95526775265,0.373461780382,0.544732247347,0.544732247347,False,False,False
7553FB3C21DF,4,4,3.61758851234,3.68547731623,0.382411487662,0.314522683766,0.382411487662,False,False,False
755EC4B2172D,3.5,3.5,3.17135733359,2.69629886854,0.32864266641,0.803701131456,0.803701131456,False,False,False
756FC6F43A08,3.5,4.5,3.13076553676,3.16588389507,0.369234463242,1.33411610493,1.33411610493,True,False,True
75851BB7871F,3,3.5,3.56302087622,3.61591776364,0.563020876222,0.115917763637,0.563020876222,False,False,False
758D6EA9C7A1,3,2,2.73021664917,2.39925078871,0.269783350833,0.39925078871,0.39925078871,False,False,False
7593C35C156D,3,3.5,3.25299180671,3.1547642657,0.252991806708,0.345235734302,0.345235734302,False,False,False
75B604C51880,3,3,3.74844954111,3.55670831105,0.748449541115,0.556708311045,0.748449541115,False,False,False
75B8C63E7E45,3.5,4,3.31401299275,3.19116134505,0.18598700725,0.808838654949,0.808838654949,False,False,False
75D9A995F00C,4,3.5,3.43498916191,3.20988743833,0.565010838086,0.290112561674,0.565010838086,False,False,False
75EAA709339E,2,2,2.96063444211,2.73345622851,0.960634442109,0.733456228509,0.960634442109,False,False,False
75FE251918DC,2.5,2.5,2.60699269422,2.27777212963,0.106992694217,0.222227870371,0.222227870371,False,False,False
76098B71BD71,2.5,2.5,2.8484918239,2.47488163859,0.348491823898,0.025118361411,0.348491823898,False,False,False
76156CCBF662,3,3,2.93367027018,2.67451754342,0.0663297298217,0.325482456577,0.325482456577,False,False,False
765E50F8B0D0,3.5,3.5,3.24233499661,2.86247506475,0.25766500339,0.637524935247,0.637524935247,False,False,False
7671E46A99D3,3.5,3,3.1812022718,2.84518708946,0.318797728197,0.154812910544,0.318797728197,False,False,False
767E4FDAFFEA,4,3.5,3.67492986136,3.45609514561,0.325070138644,0.0439048543919,0.325070138644,False,False,False
768BB247D4F4,2.5,2,2.93693967911,2.87944132257,0.436939679114,0.879441322565,0.879441322565,False,False,False
769E2370B7E7,4,3.5,3.59515484428,3.30344951055,0.404845155719,0.196550489454,0.404845155719,False,False,False
76A8537AE89B,2.5,2.5,3.15540839611,3.10662304513,0.655408396108,0.606623045126,0.655408396108,False,False,False
76BC1CB29C1E,3,3,3.55576624774,3.12880508626,0.555766247736,0.128805086258,0.555766247736,False,False,False
76C21811A3B1,3.5,3,3.17941571633,2.87408618154,0.320584283669,0.125913818459,0.320584283669,False,False,False
76D82D1BE376,3.5,4,3.25410585529,3.09312211162,0.245894144713,0.906877888376,0.906877888376,False,False,False
7704594734CE,3.5,3,3.6359611387,3.37026915307,0.135961138701,0.370269153073,0.370269153073,False,False,False
770A5C14451B,4,3.5,3.67340309039,3.7797269258,0.326596909606,0.279726925803,0.326596909606,False,False,False
770C4294979D,3,3,3.03720400674,2.91995636258,0.0372040067393,0.0800436374222,0.0800436374222,False,False,False
771D7DAE6821,3.5,3,3.3699212693,3.54672898575,0.130078730701,0.546728985746,0.546728985746,False,False,False
773D562DE890,3,2.5,3.5477584277,3.46132212539,0.5477584277,0.961322125392,0.961322125392,False,False,False
774125F2F326,3,2.5,3.09056502053,2.94514439365,0.0905650205302,0.445144393646,0.445144393646,False,False,False
775E02D896EF,3,3.5,2.99373404749,3.19201473652,0.00626595250651,0.307985263475,0.307985263475,False,False,False
7769A06B9D36,3.5,3,3.05337925701,2.76834141315,0.446620742985,0.231658586852,0.446620742985,False,False,False
777B896CB2A7,4,3,3.58650181482,3.41607634267,0.413498185178,0.416076342671,0.416076342671,False,False,False
777D81C690A0,3,2,2.87372240502,2.55004510386,0.126277594983,0.550045103858,0.550045103858,False,False,False
778DBEC5A0B7,3.5,3,3.35296922874,3.4425586232,0.147030771262,0.442558623203,0.442558623203,False,False,False
77C7BF4D07D2,3,3,3.07017407965,2.81183738477,0.0701740796504,0.188162615233,0.188162615233,False,False,False
77D8D85C6451,3,3,3.23852422707,3.14553519533,0.238524227074,0.145535195325,0.238524227074,False,False,False
77E817BF68DA,3,2.5,3.45190263282,3.17186843561,0.451902632819,0.671868435606,0.671868435606,False,False,False
7828C939A7F3,3,2.5,2.71494164204,2.25405269366,0.285058357959,0.245947306342,0.285058357959,False,False,False
78311B522713,3.5,3.5,3.68165744987,3.55669665932,0.181657449866,0.0566966593178,0.181657449866,False,False,False
784ADBB64B04,3,2,3.04974949787,2.94992105251,0.0497494978672,0.949921052509,0.949921052509,False,False,False
784F11A6D9E7,2.5,2,2.70626703554,2.2497267066,0.20626703554,0.249726706602,0.249726706602,False,False,False
78565AA80C3C,3,4,3.16330680671,3.277621488,0.163306806712,0.722378511997,0.722378511997,False,False,False
787BD112C114,3,3,2.88252620958,2.43985270899,0.117473790422,0.56014729101,0.56014729101,False,False,False
78A208F4C7A4,3,2.5,3.06282192346,2.54976007369,0.0628219234559,0.0497600736881,0.0628219234559,False,False,False
78A4548FE517,3,3,3.20927765229,3.41883935816,0.20927765229,0.418839358159,0.418839358159,False,False,False
78AFFFDDB408,3,3,3.46470913044,3.28282879971,0.464709130435,0.282828799709,0.464709130435,False,False,False
78CDF59834F5,2.5,2.5,2.934842911,2.6087163286,0.434842911,0.108716328599,0.434842911,False,False,False
79118C03C6E3,3,3,3.24448444232,2.90728434055,0.244484442315,0.0927156594457,0.244484442315,False,False,False
793EA0FFD110,4,3.5,3.5334285177,3.3556806359,0.466571482303,0.144319364097,0.466571482303,False,False,False
794F070C9DA2,2.5,3,3.24912201132,3.26493220799,0.749122011323,0.264932207994,0.749122011323,False,False,False
795964DB52C1,3,2,2.94042823989,2.52023568308,0.059571760109,0.520235683081,0.520235683081,False,False,False
7995F136F3D6,3.5,3.5,3.43111801976,3.31174529505,0.0688819802382,0.188254704954,0.188254704954,False,False,False
79B8B054C586,3,2.5,3.26674851153,2.98328226175,0.266748511527,0.483282261749,0.483282261749,False,False,False
79D0D66FEBD3,3,2.5,3.16370785601,3.24166124175,0.163707856014,0.741661241751,0.741661241751,False,False,False
79D9D88FE410,3.5,3,2.98285222565,2.66973583938,0.517147774348,0.330264160619,0.517147774348,False,False,False
79DC9D618403,2,3,3.31015849039,3.3351104736,1.31015849039,0.335110473603,1.31015849039,True,True,False
79F45C31847D,2.5,2.5,3.21974182144,3.18928055957,0.719741821435,0.689280559575,0.719741821435,False,False,False
7A07A59E5C5B,3.5,4,3.24297377586,3.27502059671,0.257026224139,0.72497940329,0.72497940329,False,False,False
7A3AE51282E5,2.5,2,2.66132844337,2.22381447871,0.161328443373,0.223814478708,0.223814478708,False,False,False
7A40C3862373,2.5,2,2.66103891535,2.27639686111,0.161038915349,0.276396861112,0.276396861112,False,False,False
7A5213FAA932,2.5,3,3.10615466218,2.81403730143,0.606154662178,0.18596269857,0.606154662178,False,False,False
7A8DBA6117B7,3,2.5,3.30328690837,3.42571939211,0.303286908369,0.925719392113,0.925719392113,False,False,False
7A96B668850C,3.5,3,3.44050453057,3.12125172816,0.0594954694324,0.121251728159,0.121251728159,False,False,False
7ABD83C06225,3.5,3,2.87684352789,2.6019077486,0.623156472112,0.398092251402,0.623156472112,False,False,False
7AC0EEA83827,3,3.5,3.45613070305,3.24395469793,0.45613070305,0.256045302074,0.45613070305,False,False,False
7AC35605B158,3.5,3.5,3.10729043246,2.84433060991,0.392709567541,0.65566939009,0.65566939009,False,False,False
7B0E69702A2B,4,3.5,3.08604522078,2.77586279066,0.913954779224,0.72413720934,0.913954779224,False,False,False
7B2878F12633,3,3,3.69510348344,3.70070226808,0.695103483437,0.700702268075,0.700702268075,False,False,False
7B4A34BB9EAE,3,2.5,2.60798235059,2.31931783638,0.392017649408,0.180682163616,0.392017649408,False,False,False
7B4DFF22E623,2.5,3,3.27497134734,3.55606259639,0.774971347339,0.556062596388,0.774971347339,False,False,False
7B5E1F603138,3.5,2.5,3.30442338584,3.10197257796,0.19557661416,0.601972577956,0.601972577956,False,False,False
7B6211B17CAC,4,3.5,3.163888247,2.78931739628,0.836111753001,0.710682603718,0.836111753001,False,False,False
7B62DF12389F,3.5,4,3.63140230544,3.60081806931,0.131402305443,0.399181930692,0.399181930692,False,False,False
7B6F8580C55A,4,3.5,3.67699357486,3.49371740319,0.323006425138,0.00628259680646,0.323006425138,False,False,False
7B85254BDDBE,2.5,2.5,3.21796187143,2.89025229642,0.717961871432,0.390252296415,0.717961871432,False,False,False
7BBAE569A1D3,2.5,2,2.7689802365,2.333644564,0.268980236499,0.333644564002,0.333644564002,False,False,False
7BC44C6974ED,3,2.5,3.60344018634,3.04269071808,0.603440186344,0.542690718076,0.603440186344,False,False,False
7BCDFDF03FBC,4.5,3,3.8829829737,3.64989184653,0.617017026295,0.649891846528,0.649891846528,False,False,False
7BD5A8B2963A,2,2,2.89982419409,2.88137721791,0.899824194085,0.881377217913,0.899824194085,False,False,False
7BF51A2705EE,3.5,3,2.88028101856,2.58640123422,0.619718981438,0.413598765783,0.619718981438,False,False,False
7C0624581C8C,3,3,3.09063553936,3.11657515773,0.0906355393592,0.116575157728,0.116575157728,False,False,False
7C08E5D66D08,3.5,3,3.17984343677,2.6479660215,0.320156563234,0.352033978503,0.352033978503,False,False,False
7C23F428B7A5,3,3,2.94222406007,2.76832130661,0.0577759399323,0.231678693389,0.231678693389,False,False,False
7C7457164A4A,4,3,3.55920751577,3.00457803764,0.440792484231,0.00457803763506,0.440792484231,False,False,False
7C7B5BCE2DB1,3,3,3.21336322483,3.21195905081,0.213363224829,0.211959050805,0.213363224829,False,False,False
7C8E5E4B298D,2.5,2.5,2.61206572505,2.61941057857,0.112065725046,0.119410578569,0.119410578569,False,False,False
7C9DBFDB4CEE,2.5,3.5,2.83629439761,2.61446817398,0.336294397611,0.88553182602,0.88553182602,False,False,False
7CADE27CC407,3,3,3.01285315492,2.86221946272,0.0128531549171,0.13778053728,0.13778053728,False,False,False
7CBEAECA38DD,3,3,3.39704920542,3.48955442939,0.397049205418,0.489554429392,0.489554429392,False,False,False
7CDC7C9EDE61,4,4,3.48908749959,3.50674626524,0.510912500412,0.493253734755,0.510912500412,False,False,False
7CFD8BCE6346,3,2.5,2.87581833546,2.60052852575,0.124181664539,0.100528525751,0.124181664539,False,False,False
7D096AE7C1F9,3,2.5,3.06870196965,2.82396108344,0.0687019696531,0.323961083436,0.323961083436,False,False,False
7D39F3EBFA9C,4,3.5,3.59831221843,3.25816193641,0.401687781573,0.241838063593,0.401687781573,False,False,False
7D44F3E6C475,4,3,3.49116910562,2.87120271483,0.508830894384,0.128797285166,0.508830894384,False,False,False
7D4E376FFB20,3.5,3,3.71722346621,3.5505453057,0.217223466206,0.550545305701,0.550545305701,False,False,False
7D7D77C756F8,3,3,3.58825258461,3.42852575348,0.588252584615,0.428525753476,0.588252584615,False,False,False
7D82E6C4B46A,2.5,2,2.86110806094,2.36216187456,0.361108060939,0.362161874565,0.362161874565,False,False,False
7D9BF6C711FC,4,3.5,3.55644522394,3.48784298756,0.443554776061,0.0121570124421,0.443554776061,False,False,False
7D9FDF9E4F9D,4,3.5,3.66371555121,3.38367281988,0.336284448789,0.116327180118,0.336284448789,False,False,False
7DBD79D5B207,2.5,2.5,3.51850636352,3.41594239942,1.01850636352,0.915942399424,1.01850636352,True,True,False
7DD8FECF76A5,4,3.5,3.51662229136,3.44066128756,0.483377708639,0.0593387124368,0.483377708639,False,False,False
7DE7664D8F20,3.5,4,3.2741712029,3.07575429563,0.225828797104,0.924245704374,0.924245704374,False,False,False
7E07E9B9C690,3,3.5,3.24262788542,3.34024954274,0.242627885418,0.159750457259,0.242627885418,False,False,False
7E086B4DBB19,3,3,3.71157250336,3.6023786818,0.711572503356,0.602378681803,0.711572503356,False,False,False
7E0EBF50B163,2,2.5,2.93155849821,2.71352054246,0.931558498211,0.21352054246,0.931558498211,False,False,False
7E549E5E5C19,3.5,4,3.16207150461,3.35792232763,0.337928495386,0.642077672375,0.642077672375,False,False,False
7E5D7B7C1FA0,3,3,3.31277402767,3.1142536499,0.312774027672,0.114253649899,0.312774027672,False,False,False
7E6EB7247F54,3,3.5,3.6924537508,3.7258426132,0.692453750801,0.2258426132,0.692453750801,False,False,False
7E7297C830D8,3,2.5,3.00648290994,3.08867025394,0.00648290993834,0.588670253944,0.588670253944,False,False,False
7E80A6251625,4,3,3.68813966135,3.4790035959,0.311860338647,0.479003595897,0.479003595897,False,False,False
7EADB0041925,3.5,3,3.41074819916,3.44021783456,0.0892518008365,0.440217834562,0.440217834562,False,False,False
7EC3C9F9FE14,3.5,3.5,3.33984292623,3.07090612546,0.160157073767,0.429093874539,0.429093874539,False,False,False
7F0CB07D9B67,3,2,3.18966419504,2.97228081195,0.189664195035,0.972280811948,0.972280811948,False,False,False
7F0EDFBF9A34,3,3,3.03573962719,2.75069899049,0.0357396271891,0.249301009514,0.249301009514,False,False,False
7F3519884176,4,4,3.84712070419,3.72033738463,0.152879295806,0.279662615375,0.279662615375,False,False,False
7F3B3A0D56CF,3,2,3.00635680482,2.65753910476,0.00635680482289,0.657539104759,0.657539104759,False,False,False
7F4EE10C42ED,3,2,2.72220310569,2.37022551793,0.277796894314,0.37022551793,0.37022551793,False,False,False
7F5A6BF2BC04,3.5,3,3.25518916848,2.8709454447,0.244810831515,0.129054555301,0.244810831515,False,False,False
7F623FDA365F,4,3,3.10981768934,2.85928013506,0.890182310665,0.140719864935,0.890182310665,False,False,False
7F69C100BD9C,2,2,3.05056802945,2.89031615458,1.05056802945,0.890316154578,1.05056802945,True,True,False
7F6A31C9A604,4.5,4,3.78164894419,3.45224244446,0.718351055811,0.547757555537,0.718351055811,False,False,False
7F8F9BCEECBF,3.5,3.5,4.17032274417,3.70860755705,0.670322744171,0.208607557049,0.670322744171,False,False,False
7FA113614FCE,4.5,4.5,3.55266608703,3.41423637284,0.947333912966,1.08576362716,1.08576362716,True,False,True
7FA96232EE72,3,2.5,2.87843694476,2.42778072716,0.121563055236,0.072219272843,0.121563055236,False,False,False
7FBB00FB99FE,4,3.5,3.65767415063,3.71642138828,0.342325849366,0.216421388282,0.342325849366,False,False,False
7FCA9025C99A,3,3,2.84795283881,2.57458194712,0.152047161186,0.425418052877,0.425418052877,False,False,False
8.25E+11,2.5,2.5,3.08346485344,2.83303322126,0.583464853445,0.333033221264,0.583464853445,False,False,False
800ED2F704E9,2.5,3,3.11367390547,3.20092780538,0.613673905474,0.200927805382,0.613673905474,False,False,False
80172B0A969C,3,3,3.64409754861,3.51842969752,0.644097548611,0.518429697524,0.644097548611,False,False,False
8023A4C231FA,3.5,3,3.34200355474,3.29444330751,0.157996445265,0.294443307512,0.294443307512,False,False,False
802F02407ABF,4,3.5,3.55927741051,3.59277439781,0.440722589487,0.092774397812,0.440722589487,False,False,False
803F899FA021,3.5,4,3.89678852686,3.91220292465,0.396788526857,0.0877970753549,0.396788526857,False,False,False
8041D8AA0B06,3,3,2.91538558146,2.41296944269,0.084614418543,0.587030557306,0.587030557306,False,False,False
805355D5A94F,3,3,3.04908966358,2.4842228611,0.0490896635849,0.515777138896,0.515777138896,False,False,False
806482DC5F7A,4,4.5,3.55723917286,3.22877171731,0.442760827144,1.27122828269,1.27122828269,True,False,True
8083DDD4E193,2.5,2,2.5206855446,2.19642338049,0.0206855445961,0.196423380489,0.196423380489,False,False,False
80929E559B3E,2.5,2,2.95103223549,2.59144051504,0.451032235485,0.591440515039,0.591440515039,False,False,False
80A6CE42F8A5,2.5,2.5,2.71419728526,2.35313855922,0.214197285262,0.146861440776,0.214197285262,False,False,False
80AE8EE9057D,2.5,2,2.81919897976,2.7022866663,0.319198979756,0.702286666296,0.702286666296,False,False,False
80BBCF980CAD,3,2,3.34938700671,2.98512644963,0.349387006705,0.985126449625,0.985126449625,False,False,False
80D89A3F6387,2.5,2,3.07488143375,2.65515778858,0.574881433749,0.655157788583,0.655157788583,False,False,False
80EA2FC62525,3.5,3,3.19629075016,2.75843291216,0.303709249842,0.241567087839,0.303709249842,False,False,False
80F8E7B1ABBA,3.5,3.5,3.30428230114,3.46583262713,0.195717698864,0.0341673728706,0.195717698864,False,False,False
810E6DC5DE03,3,3,3.72070631026,3.35294476108,0.720706310263,0.352944761079,0.720706310263,False,False,False
812334AB4E73,3.5,3,2.77279663703,2.42805611191,0.727203362972,0.571943888092,0.727203362972,False,False,False
812CBC21EE50,4,3,3.71308641867,3.7672826296,0.286913581333,0.767282629602,0.767282629602,False,False,False
812DA96325CE,3,2.5,3.40529195208,2.97987011551,0.405291952084,0.479870115515,0.479870115515,False,False,False
812DF001F32B,3,3.5,3.32264772201,3.09585192586,0.322647722007,0.404148074136,0.404148074136,False,False,False
8139DE5DA880,3,2.5,2.79312238907,2.74776976344,0.206877610934,0.247769763442,0.247769763442,False,False,False
81AFE9AC4934,4,3.5,3.1091770075,3.02100528805,0.890822992504,0.478994711947,0.890822992504,False,False,False
81B045784331,3,4,3.17778600448,3.2666797571,0.177786004485,0.733320242902,0.733320242902,False,False,False
81B838542A19,3.5,2,3.46765253973,3.05015831268,0.03234746027,1.05015831268,1.05015831268,True,False,True
81E0EEDE317F,4,3.5,3.70493410577,3.47778289234,0.295065894228,0.0222171076632,0.295065894228,False,False,False
81ED32560A4B,3,2.5,3.2955140777,3.12977009725,0.2955140777,0.629770097247,0.629770097247,False,False,False
81EFB1EAD508,3,2.5,2.9192199139,3.05610413403,0.0807800860979,0.556104134035,0.556104134035,False,False,False
8271ED964485,2.5,2,3.33786070781,3.08261449593,0.83786070781,1.08261449593,1.08261449593,True,False,True
8273771B4DF3,3.5,4,3.34322863115,3.27054975587,0.156771368845,0.729450244125,0.729450244125,False,False,False
8279A3CD5E68,2.5,2.5,3.69573840119,3.17728187661,1.19573840119,0.677281876608,1.19573840119,True,True,False
8287141E8C9F,4,4,3.35967470912,3.15592138557,0.640325290882,0.84407861443,0.84407861443,False,False,False
828AD5868299,3.5,3.5,3.33258222871,3.31703275453,0.167417771291,0.182967245467,0.182967245467,False,False,False
828E2AE61DB2,2.5,2.5,2.60857708485,2.56101292718,0.108577084853,0.0610129271842,0.108577084853,False,False,False
82B9698B1C29,3.5,4,3.17719546737,3.34820679028,0.322804532634,0.651793209718,0.651793209718,False,False,False
83165FE95044,3.5,2.5,3.29504794415,2.87536706106,0.204952055854,0.375367061055,0.375367061055,False,False,False
831CA38E2C27,3,3,3.2459180512,3.38065140844,0.245918051203,0.380651408437,0.380651408437,False,False,False
831F7C4E8236,3,2.5,2.88448595481,2.71112308444,0.115514045185,0.211123084444,0.211123084444,False,False,False
834381584CA9,2.5,2.5,3.03977352185,3.19800249643,0.539773521851,0.698002496433,0.698002496433,False,False,False
83495163981C,2.5,2,3.0317336101,3.04360150973,0.531733610102,1.04360150973,1.04360150973,True,False,True
83607E1EB0C1,3,4,3.46442986691,3.22009259086,0.464429866908,0.779907409135,0.779907409135,False,False,False
8366D47BD277,2,2,3.59547084439,3.25641814459,1.59547084439,1.25641814459,1.59547084439,True,True,True
836776679D47,2,2,2.82644208062,2.46566834862,0.826442080625,0.465668348616,0.826442080625,False,False,False
838852A4CD54,3,3,3.60250570238,3.57267333739,0.602505702381,0.572673337392,0.602505702381,False,False,False
839908CBDB40,3.5,3.5,2.94502308453,2.75967398802,0.554976915472,0.740326011977,0.740326011977,False,False,False
839CC88FA53E,4,3.5,3.41087933339,3.5450930224,0.589120666615,0.0450930224049,0.589120666615,False,False,False
83D8EED426D9,3,3,3.20980988298,3.29289095707,0.209809882975,0.292890957075,0.292890957075,False,False,False
83EB2FEA9730,2,2,2.83038418863,2.72878413146,0.830384188629,0.728784131463,0.830384188629,False,False,False
83F2A3B31F21,4,3,3.32667288334,2.86507638295,0.673327116662,0.134923617053,0.673327116662,False,False,False
83FEB27FD31E,3.5,3,4.13912000954,3.87087009863,0.639120009536,0.870870098629,0.870870098629,False,False,False
841C932876BF,3,3,2.84464152322,2.4354846399,0.155358476778,0.564515360098,0.564515360098,False,False,False
842DB1548726,3,2,2.8176058169,2.51734956617,0.1823941831,0.517349566172,0.517349566172,False,False,False
8432ECF3E7E3,4,3,3.36495482512,3.44812814278,0.635045174884,0.448128142779,0.635045174884,False,False,False
843596D36291,2,2.5,3.53555342339,3.02238343231,1.53555342339,0.52238343231,1.53555342339,True,True,False
84367AEE6898,2.5,3,3.04209294811,2.68494568653,0.542092948106,0.315054313472,0.542092948106,False,False,False
844C1E54CC90,3.5,3.5,3.3325515169,3.34850360723,0.167448483104,0.151496392774,0.167448483104,False,False,False
8456F4CF47BD,3,2.5,3.33414846208,3.24759548349,0.334148462085,0.747595483493,0.747595483493,False,False,False
84618D2B60E8,3.5,3,3.83842358215,3.63610734358,0.338423582149,0.636107343579,0.636107343579,False,False,False
847819B01A32,2,1.5,2.95215029011,2.58778879855,0.952150290114,1.08778879855,1.08778879855,True,False,True
848E99DD9C45,4,3.5,3.59274024022,3.29022354688,0.407259759777,0.209776453118,0.407259759777,False,False,False
84B3F99A64AD,4,4,3.64268043307,3.48283166332,0.357319566929,0.51716833668,0.51716833668,False,False,False
84C4D485BAA3,4,3.5,3.3692494105,3.21330702535,0.630750589498,0.286692974648,0.630750589498,False,False,False
84DBCFD80902,4,3.5,3.38717621511,3.06068062806,0.612823784892,0.439319371944,0.612823784892,False,False,False
84EABE6DE5BB,2.5,3,3.01971023204,3.14126348172,0.519710232039,0.141263481716,0.519710232039,False,False,False
85032CD4DFB2,3.5,3.5,3.67010509962,3.18986140365,0.170105099623,0.310138596349,0.310138596349,False,False,False
8522F7EE2D2A,4,3.5,3.56086016436,3.66636240861,0.439139835638,0.166362408611,0.439139835638,False,False,False
85408CA46C97,3,2.5,3.76987242543,3.65561979477,0.769872425427,1.15561979477,1.15561979477,True,False,True
855B1C8330C8,2.5,2.5,3.05157563724,3.0253742348,0.551575637243,0.525374234799,0.551575637243,False,False,False
8562B8EFCDA7,3,3.5,3.10142495456,2.93214573837,0.101424954565,0.567854261633,0.567854261633,False,False,False
856CC335F38C,2,2.5,2.97062705403,2.79856599567,0.970627054032,0.298565995671,0.970627054032,False,False,False
857FAF7C385C,3,3,3.49525848024,3.12865495995,0.495258480237,0.128654959951,0.495258480237,False,False,False
858F00F1B16B,3,2.5,3.1968259594,2.66726702168,0.196825959397,0.16726702168,0.196825959397,False,False,False
85BA158B2B5F,3.5,4,3.32991727653,3.43356189748,0.170082723471,0.56643810252,0.56643810252,False,False,False
85E806A814BA,4,3.5,3.52711649516,3.47463393124,0.472883504839,0.0253660687552,0.472883504839,False,False,False
85E9F564A28D,3,2.5,2.97960241394,2.60628243409,0.0203975860613,0.106282434094,0.106282434094,False,False,False
86023FA4D1B1,3,3,2.92635619817,2.47230593836,0.0736438018254,0.527694061637,0.527694061637,False,False,False
8607C2B7F129,2.5,2,3.01867297411,2.58560672145,0.518672974106,0.585606721455,0.585606721455,False,False,False
8619216110AA,2.5,2,2.91849280454,2.5451292673,0.418492804536,0.545129267303,0.545129267303,False,False,False
861B68E29325,3,2.5,2.73734604128,2.34054962907,0.262653958722,0.159450370932,0.262653958722,False,False,False
862DC66C8B54,4.5,4.5,3.88079042061,3.65787963829,0.619209579389,0.842120361713,0.842120361713,False,False,False
865059AFC0B1,3,2.5,3.05646165726,2.7596204914,0.0564616572642,0.259620491404,0.259620491404,False,False,False
8650DDFD974B,3,2.5,3.66386879663,3.42695790636,0.663868796628,0.926957906358,0.926957906358,False,False,False
867EF045947A,3.5,2.5,2.97487646739,2.45451394405,0.525123532613,0.0454860559475,0.525123532613,False,False,False
868A7591F650,4,4.5,3.55643660895,3.51611002508,0.443563391052,0.983889974919,0.983889974919,False,False,False
868F384197B2,3.5,3.5,3.24243906711,2.99839115391,0.257560932888,0.501608846089,0.501608846089,False,False,False
869367F8A718,4.5,4.5,3.87883166251,3.70728406798,0.621168337493,0.792715932022,0.792715932022,False,False,False
86C3D3947EEB,3,2.5,2.81818588116,2.61463628726,0.181814118837,0.114636287257,0.181814118837,False,False,False
86E192D79CC7,3.5,3,3.51434374571,3.12440450744,0.0143437457096,0.12440450744,0.12440450744,False,False,False
86F0A7E0FF73,3,2.5,3.14290816421,3.34149774792,0.142908164214,0.841497747917,0.841497747917,False,False,False
86FB4A4F0642,2.5,2,2.93190721163,2.75746406938,0.431907211626,0.757464069376,0.757464069376,False,False,False
86FE30AFB1DD,5,4,3.90576746865,3.72263425721,1.09423253135,0.277365742788,1.09423253135,True,True,False
86FF01B23BFC,2.5,2.5,2.86594806567,2.47441070515,0.365948065668,0.0255892948461,0.365948065668,False,False,False
86FF8C846E87,2.5,2.5,3.04145870471,2.77718682873,0.54145870471,0.277186828726,0.54145870471,False,False,False
870F47E77215,4,3.5,3.8575871195,3.33040049901,0.142412880498,0.169599500989,0.169599500989,False,False,False
871097AE113C,3,3,2.83938961685,2.81650118849,0.160610383154,0.183498811511,0.183498811511,False,False,False
87160DE4128C,2.5,2,2.8151272733,2.69637402213,0.315127273298,0.696374022133,0.696374022133,False,False,False
87263FC3308B,2,2,3.05804353662,2.68152587302,1.05804353662,0.681525873019,1.05804353662,True,True,False
8732BAEAF691,3,2.5,2.82269780139,2.68484286953,0.177302198606,0.184842869532,0.184842869532,False,False,False
873F13938B97,2,2.5,2.98826822118,2.78875807904,0.988268221176,0.288758079037,0.988268221176,False,False,False
87423CBA05FC,3,3,2.96027066314,3.08122779303,0.0397293368623,0.0812277930267,0.0812277930267,False,False,False
875DB79DB29E,4,3,3.23286584395,3.38735065354,0.767134156049,0.387350653545,0.767134156049,False,False,False
876A8C32BB9C,3,3,3.2998438285,3.01535479991,0.299843828497,0.0153547999096,0.299843828497,False,False,False
876A94E72E62,3,3.5,2.47956657888,2.26356088925,0.520433421121,1.23643911075,1.23643911075,True,False,True
8779EFBFA404,3.5,3.5,3.59565658983,3.6278636189,0.0956565898324,0.127863618901,0.127863618901,False,False,False
878B506F2B0A,3.5,3,3.82341397398,3.65975667159,0.323413973982,0.659756671593,0.659756671593,False,False,False
878C3B7DB54A,3,3,2.92431472136,3.02875637865,0.0756852786389,0.0287563786545,0.0756852786389,False,False,False
87961D31CBA1,3.5,3,2.97298638797,2.78513306744,0.527013612031,0.214866932562,0.527013612031,False,False,False
87A4F7727EFE,3,2.5,3.11175658243,2.95670066539,0.111756582432,0.456700665393,0.456700665393,False,False,False
87B90ECE35C0,3.5,3.5,3.43859755499,3.46399200264,0.0614024450128,0.0360079973606,0.0614024450128,False,False,False
87D1FF022E09,3.5,4,3.1801461688,3.26719283871,0.319853831197,0.732807161295,0.732807161295,False,False,False
87E40AAEDA92,4,3,2.97965402095,2.61010901385,1.02034597905,0.389890986154,1.02034597905,True,True,False
87E42E20964C,3,3.5,2.8235033817,2.53685364305,0.176496618297,0.963146356949,0.963146356949,False,False,False
87FA671E75FE,4,4,3.49195960779,3.28280251143,0.50804039221,0.717197488573,0.717197488573,False,False,False
8802D9137553,3,3.5,3.05838608962,3.08663547195,0.0583860896238,0.413364528048,0.413364528048,False,False,False
880ED9B8C088,3,3,3.0603860187,2.94373791914,0.0603860186983,0.0562620808617,0.0603860186983,False,False,False
881D383DDED7,3,2,3.00010933784,2.5177740414,0.000109337835267,0.5177740414,0.5177740414,False,False,False
8840BE5A0764,3,2.5,3.17995224662,2.85571280208,0.179952246621,0.355712802081,0.355712802081,False,False,False
884341490B05,4.5,3.5,3.78027826426,3.6821977794,0.719721735742,0.182197779402,0.719721735742,False,False,False
88AF8B7C41B3,4,4,3.49834931328,3.39024492793,0.501650686721,0.609755072072,0.609755072072,False,False,False
88B748EC71BA,3,3,3.16703548228,2.6973230647,0.167035482277,0.302676935305,0.302676935305,False,False,False
88C9B6EB6495,2.5,2,2.87832244288,2.84989555259,0.378322442877,0.849895552586,0.849895552586,False,False,False
88D106671BB6,3,2,3.23285846351,2.83308214176,0.232858463513,0.833082141764,0.833082141764,False,False,False
88EF61EA84E7,3,2.5,3.35369743413,3.45836517683,0.353697434134,0.958365176826,0.958365176826,False,False,False
88FA9C1FF56D,3.5,3.5,3.3726026128,3.48949172893,0.1273973872,0.01050827107,0.1273973872,False,False,False
8916C3652084,4,3.5,3.4781711008,3.52168040033,0.521828899198,0.0216804003305,0.521828899198,False,False,False
891A55ACFD7B,3,3.5,3.3537312919,3.28539245071,0.353731291903,0.214607549289,0.353731291903,False,False,False
892C62DA8239,2.5,2.5,2.79251849135,2.36243584216,0.29251849135,0.137564157844,0.29251849135,False,False,False
892DA7949278,3,3.5,3.158520932,3.41827283035,0.158520931998,0.0817271696463,0.158520931998,False,False,False
89316C1CB57D,3.5,3,2.89856323994,2.81321117875,0.601436760058,0.186788821254,0.601436760058,False,False,False
895C8FA99A90,3.5,3.5,3.40013806968,3.07509133153,0.0998619303196,0.424908668471,0.424908668471,False,False,False
898301EF8335,4,4,3.51446751549,3.3210137164,0.48553248451,0.6789862836,0.6789862836,False,False,False
898DB8CA7CD8,4,3.5,3.3666816551,2.95701688367,0.633318344898,0.542983116331,0.633318344898,False,False,False
899E7AA63391,4,3.5,3.63839301495,3.43681080076,0.361606985046,0.0631891992393,0.361606985046,False,False,False
89BE14C23AAA,3.5,2.5,2.92209376757,2.61382504316,0.577906232433,0.113825043163,0.577906232433,False,False,False
89D5D795B586,4.5,3,3.30114347422,2.95992193345,1.19885652578,0.0400780665473,1.19885652578,True,True,False
8A0689B9787B,3,3,3.08244104446,2.66566339279,0.0824410444576,0.334336607211,0.334336607211,False,False,False
8A1091BCE673,3,3,3.45764669679,3.34834941781,0.457646696791,0.348349417809,0.457646696791,False,False,False
8A17C63FBFCB,4,2.5,2.86722639035,2.53323742555,1.13277360965,0.0332374255528,1.13277360965,True,True,False
8A30B1A2C25C,3.5,2.5,3.16918695502,2.70016484948,0.330813044976,0.200164849478,0.330813044976,False,False,False
8A390C9551BE,3,2.5,3.36698526074,3.29566337828,0.366985260741,0.795663378284,0.795663378284,False,False,False
8A46EA70EFB9,3.5,3,3.06485697298,2.93246302971,0.435143027024,0.0675369702858,0.435143027024,False,False,False
8A49ACAF55E0,3.5,2.5,3.74335314953,3.28990269196,0.243353149528,0.789902691956,0.789902691956,False,False,False
8A68943E1657,3,2.5,2.60644180182,2.31163080803,0.393558198177,0.188369191968,0.393558198177,False,False,False
8A8109553B2D,2.5,2.5,2.99269676654,2.74563186583,0.492696766543,0.245631865831,0.492696766543,False,False,False
8A941F717E2F,2.5,2.5,2.8419664632,2.4188537522,0.341966463203,0.0811462477983,0.341966463203,False,False,False
8AB06719AED1,3,3.5,3.32903311019,2.94902555871,0.329033110186,0.550974441286,0.550974441286,False,False,False
8B0256A2195D,3.5,3.5,3.15147523538,3.16492073959,0.348524764619,0.33507926041,0.348524764619,False,False,False
8B1883B7393C,4,4.5,4.14479331186,3.8470802496,0.144793311864,0.652919750403,0.652919750403,False,False,False
8B1F8FCC9E56,3,3.5,3.55257748541,3.44461428839,0.552577485409,0.0553857116141,0.552577485409,False,False,False
8B2CB9C1F189,4,3,3.5634620392,3.22178929064,0.436537960796,0.221789290636,0.436537960796,False,False,False
8B32FDDB8464,3,2,2.6070671887,2.23295244881,0.3929328113,0.23295244881,0.3929328113,False,False,False
8B42E3FAF13E,2.5,2,3.1074011581,2.55969938387,0.607401158102,0.559699383872,0.607401158102,False,False,False
8B477C53521B,2.5,2,3.14414511535,2.98715160227,0.644145115353,0.987151602269,0.987151602269,False,False,False
8B6086ADA4DC,2.5,3,2.92501549718,2.67052791328,0.42501549718,0.329472086717,0.42501549718,False,False,False
8B68340561F8,3,3.5,3.52193539641,3.48587527059,0.521935396407,0.014124729409,0.521935396407,False,False,False
8B6A4C75528F,3.5,3,3.49861260328,3.13459762067,0.00138739672053,0.134597620667,0.134597620667,False,False,False
8B72978E5087,3,2.5,3.49708531425,3.14652735793,0.497085314253,0.646527357931,0.646527357931,False,False,False
8B7D58AC8366,3.5,3.5,3.5234009823,3.55662599964,0.0234009823013,0.0566259996431,0.0566259996431,False,False,False
8B845E27E5E0,3,2.5,3.31876917057,3.19829910707,0.318769170571,0.698299107065,0.698299107065,False,False,False
8B89E28B22F1,3,3,3.09887944586,2.94280593736,0.0988794458583,0.0571940626403,0.0988794458583,False,False,False
8B8E152F28F3,5,4.5,3.5292069523,3.67006068912,1.4707930477,0.829939310878,1.4707930477,True,True,False
8B9FC3D92A4A,3,3.5,3.36364244908,2.98921703819,0.363642449083,0.510782961808,0.510782961808,False,False,False
8BA09C4011C7,3,2,2.91352708768,2.6863020962,0.0864729123185,0.686302096201,0.686302096201,False,False,False
8BA111FB9B91,3,2.5,2.83915216694,2.31533956722,0.160847833058,0.184660432783,0.184660432783,False,False,False
8BA79A866F2C,3.5,3,3.58016017965,3.04986170835,0.0801601796539,0.0498617083457,0.0801601796539,False,False,False
8BC7CFA96D8E,3,2.5,2.8405801619,2.66010436691,0.159419838103,0.160104366913,0.160104366913,False,False,False
8BCF2626A98C,3.5,3,3.01956816485,2.65825415829,0.48043183515,0.341745841711,0.48043183515,False,False,False
8BF621177FB3,3.5,4.5,3.48598591696,3.55555739551,0.0140140830436,0.944442604489,0.944442604489,False,False,False
8C54215E9E81,3,3,3.36252444642,2.93554683793,0.362524446425,0.0644531620741,0.362524446425,False,False,False
8C6DDD3C2D4F,3,3,3.10345660547,2.79878801548,0.103456605468,0.201211984522,0.201211984522,False,False,False
8C8B11C308CF,3,2.5,3.7248323443,3.18592184427,0.724832344303,0.685921844268,0.724832344303,False,False,False
8C90AE221DEC,3,4,2.92638654789,2.71788502431,0.0736134521075,1.28211497569,1.28211497569,True,False,True
8C982AB59C60,3,2,3.04399167751,2.72523591687,0.0439916775087,0.725235916871,0.725235916871,False,False,False
8CAFDA36E9E8,3.5,3.5,2.93103976708,2.75185540159,0.568960232917,0.748144598414,0.748144598414,False,False,False
8CB065FDF95D,3,3,3.18407374191,2.89062119479,0.184073741906,0.109378805213,0.184073741906,False,False,False
8CB337D8D65C,3,3.5,3.47825670306,3.43217557503,0.478256703065,0.067824424967,0.478256703065,False,False,False
8CE5BAD8AF45,3,2.5,3.31853819426,3.04896213655,0.318538194262,0.548962136554,0.548962136554,False,False,False
8CFDD16685D4,3.5,3.5,3.31066567376,3.25852544318,0.189334326244,0.241474556817,0.241474556817,False,False,False
8D00FE53EC71,3,2.5,2.85572151941,2.36446716207,0.144278480587,0.135532837929,0.144278480587,False,False,False
8D0511CAA8B4,4,4,3.76505202005,3.66563222872,0.234947979951,0.334367771282,0.334367771282,False,False,False
8D3B7420BD7A,1.5,1.5,2.98184276759,2.44252480861,1.48184276759,0.942524808612,1.48184276759,True,True,False
8D4183A83E96,3,2.5,3.28001497342,2.92742301279,0.28001497342,0.427423012793,0.427423012793,False,False,False
8D59FC8F6696,4,4,3.51154003289,3.40017382568,0.488459967107,0.59982617432,0.59982617432,False,False,False
8D6424E93B3A,2.5,2,2.69667798145,2.3625430381,0.196677981451,0.362543038096,0.362543038096,False,False,False
8D6DFE5DD236,3.5,3,3.42007173157,2.91208103875,0.0799282684265,0.0879189612472,0.0879189612472,False,False,False
8D87BB07D992,3.5,3.5,3.60179405094,3.33051180765,0.101794050938,0.169488192351,0.169488192351,False,False,False
8D9B9718475E,3.5,3,3.40706252376,2.96944470622,0.092937476242,0.030555293779,0.092937476242,False,False,False
8DD7BB17BB28,3,2.5,3.03983411021,3.07304129947,0.0398341102149,0.573041299473,0.573041299473,False,False,False
8DDCA8D2FDD3,3,2.5,3.31853985128,3.43765294319,0.318539851283,0.937652943191,0.937652943191,False,False,False
8DE078C527C1,2,2.5,3.19756911781,2.74545166311,1.19756911781,0.245451663115,1.19756911781,True,True,False
8E053EA4FE6F,4,3,3.49070802365,3.03226662841,0.509291976352,0.0322666284116,0.509291976352,False,False,False
8E1B32095441,3,3,2.97809361347,2.45361673012,0.0219063865309,0.546383269876,0.546383269876,False,False,False
8E38DC6AE950,3.5,2.5,3.48338874021,2.89910411547,0.016611259787,0.399104115467,0.399104115467,False,False,False
8E40E03B113A,3.5,3,3.57261741251,3.04306927764,0.0726174125143,0.0430692776365,0.0726174125143,False,False,False
8E6C29D7E3E9,4.5,4.5,3.62737673926,3.55505072458,0.872623260737,0.944949275417,0.944949275417,False,False,False
8EB647435835,3,2.5,2.92166211971,2.40583138,0.0783378802934,0.0941686200015,0.0941686200015,False,False,False
8EC4B56C6F75,2.5,2.5,2.90678905242,2.67595072499,0.406789052415,0.175950724994,0.406789052415,False,False,False
8EC926036A45,3.5,4,3.0680757442,2.77871577343,0.431924255804,1.22128422657,1.22128422657,True,False,True
8EE13BF993A0,3.5,2.5,3.26802906353,3.03821773439,0.231970936469,0.538217734393,0.538217734393,False,False,False
8EF1139A2B72,3,3.5,3.14684728903,2.91097851897,0.14684728903,0.589021481029,0.589021481029,False,False,False
8F83A71F53F4,2.5,3,3.14551025765,3.17961244842,0.64551025765,0.179612448423,0.64551025765,False,False,False
8F8C9072F643,2.5,2.5,2.87212237765,2.50654343115,0.372122377645,0.00654343115378,0.372122377645,False,False,False
8F99596B66B6,2,2.5,3.02915987751,2.97292519831,1.02915987751,0.47292519831,1.02915987751,True,True,False
8FE60434BEFF,3,2,3.11100113867,2.83133694412,0.111001138669,0.831336944124,0.831336944124,False,False,False
8FFD574898BE,3.5,3.5,3.3487018649,3.26653211948,0.151298135099,0.233467880524,0.233467880524,False,False,False
9.91E+11,3,3.5,2.75502185906,2.53373239804,0.24497814094,0.966267601958,0.966267601958,False,False,False
9.92E+12,4,4,3.36915195714,2.96414275962,0.630848042865,1.03585724038,1.03585724038,True,False,True
9009B5C53A85,3,2.5,3.41812666901,3.37341889624,0.418126669011,0.873418896238,0.873418896238,False,False,False
901DD3AC6032,4,3.5,3.61714174096,3.32033987997,0.382858259039,0.179660120033,0.382858259039,False,False,False
902459E92932,5,4.5,3.40181245782,2.92315486236,1.59818754218,1.57684513764,1.59818754218,True,True,True
9030EFBD331B,3.5,3.5,2.78883295413,2.57485899534,0.71116704587,0.925141004662,0.925141004662,False,False,False
904037B7B0CD,4,3,3.60088051336,3.24127324601,0.399119486643,0.241273246015,0.399119486643,False,False,False
905C98ADBF85,3.5,3,3.49225857745,3.48183265037,0.00774142255122,0.481832650369,0.481832650369,False,False,False
9064E2825B06,3,3,3.53031189841,3.41823545456,0.530311898415,0.418235454563,0.530311898415,False,False,False
906C4B27ECA9,3.5,3.5,3.35037376689,3.03355301475,0.149626233107,0.466446985251,0.466446985251,False,False,False
906C732BF214,3.5,2.5,3.23749899621,2.69281591363,0.262501003787,0.192815913635,0.262501003787,False,False,False
907FCE7FFE24,3,3,2.70662443641,2.61723777843,0.293375563585,0.382762221569,0.382762221569,False,False,False
909C7B5CBE2F,3,2.5,3.37012669519,3.08318819381,0.370126695193,0.583188193807,0.583188193807,False,False,False
90B0118A8C55,2,2,2.46946678793,2.10677768275,0.469466787931,0.10677768275,0.469466787931,False,False,False
90B40FDB2EF6,4.5,4.5,3.59497763208,3.68201875763,0.905022367919,0.817981242365,0.905022367919,False,False,False
90CCB4327B0A,2.5,2,2.65723468058,2.30982578069,0.157234680575,0.309825780692,0.309825780692,False,False,False
90E603794946,3,2,3.01820531503,2.67212336449,0.0182053150253,0.672123364493,0.672123364493,False,False,False
91238475895A,3.5,2.5,3.42593274725,3.4252084643,0.0740672527531,0.925208464299,0.925208464299,False,False,False
9130571B0792,4,4,3.80684771457,3.5292027471,0.193152285434,0.470797252896,0.470797252896,False,False,False
91372CA48CAE,2,2,2.9422650841,2.85065594531,0.942265084103,0.850655945307,0.942265084103,False,False,False
914A5E042E73,3.5,4,3.83791076315,3.88705329513,0.337910763151,0.112946704871,0.337910763151,False,False,False
916C937AF222,4,3,3.56285770427,3.15113951561,0.437142295735,0.15113951561,0.437142295735,False,False,False
9174D620243B,3.5,3,3.19097995295,2.84026123334,0.309020047054,0.159738766664,0.309020047054,False,False,False
91A922E324EC,3.5,4,3.64244698608,3.19342183227,0.142446986079,0.806578167735,0.806578167735,False,False,False
91D667A03FB6,3,4,2.91565956926,2.48556095026,0.0843404307354,1.51443904974,1.51443904974,True,False,True
91FDC448604B,3.5,3.5,3.82164750161,3.64785740035,0.321647501609,0.14785740035,0.321647501609,False,False,False
9213A16C1A0A,3,3.5,2.9715234376,2.90236740546,0.0284765623966,0.597632594541,0.597632594541,False,False,False
922A1C015DCD,3,2.5,2.92299673214,2.50903477896,0.0770032678619,0.00903477896413,0.0770032678619,False,False,False
923BD228CDDA,3.5,3,3.19074574253,2.99008521237,0.309254257468,0.00991478763433,0.309254257468,False,False,False
9253C0D51EB0,2,2.5,2.9238933498,2.72070124838,0.923893349804,0.220701248378,0.923893349804,False,False,False
92565F628A4C,3.5,3,3.06014373172,3.3623038342,0.439856268278,0.362303834196,0.439856268278,False,False,False
9261603E41C8,3,2.5,3.03372741362,2.78496284848,0.0337274136192,0.284962848477,0.284962848477,False,False,False
9265866A217A,3,3,3.09759346854,2.78392277593,0.097593468544,0.216077224074,0.216077224074,False,False,False
9268A2901736,3,2.5,2.97160465738,2.64656851308,0.0283953426153,0.146568513084,0.146568513084,False,False,False
9271B11A158B,3.5,3,3.09422184525,2.61489232987,0.405778154745,0.385107670134,0.405778154745,False,False,False
92767513178,3,2.5,3.1656306776,3.31955990759,0.165630677597,0.819559907589,0.819559907589,False,False,False
927D06466966,3,3.5,3.2991558664,3.14793345689,0.299155866403,0.352066543111,0.352066543111,False,False,False
927D5ACDC3B9,3,2.5,3.1585997101,3.1991931037,0.1585997101,0.699193103702,0.699193103702,False,False,False
927FAB84487B,2.5,2,2.79510134028,2.50031561842,0.295101340278,0.500315618425,0.500315618425,False,False,False
9287BCFD009E,2,2.5,2.992486684,2.99422524547,0.992486683999,0.494225245469,0.992486683999,False,False,False
92970A5AF246,5,4.5,3.61329757318,3.57908622891,1.38670242682,0.920913771086,1.38670242682,True,True,False
92B25E7B3454,4,3.5,3.34360009411,3.01001915218,0.656399905888,0.489980847818,0.656399905888,False,False,False
92CF5E341FEC,4,3,3.34830501791,3.08541527445,0.65169498209,0.0854152744461,0.65169498209,False,False,False
92DDD916396F,2.5,2.5,2.91708031968,2.6466243758,0.417080319675,0.146624375799,0.417080319675,False,False,False
930CE04D2DAF,3,2.5,2.9125249013,2.77032870454,0.0874750987001,0.270328704535,0.270328704535,False,False,False
9314D1638985,4.5,4.5,3.57812421458,3.64183445627,0.921875785418,0.858165543726,0.921875785418,False,False,False
933951E2A198,3.5,3.5,3.24924951754,2.88491601529,0.250750482465,0.615083984711,0.615083984711,False,False,False
934BB35BE9F2,3.5,3.5,3.36121830821,3.17747907805,0.138781691789,0.32252092195,0.32252092195,False,False,False
936D63E8CE0B,3.5,3.5,3.58023219684,3.14158851539,0.0802321968437,0.358411484606,0.358411484606,False,False,False
93B5C7FC9351,2.5,2.5,3.16138940372,2.85440497668,0.661389403721,0.354404976676,0.661389403721,False,False,False
93BEF2162D6C,3,3,3.38572269161,3.00859228094,0.385722691614,0.00859228094043,0.385722691614,False,False,False
93D23741DD11,3.5,3.5,3.04225086497,2.8526489426,0.457749135026,0.647351057403,0.647351057403,False,False,False
93D6E4071601,4,3.5,3.34757465169,2.92148544523,0.652425348305,0.578514554772,0.652425348305,False,False,False
93EA913C89C6,3.5,2.5,3.00022476537,2.5502230721,0.499775234632,0.0502230720952,0.499775234632,False,False,False
9402CA39435E,3.5,3,3.48802426546,3.53151637957,0.0119757345364,0.531516379569,0.531516379569,False,False,False
940EEB1561ED,3,3,3.18687943599,3.41384685188,0.18687943599,0.413846851876,0.413846851876,False,False,False
942D557570C9,3,3,2.93289000379,3.18253064874,0.0671099962119,0.182530648737,0.182530648737,False,False,False
947DF52352AB,2.5,3,2.88112558912,2.55069729174,0.381125589116,0.449302708263,0.449302708263,False,False,False
948B9EFAC74B,2.5,2.5,3.14069489196,3.14394881413,0.640694891961,0.643948814128,0.643948814128,False,False,False
9497054F9CEB,3,2,3.04814443256,2.50659251871,0.0481444325567,0.506592518707,0.506592518707,False,False,False
949974998B03,3,3.5,3.63958032339,3.48040199762,0.639580323391,0.0195980023751,0.639580323391,False,False,False
949FD30AE763,3,3,3.60921018189,3.51502981278,0.60921018189,0.515029812779,0.60921018189,False,False,False
94A712588FB4,3.5,3.5,3.53384928237,3.33436302485,0.0338492823742,0.165636975152,0.165636975152,False,False,False
94DC89CA8F6B,2.5,3,3.12428263256,3.21096005656,0.624282632557,0.21096005656,0.624282632557,False,False,False
94E20289E580,3,4,3.23873952133,3.29834222646,0.238739521333,0.701657773545,0.701657773545,False,False,False
94F05E31709D,3.5,3,3.14698547237,2.76396588578,0.353014527632,0.23603411422,0.353014527632,False,False,False
9506E6BEBEAA,3,3.5,2.88896907859,2.57363093402,0.111030921413,0.926369065983,0.926369065983,False,False,False
953175E98C3D,3,2,2.87853508591,2.57283933111,0.121464914091,0.572839331107,0.572839331107,False,False,False
9545A69BE4CE,3,3,3.2384073785,3.24215244249,0.238407378502,0.242152442487,0.242152442487,False,False,False
954D9607B1D2,2.5,3,3.03677528402,2.77250640256,0.536775284024,0.227493597438,0.536775284024,False,False,False
955B5FFB4D63,3,2.5,2.86730040465,2.53932954711,0.13269959535,0.0393295471077,0.13269959535,False,False,False
956FB6386B52,3,2.5,3.45574969511,2.98701004729,0.455749695114,0.487010047287,0.487010047287,False,False,False
95A0BBA6D7DC,4,3.5,3.64847343539,3.44093495124,0.351526564611,0.0590650487585,0.351526564611,False,False,False
95E7E12842DB,2.5,2,2.59663178204,2.21804062237,0.0966317820436,0.21804062237,0.21804062237,False,False,False
95ED999794FE,3.5,3,3.59202243381,3.56671896306,0.0920224338145,0.566718963057,0.566718963057,False,False,False
9616D1663C9A,3.5,3,3.71389754516,3.15899086849,0.213897545163,0.158990868488,0.213897545163,False,False,False
9626F8457699,3.5,3.5,3.17285980133,3.14538072815,0.327140198668,0.354619271845,0.354619271845,False,False,False
965461CCC928,3.5,3.5,3.03691554909,2.96715100766,0.463084450906,0.532848992344,0.532848992344,False,False,False
966F39486EC8,3.5,3,3.36266896703,3.39148390827,0.13733103297,0.391483908268,0.391483908268,False,False,False
96BB56F10856,3,2.5,3.57515977788,3.01829392052,0.575159777882,0.518293920521,0.575159777882,False,False,False
96CD68CA4875,3,3,3.01082080256,2.96039161266,0.0108208025552,0.039608387336,0.039608387336,False,False,False
96D2EA38F2B4,3.5,3.5,3.50271395601,3.50464588081,0.00271395601471,0.00464588081178,0.00464588081178,False,False,False
96D3BFD293D8,3,2.5,3.05208947694,2.77431017799,0.0520894769418,0.274310177995,0.274310177995,False,False,False
96E7F9D0866D,3.5,4,3.53861124057,3.43962450036,0.0386112405674,0.560375499636,0.560375499636,False,False,False
96F77EF710CD,3,3.5,2.80399723341,2.62257890865,0.196002766594,0.877421091354,0.877421091354,False,False,False
970F93EC61BC,3,2.5,3.03142695063,2.51577632605,0.0314269506314,0.0157763260466,0.0314269506314,False,False,False
970FD5B16A03,2.5,2.5,3.26228297634,2.98866112111,0.76228297634,0.488661121114,0.76228297634,False,False,False
971004AB4EED,3,3.5,3.14459079277,3.12586913432,0.144590792768,0.374130865679,0.374130865679,False,False,False
972B3C50EBAE,2.5,2.5,3.03409138982,2.64002062754,0.534091389818,0.140020627543,0.534091389818,False,False,False
972C09AF7E70,2.5,2,3.36909825792,3.20381738294,0.869098257922,1.20381738294,1.20381738294,True,False,True
972D1B96C02D,2,3,3.16234676795,2.74694244171,1.16234676795,0.253057558286,1.16234676795,True,True,False
97552735D8A9,3.5,3.5,3.39219130674,3.39479038559,0.10780869326,0.105209614413,0.10780869326,False,False,False
975CEE424F3B,4,4,3.2892025139,3.41317676047,0.710797486102,0.586823239534,0.710797486102,False,False,False
976AFB7A07F5,2.5,2,2.70762129636,2.44448750782,0.20762129636,0.444487507821,0.444487507821,False,False,False
978B0771857C,2.5,2.5,2.88021282347,2.52640730659,0.380212823472,0.0264073065868,0.380212823472,False,False,False
9791B50E0F25,3.5,3,3.02762070987,2.67714316123,0.472379290127,0.322856838771,0.472379290127,False,False,False
979F330774B9,3.5,3.5,3.51805645471,3.55512936563,0.0180564547092,0.0551293656261,0.0551293656261,False,False,False
97E0749970A6,2.5,3,3.11672237245,2.74023678763,0.616722372453,0.259763212368,0.616722372453,False,False,False
97EC9FB7C355,4.5,3.5,3.74858497049,3.43645312453,0.751415029512,0.0635468754735,0.751415029512,False,False,False
9804116DD112,3,2.5,2.82029664594,2.7545764031,0.179703354062,0.2545764031,0.2545764031,False,False,False
9812A74D74C4,3.5,2.5,3.38380928034,2.95353342941,0.116190719662,0.453533429406,0.453533429406,False,False,False
9820AAB8EFE1,4,3,3.67740186399,3.58587072887,0.322598136011,0.585870728873,0.585870728873,False,False,False
983C17593419,3.5,3,3.24604462671,2.80252203663,0.253955373288,0.197477963371,0.253955373288,False,False,False
9844C7BF41F6,3,2,2.63389985333,2.33989358834,0.366100146672,0.339893588343,0.366100146672,False,False,False
984C1FDC4031,3.5,3.5,3.07208255608,3.05412645122,0.427917443918,0.445873548778,0.445873548778,False,False,False
9854782DAC30,4,4.5,3.80932914046,3.63549746714,0.190670859537,0.864502532861,0.864502532861,False,False,False
98784D1F98ED,3.5,4,3.20165832768,3.49809152939,0.298341672325,0.501908470611,0.501908470611,False,False,False
987A62FA9CDB,3,3.5,3.20346309297,2.87434796097,0.203463092967,0.625652039033,0.625652039033,False,False,False
98A2E5BC3A98,3,3,3.30915316599,3.35220462413,0.309153165986,0.352204624134,0.352204624134,False,False,False
98A980CA6B11,3,3.5,3.25306965741,2.95107800265,0.253069657412,0.548921997353,0.548921997353,False,False,False
98AC0A073F29,3,3,3.0919588318,3.22842270466,0.0919588317996,0.228422704658,0.228422704658,False,False,False
98B07848E603,3,3,3.44911669823,3.42075516062,0.449116698226,0.420755160621,0.449116698226,False,False,False
98BD2D5840A1,3.5,2.5,3.35284458388,3.08300992121,0.147155416119,0.583009921215,0.583009921215,False,False,False
98E96A854A91,3,2.5,2.73727909616,2.61875276057,0.262720903843,0.118752760572,0.262720903843,False,False,False
98EF05EF3698,3,2.5,2.72043197285,2.33214777384,0.279568027146,0.167852226161,0.279568027146,False,False,False
98F4A26338C4,3,2.5,3.10623940048,2.81614492691,0.10623940048,0.31614492691,0.31614492691,False,False,False
99031AEAD3EE,4,4,3.44786780242,2.98669676791,0.55213219758,1.01330323209,1.01330323209,True,False,True
990FCE4EC6FF,3,3,3.12447565012,2.93453625298,0.124475650125,0.0654637470185,0.124475650125,False,False,False
991748F8ED61,3,2.5,3.34441300822,2.90132765044,0.344413008217,0.401327650439,0.401327650439,False,False,False
993B1A123D61,3.5,3.5,3.6853477113,3.60366382024,0.185347711298,0.103663820242,0.185347711298,False,False,False
993D47113000,2,2,2.74835583333,2.3806639035,0.748355833329,0.380663903498,0.748355833329,False,False,False
9944BB5157B6,3,2,2.97006816153,2.62056913983,0.0299318384658,0.620569139825,0.620569139825,False,False,False
995AD395F09F,2.5,2,3.05870484061,2.8525290677,0.558704840611,0.852529067698,0.852529067698,False,False,False
99626B5F22A6,3,2,3.05993295987,2.91955123374,0.0599329598693,0.919551233739,0.919551233739,False,False,False
996764E29E92,3,2.5,3.32920119804,3.03408495431,0.329201198041,0.534084954308,0.534084954308,False,False,False
999895B0DC9F,3,2.5,2.98207466443,2.64413169431,0.0179253355721,0.144131694312,0.144131694312,False,False,False
999F3229AC57,2.5,2.5,3.17390683748,2.74565308099,0.673906837483,0.245653080995,0.673906837483,False,False,False
99CB649E10A5,3.5,3,3.57987709864,3.39631482243,0.0798770986426,0.396314822432,0.396314822432,False,False,False
99D067A7FA9C,4,3.5,3.43132701341,3.40965146597,0.568672986593,0.0903485340252,0.568672986593,False,False,False
9A10C597B6BC,4,4,3.52284492328,3.54321285586,0.477155076723,0.456787144136,0.477155076723,False,False,False
9A117FFDFB30,3,3,3.49581449699,3.06629998497,0.495814496988,0.0662999849691,0.495814496988,False,False,False
9A1897B5D29F,3.5,3,3.14520080896,2.55965358622,0.35479919104,0.440346413778,0.440346413778,False,False,False
9A1B30581F54,3,3.5,3.11929717163,2.91257309034,0.119297171632,0.587426909661,0.587426909661,False,False,False
9A1F733B06A2,4,3.5,3.49511398708,3.06000429417,0.504886012921,0.439995705832,0.504886012921,False,False,False
9A2C525A20C6,3,4,3.49759449124,3.37723028186,0.497594491241,0.62276971814,0.62276971814,False,False,False
9A33088946CB,3.5,4,3.67666380292,3.7324368211,0.17666380292,0.267563178904,0.267563178904,False,False,False
9A4200CCD3BC,2,3,3.20636895181,3.25525958182,1.20636895181,0.255259581821,1.20636895181,True,True,False
9A5FAADC54FB,2.5,2,3.10639440846,2.75091313872,0.606394408463,0.750913138715,0.750913138715,False,False,False
9A6D8AC7E408,3,3.5,3.21678081389,3.291233384,0.216780813892,0.208766616002,0.216780813892,False,False,False
9A757FBBB15D,3.5,3.5,3.02130262341,2.68541995204,0.478697376594,0.814580047962,0.814580047962,False,False,False
9A76FBF5B3FC,3,2.5,3.36616214846,3.12309269503,0.366162148461,0.623092695028,0.623092695028,False,False,False
9A7B94968ABD,4,4,3.8059676503,3.62504603359,0.194032349698,0.374953966406,0.374953966406,False,False,False
9A8545307253,3,2.5,3.38438685797,3.21892847055,0.384386857966,0.718928470548,0.718928470548,False,False,False
9AB757B6EF7E,3,2,2.9815592633,2.80413588578,0.0184407366996,0.804135885782,0.804135885782,False,False,False
9AC72CCC1BB7,3,2.5,3.34014728639,2.98199377847,0.34014728639,0.481993778466,0.481993778466,False,False,False
9AE20CDA53FD,3,3.5,2.78760889311,2.6057680685,0.212391106887,0.894231931496,0.894231931496,False,False,False
9AE61AE83E69,4,2.5,3.64838208433,3.66152612254,0.351617915671,1.16152612254,1.16152612254,True,False,True
9AE938B25BE2,2,2,2.89708553006,2.84213827788,0.897085530056,0.842138277884,0.897085530056,False,False,False
9B09815887CF,2.5,2.5,3.62058083621,3.14572222212,1.12058083621,0.645722222121,1.12058083621,True,True,False
9B53D3FE8302,4.5,3.5,3.97843417529,3.8083769876,0.521565824707,0.308376987595,0.521565824707,False,False,False
9B6A95DD8E05,3,2.5,3.06132408885,2.9139605222,0.0613240888521,0.413960522203,0.413960522203,False,False,False
9B6C97052EF1,3.5,3,3.40363730227,3.04585299542,0.0963626977323,0.0458529954189,0.0963626977323,False,False,False
9B6CD977EC75,3,3,3.18673459523,2.95441228276,0.186734595225,0.0455877172413,0.186734595225,False,False,False
9B9FEFC6AF83,4,3,3.49744890667,3.21065689184,0.502551093326,0.210656891836,0.502551093326,False,False,False
9BA55DFD0D13,3.5,3.5,2.80362277349,2.65353070832,0.696377226513,0.846469291682,0.846469291682,False,False,False
9BEB865D0B79,3.5,3.5,3.50102466001,3.46290423623,0.00102466000736,0.0370957637722,0.0370957637722,False,False,False
9C1560BB2AF0,3,3,3.11875599872,2.95258338971,0.118755998717,0.0474166102949,0.118755998717,False,False,False
9C245C1269BA,3.5,2.5,3.5181148492,3.38275925469,0.0181148491979,0.882759254689,0.882759254689,False,False,False
9C4A6824257B,3.5,2.5,3.03562425331,2.56518272242,0.464375746688,0.0651827224227,0.464375746688,False,False,False
9C7E63994A83,2.5,2,2.60363504411,2.2296841374,0.103635044108,0.229684137403,0.229684137403,False,False,False
9C926EF2F15D,3,2.5,3.14672334399,2.83550576055,0.146723343992,0.335505760552,0.335505760552,False,False,False
9C94371534B7,2.5,2.5,3.33725245188,3.31212246616,0.837252451875,0.81212246616,0.837252451875,False,False,False
9CDD8FC77D5A,4,3,3.05910193846,2.9942768227,0.940898061544,0.00572317730256,0.940898061544,False,False,False
9CEB3968EE3D,3,2.5,3.0591106873,2.83282879158,0.0591106873024,0.332828791578,0.332828791578,False,False,False
9CEEFC0D8C98,2,2,3.17057703281,2.72578215065,1.17057703281,0.725782150653,1.17057703281,True,True,False
9D0BFC12EB89,3.5,2.5,3.33185795622,2.97589183033,0.168142043775,0.475891830326,0.475891830326,False,False,False
9D15DAF11FA8,3,3.5,3.61119836523,3.55772509614,0.611198365233,0.0577250961375,0.611198365233,False,False,False
9D215C9F4233,4,3.5,3.5294086633,3.53333020967,0.470591336695,0.0333302096723,0.470591336695,False,False,False
9D334944FAF2,3.5,3,3.24474620617,3.18669373379,0.255253793832,0.186693733793,0.255253793832,False,False,False
9D33CC6B9AEF,3,3,3.46180507418,3.11590940144,0.461805074181,0.115909401438,0.461805074181,False,False,False
9D3EE733AE65,3.5,3.5,3.58975964743,3.30268572162,0.08975964743,0.197314278377,0.197314278377,False,False,False
9D5052A74EAE,2.5,2,3.18376211203,2.80564466468,0.683762112032,0.805644664675,0.805644664675,False,False,False
9D5472DCAF57,2.5,3,2.790473029,2.60501798167,0.290473029002,0.394982018331,0.394982018331,False,False,False
9D7C27E25723,5,4.5,4.05276144081,3.78011890801,0.947238559186,0.719881091989,0.947238559186,False,False,False
9D7FEACADF52,3,2.5,2.97183149768,2.46269583868,0.0281685023207,0.0373041613162,0.0373041613162,False,False,False
9D9292F7D513,3.5,3.5,3.86834658693,3.5716379778,0.368346586935,0.0716379777968,0.368346586935,False,False,False
9DCB6309A010,3,3,3.42630499424,2.99840182392,0.426304994243,0.00159817608337,0.426304994243,False,False,False
9DED0DC496DC,3.5,3.5,3.03040445225,2.77875425089,0.469595547753,0.721245749106,0.721245749106,False,False,False
9E0496713829,4,3.5,3.93838773795,3.69317798493,0.0616122620525,0.193177984926,0.193177984926,False,False,False
9E3B7D421238,3.5,3.5,3.03004548802,2.52290672511,0.469954511978,0.977093274891,0.977093274891,False,False,False
9E4B02A389B4,4,4,3.8308017759,3.7740054589,0.169198224101,0.225994541104,0.225994541104,False,False,False
9E4E221D8419,4,2.5,3.88371133593,3.57440065401,0.116288664073,1.07440065401,1.07440065401,True,False,True
9E560D6E24E5,2.5,2.5,2.79639370012,2.58664377063,0.296393700124,0.0866437706334,0.296393700124,False,False,False
9E59DA563201,3,2.5,3.44556503637,2.99228393625,0.445565036374,0.492283936251,0.492283936251,False,False,False
9E7045A798AE,3.5,3,3.16606660758,3.19176646252,0.333933392423,0.191766462519,0.333933392423,False,False,False
9E878F892939,3.5,2.5,3.37533896121,3.03270383297,0.124661038793,0.532703832974,0.532703832974,False,False,False
9E987A93FC75,3.5,3,3.44305795003,3.32209854897,0.0569420499673,0.32209854897,0.32209854897,False,False,False
9EBD479D1915,3,2,3.25175015394,2.71176649602,0.251750153938,0.711766496017,0.711766496017,False,False,False
9F13985E86E4,3,2.5,3.0486389417,2.73635711026,0.0486389417045,0.236357110259,0.236357110259,False,False,False
9F34600E756D,3,2.5,2.68065407206,2.47786806617,0.31934592794,0.0221319338316,0.31934592794,False,False,False
9F3F53EF78E8,3,3.5,3.17058228948,2.88308166396,0.170582289476,0.616918336038,0.616918336038,False,False,False
9F44BE9A9EDF,3.5,3,3.14614261172,3.21717746759,0.353857388277,0.21717746759,0.353857388277,False,False,False
9F5618D49469,3.5,3.5,3.49294458691,3.35626123087,0.00705541309372,0.14373876913,0.14373876913,False,False,False
9F5DEA54203D,3.5,3.5,3.16207315999,3.25821904356,0.337926840006,0.241780956444,0.337926840006,False,False,False
9F5F9E546CE8,3.5,3,3.28168256123,3.00723340902,0.218317438771,0.00723340901512,0.218317438771,False,False,False
9F62BF1DA2CA,2.5,2,2.5986056365,2.36912356435,0.098605636498,0.36912356435,0.36912356435,False,False,False
9F6FB90D22E4,3,2,3.00482569352,2.54745521905,0.00482569351773,0.547455219052,0.547455219052,False,False,False
9F7693C3152E,3,2,3.31240786801,2.81148563033,0.31240786801,0.811485630334,0.811485630334,False,False,False
9F79C14D7255,3,2.5,2.99939613991,2.78037680114,0.000603860086934,0.280376801139,0.280376801139,False,False,False
9F979C691167,3.5,3.5,2.77729357563,2.66066303985,0.722706424369,0.839336960152,0.839336960152,False,False,False
9FA3EE5BDBCB,3.5,2.5,3.25823773684,3.11563764967,0.241762263156,0.615637649668,0.615637649668,False,False,False
9FB8AA7C6058,3,3.5,2.83438281903,2.77621880473,0.165617180966,0.723781195269,0.723781195269,False,False,False
9FC1C837063A,3.5,3,3.68340718524,3.30800441931,0.183407185243,0.308004419308,0.308004419308,False,False,False
9FEB704D817D,3,2,2.97793452243,2.49059928245,0.0220654775727,0.49059928245,0.49059928245,False,False,False
9FEDA127135A,4,3,3.51859191677,2.99288009035,0.481408083234,0.00711990964684,0.481408083234,False,False,False
9FFDCC21CAA0,3.5,3.5,2.95489419808,2.76960090331,0.545105801923,0.730399096694,0.730399096694,False,False,False
9FFEF261F3AD,3,2.5,3.06677201772,2.84102725159,0.0667720177197,0.341027251587,0.341027251587,False,False,False
A0058B0DE9E6,4,4,3.15835038858,3.0036380885,0.84164961142,0.996361911498,0.996361911498,False,False,False
A00BAAED44F1,3.5,3,3.15646779405,3.27349197799,0.343532205951,0.273491977986,0.343532205951,False,False,False
A044B8E5308E,3.5,3.5,2.80625643025,2.66902588797,0.693743569746,0.830974112031,0.830974112031,False,False,False
A072BE57256A,3.5,2.5,3.13200533863,2.62752125079,0.367994661368,0.127521250787,0.367994661368,False,False,False
A0751521224A,3.5,4,3.25024632583,3.13505767195,0.249753674168,0.864942328047,0.864942328047,False,False,False
A086225E6F9C,3,2,3.14740269243,2.79613223202,0.147402692434,0.796132232017,0.796132232017,False,False,False
A0AC5AEBD8C9,4,3,3.41928789375,3.32740594135,0.580712106251,0.327405941347,0.580712106251,False,False,False
A0C5D3BB735F,3.5,4,3.89974286261,3.66174149282,0.399742862609,0.338258507183,0.399742862609,False,False,False
A0CC57255EF3,3,2,3.26524626318,2.86109111354,0.265246263177,0.861091113543,0.861091113543,False,False,False
A0D0703304E6,2.5,2,2.54808261645,2.31842101588,0.0480826164518,0.318421015879,0.318421015879,False,False,False
A0DC2A57A3D8,3.5,2.5,3.0862454738,2.83279440636,0.413754526196,0.332794406362,0.413754526196,False,False,False
A0DD56A8332B,3,2,2.85933491356,2.42476356153,0.140665086436,0.424763561529,0.424763561529,False,False,False
A0E3127D3E13,3.5,4,3.63026344992,3.53654059935,0.130263449915,0.463459400647,0.463459400647,False,False,False
A0E3136C3A22,2,2,2.76888768692,2.4527747242,0.768887686917,0.452774724203,0.768887686917,False,False,False
A0FB8D2B5924,3,2.5,3.02867574332,2.87636273203,0.0286757433223,0.376362732026,0.376362732026,False,False,False
A111AFDA609A,3.5,3.5,3.27286212601,2.89405279837,0.227137873995,0.60594720163,0.60594720163,False,False,False
A11947097A2D,3,3.5,3.23438868411,3.23399106056,0.234388684112,0.266008939443,0.266008939443,False,False,False
A12B9DCA0E27,3,3.5,3.23557430903,3.31508391064,0.235574309035,0.184916089356,0.235574309035,False,False,False
A14414093914,4,4,3.52769663091,3.41714328194,0.472303369085,0.582856718055,0.582856718055,False,False,False
A144D48CC718,3,2.5,3.11551577885,2.83108689804,0.115515778849,0.331086898039,0.331086898039,False,False,False
A168F8F9EA45,2.5,3,2.6735017919,2.60021202345,0.1735017919,0.399787976548,0.399787976548,False,False,False
A1798F703A25,3,3.5,2.98789882555,3.11289834195,0.0121011744511,0.387101658047,0.387101658047,False,False,False
A179E4E34D35,4,3.5,3.93624152344,3.82557291329,0.0637584765642,0.325572913288,0.325572913288,False,False,False
A18AABF41A28,3,3.5,3.07237326825,2.7101269638,0.072373268246,0.789873036204,0.789873036204,False,False,False
A1A83A14B53F,3,4,3.36045513018,3.33894530913,0.360455130182,0.661054690865,0.661054690865,False,False,False
A1CA186114A1,4,3.5,3.78274374182,3.67866614201,0.217256258184,0.178666142014,0.217256258184,False,False,False
A202FBAF0CCD,3.5,3.5,3.47319343998,3.04650457858,0.0268065600249,0.453495421417,0.453495421417,False,False,False
A2158F65C4A7,3,2,2.89783446235,2.64329109719,0.102165537654,0.643291097185,0.643291097185,False,False,False
A220D1992B1F,4,3.5,3.45283024021,3.24738088477,0.547169759794,0.252619115227,0.547169759794,False,False,False
A22597E48F3D,3.5,3,3.36906470576,3.23844413955,0.130935294244,0.23844413955,0.23844413955,False,False,False
A226B08DA517,3,3,3.19452382187,2.92324296928,0.194523821873,0.0767570307232,0.194523821873,False,False,False
A24A26929C07,3.5,4,3.19980933012,3.37160300483,0.300190669883,0.628396995169,0.628396995169,False,False,False
A25342583432,4,3,3.65224526761,3.49608439801,0.347754732392,0.496084398008,0.496084398008,False,False,False
A29A9D973316,4,4,3.23385240897,2.68906833175,0.766147591034,1.31093166825,1.31093166825,True,False,True
A2A2CFBD6584,3.5,2.5,3.29291298618,2.93208189431,0.207087013822,0.432081894311,0.432081894311,False,False,False
A2B64A578852,4,3.5,3.15412874318,2.6325638943,0.845871256825,0.867436105696,0.867436105696,False,False,False
A2CDB8946896,4,3,3.28187194833,3.24117725015,0.718128051672,0.241177250151,0.718128051672,False,False,False
A2E1AFFE6311,3,2,2.81073848597,2.51504133206,0.189261514027,0.515041332062,0.515041332062,False,False,False
A309FD0EF7E0,3.5,2.5,3.63062413464,3.56039746473,0.130624134641,1.06039746473,1.06039746473,True,False,True
A33132C469E0,3.5,2.5,3.48165527615,3.43872656276,0.0183447238534,0.938726562756,0.938726562756,False,False,False
A33655B05037,2.5,2.5,3.19476440472,3.04791203246,0.694764404719,0.547912032461,0.694764404719,False,False,False
A341C7C1DC13,3,2.5,2.9997443113,2.74174723667,0.000255688700047,0.241747236667,0.241747236667,False,False,False
A3A0C0D9CE51,3,2.5,3.14817104815,2.92159253469,0.148171048146,0.421592534688,0.421592534688,False,False,False
A3A5EA49EF04,3.5,4,3.68648881327,3.70195825006,0.186488813275,0.298041749935,0.298041749935,False,False,False
A3ADD7AB0FB8,2.5,3,2.98887499454,2.81482953308,0.488874994536,0.185170466924,0.488874994536,False,False,False
A3D8B0794703,2.5,2,3.09098226915,2.62964079535,0.59098226915,0.629640795353,0.629640795353,False,False,False
A3EF493EC7B6,2.5,2.5,3.42651052675,3.26949017181,0.926510526754,0.769490171805,0.926510526754,False,False,False
A3F896A51CEA,3,3,3.42756004528,3.49168380224,0.427560045279,0.491683802237,0.491683802237,False,False,False
A3F93157DBFA,3,2.5,3.2227515654,2.77585084767,0.222751565399,0.27585084767,0.27585084767,False,False,False
A43056665FEC,3.5,3.5,3.29151862547,2.87222171768,0.20848137453,0.627778282318,0.627778282318,False,False,False
A476784AFAFE,3.5,3,3.47566385814,3.45232101354,0.0243361418631,0.45232101354,0.45232101354,False,False,False
A4795F763FDB,3,2.5,3.27103369856,2.9891085082,0.271033698556,0.4891085082,0.4891085082,False,False,False
A47A7FC31E3B,3.5,3,3.1572102592,2.88945214919,0.342789740796,0.110547850813,0.342789740796,False,False,False
A5326EDD0E3C,3.5,3.5,3.56599752506,3.33032756192,0.0659975250608,0.169672438079,0.169672438079,False,False,False
A5328D4B32DA,4.5,4,2.958659888,2.80095740441,1.541340112,1.19904259559,1.541340112,True,True,True
A540C5E958FE,3.5,3.5,3.26606925589,3.49089055659,0.233930744112,0.00910944341482,0.233930744112,False,False,False
A550F12DF252,4,4,3.51642107505,3.58896421311,0.483578924952,0.411035786885,0.483578924952,False,False,False
A559A96650EC,4,3,3.44442285924,3.16905917703,0.555577140764,0.16905917703,0.555577140764,False,False,False
A566B3142E27,3,3.5,3.0740791516,3.00319969816,0.0740791515971,0.496800301837,0.496800301837,False,False,False
A5674229A03F,3,2.5,3.26242234017,3.22990856018,0.262422340173,0.729908560181,0.729908560181,False,False,False
A56EABECBFF7,3,3,3.09715983858,2.77335969484,0.0971598385821,0.226640305162,0.226640305162,False,False,False
A57FA17E3B26,3,3,2.98664675884,2.50306276054,0.0133532411592,0.496937239462,0.496937239462,False,False,False
A586DA61838A,2.5,3.5,3.13273319894,3.3092889974,0.632733198944,0.190711002601,0.632733198944,False,False,False
A5876EA617E7,3,3,3.04394527217,2.87714580861,0.0439452721719,0.122854191391,0.122854191391,False,False,False
A5A1A5D8D2B6,4.5,5,3.69833915774,3.70924627824,0.801660842262,1.29075372176,1.29075372176,True,False,True
A5DCC6948E4E,4.5,4.5,3.20516242892,2.69233259941,1.29483757108,1.80766740059,1.80766740059,True,True,True
A5EBCAEBE97E,3,2.5,3.0325037139,2.66410943249,0.0325037139042,0.16410943249,0.16410943249,False,False,False
A5FEC9B44BC9,4,4,3.71100096259,3.60575873966,0.288999037409,0.394241260335,0.394241260335,False,False,False
A602B3AB2A45,3.5,3,4.05230524428,3.71013693529,0.55230524428,0.710136935286,0.710136935286,False,False,False
A60739AB2B4F,3.5,3.5,3.52382173943,3.62071080685,0.0238217394299,0.120710806847,0.120710806847,False,False,False
A621FE2647DB,3.5,3.5,3.21494758887,3.2911765958,0.285052411128,0.208823404197,0.285052411128,False,False,False
A63329FD7076,3.5,3.5,3.5653722255,3.56252674113,0.0653722255033,0.0625267411265,0.0653722255033,False,False,False
A6396FB3A94F,4,4,3.65830416561,3.49066085297,0.341695834387,0.509339147033,0.509339147033,False,False,False
A6546D2758D0,3,2.5,3.3307568372,3.12710540803,0.330756837199,0.627105408028,0.627105408028,False,False,False
A662487415AE,3,3,3.65555665662,3.54237549615,0.65555665662,0.542375496155,0.65555665662,False,False,False
A66B93C3C8F1,3,2,3.5277177024,3.13144987572,0.527717702403,1.13144987572,1.13144987572,True,False,True
A6B547CA4A45,3,3,3.37391544099,3.03503293143,0.373915440991,0.0350329314301,0.373915440991,False,False,False
A6DF228DD8AE,3.5,3,3.02632192054,2.58902182284,0.473678079457,0.410978177161,0.473678079457,False,False,False
A6F8BF2D876D,3.5,3,3.25911803142,2.98476797817,0.240881968578,0.0152320218256,0.240881968578,False,False,False
A76359112A6E,3,2,2.70735587372,2.38544439384,0.292644126282,0.385444393839,0.385444393839,False,False,False
A7C8AEE8D3BE,3,2,2.71517728379,2.24212453755,0.284822716206,0.24212453755,0.284822716206,False,False,False
A7D61318AFAA,3,2.5,3.5304623628,3.24480673609,0.530462362799,0.744806736094,0.744806736094,False,False,False
A7ED341B576D,3.5,2.5,3.24999011593,2.83817747574,0.250009884069,0.338177475736,0.338177475736,False,False,False
A7F018B9F440,2,2,2.79916756124,2.44414643757,0.799167561242,0.444146437567,0.799167561242,False,False,False
A7F29F16E2C2,4.5,3.5,3.67157880214,3.16035215024,0.82842119786,0.339647849755,0.82842119786,False,False,False
A80B12A8B100,3,3.5,3.07022750515,3.10408374705,0.0702275051542,0.395916252955,0.395916252955,False,False,False
A81066A2C947,4.5,5,3.44033014806,3.22274636844,1.05966985194,1.77725363156,1.77725363156,True,True,True
A83B2453CE03,3.5,3,3.59282265639,3.52295207302,0.0928226563938,0.522952073021,0.522952073021,False,False,False
A85DD1E130BE,2.5,2.5,2.75258213101,2.40697446902,0.252582131005,0.0930255309774,0.252582131005,False,False,False
A85F9CF7691D,3,3.5,3.21130420537,3.00536008055,0.211304205369,0.494639919455,0.494639919455,False,False,False
A85FD919A6EC,3.5,3,3.06183880385,2.82664237428,0.438161196155,0.173357625717,0.438161196155,False,False,False
A867812F31A1,2.5,3,2.78467512462,2.62996895217,0.284675124623,0.370031047832,0.370031047832,False,False,False
A86D10110587,3,2.5,3.28583021356,3.32738829426,0.285830213563,0.827388294259,0.827388294259,False,False,False
A871678F9C06,4,3.5,3.62200723628,3.43409418186,0.377992763718,0.0659058181446,0.377992763718,False,False,False
A87ECDDAE5A1,4,4.5,3.32902788619,2.95556747959,0.670972113811,1.54443252041,1.54443252041,True,False,True
A8D2E8B0036A,3,3,3.28385176463,3.11267037663,0.28385176463,0.112670376635,0.28385176463,False,False,False
A8E686531564,4.5,4,3.84803537332,3.63079642249,0.651964626683,0.369203577513,0.651964626683,False,False,False
A8E769B93F42,3,2,3.4342953516,3.18527035823,0.434295351598,1.18527035823,1.18527035823,True,False,True
A90B2C92134F,2,2,3.00796699886,2.6072501878,1.00796699886,0.607250187804,1.00796699886,True,True,False
A90D09A72B23,3.5,3,3.40555288165,3.1483147955,0.0944471183457,0.148314795505,0.148314795505,False,False,False
A91334BE97E8,3,4,3.22659924343,3.39920488216,0.226599243434,0.60079511784,0.60079511784,False,False,False
A9260C7203ED,3.5,4,3.59969333727,3.54398765959,0.0996933372748,0.456012340412,0.456012340412,False,False,False
A92C1C2FAD7B,3.5,3,3.65799256196,3.428960979,0.157992561962,0.428960979003,0.428960979003,False,False,False
A9308F011BF5,3,3,3.13326707526,3.06760316059,0.133267075261,0.0676031605947,0.133267075261,False,False,False
A93716CF3053,4,4.5,3.59393168869,3.23099057242,0.406068311313,1.26900942758,1.26900942758,True,False,True
A937D1CDF5E1,3,3,3.30562652145,3.37470304489,0.305626521452,0.374703044887,0.374703044887,False,False,False
A938F2109682,3,2,3.37126555596,3.04083804328,0.371265555964,1.04083804328,1.04083804328,True,False,True
A94DF6C94028,4,4,3.58670439425,3.55379920157,0.413295605753,0.446200798429,0.446200798429,False,False,False
A95281B6AAF0,3.5,3.5,3.41188289675,3.53207433846,0.0881171032548,0.0320743384582,0.0881171032548,False,False,False
A95A92435F9B,3,3.5,3.15251472861,3.29696623865,0.152514728606,0.203033761345,0.203033761345,False,False,False
A9679CC0C18F,3.5,3,3.68820280051,3.57933341624,0.188202800513,0.579333416237,0.579333416237,False,False,False
A96F036AA9A2,4,3,3.17975445462,2.78449486636,0.820245545379,0.215505133639,0.820245545379,False,False,False
A973856BF33F,2.5,2.5,2.77325177029,2.45021563328,0.273251770286,0.0497843667167,0.273251770286,False,False,False
A97713ED6FB6,3.5,3,3.25415945652,3.07429711684,0.245840543483,0.0742971168386,0.245840543483,False,False,False
A97ECE986D5F,4,3.5,3.84150874694,3.61844589891,0.158491253064,0.118445898914,0.158491253064,False,False,False
A9A003D289CA,3,3,2.97082433394,2.51156380695,0.0291756660625,0.48843619305,0.48843619305,False,False,False
A9A92BCA4B7D,4.5,4,3.36236648479,2.9414465036,1.13763351521,1.0585534964,1.13763351521,True,True,True
AA027A13F082,3,3.5,3.14909925518,2.9664519265,0.149099255177,0.533548073498,0.533548073498,False,False,False
AA03F87A4A75,3,2,2.9763699947,2.82520634365,0.0236300052995,0.825206343647,0.825206343647,False,False,False
AA114CB42E47,3.5,3,3.10525124274,2.75325519484,0.39474875726,0.246744805161,0.39474875726,False,False,False
AA36E5B34D9E,3,3,3.17122289203,3.139671943,0.171222892029,0.139671942995,0.171222892029,False,False,False
AA36E879B375,3,2,3.36415424174,2.86670212538,0.364154241741,0.866702125377,0.866702125377,False,False,False
AA449ECB2531,2.5,2,3.04219631813,2.53793997874,0.542196318133,0.537939978744,0.542196318133,False,False,False
AA5E62173BB5,3,2,2.75869193647,2.61540335736,0.241308063527,0.615403357361,0.615403357361,False,False,False
AA6F62C80F73,3,2,3.06833468827,2.71413234828,0.0683346882701,0.714132348277,0.714132348277,False,False,False
AA8D0E4F44BF,2,3,3.52006040576,3.16754940616,1.52006040576,0.167549406158,1.52006040576,True,True,False
AA930ED0EFA7,2.5,3,3.45548800766,2.95143568321,0.955488007662,0.0485643167854,0.955488007662,False,False,False
AA9429AD1038,3,3,3.44937309726,3.52353581326,0.44937309726,0.523535813265,0.523535813265,False,False,False
AAA887C1481B,2.5,3,2.61945493225,2.25503485913,0.119454932248,0.744965140869,0.744965140869,False,False,False
AAABD4F8A515,3.5,3,3.77852441888,3.75318696524,0.278524418884,0.753186965244,0.753186965244,False,False,False
AAEEA695FA5C,4,4.5,3.55784878213,3.58594156318,0.442151217871,0.914058436821,0.914058436821,False,False,False
AAF5D100E836,4,3,3.13632924491,2.95895272174,0.863670755088,0.0410472782611,0.863670755088,False,False,False
AAFE35314AEA,3,2,2.92284612787,2.54987364995,0.0771538721312,0.549873649947,0.549873649947,False,False,False
AB134CC4DC6A,3.5,3,2.96175438213,2.76589631099,0.538245617866,0.234103689006,0.538245617866,False,False,False
AB16956A4C54,3,3.5,3.43331255835,3.26957620892,0.433312558346,0.230423791081,0.433312558346,False,False,False
AB282AA96403,3,2.5,3.28528039938,3.41593141079,0.285280399382,0.915931410792,0.915931410792,False,False,False
AB2D5694FC11,3.5,4,3.57380316057,3.45923198522,0.0738031605707,0.540768014776,0.540768014776,False,False,False
AB41CFD78D92,3,2.5,3.1000994986,2.65837287738,0.100099498598,0.15837287738,0.15837287738,False,False,False
AB425524DFA1,3,2.5,3.27376906124,3.04585840087,0.273769061242,0.545858400874,0.545858400874,False,False,False
AB71DA6E71AE,3,2.5,2.96980168331,2.60630674453,0.0301983166856,0.106306744525,0.106306744525,False,False,False
AB7780D1225F,3,2,3.19320554328,2.83685902477,0.193205543284,0.836859024766,0.836859024766,False,False,False
AB98CC1D28B6,3,3,3.16376178319,2.85248147789,0.163761783188,0.147518522112,0.163761783188,False,False,False
ABA8CBA86662,2.5,3.5,2.9213544023,2.52402122971,0.4213544023,0.975978770286,0.975978770286,False,False,False
ABAC4A93E9C0,3.5,3.5,3.68286114152,3.47129353357,0.182861141524,0.0287064664322,0.182861141524,False,False,False
ABB4309578C6,3,3,2.78950604574,2.66775970309,0.210493954262,0.332240296911,0.332240296911,False,False,False
ABB6A19842F1,3.5,4,3.97277820529,3.9206604878,0.472778205292,0.0793395121982,0.472778205292,False,False,False
AC5079BBCB91,2.5,2,2.8039520925,2.50636545279,0.303952092498,0.506365452793,0.506365452793,False,False,False
AC5A1579A352,3.5,3,3.18699910506,3.17622788296,0.313000894945,0.176227882958,0.313000894945,False,False,False
AC5CB628970E,3.5,3,3.4939403135,3.03641562531,0.00605968649971,0.0364156253112,0.0364156253112,False,False,False
AC5E8ABEF0A5,3,4,3.13513565747,3.27703587662,0.135135657471,0.722964123378,0.722964123378,False,False,False
AC641CBD4DE7,2,3,2.91243439616,2.54198888807,0.912434396164,0.458011111926,0.912434396164,False,False,False
AC9FF74CC392,4,3.5,3.32211261051,2.9280017052,0.677887389487,0.571998294802,0.677887389487,False,False,False
ACACA780CD37,3.5,3,3.33380467379,3.03694724147,0.166195326206,0.0369472414739,0.166195326206,False,False,False
ACB54B594BF2,2.5,2,2.99288247726,2.55965009533,0.492882477257,0.55965009533,0.55965009533,False,False,False
ACC570063AC8,3,3,3.40908818684,3.22107360955,0.409088186839,0.221073609547,0.409088186839,False,False,False
ACCB25B78915,4,3,3.15114078553,2.68088408233,0.848859214471,0.319115917667,0.848859214471,False,False,False
ACCDC0CDDDA5,3,3.5,3.52393615336,3.69061626685,0.523936153361,0.190616266848,0.523936153361,False,False,False
ACDF0CAAF77C,4,4,2.91834804865,2.64630491797,1.08165195135,1.35369508203,1.35369508203,True,True,True
ACE9A214AD3E,4,3.5,4.01790442578,3.78390610583,0.017904425781,0.283906105828,0.283906105828,False,False,False
ACF95B0AF0E9,3.5,3,3.02428161859,2.44576858227,0.475718381412,0.554231417725,0.554231417725,False,False,False
ACFF5D0AA57C,3,3.5,3.42935261545,2.96207448788,0.42935261545,0.537925512117,0.537925512117,False,False,False
AD3CEFFAB767,3,3,2.89849555381,2.60140687416,0.101504446186,0.398593125836,0.398593125836,False,False,False
AD58682D517C,3,3,3.22139698286,3.37200682668,0.221396982858,0.372006826678,0.372006826678,False,False,False
AD6A562C13A3,3,4,3.2965910169,3.45419415429,0.296591016903,0.545805845709,0.545805845709,False,False,False
AD7A25FEC2EA,3,4,3.33385354503,3.58533065371,0.333853545034,0.414669346291,0.414669346291,False,False,False
AD7F1F3996C9,3.5,3.5,3.55497874823,3.56920014082,0.0549787482327,0.0692001408223,0.0692001408223,False,False,False
AD969002FA6C,3.5,4,3.2629458313,3.3220899125,0.237054168704,0.6779100875,0.6779100875,False,False,False
AD97126ECA8A,3,2.5,3.2772277387,2.88482830822,0.277227738698,0.384828308224,0.384828308224,False,False,False
ADA94C47C57C,3,3,3.26125737486,3.16469356096,0.261257374858,0.164693560963,0.261257374858,False,False,False
ADADD3AF30B1,3.5,3,2.98374840262,3.19744456149,0.516251597382,0.197444561487,0.516251597382,False,False,False
ADBF971FC884,2.5,2,2.65725502188,2.266679205,0.157255021882,0.266679204999,0.266679204999,False,False,False
ADCF328F2A47,4,3.5,3.50016971015,3.03380931962,0.499830289851,0.466190680382,0.499830289851,False,False,False
AE0341CCEBDB,3,2.5,2.98861609021,2.96013891212,0.011383909794,0.46013891212,0.46013891212,False,False,False
AE05E192F608,3.5,3,3.53025143717,3.30770273722,0.0302514371744,0.307702737217,0.307702737217,False,False,False
AE192E4C339E,3,3.5,3.23973113821,2.97719338835,0.239731138211,0.522806611649,0.522806611649,False,False,False
AE31275EE38F,2.5,2,3.05600401309,2.62779649762,0.556004013088,0.627796497624,0.627796497624,False,False,False
AE6109D4E4E0,3.5,2.5,3.05604085181,2.91041032546,0.44395914819,0.410410325463,0.44395914819,False,False,False
AE843F7B97A6,3.5,3.5,3.61756665,3.60439218863,0.117566649997,0.104392188631,0.117566649997,False,False,False
AE9542EB602D,4,4,3.65761531457,3.68785442018,0.342384685434,0.312145579821,0.342384685434,False,False,False
AE96820CDAA2,4,3.5,3.98525800706,3.94453279734,0.0147419929353,0.444532797343,0.444532797343,False,False,False
AE96DEBA74B3,2.5,3,3.45455540147,3.11257602233,0.954555401471,0.112576022329,0.954555401471,False,False,False
AEA7922669A8,2.5,3.5,2.86495660089,2.9197327874,0.364956600892,0.580267212598,0.580267212598,False,False,False
AEAA569B59DC,3.5,4,3.34065638898,3.5097280659,0.159343611025,0.490271934095,0.490271934095,False,False,False
AEDCDED235E6,3,2.5,2.97117277858,2.53141468161,0.0288272214186,0.0314146816092,0.0314146816092,False,False,False
AEF9724845DE,3,2.5,2.86706120224,2.72664005927,0.132938797761,0.226640059265,0.226640059265,False,False,False
AEFD9E1DC8B0,3.5,2.5,3.36741800751,2.96123512909,0.132581992494,0.461235129089,0.461235129089,False,False,False
AF1146DE0A0D,2.5,2,3.36059342154,3.38289847649,0.860593421535,1.38289847649,1.38289847649,True,False,True
AF1692C0B93F,3,3,3.00090647503,2.92978190107,0.000906475027282,0.0702180989274,0.0702180989274,False,False,False
AF1B8B6B94CD,3,2,2.61435566593,2.27842288298,0.385644334074,0.278422882981,0.385644334074,False,False,False
AF2BD39A70D0,4,3.5,3.55449131979,3.57926332463,0.445508680212,0.0792633246282,0.445508680212,False,False,False
AF31964E08DE,3.5,2.5,2.84684748174,2.51434898638,0.65315251826,0.0143489863789,0.65315251826,False,False,False
AF3B7259A43A,4,3.5,3.51310466021,3.50090666053,0.486895339786,0.000906660525094,0.486895339786,False,False,False
AF6A4C253262,3,2.5,3.13288260703,2.84600052652,0.132882607034,0.346000526518,0.346000526518,False,False,False
AF7DB5739529,4,4,3.60789403015,3.50492948293,0.392105969849,0.495070517066,0.495070517066,False,False,False
AFBB08A762EF,3,3,3.17496928612,2.97459386814,0.17496928612,0.025406131862,0.17496928612,False,False,False
AFDA18D31FB8,2.5,2.5,2.99716694036,2.68025998095,0.49716694036,0.18025998095,0.49716694036,False,False,False
B00C250C604E,3,3,3.32130856954,3.28137956025,0.321308569535,0.28137956025,0.321308569535,False,False,False
B01DC4B13C31,3.5,3.5,3.18001057991,3.12697641427,0.319989420088,0.373023585725,0.373023585725,False,False,False
B02A5958C8D3,3,2.5,2.81975384688,2.91495463514,0.180246153116,0.414954635143,0.414954635143,False,False,False
B05CE44D5E26,3.5,3.5,3.40365859772,3.58010423368,0.0963414022844,0.0801042336766,0.0963414022844,False,False,False
B068371CC8E7,2,1.5,2.32865259985,2.09102788542,0.328652599853,0.591027885421,0.591027885421,False,False,False
B07D2B84BC68,3,3,3.42349997767,3.45168731666,0.423499977673,0.45168731666,0.45168731666,False,False,False
B0870AA74054,4,3.5,3.47204312432,3.40080265264,0.527956875681,0.0991973473645,0.527956875681,False,False,False
B098129D04CD,2,3,2.85782058618,2.69753451713,0.857820586177,0.302465482873,0.857820586177,False,False,False
B09BD315E258,3,2.5,3.12200081357,2.90594921851,0.12200081357,0.405949218507,0.405949218507,False,False,False
B0AA5045D915,3,3,2.86372279854,2.84233561025,0.136277201457,0.157664389749,0.157664389749,False,False,False
B0CD65C0DE1D,3,3.5,3.19425150937,2.90948243126,0.194251509365,0.590517568742,0.590517568742,False,False,False
B11AEA209C0B,3,2.5,3.05327083947,2.5240753394,0.0532708394744,0.0240753393982,0.0532708394744,False,False,False
B125FF2A928B,3,3.5,3.27753454802,3.2901882207,0.277534548019,0.209811779296,0.277534548019,False,False,False
B15526EB1E72,3,2.5,3.00245021146,2.66537851403,0.00245021146398,0.165378514031,0.165378514031,False,False,False
B163C7FC3CFD,3,3,3.06612479346,2.89911096271,0.0661247934605,0.100889037286,0.100889037286,False,False,False
B16454E74A66,3.5,2.5,3.61434453934,3.25012239884,0.114344539344,0.750122398842,0.750122398842,False,False,False
B187E1377A91,2.5,3,2.61719525213,2.4754141519,0.117195252135,0.5245858481,0.5245858481,False,False,False
B198316DAA03,4,3,3.38604199052,3.06598634869,0.61395800948,0.0659863486862,0.61395800948,False,False,False
B1B0F24DCCCD,3.5,2.5,3.40246037716,3.43146008636,0.09753962284,0.931460086363,0.931460086363,False,False,False
B1BB4BBB0DCC,4,3,3.69276966851,3.20530178825,0.307230331493,0.205301788245,0.307230331493,False,False,False
B1C43F31DAA7,3,2.5,3.07589285658,2.80214878339,0.0758928565829,0.302148783389,0.302148783389,False,False,False
B1C9C23EDE4E,4,3.5,3.63706051979,3.38003716632,0.362939480208,0.119962833685,0.362939480208,False,False,False
B1CA034332A7,3.5,3,2.92800587775,2.58412394173,0.571994122251,0.415876058267,0.571994122251,False,False,False
B1D09EBFCC8D,2,2,3.14026755636,2.90752175453,1.14026755636,0.907521754535,1.14026755636,True,True,False
B2004746BD4B,3,3.5,3.14642446026,3.17652298521,0.146424460264,0.323477014791,0.323477014791,False,False,False
B21D0DA792AC,2.5,3,3.09314015282,2.97867862274,0.593140152816,0.0213213772641,0.593140152816,False,False,False
B22008AB6D9E,2.5,2.5,2.86760337346,2.50818327918,0.36760337346,0.00818327917845,0.36760337346,False,False,False
B24E9492E6AB,3.5,3,3.49634385566,3.29471052846,0.00365614434153,0.294710528459,0.294710528459,False,False,False
B265B2EEBEDE,3.5,4,3.12304529034,2.77104381822,0.376954709661,1.22895618178,1.22895618178,True,False,True
B273951D85F2,3,3.5,3.33422617057,3.37927483262,0.334226170568,0.120725167381,0.334226170568,False,False,False
B2A3BA84CEA2,2.5,3.5,3.09955856451,3.31600482412,0.599558564513,0.183995175883,0.599558564513,False,False,False
B2C0ECB08687,3,3,3.44374321379,3.09896068945,0.443743213789,0.0989606894525,0.443743213789,False,False,False
B2C7EAB1488F,4,3.5,3.54879462988,3.25796886351,0.451205370115,0.242031136493,0.451205370115,False,False,False
B2D0B9EF8748,4,3,3.47220438751,3.0316484897,0.52779561249,0.0316484896998,0.52779561249,False,False,False
B2E19B5E32FF,3,2,2.9073449984,2.73588068642,0.0926550015997,0.73588068642,0.73588068642,False,False,False
B381602F5FA6,3.5,2.5,3.86828394866,3.87063326658,0.368283948661,1.37063326658,1.37063326658,True,False,True
B38B9288E93D,3.5,3.5,3.01212629108,2.46933715337,0.487873708915,1.03066284663,1.03066284663,True,False,True
B392A34365D4,3.5,3.5,3.59825637213,3.31512456665,0.0982563721261,0.184875433354,0.184875433354,False,False,False
B392D119C41A,3,3,3.37231898286,3.16051469807,0.37231898286,0.160514698069,0.37231898286,False,False,False
B399950925AB,2.5,2,2.7753343586,2.37784427562,0.275334358602,0.377844275622,0.377844275622,False,False,False
B3A7EA9C932B,3,4,3.19536361682,3.15126909863,0.195363616818,0.848730901373,0.848730901373,False,False,False
B3B472695BE1,4,3.5,3.64807387514,3.36632592148,0.351926124859,0.133674078524,0.351926124859,False,False,False
B3B5064A7BA9,3,3,3.32684272771,3.33880846179,0.326842727707,0.338808461789,0.338808461789,False,False,False
B3B9AB5725B6,2,2,2.99641862759,2.4783295262,0.996418627594,0.478329526203,0.996418627594,False,False,False
B3C3E3A6CC48,2.5,3,2.82864305415,2.7621839508,0.328643054152,0.2378160492,0.328643054152,False,False,False
B3C775EFD8F8,2,3,2.65712308938,2.50320092782,0.65712308938,0.496799072184,0.65712308938,False,False,False
B3E870E9676B,3,2,3.19170570104,3.03161348246,0.191705701041,1.03161348246,1.03161348246,True,False,True
B406B373BF72,2.5,2.5,2.98025333044,2.79480918421,0.480253330441,0.294809184208,0.480253330441,False,False,False
B410F7889B64,3.5,3,3.25508394478,3.39610468189,0.244916055217,0.396104681891,0.396104681891,False,False,False
B42BB9ECF766,3,4,3.30075743496,3.48525261811,0.300757434963,0.514747381893,0.514747381893,False,False,False
B4527B75DDD4,2.5,2,3.18388538243,2.73650808496,0.68388538243,0.736508084961,0.736508084961,False,False,False
B460952D7935,4.5,4,3.71541919556,3.61557604327,0.784580804436,0.384423956732,0.784580804436,False,False,False
B46BF4562D6B,2.5,2.5,2.78270712056,2.39828482121,0.28270712056,0.101715178785,0.28270712056,False,False,False
B478A3EA5286,4.5,4,3.33341130176,3.20881335148,1.16658869824,0.791186648516,1.16658869824,True,True,False
B47C3886D4C3,4,3.5,3.14230950131,2.70917767683,0.857690498693,0.790822323167,0.857690498693,False,False,False
B4862797CA5D,3.5,2.5,3.24454816797,2.95967604965,0.255451832029,0.459676049654,0.459676049654,False,False,False
B4993BED633E,3,3,3.258038115,2.9569702909,0.258038115002,0.0430297091044,0.258038115002,False,False,False
B4C395411737,4,3,3.38537605016,2.93630225379,0.614623949844,0.0636977462057,0.614623949844,False,False,False
B4C9A418B2C2,3,2.5,3.11427755263,2.81901266117,0.11427755263,0.319012661167,0.319012661167,False,False,False
B4ED10D2FDBF,3,3,3.0991452408,2.93974313976,0.0991452407992,0.0602568602394,0.0991452407992,False,False,False
B52023E457C8,3.5,2.5,3.01112385988,2.55263134504,0.488876140118,0.0526313450434,0.488876140118,False,False,False
B530147A7445,2,1.5,2.75928024364,2.81082262471,0.759280243636,1.31082262471,1.31082262471,True,False,True
B53C3B23C2A2,4,3.5,3.57282448834,3.46519426229,0.42717551166,0.0348057377122,0.42717551166,False,False,False
B57C8E6387B6,3.5,3,3.41998113291,3.09224659686,0.0800188670894,0.0922465968579,0.0922465968579,False,False,False
B596445365CD,2.5,2.5,2.57935388939,2.25021463848,0.0793538893872,0.249785361519,0.249785361519,False,False,False
B5A87537577A,3,3,3.51030773914,3.35667995807,0.510307739143,0.356679958068,0.510307739143,False,False,False
B5A95EA12C6B,2.5,3,3.18050675884,2.82354805265,0.680506758837,0.176451947345,0.680506758837,False,False,False
B5B47FC9D9C2,2,2,2.61463603635,2.4996767632,0.614636036354,0.499676763195,0.614636036354,False,False,False
B5C315716F35,4,3,3.44290251766,2.96458043055,0.557097482341,0.0354195694487,0.557097482341,False,False,False
B5C66E065248,4,3,3.56416715279,3.40575127548,0.43583284721,0.405751275482,0.43583284721,False,False,False
B5DF4C1B3866,3,3,3.05667545837,3.04276032618,0.0566754583668,0.0427603261836,0.0566754583668,False,False,False
B603F496ABCD,2,3,2.58044338435,2.63670571975,0.580443384348,0.363294280251,0.580443384348,False,False,False
B60679ACA7C8,3,3,3.33336576131,3.40336645995,0.333365761308,0.40336645995,0.40336645995,False,False,False
B619BA687A09,2.5,2,2.59895813187,2.27856264421,0.0989581318673,0.278562644213,0.278562644213,False,False,False
B64FDEC7099B,2.5,2.5,3.13345117463,2.97821931458,0.633451174635,0.478219314578,0.633451174635,False,False,False
B6620FD3348B,3.5,4,3.39970081295,3.12777664931,0.100299187047,0.872223350691,0.872223350691,False,False,False
B66C66BFE14E,3,3,3.03389179951,2.93664888536,0.0338917995142,0.063351114644,0.063351114644,False,False,False
B672060F9A9B,3,2.5,3.06602806637,2.96029689122,0.0660280663653,0.460296891219,0.460296891219,False,False,False
B6AFC844941B,3,2.5,3.21255586342,2.94248788826,0.212555863421,0.442487888265,0.442487888265,False,False,False
B6C1316FB3A2,3,2,3.15313405902,2.84515067869,0.153134059016,0.845150678691,0.845150678691,False,False,False
B6FECA77D415,4.5,4.5,3.72629143621,3.65109327975,0.773708563788,0.84890672025,0.84890672025,False,False,False
B701A2928D15,3,3,3.01978144989,3.04088784326,0.0197814498923,0.0408878432642,0.0408878432642,False,False,False
B749713C60E3,3,2.5,3.01855952807,2.61993277019,0.0185595280741,0.119932770192,0.119932770192,False,False,False
B77F6BE932F4,3,3,3.09549456224,2.82888759089,0.0954945622387,0.171112409105,0.171112409105,False,False,False
B7A7247EB286,3,3,2.94027637803,2.53988918342,0.0597236219679,0.460110816582,0.460110816582,False,False,False
B7B87135A14B,3.5,3,3.46894028472,3.1103637116,0.031059715278,0.110363711597,0.110363711597,False,False,False
B7BA42FF5B36,3,2.5,3.12318599468,2.76582397565,0.123185994683,0.26582397565,0.26582397565,False,False,False
B7C47F45ED0C,3.5,3,3.26077548401,3.13660362332,0.23922451599,0.136603623318,0.23922451599,False,False,False
B7CEDA3843F3,2.5,2,3.64788836672,3.57582047641,1.14788836672,1.57582047641,1.57582047641,True,True,True
B7DD668A6A58,4,4.5,3.2675189536,3.34729233857,0.732481046396,1.15270766143,1.15270766143,True,False,True
B7EA965C98DD,4,3,3.01607166556,2.73831627492,0.983928334436,0.261683725075,0.983928334436,False,False,False
B807FBBBE8B1,3.5,4,3.64040295555,3.44198168585,0.140402955546,0.558018314152,0.558018314152,False,False,False
B80FE02B79A5,4.5,3.5,3.5067588486,3.39631593284,0.993241151403,0.103684067164,0.993241151403,False,False,False
B860C32986F9,3,2.5,3.33167331414,2.8808180107,0.331673314145,0.3808180107,0.3808180107,False,False,False
B87B89975E6D,3.5,4,3.38955433734,3.44786470049,0.110445662664,0.552135299506,0.552135299506,False,False,False
B887396F246A,2,1.5,3.01000377458,2.9276894129,1.01000377458,1.4276894129,1.4276894129,True,True,True
B895E2B4C775,4,3.5,3.0515530375,2.93357816888,0.948446962499,0.566421831116,0.948446962499,False,False,False
B8A133DA176B,3.5,4.5,3.61214474585,3.70918289284,0.112144745847,0.79081710716,0.79081710716,False,False,False
B8D044C6D5CB,2.5,2,2.76908072009,2.63449110794,0.269080720089,0.634491107943,0.634491107943,False,False,False
B8D4D1B62526,3.5,4,3.66068477186,3.23958413389,0.160684771855,0.760415866111,0.760415866111,False,False,False
B8DDEC0CE8FA,2.5,2.5,2.47542273674,2.53383349548,0.0245772632557,0.0338334954827,0.0338334954827,False,False,False
B8F95A683EEA,3.5,3.5,2.87154049074,2.95432068151,0.628459509261,0.545679318488,0.628459509261,False,False,False
B901DC93CA07,3.5,4,3.49068603303,3.54160445711,0.00931396696656,0.458395542885,0.458395542885,False,False,False
B91C5FBD2A7C,3,2.5,3.25540843294,3.31785972183,0.255408432944,0.817859721834,0.817859721834,False,False,False
B942042D10D0,3.5,3.5,3.32761346731,3.21396029988,0.172386532686,0.286039700122,0.286039700122,False,False,False
B958D8DB014A,3,3.5,3.59895418196,3.47736949601,0.598954181964,0.0226305039945,0.598954181964,False,False,False
B968C85D8072,3,2.5,3.26717096407,2.91929502348,0.26717096407,0.419295023482,0.419295023482,False,False,False
B96D59ED521D,2.5,2.5,3.16674117619,3.2143303524,0.666741176189,0.7143303524,0.7143303524,False,False,False
B98404458647,3.5,3,2.96426173661,2.62264104861,0.535738263392,0.377358951388,0.535738263392,False,False,False
B99737209BDF,3,2.5,2.87322732356,2.46653214501,0.126772676438,0.0334678549897,0.126772676438,False,False,False
BA7A4BDFE5BF,2.5,2,2.79489272119,2.44094818403,0.294892721189,0.44094818403,0.44094818403,False,False,False
BA7DFD2DC895,3.5,3.5,3.58165378604,3.53158982868,0.0816537860408,0.0315898286814,0.0816537860408,False,False,False
BABDE5D92BA6,3.5,3,3.27833516268,2.77496492908,0.221664837318,0.225035070918,0.225035070918,False,False,False
BACACC4A91AD,3,2,2.72072366768,2.40919358634,0.279276332318,0.409193586342,0.409193586342,False,False,False
BAD54A7EB170,2.5,2,3.12627695075,2.79977182548,0.626276950746,0.799771825477,0.799771825477,False,False,False
BAD8D71742D9,3,3,3.35044551313,3.33931352908,0.350445513131,0.339313529083,0.350445513131,False,False,False
BAF91D191B43,3.5,3,3.21048854463,2.76334601171,0.289511455366,0.236653988286,0.289511455366,False,False,False
BB24DCA0CFC3,4,3,3.60440250916,3.47538777484,0.395597490844,0.475387774839,0.475387774839,False,False,False
BB4CEF5C3899,3,3.5,3.12329118296,3.2431045213,0.123291182964,0.256895478697,0.256895478697,False,False,False
BB552A0650C9,2.5,2.5,3.0144183621,2.98948234905,0.514418362101,0.489482349054,0.514418362101,False,False,False
BB5B620E38E6,3,3,3.27899016777,2.90903996606,0.278990167774,0.0909600339379,0.278990167774,False,False,False
BB69E59A3719,2,2.5,2.65872984803,2.36133114045,0.658729848027,0.138668859545,0.658729848027,False,False,False
BB6A8CB4BC56,3.5,3.5,3.32711120524,3.22799047602,0.172888794756,0.272009523976,0.272009523976,False,False,False
BBB688ED6A89,2,2,2.6693148348,2.30634147635,0.669314834799,0.30634147635,0.669314834799,False,False,False
BBED508690BA,3.5,3.5,3.44503646318,3.29738397723,0.0549635368192,0.202616022775,0.202616022775,False,False,False
BC0643D3DF44,3.5,2.5,3.13031133598,2.65668501038,0.36968866402,0.15668501038,0.36968866402,False,False,False
BC227A70B60E,3,2,3.0909608323,2.6513156859,0.0909608322985,0.651315685903,0.651315685903,False,False,False
BC29D18427ED,3,3,3.03505333027,2.8291923434,0.0350533302721,0.1708076566,0.1708076566,False,False,False
BC2A2584C75A,2.5,2.5,2.95594015454,2.87400711234,0.455940154539,0.374007112341,0.455940154539,False,False,False
BC4212B1546A,3,2,2.84209769638,2.43407660751,0.157902303622,0.434076607509,0.434076607509,False,False,False
BC569C49459D,2.5,3,2.88324986314,2.62164939126,0.383249863145,0.378350608738,0.383249863145,False,False,False
BC8379B07ED3,3,4,3.38017108136,2.989132932,0.380171081357,1.010867068,1.010867068,True,False,True
BC90FB582AB0,3.5,3,3.5183265565,3.06942741864,0.0183265564977,0.0694274186352,0.0694274186352,False,False,False
BCBD15D06539,3.5,2.5,3.00916815238,2.68707789862,0.490831847622,0.187077898616,0.490831847622,False,False,False
BCBE999300EA,4,3,3.59260354911,3.02926887278,0.40739645089,0.029268872779,0.40739645089,False,False,False
BCD439F8FE86,3.5,3.5,3.17254213082,2.5368766163,0.327457869175,0.963123383702,0.963123383702,False,False,False
BCF0F1FA9673,2,2,2.83319709831,2.42570396005,0.833197098307,0.425703960054,0.833197098307,False,False,False
BD163D95FC57,3.5,3,3.13421356995,2.79463989221,0.365786430054,0.205360107786,0.365786430054,False,False,False
BD24F0D68F27,3,2.5,3.3373457567,2.94381684593,0.3373457567,0.443816845929,0.443816845929,False,False,False
BD30C1CC1004,3,2,3.33836687003,3.0025193258,0.338366870032,1.0025193258,1.0025193258,True,False,True
BD3C67764AD7,4.5,4,4.0206422319,3.80855163051,0.479357768096,0.191448369487,0.479357768096,False,False,False
BD5D27DE7070,3,3,3.14903791923,3.09867375589,0.149037919234,0.0986737558871,0.149037919234,False,False,False
BD8D21AC238D,3.5,3,3.64648440099,3.38421125338,0.146484400995,0.384211253382,0.384211253382,False,False,False
BD9137D14A79,2.5,3.5,3.16635732449,3.2162985422,0.666357324491,0.283701457798,0.666357324491,False,False,False
BDA9F0CED1A1,3.5,4,3.52957427992,3.45958139919,0.0295742799162,0.54041860081,0.54041860081,False,False,False
BDE8D9692A79,4,3,3.74726743306,3.38364293403,0.252732566941,0.383642934032,0.383642934032,False,False,False
BDF0709671AC,3.5,3,3.09103817384,2.48756630821,0.408961826163,0.51243369179,0.51243369179,False,False,False
BE0E8A444B0C,3,3,3.03124282745,2.66135996664,0.0312428274544,0.338640033356,0.338640033356,False,False,False
BE0FA97CA16D,4,4,3.49597562452,3.31053656806,0.504024375477,0.689463431945,0.689463431945,False,False,False
BE2FCAA099D2,4,4,3.29431685596,3.00537204797,0.705683144043,0.994627952033,0.994627952033,False,False,False
BE3C0164B1EC,4,3.5,3.75072910648,3.58850018519,0.249270893518,0.088500185186,0.249270893518,False,False,False
BE4E0C8866E3,2.5,3,3.20260548985,2.7164786734,0.702605489847,0.283521326598,0.702605489847,False,False,False
BE8B3F7D2D12,3,2.5,3.37066166727,3.32702019594,0.370661667271,0.827020195937,0.827020195937,False,False,False
BE9FA3F07682,4,4,3.63299834194,3.56012456456,0.367001658057,0.439875435437,0.439875435437,False,False,False
BED647C69EDF,3.5,3,3.42536150813,2.96579802767,0.0746384918727,0.0342019723294,0.0746384918727,False,False,False
BF01514027C3,4,4,3.29425851492,3.40026878163,0.705741485081,0.599731218366,0.705741485081,False,False,False
BF2D39C98D76,4.5,4.5,3.51964637009,3.46506875763,0.980353629909,1.03493124237,1.03493124237,True,False,True
BF3A4EF3ADA5,3,2.5,3.3224867229,3.01893033012,0.322486722898,0.518930330116,0.518930330116,False,False,False
BF714EFF5295,3,3,3.53548920163,3.16614822744,0.535489201628,0.16614822744,0.535489201628,False,False,False
BF80A3C71F55,3,2.5,3.16921624,3.01011053227,0.169216240003,0.510110532272,0.510110532272,False,False,False
BFA6508E8DB2,3,3,3.1495526078,2.75057015112,0.149552607795,0.249429848881,0.249429848881,False,False,False
BFA85508393E,3.5,3,3.54991250806,3.36092002448,0.049912508056,0.360920024479,0.360920024479,False,False,False
C025C600599E,3.5,3,3.54043497197,3.43891784332,0.0404349719703,0.438917843324,0.438917843324,False,False,False
C0354662BC45,2,2,2.71380949001,2.57441221123,0.713809490012,0.574412211235,0.713809490012,False,False,False
C035ED823883,3.5,4,3.61674392591,3.49511488377,0.116743925907,0.504885116229,0.504885116229,False,False,False
C03E6E1AF049,3,2.5,3.21049683658,3.01245638902,0.210496836583,0.512456389018,0.512456389018,False,False,False
C0665B1D1449,4.5,4.5,3.83780846802,3.66188417495,0.662191531984,0.838115825052,0.838115825052,False,False,False
C0A5C05F8801,3,3,3.04951584207,2.57027446788,0.049515842073,0.429725532119,0.429725532119,False,False,False
C0BC39F655F9,3,3,3.18633203546,3.17743214314,0.186332035463,0.177432143143,0.186332035463,False,False,False
C0D69035CF16,3,2.5,3.21252079408,2.88477241476,0.212520794077,0.384772414764,0.384772414764,False,False,False
C0E05400082E,3,2.5,3.04222300981,2.9110931613,0.042223009811,0.411093161302,0.411093161302,False,False,False
C0F3FA2F1F5E,3,3.5,3.18145259309,3.35271055091,0.18145259309,0.147289449088,0.18145259309,False,False,False
C0F822A55FA8,2.5,2.5,3.43647522051,3.10988754902,0.936475220506,0.609887549016,0.936475220506,False,False,False
C105C9B5C5F8,2,2.5,2.94180414043,3.01077445653,0.941804140433,0.510774456527,0.941804140433,False,False,False
C1219EAAC5BF,3.5,4,3.40877124853,3.41220095276,0.0912287514729,0.587799047235,0.587799047235,False,False,False
C12E3AFD1CB5,2.5,3,3.48463527191,3.20849281482,0.98463527191,0.208492814824,0.98463527191,False,False,False
C13B0C359D93,3.5,4,3.60250287041,3.50405111105,0.102502870406,0.495948888952,0.495948888952,False,False,False
C16B6CCDCDE6,3,2.5,2.66954966204,2.15493180988,0.330450337963,0.345068190124,0.345068190124,False,False,False
C1812C1F6553,3,3.5,3.17320750563,2.66473151259,0.173207505626,0.835268487405,0.835268487405,False,False,False
C19E458F78DC,3.5,4,3.56462775428,3.49677937005,0.0646277542842,0.503220629953,0.503220629953,False,False,False
C19EDCF7BDD6,2.5,2,3.41477948198,3.15739291198,0.914779481977,1.15739291198,1.15739291198,True,False,True
C1ADFAF4B99A,2.5,2.5,2.45451867937,2.19087809264,0.0454813206286,0.309121907359,0.309121907359,False,False,False
C1D243FAE6FF,2.5,3,3.51140318516,3.45862491169,1.01140318516,0.45862491169,1.01140318516,True,True,False
C20B49FBE2AF,3.5,3,3.29893071378,2.97205626762,0.201069286221,0.0279437323783,0.201069286221,False,False,False
C219BE761D48,3,3.5,3.10138061191,3.24401346581,0.101380611913,0.255986534195,0.255986534195,False,False,False
C221950C3D9D,3,2.5,2.75703790743,2.51243915312,0.242962092568,0.0124391531188,0.242962092568,False,False,False
C235F088D750,3,3.5,3.28719284511,3.07791561572,0.287192845105,0.422084384277,0.422084384277,False,False,False
C237B6D540E8,3.5,3,3.42657480312,2.98232216338,0.0734251968834,0.017677836617,0.0734251968834,False,False,False
C24BC8EA1844,2.5,2,3.05560709071,2.89341905526,0.555607090709,0.893419055264,0.893419055264,False,False,False
C254D74362A3,3,3.5,2.88447800694,2.89590901793,0.11552199306,0.604090982071,0.604090982071,False,False,False
C27C72D6E208,3.5,4,3.74751820507,3.63586515897,0.247518205073,0.364134841034,0.364134841034,False,False,False
C284BA1EA830,2.5,3,2.66841771645,2.25677451808,0.168417716454,0.743225481916,0.743225481916,False,False,False
C2AECED57C95,3.5,3,3.1336244906,3.29504707119,0.366375509398,0.295047071186,0.366375509398,False,False,False
C2BECF203889,3,2.5,3.18732955739,3.17407445138,0.187329557385,0.67407445138,0.67407445138,False,False,False
C2F7A800FCB1,3.5,3.5,3.46802548094,3.03481905849,0.0319745190571,0.46518094151,0.46518094151,False,False,False
C31019435CBC,4,3,3.25185772761,2.79002133061,0.748142272389,0.209978669393,0.748142272389,False,False,False
C348194433DD,3.5,3,3.24432202636,2.84942245096,0.255677973636,0.150577549044,0.255677973636,False,False,False
C35FD3974B39,3,2.5,2.95552345385,2.54790365089,0.0444765461492,0.0479036508949,0.0479036508949,False,False,False
C373FE627501,4,4.5,3.64464395084,3.73536820145,0.355356049164,0.76463179855,0.76463179855,False,False,False
C3A77797BBC5,3,3,3.28601050327,2.8659015929,0.286010503273,0.134098407102,0.286010503273,False,False,False
C3AB1C48CAE2,3.5,4.5,3.45259655633,3.50112087538,0.0474034436665,0.998879124622,0.998879124622,False,False,False
C3D2B8BEF007,3,3,2.69031639176,2.54556080942,0.309683608243,0.454439190577,0.454439190577,False,False,False
C3D8BAA89C4F,3.5,3.5,3.47343430594,3.23011386805,0.0265656940623,0.269886131954,0.269886131954,False,False,False
C402A4D4B931,3.5,3.5,3.14908255894,3.2266192847,0.350917441063,0.273380715298,0.350917441063,False,False,False
C44262DD44D6,3.5,2.5,2.87886811782,2.63289937296,0.62113188218,0.132899372956,0.62113188218,False,False,False
C49A767C068F,2.5,2.5,2.61499623937,2.3136672299,0.114996239372,0.1863327701,0.1863327701,False,False,False
C4AAC1BB837B,4,4.5,3.61389326876,3.39837487639,0.386106731243,1.10162512361,1.10162512361,True,False,True
C4F2187EAD44,3,4,3.36900629026,3.11789543373,0.369006290255,0.882104566269,0.882104566269,False,False,False
C4F7250F4A45,2.5,2.5,3.11755166378,3.07682727275,0.617551663782,0.576827272746,0.617551663782,False,False,False
C50CDD1C35B2,3,3,3.15638656296,3.0712873168,0.156386562964,0.0712873168012,0.156386562964,False,False,False
C562DFE32C64,2.5,2.5,2.699173615,2.4085571719,0.199173615,0.0914428280981,0.199173615,False,False,False
C564CBC91361,4,3.5,3.19561097417,2.95419394436,0.804389025826,0.545806055641,0.804389025826,False,False,False
C5784E7398EC,2.5,2.5,3.19315976346,2.84491884911,0.693159763465,0.344918849114,0.693159763465,False,False,False
C5813A0D6AF5,2.5,2.5,2.94080824756,3.13341346313,0.440808247562,0.633413463131,0.633413463131,False,False,False
C595759E6D23,3,3,3.23344820457,3.42356835104,0.233448204574,0.423568351039,0.423568351039,False,False,False
C5C3415F73E5,3.5,4,3.07831384446,3.06837290505,0.42168615554,0.931627094948,0.931627094948,False,False,False
C60A31FBF9D6,2.5,2,3.02227907484,2.5114723295,0.522279074837,0.511472329502,0.522279074837,False,False,False
C610A820CFFB,2.5,3,3.20302149577,2.84465813486,0.703021495772,0.155341865144,0.703021495772,False,False,False
C62D1D39D2D9,3.5,3.5,3.52860434567,3.24168253799,0.0286043456696,0.25831746201,0.25831746201,False,False,False
C636432ADCE2,3,4,3.68437243416,3.66807638033,0.68437243416,0.331923619675,0.68437243416,False,False,False
C656218343E5,3.5,3,3.62679781701,3.60243082469,0.126797817014,0.60243082469,0.60243082469,False,False,False
C662A2000C44,3,3,2.92114315616,3.0261400947,0.078856843836,0.0261400946963,0.078856843836,False,False,False
C66ACB94CD1B,3.5,2,2.92275804207,2.41884804765,0.577241957929,0.418848047647,0.577241957929,False,False,False
C671BB7889B4,3,3,3.68130664406,3.55095527875,0.681306644058,0.550955278751,0.681306644058,False,False,False
C67D06073DE8,4,4,2.99917090054,2.61426479574,1.00082909946,1.38573520426,1.38573520426,True,True,True
C68590C2792E,3.5,3,3.46461095577,3.3762907456,0.0353890442298,0.376290745603,0.376290745603,False,False,False
C68729D41C77,3,3.5,2.91647161056,2.66419087047,0.0835283894413,0.835809129527,0.835809129527,False,False,False
C69811D6889E,3.5,3,3.01257267924,2.65370117241,0.487427320765,0.346298827591,0.487427320765,False,False,False
C6B6A2A71D71,3.5,2.5,3.00576267753,2.80288420301,0.494237322467,0.302884203014,0.494237322467,False,False,False
C716B4A085B3,1.5,2,2.61439866775,2.38806452647,1.11439866775,0.388064526472,1.11439866775,True,True,False
C74D9F6F5E0C,4,4,3.3196488278,3.16883936905,0.680351172203,0.831160630953,0.831160630953,False,False,False
C75C5CEDB9F7,3.5,3.5,3.20881162067,2.84426743925,0.291188379327,0.655732560752,0.655732560752,False,False,False
C764FF796C1E,3,3.5,3.24852272422,3.41203808716,0.248522724219,0.0879619128368,0.248522724219,False,False,False
C7A0AAFC607A,4,3.5,3.39052234147,3.25997936907,0.609477658526,0.240020630932,0.609477658526,False,False,False
C82245930316,3,2,2.72382186781,2.40448699022,0.276178132195,0.404486990222,0.404486990222,False,False,False
C844894B0D02,4,4,3.33644200634,3.01310561121,0.66355799366,0.986894388791,0.986894388791,False,False,False
C84D7D9C5F1F,3.5,3.5,3.24796818204,3.14700212127,0.252031817959,0.352997878733,0.352997878733,False,False,False
C87CC2A986AA,2.5,3,2.85568108646,2.97422587367,0.355681086456,0.0257741263339,0.355681086456,False,False,False
C8895572A297,3,3,3.13119948883,2.83865361967,0.131199488832,0.161346380333,0.161346380333,False,False,False
C8B6AF6360FB,3,2.5,3.34643097643,3.15393094123,0.346430976433,0.653930941229,0.653930941229,False,False,False
C8F6CE7D4933,3.5,3,2.95508646388,2.72947229977,0.544913536124,0.270527700227,0.544913536124,False,False,False
C906B982A3F6,3,3,3.20581398063,2.96969042838,0.205813980628,0.0303095716209,0.205813980628,False,False,False
C912A04F2A5F,3,3,2.72565944946,2.46272182331,0.274340550536,0.537278176695,0.537278176695,False,False,False
C941827573C5,3,2,2.94053302033,2.6787667872,0.0594669796706,0.678766787201,0.678766787201,False,False,False
C95AC12FA0D0,4,3,3.97809113343,3.78075610862,0.021908866571,0.780756108619,0.780756108619,False,False,False
C9CA00159CBD,3,3,3.6787546843,3.58539218351,0.678754684302,0.585392183512,0.678754684302,False,False,False
C9CBCB6050B2,2.5,2.5,3.07775202469,3.08157864199,0.577752024694,0.581578641989,0.581578641989,False,False,False
C9DD23612CF3,3.5,3,3.55410036877,3.77764797149,0.0541003687665,0.77764797149,0.77764797149,False,False,False
C9DE9E089A26,3,3.5,3.14814333306,2.80261347406,0.148143333063,0.697386525943,0.697386525943,False,False,False
C9EB6EB6551D,3,3.5,3.46217582196,3.23162193471,0.462175821964,0.268378065292,0.462175821964,False,False,False
CA07DAA86DBD,3,3.5,3.67061075928,3.53056397145,0.670610759282,0.0305639714499,0.670610759282,False,False,False
CA0FB6DB7B80,3,3,3.67944328083,3.6275989757,0.679443280834,0.627598975701,0.679443280834,False,False,False
CA186B042839,2.5,3.5,3.07659130512,2.80893124748,0.57659130512,0.691068752522,0.691068752522,False,False,False
CA46274B46ED,3.5,4,3.86443918156,3.78407703202,0.364439181558,0.215922967978,0.364439181558,False,False,False
CA61EF11F94F,3.5,3,3.76238803392,3.67168405544,0.262388033921,0.671684055444,0.671684055444,False,False,False
CA6EBB87D7FF,3.5,3,3.09636596096,2.77599248853,0.403634039045,0.224007511471,0.403634039045,False,False,False
CA72E0013F71,2.5,2.5,3.29910504245,2.68536935764,0.799105042448,0.185369357641,0.799105042448,False,False,False
CB0BF6DDF9B7,2.5,2.5,2.62330758128,2.53656420793,0.123307581277,0.0365642079339,0.123307581277,False,False,False
CB13841D09DF,3.5,3.5,3.3232408252,2.91949904796,0.176759174803,0.58050095204,0.58050095204,False,False,False
CB2765605E56,3,3.5,3.29969852486,3.01521219322,0.299698524865,0.484787806777,0.484787806777,False,False,False
CB2B20F80D75,2.5,2,2.65735967606,2.26665200224,0.157359676064,0.266652002241,0.266652002241,False,False,False
CB769FAD1A51,4,4.5,3.27389360594,3.45157378987,0.726106394057,1.04842621013,1.04842621013,True,False,True
CB78B5B5E942,3.5,3.5,3.44214345899,3.11480380518,0.057856541006,0.38519619482,0.38519619482,False,False,False
CB8BBEE358B2,3.5,3.5,3.14469060356,3.22733170116,0.35530939644,0.272668298842,0.35530939644,False,False,False
CB97EA7E4FB7,3.5,3,3.70245781282,3.66099462339,0.202457812819,0.660994623387,0.660994623387,False,False,False
CBB1D81A560F,3,2.5,3.25013745316,2.96732061266,0.250137453158,0.46732061266,0.46732061266,False,False,False
CBCE633F1C8B,3.5,3.5,3.27305392004,2.9923401094,0.226946079957,0.507659890604,0.507659890604,False,False,False
CBD651D652C7,3,2.5,3.07693907875,2.71917251149,0.0769390787466,0.219172511487,0.219172511487,False,False,False
CBFDC3A0F573,3,3,3.29271541437,2.74620438029,0.292715414367,0.253795619706,0.292715414367,False,False,False
CC70419F1FB7,3,3,3.31851225751,3.20874822523,0.318512257511,0.208748225229,0.318512257511,False,False,False
CC971FB7A9FF,3.5,3,3.18982580459,2.61913336096,0.31017419541,0.380866639042,0.380866639042,False,False,False
CCAAA7CD145E,3.5,4,3.7835413521,3.76588781265,0.283541352095,0.234112187346,0.283541352095,False,False,False
CCB00D3C0D6A,3.5,3,3.48845640382,3.53612210671,0.0115435961801,0.536122106709,0.536122106709,False,False,False
CCF04E3AD4B3,4,3.5,3.5935432251,3.46930471007,0.406456774898,0.0306952899294,0.406456774898,False,False,False
CD580428970A,3,2.5,2.83988785587,2.69112305543,0.160112144129,0.191123055431,0.191123055431,False,False,False
CD586C88F4F3,4,3,3.41564781371,3.06612203177,0.584352186288,0.0661220317693,0.584352186288,False,False,False
CD69849F8B2F,3.5,3.5,3.50439586412,3.54670183319,0.0043958641175,0.0467018331856,0.0467018331856,False,False,False
CD7A9064BDCC,4,3.5,3.77635010621,3.58546151429,0.223649893792,0.0854615142859,0.223649893792,False,False,False
CDDE5EFE4F60,3,2,3.1057848165,2.76103304028,0.105784816504,0.761033040281,0.761033040281,False,False,False
CDE5799DB671,4,5,3.46085620858,3.19020189852,0.53914379142,1.80979810148,1.80979810148,True,False,True
CE7BDAF03A2C,2.5,3.5,2.93450638032,2.80408422865,0.434506380318,0.695915771354,0.695915771354,False,False,False
CE8164B8FD8E,2.5,3,3.05210032736,2.7013664406,0.552100327361,0.2986335594,0.552100327361,False,False,False
CE96C25A9A26,2.5,3,2.26171602705,2.15775802271,0.238283972949,0.842241977287,0.842241977287,False,False,False
CEA00D9A9F09,3.5,3.5,3.23037587901,3.16893725532,0.269624120992,0.33106274468,0.33106274468,False,False,False
CEACA9EC34F8,3,2,2.90920049917,2.45336974419,0.0907995008256,0.453369744195,0.453369744195,False,False,False
CEC40123BE8D,3.5,3,3.14602682739,3.13902391884,0.353973172605,0.139023918843,0.353973172605,False,False,False
CF250284D721,4,3.5,3.53761290971,3.06572463437,0.462387090291,0.434275365634,0.462387090291,False,False,False
CF2D1F83542F,3,2,3.1447352025,2.65544809624,0.144735202502,0.655448096243,0.655448096243,False,False,False
CF9EFF967EC5,2.5,2.5,2.65044315092,2.51948585734,0.150443150918,0.0194858573439,0.150443150918,False,False,False
D0592FE83B1D,3,3,3.21568221458,3.22405016041,0.215682214582,0.224050160405,0.224050160405,False,False,False
D06C5D0E60F0,3,2.5,2.72679697473,2.28983184851,0.273203025268,0.210168151491,0.273203025268,False,False,False
D0ACE61F9DB1,4,3,3.44381282468,3.43155176924,0.556187175323,0.431551769243,0.556187175323,False,False,False
D120A20BBF87,3,2,3.05211185907,2.74210808807,0.0521118590679,0.742108088069,0.742108088069,False,False,False
D17CC0BB1F10,3.5,3.5,3.50270747345,2.93344005619,0.00270747345417,0.566559943807,0.566559943807,False,False,False
D185087926CD,3,4,2.84930321001,2.76762736593,0.150696789993,1.23237263407,1.23237263407,True,False,True
D194A897B7E1,3,2.5,3.06685477851,2.92642258025,0.0668547785106,0.426422580252,0.426422580252,False,False,False
D206CDF4D245,4,3,3.44649649169,2.96729394497,0.553503508309,0.0327060550265,0.553503508309,False,False,False
D21D4EA7067F,2.5,3,2.87339647832,2.60967783916,0.373396478317,0.390322160835,0.390322160835,False,False,False
D2612605E4DE,4.5,3.5,3.1166184486,2.65166770801,1.3833815514,0.848332291988,1.3833815514,True,True,False
D2B082218C1A,2,1.5,2.6793207715,2.3036048608,0.679320771501,0.803604860798,0.803604860798,False,False,False
D2BBB58DE3A4,3.5,2.5,3.54618893441,3.27321957923,0.0461889344124,0.773219579231,0.773219579231,False,False,False
D2DC7E097F43,3,2.5,2.93573089735,2.39834650188,0.064269102654,0.101653498118,0.101653498118,False,False,False
D2F9E8A1C2B4,3.5,4,3.47369125882,3.56804606544,0.0263087411826,0.431953934562,0.431953934562,False,False,False
D3B7CFC1E4B8,4,3,3.59256543826,3.46760938975,0.407434561737,0.467609389753,0.467609389753,False,False,False
D3DB4B90236E,3.5,3.5,3.25969559811,3.38733307679,0.240304401894,0.112666923211,0.240304401894,False,False,False
D418AA10F771,3.5,3,3.44301014082,3.33724108013,0.0569898591817,0.337241080125,0.337241080125,False,False,False
D4727B27B79E,3.5,4,3.42857314116,3.52842387622,0.0714268588377,0.471576123784,0.471576123784,False,False,False
D48F727D226F,2.5,2,3.07819359674,2.73525399326,0.578193596744,0.73525399326,0.73525399326,False,False,False
D49CB44F4364,3,3,3.73739711897,3.70358556008,0.73739711897,0.703585560082,0.73739711897,False,False,False
D4AAE80052F0,4.5,5,3.63502065803,3.58535399049,0.864979341967,1.41464600951,1.41464600951,True,False,True
D4EC644279D3,3,3,3.1392702617,2.98002871584,0.139270261699,0.0199712841569,0.139270261699,False,False,False
D4F948543088,3,4,3.18901915179,3.2722810267,0.189019151793,0.727718973298,0.727718973298,False,False,False
D54821935AA6,4.5,4.5,3.52809244137,3.42227229436,0.971907558631,1.07772770564,1.07772770564,True,False,True
D59EDBD7F38F,3.5,3.5,3.24096136959,3.15127653543,0.259038630409,0.348723464572,0.348723464572,False,False,False
D5EE6230B88E,3.5,3,3.47073828116,3.07815346151,0.0292617188363,0.0781534615143,0.0781534615143,False,False,False
D6068FF1B29A,3,2.5,3.34321993793,2.91759805449,0.343219937931,0.417598054493,0.417598054493,False,False,False
D7A3A9197EDD,2,2,2.57650592515,2.27022076486,0.576505925151,0.270220764863,0.576505925151,False,False,False
D8284C3B2D2C,3.5,4,3.3706433098,3.45128280437,0.129356690197,0.548717195634,0.548717195634,False,False,False
D84B259E5355,4.5,4.5,4.01268136094,3.93169800054,0.487318639056,0.568301999463,0.568301999463,False,False,False
D85649F455E5,4,3,3.43603481149,3.19876506136,0.563965188515,0.198765061357,0.563965188515,False,False,False
D8E2F782AD70,3.5,4,3.0821685785,2.71602952849,0.417831421496,1.28397047151,1.28397047151,True,False,True
D8EBEEF60558,2,2.5,2.81838653619,2.80362542892,0.818386536194,0.303625428919,0.818386536194,False,False,False
D91C49EFA5B0,2.5,2.5,3.22870037818,3.370587879,0.728700378177,0.870587878997,0.870587878997,False,False,False
D925E8553B9D,3,2.5,3.40965318147,3.05081692543,0.409653181468,0.550816925433,0.550816925433,False,False,False
DA025E83C104,2,2.5,2.73802244521,2.44582385714,0.738022445209,0.05417614286,0.738022445209,False,False,False
DA5225693EC1,4,4.5,3.6267764599,3.45653519404,0.373223540096,1.04346480596,1.04346480596,True,False,True
DA723916BCC0,2,3,2.95299593168,3.05385152114,0.952995931682,0.0538515211358,0.952995931682,False,False,False
DAE762032480,3,3.5,3.39369363791,3.35879866131,0.393693637909,0.141201338693,0.393693637909,False,False,False
DBB3C56AC19B,2,3,2.95986904219,2.81683514381,0.959869042191,0.183164856188,0.959869042191,False,False,False
DBB47DBCAB06,3,2.5,3.57857413261,3.2929741375,0.578574132608,0.792974137498,0.792974137498,False,False,False
DBE800E008B6,4,3,3.47837358022,3.33577895662,0.521626419776,0.335778956623,0.521626419776,False,False,False
DC25CFE5EACC,3.5,3.5,3.47420628366,3.41796696129,0.0257937163369,0.0820330387098,0.0820330387098,False,False,False
DCD55461ED69,2.5,2.5,3.40041743998,3.14291639908,0.900417439978,0.642916399076,0.900417439978,False,False,False
DD1D7CBCEE67,2,2,2.66091325844,2.260982623,0.660913258441,0.260982622997,0.660913258441,False,False,False
DDA53CE9B773,4,3.5,3.31745181473,3.23831551175,0.682548185266,0.261684488251,0.682548185266,False,False,False
DDC53C7B5B42,4,3.5,3.35377743294,3.36981149629,0.646222567063,0.130188503712,0.646222567063,False,False,False
DE040B430E38,3,3.5,3.17767996153,3.13716026836,0.177679961527,0.36283973164,0.36283973164,False,False,False
DE728DF42B4C,3.5,4,3.58270779471,3.20321849999,0.0827077947078,0.796781500011,0.796781500011,False,False,False
DEAA54EC50F1,3.5,4,3.47085377902,3.52782579513,0.0291462209843,0.472174204866,0.472174204866,False,False,False
DEB6DD3E13D8,3,3,3.23013275075,3.33419546391,0.230132750751,0.334195463907,0.334195463907,False,False,False
DF348B861EAD,3,4,3.47449522196,3.42050060332,0.47449522196,0.579499396681,0.579499396681,False,False,False
DF67F209E85E,3,2,3.37048600625,2.97495206145,0.370486006249,0.974952061453,0.974952061453,False,False,False
DFA37BC88FA6,3.5,3,3.54199535216,3.41653667396,0.0419953521583,0.416536673955,0.416536673955,False,False,False
DFD2C3047A7F,4,3.5,3.22156019494,2.82578887443,0.778439805062,0.674211125574,0.778439805062,False,False,False
E1DDD9115527,3,3,3.25752448772,2.79324252177,0.257524487719,0.206757478233,0.257524487719,False,False,False
E31EF8887AA4,2.5,2.5,2.78938977853,2.70584913212,0.289389778532,0.205849132123,0.289389778532,False,False,False
E3668C4C4C0C,4,4,2.67290654772,2.62914339281,1.32709345228,1.37085660719,1.37085660719,True,True,True
E3F1E3B08625,3.5,3.5,3.49541524395,2.9440520323,0.00458475604604,0.555947967696,0.555947967696,False,False,False
E44060CBDCF8,3,3,3.25945115764,2.89359615927,0.259451157643,0.10640384073,0.259451157643,False,False,False
E45E9DC77BF4,3,2.5,3.02755929476,2.91781128029,0.0275592947573,0.417811280295,0.417811280295,False,False,False
E4773D5D6BEA,3,3,3.0761323589,2.52609770448,0.0761323588983,0.473902295518,0.473902295518,False,False,False
E4C696F6D35D,3,2.5,2.95293521014,3.01030877154,0.047064789863,0.510308771542,0.510308771542,False,False,False
E4D1075A87C1,3,2.5,2.92264457181,2.55701413382,0.0773554281877,0.0570141338176,0.0773554281877,False,False,False
E5ED252A0C48,2.5,2,3.01518211201,2.73269208247,0.515182112014,0.732692082474,0.732692082474,False,False,False
E63499BD2AFB,3,2,2.93328018001,2.99832979259,0.0667198199943,0.998329792592,0.998329792592,False,False,False
E7140F0919C3,3,2.5,2.66451904065,2.26971756798,0.335480959348,0.230282432024,0.335480959348,False,False,False
E734699950BC,3,2.5,3.32321993219,3.24671525095,0.323219932188,0.746715250948,0.746715250948,False,False,False
E796E6D20D56,3,2.5,3.51254556653,3.48651026931,0.512545566534,0.986510269309,0.986510269309,False,False,False
E7D1CD01D157,4,3,3.13015869733,2.60794299108,0.869841302666,0.392057008915,0.869841302666,False,False,False
E82941E6EE4C,4,4,3.62721634717,3.40745635829,0.372783652826,0.592543641714,0.592543641714,False,False,False
E97D16349835,3,2.5,2.84938500416,2.54711700065,0.150614995845,0.0471170006512,0.150614995845,False,False,False
E9CBB4B215CF,3.5,3.5,3.39572046844,3.54402417047,0.104279531565,0.0440241704666,0.104279531565,False,False,False
EA493ECF9F3B,3,2.5,3.18638198241,3.32170814564,0.186381982414,0.821708145636,0.821708145636,False,False,False
EA5067362719,3,2.5,3.20236725027,3.42128125177,0.202367250274,0.921281251769,0.921281251769,False,False,False
EAD7A7372939,3,3,3.17201528069,2.83833528789,0.17201528069,0.161664712113,0.17201528069,False,False,False
EAE8AB55E9B1,3.5,3.5,3.37418506899,3.34274737029,0.125814931009,0.15725262971,0.15725262971,False,False,False
EAFFC084F3D3,4,3,3.63631241972,3.51838423336,0.363687580284,0.518384233363,0.518384233363,False,False,False
EBAC7604E958,3,3,2.97782427137,3.10009486542,0.0221757286289,0.100094865416,0.100094865416,False,False,False
EBCF73C7921E,2.5,2,2.95640042582,2.52652769837,0.45640042582,0.526527698369,0.526527698369,False,False,False
EC719533AB43,3,3,3.22028595052,3.26944865516,0.220285950517,0.269448655164,0.269448655164,False,False,False
ECFB72244DAB,3.5,3.5,3.33870530281,3.45252416321,0.16129469719,0.0474758367916,0.16129469719,False,False,False
ED201C3D1F84,3.5,3.5,3.40752249254,3.54576244741,0.0924775074624,0.0457624474089,0.0924775074624,False,False,False
EDC27501821A,3.5,3.5,3.51888688414,3.48020375435,0.0188868841352,0.0197962456549,0.0197962456549,False,False,False
EE19BA20AA8D,3,3,3.64493792277,3.56123783888,0.644937922773,0.561237838876,0.644937922773,False,False,False
EE1CEEADB315,4,3,3.93819400499,3.72817084421,0.0618059950145,0.72817084421,0.72817084421,False,False,False
EE888799A911,3,3,2.96031557226,2.73747163121,0.039684427735,0.262528368792,0.262528368792,False,False,False
EEF3247D69D0,4,3,3.58061585149,3.18687849885,0.419384148508,0.18687849885,0.419384148508,False,False,False
EF24A49892C3,3,3,3.48991465735,3.27020422202,0.489914657354,0.270204222025,0.489914657354,False,False,False
EFEFA4F6596E,3,3.5,3.17520674456,3.35941385648,0.175206744559,0.14058614352,0.175206744559,False,False,False
F05EB1468473,4,3,2.99911683007,2.82991713674,1.00088316993,0.170082863263,1.00088316993,True,True,False
F111D9922C5D,3,2,2.81853017366,2.40323363837,0.181469826343,0.403233638366,0.403233638366,False,False,False
F155112AB8EF,2.5,2,3.32513423598,2.8108185652,0.825134235984,0.810818565204,0.825134235984,False,False,False
F170C1A461F7,3.5,3,3.64900788417,3.64371240556,0.149007884166,0.643712405557,0.643712405557,False,False,False
F19B178A98C7,3,3.5,3.12785366654,3.10478227793,0.127853666537,0.395217722071,0.395217722071,False,False,False
F1B5E79A298B,2,2,2.92192211718,2.55017928392,0.921922117182,0.550179283915,0.921922117182,False,False,False
F2080B933EE4,2.5,2.5,3.12726003069,2.81011180651,0.627260030687,0.310111806509,0.627260030687,False,False,False
F20C7D112B12,3,3,2.87806997874,2.71048998172,0.121930021255,0.289510018282,0.289510018282,False,False,False
F241492F8808,3.5,3.5,3.48448700779,3.45070677726,0.0155129922112,0.0492932227357,0.0492932227357,False,False,False
F2BDB9DFFB57,3,2.5,2.81130908685,2.35213514945,0.188690913146,0.147864850548,0.188690913146,False,False,False
F2C5145D1305,4.5,5,3.76614185529,3.81702973995,0.733858144705,1.18297026005,1.18297026005,True,False,True
F334AE3F8510,3,3.5,3.26795983388,3.15214120539,0.267959833878,0.347858794608,0.347858794608,False,False,False
F3471BC447BD,2.5,2,3.3701701767,3.35881496782,0.870170176702,1.35881496782,1.35881496782,True,False,True
F5926953B7C3,2,2,3.14188549417,2.86911007124,1.14188549417,0.86911007124,1.14188549417,True,True,False
F7B1C57D753F,3,3,3.22427016127,2.72850903323,0.224270161266,0.271490966768,0.271490966768,False,False,False
F800DF0813A5,3,2,2.75572892967,2.33106761332,0.244271070333,0.331067613321,0.331067613321,False,False,False
F8A1AC1C01D6,4,3,3.61214188638,3.09944924114,0.387858113623,0.0994492411449,0.387858113623,False,False,False
F934542997DC,4,3.5,3.47637892684,3.15614299186,0.523621073164,0.343857008139,0.523621073164,False,False,False
FAB2B88C059F,3,3,3.39504576157,3.26661085971,0.395045761573,0.266610859707,0.395045761573,False,False,False
FB4FE2503800,2.5,3.5,3.42609638875,3.50131158273,0.926096388746,0.0013115827294,0.926096388746,False,False,False
FCE4AFE078FF,4,3.5,3.57154440133,3.56513391347,0.428455598675,0.0651339134652,0.428455598675,False,False,False
FF543E9E9EB2,3,3,3.41850979599,3.03404058685,0.418509795986,0.0340405868534,0.418509795986,False,False,False
FFE91DA2A101,3.5,3,4.2662809733,4.06216922111,0.766280973298,1.06216922111,1.06216922111,True,False,True
