error_threshold,review_budget,repetition,selected_count,large_error_count,captured_count,large_error_prevalence,capture_rate,precision,lift
0.5,0.1,1,252,1275,134,0.506354249404,0.105098039216,0.531746031746,1.05014628073
0.5,0.1,2,252,1275,129,0.506354249404,0.101176470588,0.511904761905,1.01096171802
0.5,0.1,3,252,1275,123,0.506354249404,0.0964705882353,0.488095238095,0.963940242764
0.5,0.1,4,252,1275,138,0.506354249404,0.108235294118,0.547619047619,1.08149393091
0.5,0.1,5,252,1275,126,0.506354249404,0.0988235294118,0.5,0.987450980392
0.5,0.1,6,252,1275,135,0.506354249404,0.105882352941,0.535714285714,1.05798319328
0.5,0.1,7,252,1275,134,0.506354249404,0.105098039216,0.531746031746,1.05014628073
0.5,0.1,8,252,1275,130,0.506354249404,0.101960784314,0.515873015873,1.01879863056
0.5,0.1,9,252,1275,125,0.506354249404,0.0980392156863,0.496031746032,0.979614067849
0.5,0.1,10,252,1275,134,0.506354249404,0.105098039216,0.531746031746,1.05014628073
0.5,0.1,11,252,1275,129,0.506354249404,0.101176470588,0.511904761905,1.01096171802
0.5,0.1,12,252,1275,131,0.506354249404,0.102745098039,0.519841269841,1.02663554311
0.5,0.1,13,252,1275,143,0.506354249404,0.112156862745,0.56746031746,1.12067849362
0.5,0.1,14,252,1275,137,0.506354249404,0.107450980392,0.543650793651,1.07365701836
0.5,0.1,15,252,1275,135,0.506354249404,0.105882352941,0.535714285714,1.05798319328
0.5,0.1,16,252,1275,123,0.506354249404,0.0964705882353,0.488095238095,0.963940242764
0.5,0.1,17,252,1275,136,0.506354249404,0.106666666667,0.539682539683,1.06582010582
0.5,0.1,18,252,1275,140,0.506354249404,0.109803921569,0.555555555556,1.09716775599
0.5,0.1,19,252,1275,145,0.506354249404,0.113725490196,0.575396825397,1.13635231871
0.5,0.1,20,252,1275,130,0.506354249404,0.101960784314,0.515873015873,1.01879863056
0.5,0.1,21,252,1275,131,0.506354249404,0.102745098039,0.519841269841,1.02663554311
0.5,0.1,22,252,1275,125,0.506354249404,0.0980392156863,0.496031746032,0.979614067849
0.5,0.1,23,252,1275,130,0.506354249404,0.101960784314,0.515873015873,1.01879863056
0.5,0.1,24,252,1275,113,0.506354249404,0.0886274509804,0.448412698413,0.885571117336
0.5,0.1,25,252,1275,129,0.506354249404,0.101176470588,0.511904761905,1.01096171802
0.5,0.1,26,252,1275,127,0.506354249404,0.0996078431373,0.503968253968,0.995287892935
0.5,0.1,27,252,1275,127,0.506354249404,0.0996078431373,0.503968253968,0.995287892935
0.5,0.1,28,252,1275,131,0.506354249404,0.102745098039,0.519841269841,1.02663554311
0.5,0.1,29,252,1275,119,0.506354249404,0.0933333333333,0.472222222222,0.932592592593
0.5,0.1,30,252,1275,121,0.506354249404,0.0949019607843,0.480158730159,0.948266417678
0.5,0.1,31,252,1275,123,0.506354249404,0.0964705882353,0.488095238095,0.963940242764
0.5,0.1,32,252,1275,133,0.506354249404,0.10431372549,0.527777777778,1.04230936819
0.5,0.1,33,252,1275,127,0.506354249404,0.0996078431373,0.503968253968,0.995287892935
0.5,0.1,34,252,1275,118,0.506354249404,0.0925490196078,0.468253968254,0.92475568005
0.5,0.1,35,252,1275,126,0.506354249404,0.0988235294118,0.5,0.987450980392
0.5,0.1,36,252,1275,138,0.506354249404,0.108235294118,0.547619047619,1.08149393091
0.5,0.1,37,252,1275,125,0.506354249404,0.0980392156863,0.496031746032,0.979614067849
0.5,0.1,38,252,1275,132,0.506354249404,0.103529411765,0.52380952381,1.03447245565
0.5,0.1,39,252,1275,135,0.506354249404,0.105882352941,0.535714285714,1.05798319328
0.5,0.1,40,252,1275,113,0.506354249404,0.0886274509804,0.448412698413,0.885571117336
0.5,0.1,41,252,1275,122,0.506354249404,0.0956862745098,0.484126984127,0.956103330221
0.5,0.1,42,252,1275,136,0.506354249404,0.106666666667,0.539682539683,1.06582010582
0.5,0.1,43,252,1275,118,0.506354249404,0.0925490196078,0.468253968254,0.92475568005
0.5,0.1,44,252,1275,122,0.506354249404,0.0956862745098,0.484126984127,0.956103330221
0.5,0.1,45,252,1275,139,0.506354249404,0.109019607843,0.551587301587,1.08933084345
0.5,0.1,46,252,1275,125,0.506354249404,0.0980392156863,0.496031746032,0.979614067849
0.5,0.1,47,252,1275,108,0.506354249404,0.0847058823529,0.428571428571,0.846386554622
0.5,0.1,48,252,1275,129,0.506354249404,0.101176470588,0.511904761905,1.01096171802
0.5,0.1,49,252,1275,136,0.506354249404,0.106666666667,0.539682539683,1.06582010582
0.5,0.1,50,252,1275,130,0.506354249404,0.101960784314,0.515873015873,1.01879863056
0.5,0.1,51,252,1275,138,0.506354249404,0.108235294118,0.547619047619,1.08149393091
0.5,0.1,52,252,1275,139,0.506354249404,0.109019607843,0.551587301587,1.08933084345
0.5,0.1,53,252,1275,134,0.506354249404,0.105098039216,0.531746031746,1.05014628073
0.5,0.1,54,252,1275,131,0.506354249404,0.102745098039,0.519841269841,1.02663554311
0.5,0.1,55,252,1275,118,0.506354249404,0.0925490196078,0.468253968254,0.92475568005
0.5,0.1,56,252,1275,121,0.506354249404,0.0949019607843,0.480158730159,0.948266417678
0.5,0.1,57,252,1275,119,0.506354249404,0.0933333333333,0.472222222222,0.932592592593
0.5,0.1,58,252,1275,128,0.506354249404,0.100392156863,0.507936507937,1.00312480548
0.5,0.1,59,252,1275,118,0.506354249404,0.0925490196078,0.468253968254,0.92475568005
0.5,0.1,60,252,1275,133,0.506354249404,0.10431372549,0.527777777778,1.04230936819
0.5,0.1,61,252,1275,132,0.506354249404,0.103529411765,0.52380952381,1.03447245565
0.5,0.1,62,252,1275,125,0.506354249404,0.0980392156863,0.496031746032,0.979614067849
0.5,0.1,63,252,1275,127,0.506354249404,0.0996078431373,0.503968253968,0.995287892935
0.5,0.1,64,252,1275,134,0.506354249404,0.105098039216,0.531746031746,1.05014628073
0.5,0.1,65,252,1275,134,0.506354249404,0.105098039216,0.531746031746,1.05014628073
0.5,0.1,66,252,1275,121,0.506354249404,0.0949019607843,0.480158730159,0.948266417678
0.5,0.1,67,252,1275,123,0.506354249404,0.0964705882353,0.488095238095,0.963940242764
0.5,0.1,68,252,1275,122,0.506354249404,0.0956862745098,0.484126984127,0.956103330221
0.5,0.1,69,252,1275,122,0.506354249404,0.0956862745098,0.484126984127,0.956103330221
0.5,0.1,70,252,1275,124,0.506354249404,0.0972549019608,0.492063492063,0.971777155307
0.5,0.1,71,252,1275,126,0.506354249404,0.0988235294118,0.5,0.987450980392
0.5,0.1,72,252,1275,118,0.506354249404,0.0925490196078,0.468253968254,0.92475568005
0.5,0.1,73,252,1275,134,0.506354249404,0.105098039216,0.531746031746,1.05014628073
0.5,0.1,74,252,1275,126,0.506354249404,0.0988235294118,0.5,0.987450980392
0.5,0.1,75,252,1275,130,0.506354249404,0.101960784314,0.515873015873,1.01879863056
0.5,0.1,76,252,1275,124,0.506354249404,0.0972549019608,0.492063492063,0.971777155307
0.5,0.1,77,252,1275,122,0.506354249404,0.0956862745098,0.484126984127,0.956103330221
0.5,0.1,78,252,1275,129,0.506354249404,0.101176470588,0.511904761905,1.01096171802
0.5,0.1,79,252,1275,116,0.506354249404,0.0909803921569,0.460317460317,0.909081854964
0.5,0.1,80,252,1275,114,0.506354249404,0.0894117647059,0.452380952381,0.893408029879
0.5,0.1,81,252,1275,129,0.506354249404,0.101176470588,0.511904761905,1.01096171802
0.5,0.1,82,252,1275,135,0.506354249404,0.105882352941,0.535714285714,1.05798319328
0.5,0.1,83,252,1275,124,0.506354249404,0.0972549019608,0.492063492063,0.971777155307
0.5,0.1,84,252,1275,131,0.506354249404,0.102745098039,0.519841269841,1.02663554311
0.5,0.1,85,252,1275,115,0.506354249404,0.0901960784314,0.456349206349,0.901244942421
0.5,0.1,86,252,1275,126,0.506354249404,0.0988235294118,0.5,0.987450980392
0.5,0.1,87,252,1275,108,0.506354249404,0.0847058823529,0.428571428571,0.846386554622
0.5,0.1,88,252,1275,122,0.506354249404,0.0956862745098,0.484126984127,0.956103330221
0.5,0.1,89,252,1275,133,0.506354249404,0.10431372549,0.527777777778,1.04230936819
0.5,0.1,90,252,1275,126,0.506354249404,0.0988235294118,0.5,0.987450980392
0.5,0.1,91,252,1275,119,0.506354249404,0.0933333333333,0.472222222222,0.932592592593
0.5,0.1,92,252,1275,128,0.506354249404,0.100392156863,0.507936507937,1.00312480548
0.5,0.1,93,252,1275,112,0.506354249404,0.0878431372549,0.444444444444,0.877734204793
0.5,0.1,94,252,1275,118,0.506354249404,0.0925490196078,0.468253968254,0.92475568005
0.5,0.1,95,252,1275,127,0.506354249404,0.0996078431373,0.503968253968,0.995287892935
0.5,0.1,96,252,1275,134,0.506354249404,0.105098039216,0.531746031746,1.05014628073
0.5,0.1,97,252,1275,127,0.506354249404,0.0996078431373,0.503968253968,0.995287892935
0.5,0.1,98,252,1275,143,0.506354249404,0.112156862745,0.56746031746,1.12067849362
0.5,0.1,99,252,1275,119,0.506354249404,0.0933333333333,0.472222222222,0.932592592593
0.5,0.1,100,252,1275,129,0.506354249404,0.101176470588,0.511904761905,1.01096171802
0.5,0.1,101,252,1275,120,0.506354249404,0.0941176470588,0.47619047619,0.940429505135
0.5,0.1,102,252,1275,105,0.506354249404,0.0823529411765,0.416666666667,0.822875816993
0.5,0.1,103,252,1275,134,0.506354249404,0.105098039216,0.531746031746,1.05014628073
0.5,0.1,104,252,1275,128,0.506354249404,0.100392156863,0.507936507937,1.00312480548
0.5,0.1,105,252,1275,116,0.506354249404,0.0909803921569,0.460317460317,0.909081854964
0.5,0.1,106,252,1275,132,0.506354249404,0.103529411765,0.52380952381,1.03447245565
0.5,0.1,107,252,1275,112,0.506354249404,0.0878431372549,0.444444444444,0.877734204793
0.5,0.1,108,252,1275,126,0.506354249404,0.0988235294118,0.5,0.987450980392
0.5,0.1,109,252,1275,128,0.506354249404,0.100392156863,0.507936507937,1.00312480548
0.5,0.1,110,252,1275,139,0.506354249404,0.109019607843,0.551587301587,1.08933084345
0.5,0.1,111,252,1275,132,0.506354249404,0.103529411765,0.52380952381,1.03447245565
0.5,0.1,112,252,1275,128,0.506354249404,0.100392156863,0.507936507937,1.00312480548
0.5,0.1,113,252,1275,120,0.506354249404,0.0941176470588,0.47619047619,0.940429505135
0.5,0.1,114,252,1275,121,0.506354249404,0.0949019607843,0.480158730159,0.948266417678
0.5,0.1,115,252,1275,130,0.506354249404,0.101960784314,0.515873015873,1.01879863056
0.5,0.1,116,252,1275,122,0.506354249404,0.0956862745098,0.484126984127,0.956103330221
0.5,0.1,117,252,1275,135,0.506354249404,0.105882352941,0.535714285714,1.05798319328
0.5,0.1,118,252,1275,121,0.506354249404,0.0949019607843,0.480158730159,0.948266417678
0.5,0.1,119,252,1275,123,0.506354249404,0.0964705882353,0.488095238095,0.963940242764
0.5,0.1,120,252,1275,131,0.506354249404,0.102745098039,0.519841269841,1.02663554311
0.5,0.1,121,252,1275,126,0.506354249404,0.0988235294118,0.5,0.987450980392
0.5,0.1,122,252,1275,135,0.506354249404,0.105882352941,0.535714285714,1.05798319328
0.5,0.1,123,252,1275,120,0.506354249404,0.0941176470588,0.47619047619,0.940429505135
0.5,0.1,124,252,1275,142,0.506354249404,0.11137254902,0.563492063492,1.11284158108
0.5,0.1,125,252,1275,133,0.506354249404,0.10431372549,0.527777777778,1.04230936819
0.5,0.1,126,252,1275,133,0.506354249404,0.10431372549,0.527777777778,1.04230936819
0.5,0.1,127,252,1275,119,0.506354249404,0.0933333333333,0.472222222222,0.932592592593
0.5,0.1,128,252,1275,103,0.506354249404,0.0807843137255,0.40873015873,0.807201991908
0.5,0.1,129,252,1275,117,0.506354249404,0.0917647058824,0.464285714286,0.916918767507
0.5,0.1,130,252,1275,132,0.506354249404,0.103529411765,0.52380952381,1.03447245565
0.5,0.1,131,252,1275,130,0.506354249404,0.101960784314,0.515873015873,1.01879863056
0.5,0.1,132,252,1275,117,0.506354249404,0.0917647058824,0.464285714286,0.916918767507
0.5,0.1,133,252,1275,133,0.506354249404,0.10431372549,0.527777777778,1.04230936819
0.5,0.1,134,252,1275,127,0.506354249404,0.0996078431373,0.503968253968,0.995287892935
0.5,0.1,135,252,1275,128,0.506354249404,0.100392156863,0.507936507937,1.00312480548
0.5,0.1,136,252,1275,119,0.506354249404,0.0933333333333,0.472222222222,0.932592592593
0.5,0.1,137,252,1275,134,0.506354249404,0.105098039216,0.531746031746,1.05014628073
0.5,0.1,138,252,1275,107,0.506354249404,0.0839215686275,0.424603174603,0.838549642079
0.5,0.1,139,252,1275,138,0.506354249404,0.108235294118,0.547619047619,1.08149393091
0.5,0.1,140,252,1275,129,0.506354249404,0.101176470588,0.511904761905,1.01096171802
0.5,0.1,141,252,1275,128,0.506354249404,0.100392156863,0.507936507937,1.00312480548
0.5,0.1,142,252,1275,117,0.506354249404,0.0917647058824,0.464285714286,0.916918767507
0.5,0.1,143,252,1275,153,0.506354249404,0.12,0.607142857143,1.19904761905
0.5,0.1,144,252,1275,131,0.506354249404,0.102745098039,0.519841269841,1.02663554311
0.5,0.1,145,252,1275,128,0.506354249404,0.100392156863,0.507936507937,1.00312480548
0.5,0.1,146,252,1275,130,0.506354249404,0.101960784314,0.515873015873,1.01879863056
0.5,0.1,147,252,1275,131,0.506354249404,0.102745098039,0.519841269841,1.02663554311
0.5,0.1,148,252,1275,121,0.506354249404,0.0949019607843,0.480158730159,0.948266417678
0.5,0.1,149,252,1275,131,0.506354249404,0.102745098039,0.519841269841,1.02663554311
0.5,0.1,150,252,1275,130,0.506354249404,0.101960784314,0.515873015873,1.01879863056
0.5,0.1,151,252,1275,126,0.506354249404,0.0988235294118,0.5,0.987450980392
0.5,0.1,152,252,1275,128,0.506354249404,0.100392156863,0.507936507937,1.00312480548
0.5,0.1,153,252,1275,123,0.506354249404,0.0964705882353,0.488095238095,0.963940242764
0.5,0.1,154,252,1275,122,0.506354249404,0.0956862745098,0.484126984127,0.956103330221
0.5,0.1,155,252,1275,122,0.506354249404,0.0956862745098,0.484126984127,0.956103330221
0.5,0.1,156,252,1275,136,0.506354249404,0.106666666667,0.539682539683,1.06582010582
0.5,0.1,157,252,1275,139,0.506354249404,0.109019607843,0.551587301587,1.08933084345
0.5,0.1,158,252,1275,133,0.506354249404,0.10431372549,0.527777777778,1.04230936819
0.5,0.1,159,252,1275,130,0.506354249404,0.101960784314,0.515873015873,1.01879863056
0.5,0.1,160,252,1275,127,0.506354249404,0.0996078431373,0.503968253968,0.995287892935
0.5,0.1,161,252,1275,129,0.506354249404,0.101176470588,0.511904761905,1.01096171802
0.5,0.1,162,252,1275,120,0.506354249404,0.0941176470588,0.47619047619,0.940429505135
0.5,0.1,163,252,1275,123,0.506354249404,0.0964705882353,0.488095238095,0.963940242764
0.5,0.1,164,252,1275,125,0.506354249404,0.0980392156863,0.496031746032,0.979614067849
0.5,0.1,165,252,1275,119,0.506354249404,0.0933333333333,0.472222222222,0.932592592593
0.5,0.1,166,252,1275,123,0.506354249404,0.0964705882353,0.488095238095,0.963940242764
0.5,0.1,167,252,1275,142,0.506354249404,0.11137254902,0.563492063492,1.11284158108
0.5,0.1,168,252,1275,120,0.506354249404,0.0941176470588,0.47619047619,0.940429505135
0.5,0.1,169,252,1275,135,0.506354249404,0.105882352941,0.535714285714,1.05798319328
0.5,0.1,170,252,1275,123,0.506354249404,0.0964705882353,0.488095238095,0.963940242764
0.5,0.1,171,252,1275,122,0.506354249404,0.0956862745098,0.484126984127,0.956103330221
0.5,0.1,172,252,1275,127,0.506354249404,0.0996078431373,0.503968253968,0.995287892935
0.5,0.1,173,252,1275,132,0.506354249404,0.103529411765,0.52380952381,1.03447245565
0.5,0.1,174,252,1275,118,0.506354249404,0.0925490196078,0.468253968254,0.92475568005
0.5,0.1,175,252,1275,120,0.506354249404,0.0941176470588,0.47619047619,0.940429505135
0.5,0.1,176,252,1275,124,0.506354249404,0.0972549019608,0.492063492063,0.971777155307
0.5,0.1,177,252,1275,123,0.506354249404,0.0964705882353,0.488095238095,0.963940242764
0.5,0.1,178,252,1275,123,0.506354249404,0.0964705882353,0.488095238095,0.963940242764
0.5,0.1,179,252,1275,139,0.506354249404,0.109019607843,0.551587301587,1.08933084345
0.5,0.1,180,252,1275,128,0.506354249404,0.100392156863,0.507936507937,1.00312480548
0.5,0.1,181,252,1275,131,0.506354249404,0.102745098039,0.519841269841,1.02663554311
0.5,0.1,182,252,1275,135,0.506354249404,0.105882352941,0.535714285714,1.05798319328
0.5,0.1,183,252,1275,132,0.506354249404,0.103529411765,0.52380952381,1.03447245565
0.5,0.1,184,252,1275,114,0.506354249404,0.0894117647059,0.452380952381,0.893408029879
0.5,0.1,185,252,1275,123,0.506354249404,0.0964705882353,0.488095238095,0.963940242764
0.5,0.1,186,252,1275,133,0.506354249404,0.10431372549,0.527777777778,1.04230936819
0.5,0.1,187,252,1275,112,0.506354249404,0.0878431372549,0.444444444444,0.877734204793
0.5,0.1,188,252,1275,122,0.506354249404,0.0956862745098,0.484126984127,0.956103330221
0.5,0.1,189,252,1275,132,0.506354249404,0.103529411765,0.52380952381,1.03447245565
0.5,0.1,190,252,1275,128,0.506354249404,0.100392156863,0.507936507937,1.00312480548
0.5,0.1,191,252,1275,122,0.506354249404,0.0956862745098,0.484126984127,0.956103330221
0.5,0.1,192,252,1275,126,0.506354249404,0.0988235294118,0.5,0.987450980392
0.5,0.1,193,252,1275,126,0.506354249404,0.0988235294118,0.5,0.987450980392
0.5,0.1,194,252,1275,138,0.506354249404,0.108235294118,0.547619047619,1.08149393091
0.5,0.1,195,252,1275,119,0.506354249404,0.0933333333333,0.472222222222,0.932592592593
0.5,0.1,196,252,1275,117,0.506354249404,0.0917647058824,0.464285714286,0.916918767507
0.5,0.1,197,252,1275,117,0.506354249404,0.0917647058824,0.464285714286,0.916918767507
0.5,0.1,198,252,1275,136,0.506354249404,0.106666666667,0.539682539683,1.06582010582
0.5,0.1,199,252,1275,117,0.506354249404,0.0917647058824,0.464285714286,0.916918767507
0.5,0.1,200,252,1275,122,0.506354249404,0.0956862745098,0.484126984127,0.956103330221
0.5,0.1,201,252,1275,120,0.506354249404,0.0941176470588,0.47619047619,0.940429505135
0.5,0.1,202,252,1275,127,0.506354249404,0.0996078431373,0.503968253968,0.995287892935
0.5,0.1,203,252,1275,123,0.506354249404,0.0964705882353,0.488095238095,0.963940242764
0.5,0.1,204,252,1275,133,0.506354249404,0.10431372549,0.527777777778,1.04230936819
0.5,0.1,205,252,1275,127,0.506354249404,0.0996078431373,0.503968253968,0.995287892935
0.5,0.1,206,252,1275,120,0.506354249404,0.0941176470588,0.47619047619,0.940429505135
0.5,0.1,207,252,1275,144,0.506354249404,0.112941176471,0.571428571429,1.12851540616
0.5,0.1,208,252,1275,133,0.506354249404,0.10431372549,0.527777777778,1.04230936819
0.5,0.1,209,252,1275,134,0.506354249404,0.105098039216,0.531746031746,1.05014628073
0.5,0.1,210,252,1275,128,0.506354249404,0.100392156863,0.507936507937,1.00312480548
0.5,0.1,211,252,1275,125,0.506354249404,0.0980392156863,0.496031746032,0.979614067849
0.5,0.1,212,252,1275,114,0.506354249404,0.0894117647059,0.452380952381,0.893408029879
0.5,0.1,213,252,1275,110,0.506354249404,0.0862745098039,0.436507936508,0.862060379707
0.5,0.1,214,252,1275,134,0.506354249404,0.105098039216,0.531746031746,1.05014628073
0.5,0.1,215,252,1275,131,0.506354249404,0.102745098039,0.519841269841,1.02663554311
0.5,0.1,216,252,1275,136,0.506354249404,0.106666666667,0.539682539683,1.06582010582
0.5,0.1,217,252,1275,127,0.506354249404,0.0996078431373,0.503968253968,0.995287892935
0.5,0.1,218,252,1275,121,0.506354249404,0.0949019607843,0.480158730159,0.948266417678
0.5,0.1,219,252,1275,134,0.506354249404,0.105098039216,0.531746031746,1.05014628073
0.5,0.1,220,252,1275,120,0.506354249404,0.0941176470588,0.47619047619,0.940429505135
0.5,0.1,221,252,1275,138,0.506354249404,0.108235294118,0.547619047619,1.08149393091
0.5,0.1,222,252,1275,131,0.506354249404,0.102745098039,0.519841269841,1.02663554311
0.5,0.1,223,252,1275,123,0.506354249404,0.0964705882353,0.488095238095,0.963940242764
0.5,0.1,224,252,1275,124,0.506354249404,0.0972549019608,0.492063492063,0.971777155307
0.5,0.1,225,252,1275,118,0.506354249404,0.0925490196078,0.468253968254,0.92475568005
0.5,0.1,226,252,1275,136,0.506354249404,0.106666666667,0.539682539683,1.06582010582
0.5,0.1,227,252,1275,128,0.506354249404,0.100392156863,0.507936507937,1.00312480548
0.5,0.1,228,252,1275,125,0.506354249404,0.0980392156863,0.496031746032,0.979614067849
0.5,0.1,229,252,1275,126,0.506354249404,0.0988235294118,0.5,0.987450980392
0.5,0.1,230,252,1275,125,0.506354249404,0.0980392156863,0.496031746032,0.979614067849
0.5,0.1,231,252,1275,128,0.506354249404,0.100392156863,0.507936507937,1.00312480548
0.5,0.1,232,252,1275,132,0.506354249404,0.103529411765,0.52380952381,1.03447245565
0.5,0.1,233,252,1275,125,0.506354249404,0.0980392156863,0.496031746032,0.979614067849
0.5,0.1,234,252,1275,128,0.506354249404,0.100392156863,0.507936507937,1.00312480548
0.5,0.1,235,252,1275,134,0.506354249404,0.105098039216,0.531746031746,1.05014628073
0.5,0.1,236,252,1275,137,0.506354249404,0.107450980392,0.543650793651,1.07365701836
0.5,0.1,237,252,1275,130,0.506354249404,0.101960784314,0.515873015873,1.01879863056
0.5,0.1,238,252,1275,117,0.506354249404,0.0917647058824,0.464285714286,0.916918767507
0.5,0.1,239,252,1275,129,0.506354249404,0.101176470588,0.511904761905,1.01096171802
0.5,0.1,240,252,1275,128,0.506354249404,0.100392156863,0.507936507937,1.00312480548
0.5,0.1,241,252,1275,134,0.506354249404,0.105098039216,0.531746031746,1.05014628073
0.5,0.1,242,252,1275,132,0.506354249404,0.103529411765,0.52380952381,1.03447245565
0.5,0.1,243,252,1275,131,0.506354249404,0.102745098039,0.519841269841,1.02663554311
0.5,0.1,244,252,1275,124,0.506354249404,0.0972549019608,0.492063492063,0.971777155307
0.5,0.1,245,252,1275,134,0.506354249404,0.105098039216,0.531746031746,1.05014628073
0.5,0.1,246,252,1275,120,0.506354249404,0.0941176470588,0.47619047619,0.940429505135
0.5,0.1,247,252,1275,139,0.506354249404,0.109019607843,0.551587301587,1.08933084345
0.5,0.1,248,252,1275,118,0.506354249404,0.0925490196078,0.468253968254,0.92475568005
0.5,0.1,249,252,1275,124,0.506354249404,0.0972549019608,0.492063492063,0.971777155307
0.5,0.1,250,252,1275,139,0.506354249404,0.109019607843,0.551587301587,1.08933084345
0.5,0.1,251,252,1275,135,0.506354249404,0.105882352941,0.535714285714,1.05798319328
0.5,0.1,252,252,1275,124,0.506354249404,0.0972549019608,0.492063492063,0.971777155307
0.5,0.1,253,252,1275,139,0.506354249404,0.109019607843,0.551587301587,1.08933084345
0.5,0.1,254,252,1275,128,0.506354249404,0.100392156863,0.507936507937,1.00312480548
0.5,0.1,255,252,1275,119,0.506354249404,0.0933333333333,0.472222222222,0.932592592593
0.5,0.1,256,252,1275,125,0.506354249404,0.0980392156863,0.496031746032,0.979614067849
0.5,0.1,257,252,1275,125,0.506354249404,0.0980392156863,0.496031746032,0.979614067849
0.5,0.1,258,252,1275,126,0.506354249404,0.0988235294118,0.5,0.987450980392
0.5,0.1,259,252,1275,138,0.506354249404,0.108235294118,0.547619047619,1.08149393091
0.5,0.1,260,252,1275,135,0.506354249404,0.105882352941,0.535714285714,1.05798319328
0.5,0.1,261,252,1275,124,0.506354249404,0.0972549019608,0.492063492063,0.971777155307
0.5,0.1,262,252,1275,138,0.506354249404,0.108235294118,0.547619047619,1.08149393091
0.5,0.1,263,252,1275,117,0.506354249404,0.0917647058824,0.464285714286,0.916918767507
0.5,0.1,264,252,1275,132,0.506354249404,0.103529411765,0.52380952381,1.03447245565
0.5,0.1,265,252,1275,129,0.506354249404,0.101176470588,0.511904761905,1.01096171802
0.5,0.1,266,252,1275,127,0.506354249404,0.0996078431373,0.503968253968,0.995287892935
0.5,0.1,267,252,1275,115,0.506354249404,0.0901960784314,0.456349206349,0.901244942421
0.5,0.1,268,252,1275,137,0.506354249404,0.107450980392,0.543650793651,1.07365701836
0.5,0.1,269,252,1275,133,0.506354249404,0.10431372549,0.527777777778,1.04230936819
0.5,0.1,270,252,1275,132,0.506354249404,0.103529411765,0.52380952381,1.03447245565
0.5,0.1,271,252,1275,126,0.506354249404,0.0988235294118,0.5,0.987450980392
0.5,0.1,272,252,1275,134,0.506354249404,0.105098039216,0.531746031746,1.05014628073
0.5,0.1,273,252,1275,126,0.506354249404,0.0988235294118,0.5,0.987450980392
0.5,0.1,274,252,1275,123,0.506354249404,0.0964705882353,0.488095238095,0.963940242764
0.5,0.1,275,252,1275,120,0.506354249404,0.0941176470588,0.47619047619,0.940429505135
0.5,0.1,276,252,1275,125,0.506354249404,0.0980392156863,0.496031746032,0.979614067849
0.5,0.1,277,252,1275,116,0.506354249404,0.0909803921569,0.460317460317,0.909081854964
0.5,0.1,278,252,1275,120,0.506354249404,0.0941176470588,0.47619047619,0.940429505135
0.5,0.1,279,252,1275,112,0.506354249404,0.0878431372549,0.444444444444,0.877734204793
0.5,0.1,280,252,1275,130,0.506354249404,0.101960784314,0.515873015873,1.01879863056
0.5,0.1,281,252,1275,123,0.506354249404,0.0964705882353,0.488095238095,0.963940242764
0.5,0.1,282,252,1275,126,0.506354249404,0.0988235294118,0.5,0.987450980392
0.5,0.1,283,252,1275,122,0.506354249404,0.0956862745098,0.484126984127,0.956103330221
0.5,0.1,284,252,1275,129,0.506354249404,0.101176470588,0.511904761905,1.01096171802
0.5,0.1,285,252,1275,136,0.506354249404,0.106666666667,0.539682539683,1.06582010582
0.5,0.1,286,252,1275,124,0.506354249404,0.0972549019608,0.492063492063,0.971777155307
0.5,0.1,287,252,1275,120,0.506354249404,0.0941176470588,0.47619047619,0.940429505135
0.5,0.1,288,252,1275,132,0.506354249404,0.103529411765,0.52380952381,1.03447245565
0.5,0.1,289,252,1275,116,0.506354249404,0.0909803921569,0.460317460317,0.909081854964
0.5,0.1,290,252,1275,139,0.506354249404,0.109019607843,0.551587301587,1.08933084345
0.5,0.1,291,252,1275,116,0.506354249404,0.0909803921569,0.460317460317,0.909081854964
0.5,0.1,292,252,1275,119,0.506354249404,0.0933333333333,0.472222222222,0.932592592593
0.5,0.1,293,252,1275,129,0.506354249404,0.101176470588,0.511904761905,1.01096171802
0.5,0.1,294,252,1275,136,0.506354249404,0.106666666667,0.539682539683,1.06582010582
0.5,0.1,295,252,1275,128,0.506354249404,0.100392156863,0.507936507937,1.00312480548
0.5,0.1,296,252,1275,126,0.506354249404,0.0988235294118,0.5,0.987450980392
0.5,0.1,297,252,1275,122,0.506354249404,0.0956862745098,0.484126984127,0.956103330221
0.5,0.1,298,252,1275,128,0.506354249404,0.100392156863,0.507936507937,1.00312480548
0.5,0.1,299,252,1275,128,0.506354249404,0.100392156863,0.507936507937,1.00312480548
0.5,0.1,300,252,1275,140,0.506354249404,0.109803921569,0.555555555556,1.09716775599
0.5,0.1,301,252,1275,131,0.506354249404,0.102745098039,0.519841269841,1.02663554311
0.5,0.1,302,252,1275,130,0.506354249404,0.101960784314,0.515873015873,1.01879863056
0.5,0.1,303,252,1275,140,0.506354249404,0.109803921569,0.555555555556,1.09716775599
0.5,0.1,304,252,1275,132,0.506354249404,0.103529411765,0.52380952381,1.03447245565
0.5,0.1,305,252,1275,127,0.506354249404,0.0996078431373,0.503968253968,0.995287892935
0.5,0.1,306,252,1275,136,0.506354249404,0.106666666667,0.539682539683,1.06582010582
0.5,0.1,307,252,1275,125,0.506354249404,0.0980392156863,0.496031746032,0.979614067849
0.5,0.1,308,252,1275,134,0.506354249404,0.105098039216,0.531746031746,1.05014628073
0.5,0.1,309,252,1275,128,0.506354249404,0.100392156863,0.507936507937,1.00312480548
0.5,0.1,310,252,1275,126,0.506354249404,0.0988235294118,0.5,0.987450980392
0.5,0.1,311,252,1275,121,0.506354249404,0.0949019607843,0.480158730159,0.948266417678
0.5,0.1,312,252,1275,121,0.506354249404,0.0949019607843,0.480158730159,0.948266417678
0.5,0.1,313,252,1275,126,0.506354249404,0.0988235294118,0.5,0.987450980392
0.5,0.1,314,252,1275,118,0.506354249404,0.0925490196078,0.468253968254,0.92475568005
0.5,0.1,315,252,1275,138,0.506354249404,0.108235294118,0.547619047619,1.08149393091
0.5,0.1,316,252,1275,134,0.506354249404,0.105098039216,0.531746031746,1.05014628073
0.5,0.1,317,252,1275,129,0.506354249404,0.101176470588,0.511904761905,1.01096171802
0.5,0.1,318,252,1275,132,0.506354249404,0.103529411765,0.52380952381,1.03447245565
0.5,0.1,319,252,1275,120,0.506354249404,0.0941176470588,0.47619047619,0.940429505135
0.5,0.1,320,252,1275,125,0.506354249404,0.0980392156863,0.496031746032,0.979614067849
0.5,0.1,321,252,1275,123,0.506354249404,0.0964705882353,0.488095238095,0.963940242764
0.5,0.1,322,252,1275,130,0.506354249404,0.101960784314,0.515873015873,1.01879863056
0.5,0.1,323,252,1275,126,0.506354249404,0.0988235294118,0.5,0.987450980392
0.5,0.1,324,252,1275,138,0.506354249404,0.108235294118,0.547619047619,1.08149393091
0.5,0.1,325,252,1275,142,0.506354249404,0.11137254902,0.563492063492,1.11284158108
0.5,0.1,326,252,1275,126,0.506354249404,0.0988235294118,0.5,0.987450980392
0.5,0.1,327,252,1275,117,0.506354249404,0.0917647058824,0.464285714286,0.916918767507
0.5,0.1,328,252,1275,130,0.506354249404,0.101960784314,0.515873015873,1.01879863056
0.5,0.1,329,252,1275,137,0.506354249404,0.107450980392,0.543650793651,1.07365701836
0.5,0.1,330,252,1275,123,0.506354249404,0.0964705882353,0.488095238095,0.963940242764
0.5,0.1,331,252,1275,119,0.506354249404,0.0933333333333,0.472222222222,0.932592592593
0.5,0.1,332,252,1275,123,0.506354249404,0.0964705882353,0.488095238095,0.963940242764
0.5,0.1,333,252,1275,121,0.506354249404,0.0949019607843,0.480158730159,0.948266417678
0.5,0.1,334,252,1275,138,0.506354249404,0.108235294118,0.547619047619,1.08149393091
0.5,0.1,335,252,1275,128,0.506354249404,0.100392156863,0.507936507937,1.00312480548
0.5,0.1,336,252,1275,125,0.506354249404,0.0980392156863,0.496031746032,0.979614067849
0.5,0.1,337,252,1275,132,0.506354249404,0.103529411765,0.52380952381,1.03447245565
0.5,0.1,338,252,1275,128,0.506354249404,0.100392156863,0.507936507937,1.00312480548
0.5,0.1,339,252,1275,129,0.506354249404,0.101176470588,0.511904761905,1.01096171802
0.5,0.1,340,252,1275,129,0.506354249404,0.101176470588,0.511904761905,1.01096171802
0.5,0.1,341,252,1275,122,0.506354249404,0.0956862745098,0.484126984127,0.956103330221
0.5,0.1,342,252,1275,131,0.506354249404,0.102745098039,0.519841269841,1.02663554311
0.5,0.1,343,252,1275,120,0.506354249404,0.0941176470588,0.47619047619,0.940429505135
0.5,0.1,344,252,1275,132,0.506354249404,0.103529411765,0.52380952381,1.03447245565
0.5,0.1,345,252,1275,132,0.506354249404,0.103529411765,0.52380952381,1.03447245565
0.5,0.1,346,252,1275,137,0.506354249404,0.107450980392,0.543650793651,1.07365701836
0.5,0.1,347,252,1275,119,0.506354249404,0.0933333333333,0.472222222222,0.932592592593
0.5,0.1,348,252,1275,113,0.506354249404,0.0886274509804,0.448412698413,0.885571117336
0.5,0.1,349,252,1275,121,0.506354249404,0.0949019607843,0.480158730159,0.948266417678
0.5,0.1,350,252,1275,128,0.506354249404,0.100392156863,0.507936507937,1.00312480548
0.5,0.1,351,252,1275,115,0.506354249404,0.0901960784314,0.456349206349,0.901244942421
0.5,0.1,352,252,1275,129,0.506354249404,0.101176470588,0.511904761905,1.01096171802
0.5,0.1,353,252,1275,116,0.506354249404,0.0909803921569,0.460317460317,0.909081854964
0.5,0.1,354,252,1275,119,0.506354249404,0.0933333333333,0.472222222222,0.932592592593
0.5,0.1,355,252,1275,134,0.506354249404,0.105098039216,0.531746031746,1.05014628073
0.5,0.1,356,252,1275,139,0.506354249404,0.109019607843,0.551587301587,1.08933084345
0.5,0.1,357,252,1275,128,0.506354249404,0.100392156863,0.507936507937,1.00312480548
0.5,0.1,358,252,1275,126,0.506354249404,0.0988235294118,0.5,0.987450980392
0.5,0.1,359,252,1275,129,0.506354249404,0.101176470588,0.511904761905,1.01096171802
0.5,0.1,360,252,1275,125,0.506354249404,0.0980392156863,0.496031746032,0.979614067849
0.5,0.1,361,252,1275,129,0.506354249404,0.101176470588,0.511904761905,1.01096171802
0.5,0.1,362,252,1275,131,0.506354249404,0.102745098039,0.519841269841,1.02663554311
0.5,0.1,363,252,1275,124,0.506354249404,0.0972549019608,0.492063492063,0.971777155307
0.5,0.1,364,252,1275,123,0.506354249404,0.0964705882353,0.488095238095,0.963940242764
0.5,0.1,365,252,1275,115,0.506354249404,0.0901960784314,0.456349206349,0.901244942421
0.5,0.1,366,252,1275,134,0.506354249404,0.105098039216,0.531746031746,1.05014628073
0.5,0.1,367,252,1275,125,0.506354249404,0.0980392156863,0.496031746032,0.979614067849
0.5,0.1,368,252,1275,134,0.506354249404,0.105098039216,0.531746031746,1.05014628073
0.5,0.1,369,252,1275,135,0.506354249404,0.105882352941,0.535714285714,1.05798319328
0.5,0.1,370,252,1275,116,0.506354249404,0.0909803921569,0.460317460317,0.909081854964
0.5,0.1,371,252,1275,127,0.506354249404,0.0996078431373,0.503968253968,0.995287892935
0.5,0.1,372,252,1275,129,0.506354249404,0.101176470588,0.511904761905,1.01096171802
0.5,0.1,373,252,1275,106,0.506354249404,0.083137254902,0.420634920635,0.830712729536
0.5,0.1,374,252,1275,127,0.506354249404,0.0996078431373,0.503968253968,0.995287892935
0.5,0.1,375,252,1275,118,0.506354249404,0.0925490196078,0.468253968254,0.92475568005
0.5,0.1,376,252,1275,143,0.506354249404,0.112156862745,0.56746031746,1.12067849362
0.5,0.1,377,252,1275,124,0.506354249404,0.0972549019608,0.492063492063,0.971777155307
0.5,0.1,378,252,1275,121,0.506354249404,0.0949019607843,0.480158730159,0.948266417678
0.5,0.1,379,252,1275,140,0.506354249404,0.109803921569,0.555555555556,1.09716775599
0.5,0.1,380,252,1275,127,0.506354249404,0.0996078431373,0.503968253968,0.995287892935
0.5,0.1,381,252,1275,114,0.506354249404,0.0894117647059,0.452380952381,0.893408029879
0.5,0.1,382,252,1275,116,0.506354249404,0.0909803921569,0.460317460317,0.909081854964
0.5,0.1,383,252,1275,120,0.506354249404,0.0941176470588,0.47619047619,0.940429505135
0.5,0.1,384,252,1275,123,0.506354249404,0.0964705882353,0.488095238095,0.963940242764
0.5,0.1,385,252,1275,122,0.506354249404,0.0956862745098,0.484126984127,0.956103330221
0.5,0.1,386,252,1275,123,0.506354249404,0.0964705882353,0.488095238095,0.963940242764
0.5,0.1,387,252,1275,142,0.506354249404,0.11137254902,0.563492063492,1.11284158108
0.5,0.1,388,252,1275,134,0.506354249404,0.105098039216,0.531746031746,1.05014628073
0.5,0.1,389,252,1275,122,0.506354249404,0.0956862745098,0.484126984127,0.956103330221
0.5,0.1,390,252,1275,129,0.506354249404,0.101176470588,0.511904761905,1.01096171802
0.5,0.1,391,252,1275,142,0.506354249404,0.11137254902,0.563492063492,1.11284158108
0.5,0.1,392,252,1275,116,0.506354249404,0.0909803921569,0.460317460317,0.909081854964
0.5,0.1,393,252,1275,129,0.506354249404,0.101176470588,0.511904761905,1.01096171802
0.5,0.1,394,252,1275,134,0.506354249404,0.105098039216,0.531746031746,1.05014628073
0.5,0.1,395,252,1275,135,0.506354249404,0.105882352941,0.535714285714,1.05798319328
0.5,0.1,396,252,1275,137,0.506354249404,0.107450980392,0.543650793651,1.07365701836
0.5,0.1,397,252,1275,122,0.506354249404,0.0956862745098,0.484126984127,0.956103330221
0.5,0.1,398,252,1275,133,0.506354249404,0.10431372549,0.527777777778,1.04230936819
0.5,0.1,399,252,1275,139,0.506354249404,0.109019607843,0.551587301587,1.08933084345
0.5,0.1,400,252,1275,122,0.506354249404,0.0956862745098,0.484126984127,0.956103330221
0.5,0.1,401,252,1275,136,0.506354249404,0.106666666667,0.539682539683,1.06582010582
0.5,0.1,402,252,1275,132,0.506354249404,0.103529411765,0.52380952381,1.03447245565
0.5,0.1,403,252,1275,101,0.506354249404,0.0792156862745,0.400793650794,0.791528166822
0.5,0.1,404,252,1275,125,0.506354249404,0.0980392156863,0.496031746032,0.979614067849
0.5,0.1,405,252,1275,121,0.506354249404,0.0949019607843,0.480158730159,0.948266417678
0.5,0.1,406,252,1275,126,0.506354249404,0.0988235294118,0.5,0.987450980392
0.5,0.1,407,252,1275,133,0.506354249404,0.10431372549,0.527777777778,1.04230936819
0.5,0.1,408,252,1275,129,0.506354249404,0.101176470588,0.511904761905,1.01096171802
0.5,0.1,409,252,1275,131,0.506354249404,0.102745098039,0.519841269841,1.02663554311
0.5,0.1,410,252,1275,127,0.506354249404,0.0996078431373,0.503968253968,0.995287892935
0.5,0.1,411,252,1275,127,0.506354249404,0.0996078431373,0.503968253968,0.995287892935
0.5,0.1,412,252,1275,154,0.506354249404,0.120784313725,0.611111111111,1.20688453159
0.5,0.1,413,252,1275,134,0.506354249404,0.105098039216,0.531746031746,1.05014628073
0.5,0.1,414,252,1275,133,0.506354249404,0.10431372549,0.527777777778,1.04230936819
0.5,0.1,415,252,1275,135,0.506354249404,0.105882352941,0.535714285714,1.05798319328
0.5,0.1,416,252,1275,124,0.506354249404,0.0972549019608,0.492063492063,0.971777155307
0.5,0.1,417,252,1275,131,0.506354249404,0.102745098039,0.519841269841,1.02663554311
0.5,0.1,418,252,1275,117,0.506354249404,0.0917647058824,0.464285714286,0.916918767507
0.5,0.1,419,252,1275,135,0.506354249404,0.105882352941,0.535714285714,1.05798319328
0.5,0.1,420,252,1275,125,0.506354249404,0.0980392156863,0.496031746032,0.979614067849
0.5,0.1,421,252,1275,123,0.506354249404,0.0964705882353,0.488095238095,0.963940242764
0.5,0.1,422,252,1275,127,0.506354249404,0.0996078431373,0.503968253968,0.995287892935
0.5,0.1,423,252,1275,137,0.506354249404,0.107450980392,0.543650793651,1.07365701836
0.5,0.1,424,252,1275,138,0.506354249404,0.108235294118,0.547619047619,1.08149393091
0.5,0.1,425,252,1275,125,0.506354249404,0.0980392156863,0.496031746032,0.979614067849
0.5,0.1,426,252,1275,131,0.506354249404,0.102745098039,0.519841269841,1.02663554311
0.5,0.1,427,252,1275,143,0.506354249404,0.112156862745,0.56746031746,1.12067849362
0.5,0.1,428,252,1275,129,0.506354249404,0.101176470588,0.511904761905,1.01096171802
0.5,0.1,429,252,1275,138,0.506354249404,0.108235294118,0.547619047619,1.08149393091
0.5,0.1,430,252,1275,123,0.506354249404,0.0964705882353,0.488095238095,0.963940242764
0.5,0.1,431,252,1275,124,0.506354249404,0.0972549019608,0.492063492063,0.971777155307
0.5,0.1,432,252,1275,124,0.506354249404,0.0972549019608,0.492063492063,0.971777155307
0.5,0.1,433,252,1275,126,0.506354249404,0.0988235294118,0.5,0.987450980392
0.5,0.1,434,252,1275,119,0.506354249404,0.0933333333333,0.472222222222,0.932592592593
0.5,0.1,435,252,1275,135,0.506354249404,0.105882352941,0.535714285714,1.05798319328
0.5,0.1,436,252,1275,126,0.506354249404,0.0988235294118,0.5,0.987450980392
0.5,0.1,437,252,1275,126,0.506354249404,0.0988235294118,0.5,0.987450980392
0.5,0.1,438,252,1275,131,0.506354249404,0.102745098039,0.519841269841,1.02663554311
0.5,0.1,439,252,1275,116,0.506354249404,0.0909803921569,0.460317460317,0.909081854964
0.5,0.1,440,252,1275,132,0.506354249404,0.103529411765,0.52380952381,1.03447245565
0.5,0.1,441,252,1275,127,0.506354249404,0.0996078431373,0.503968253968,0.995287892935
0.5,0.1,442,252,1275,130,0.506354249404,0.101960784314,0.515873015873,1.01879863056
0.5,0.1,443,252,1275,115,0.506354249404,0.0901960784314,0.456349206349,0.901244942421
0.5,0.1,444,252,1275,138,0.506354249404,0.108235294118,0.547619047619,1.08149393091
0.5,0.1,445,252,1275,128,0.506354249404,0.100392156863,0.507936507937,1.00312480548
0.5,0.1,446,252,1275,129,0.506354249404,0.101176470588,0.511904761905,1.01096171802
0.5,0.1,447,252,1275,133,0.506354249404,0.10431372549,0.527777777778,1.04230936819
0.5,0.1,448,252,1275,128,0.506354249404,0.100392156863,0.507936507937,1.00312480548
0.5,0.1,449,252,1275,132,0.506354249404,0.103529411765,0.52380952381,1.03447245565
0.5,0.1,450,252,1275,132,0.506354249404,0.103529411765,0.52380952381,1.03447245565
0.5,0.1,451,252,1275,131,0.506354249404,0.102745098039,0.519841269841,1.02663554311
0.5,0.1,452,252,1275,128,0.506354249404,0.100392156863,0.507936507937,1.00312480548
0.5,0.1,453,252,1275,133,0.506354249404,0.10431372549,0.527777777778,1.04230936819
0.5,0.1,454,252,1275,130,0.506354249404,0.101960784314,0.515873015873,1.01879863056
0.5,0.1,455,252,1275,131,0.506354249404,0.102745098039,0.519841269841,1.02663554311
0.5,0.1,456,252,1275,122,0.506354249404,0.0956862745098,0.484126984127,0.956103330221
0.5,0.1,457,252,1275,131,0.506354249404,0.102745098039,0.519841269841,1.02663554311
0.5,0.1,458,252,1275,128,0.506354249404,0.100392156863,0.507936507937,1.00312480548
0.5,0.1,459,252,1275,116,0.506354249404,0.0909803921569,0.460317460317,0.909081854964
0.5,0.1,460,252,1275,130,0.506354249404,0.101960784314,0.515873015873,1.01879863056
0.5,0.1,461,252,1275,120,0.506354249404,0.0941176470588,0.47619047619,0.940429505135
0.5,0.1,462,252,1275,128,0.506354249404,0.100392156863,0.507936507937,1.00312480548
0.5,0.1,463,252,1275,116,0.506354249404,0.0909803921569,0.460317460317,0.909081854964
0.5,0.1,464,252,1275,129,0.506354249404,0.101176470588,0.511904761905,1.01096171802
0.5,0.1,465,252,1275,126,0.506354249404,0.0988235294118,0.5,0.987450980392
0.5,0.1,466,252,1275,125,0.506354249404,0.0980392156863,0.496031746032,0.979614067849
0.5,0.1,467,252,1275,131,0.506354249404,0.102745098039,0.519841269841,1.02663554311
0.5,0.1,468,252,1275,126,0.506354249404,0.0988235294118,0.5,0.987450980392
0.5,0.1,469,252,1275,128,0.506354249404,0.100392156863,0.507936507937,1.00312480548
0.5,0.1,470,252,1275,132,0.506354249404,0.103529411765,0.52380952381,1.03447245565
0.5,0.1,471,252,1275,122,0.506354249404,0.0956862745098,0.484126984127,0.956103330221
0.5,0.1,472,252,1275,128,0.506354249404,0.100392156863,0.507936507937,1.00312480548
0.5,0.1,473,252,1275,142,0.506354249404,0.11137254902,0.563492063492,1.11284158108
0.5,0.1,474,252,1275,123,0.506354249404,0.0964705882353,0.488095238095,0.963940242764
0.5,0.1,475,252,1275,133,0.506354249404,0.10431372549,0.527777777778,1.04230936819
0.5,0.1,476,252,1275,135,0.506354249404,0.105882352941,0.535714285714,1.05798319328
0.5,0.1,477,252,1275,124,0.506354249404,0.0972549019608,0.492063492063,0.971777155307
0.5,0.1,478,252,1275,127,0.506354249404,0.0996078431373,0.503968253968,0.995287892935
0.5,0.1,479,252,1275,137,0.506354249404,0.107450980392,0.543650793651,1.07365701836
0.5,0.1,480,252,1275,126,0.506354249404,0.0988235294118,0.5,0.987450980392
0.5,0.1,481,252,1275,119,0.506354249404,0.0933333333333,0.472222222222,0.932592592593
0.5,0.1,482,252,1275,128,0.506354249404,0.100392156863,0.507936507937,1.00312480548
0.5,0.1,483,252,1275,127,0.506354249404,0.0996078431373,0.503968253968,0.995287892935
0.5,0.1,484,252,1275,126,0.506354249404,0.0988235294118,0.5,0.987450980392
0.5,0.1,485,252,1275,138,0.506354249404,0.108235294118,0.547619047619,1.08149393091
0.5,0.1,486,252,1275,114,0.506354249404,0.0894117647059,0.452380952381,0.893408029879
0.5,0.1,487,252,1275,113,0.506354249404,0.0886274509804,0.448412698413,0.885571117336
0.5,0.1,488,252,1275,137,0.506354249404,0.107450980392,0.543650793651,1.07365701836
0.5,0.1,489,252,1275,125,0.506354249404,0.0980392156863,0.496031746032,0.979614067849
0.5,0.1,490,252,1275,138,0.506354249404,0.108235294118,0.547619047619,1.08149393091
0.5,0.1,491,252,1275,127,0.506354249404,0.0996078431373,0.503968253968,0.995287892935
0.5,0.1,492,252,1275,125,0.506354249404,0.0980392156863,0.496031746032,0.979614067849
0.5,0.1,493,252,1275,133,0.506354249404,0.10431372549,0.527777777778,1.04230936819
0.5,0.1,494,252,1275,127,0.506354249404,0.0996078431373,0.503968253968,0.995287892935
0.5,0.1,495,252,1275,126,0.506354249404,0.0988235294118,0.5,0.987450980392
0.5,0.1,496,252,1275,119,0.506354249404,0.0933333333333,0.472222222222,0.932592592593
0.5,0.1,497,252,1275,142,0.506354249404,0.11137254902,0.563492063492,1.11284158108
0.5,0.1,498,252,1275,130,0.506354249404,0.101960784314,0.515873015873,1.01879863056
0.5,0.1,499,252,1275,126,0.506354249404,0.0988235294118,0.5,0.987450980392
0.5,0.1,500,252,1275,124,0.506354249404,0.0972549019608,0.492063492063,0.971777155307
0.5,0.1,501,252,1275,108,0.506354249404,0.0847058823529,0.428571428571,0.846386554622
0.5,0.1,502,252,1275,134,0.506354249404,0.105098039216,0.531746031746,1.05014628073
0.5,0.1,503,252,1275,138,0.506354249404,0.108235294118,0.547619047619,1.08149393091
0.5,0.1,504,252,1275,130,0.506354249404,0.101960784314,0.515873015873,1.01879863056
0.5,0.1,505,252,1275,134,0.506354249404,0.105098039216,0.531746031746,1.05014628073
0.5,0.1,506,252,1275,125,0.506354249404,0.0980392156863,0.496031746032,0.979614067849
0.5,0.1,507,252,1275,114,0.506354249404,0.0894117647059,0.452380952381,0.893408029879
0.5,0.1,508,252,1275,123,0.506354249404,0.0964705882353,0.488095238095,0.963940242764
0.5,0.1,509,252,1275,135,0.506354249404,0.105882352941,0.535714285714,1.05798319328
0.5,0.1,510,252,1275,130,0.506354249404,0.101960784314,0.515873015873,1.01879863056
0.5,0.1,511,252,1275,120,0.506354249404,0.0941176470588,0.47619047619,0.940429505135
0.5,0.1,512,252,1275,126,0.506354249404,0.0988235294118,0.5,0.987450980392
0.5,0.1,513,252,1275,130,0.506354249404,0.101960784314,0.515873015873,1.01879863056
0.5,0.1,514,252,1275,135,0.506354249404,0.105882352941,0.535714285714,1.05798319328
0.5,0.1,515,252,1275,131,0.506354249404,0.102745098039,0.519841269841,1.02663554311
0.5,0.1,516,252,1275,122,0.506354249404,0.0956862745098,0.484126984127,0.956103330221
0.5,0.1,517,252,1275,117,0.506354249404,0.0917647058824,0.464285714286,0.916918767507
0.5,0.1,518,252,1275,119,0.506354249404,0.0933333333333,0.472222222222,0.932592592593
0.5,0.1,519,252,1275,122,0.506354249404,0.0956862745098,0.484126984127,0.956103330221
0.5,0.1,520,252,1275,132,0.506354249404,0.103529411765,0.52380952381,1.03447245565
0.5,0.1,521,252,1275,137,0.506354249404,0.107450980392,0.543650793651,1.07365701836
0.5,0.1,522,252,1275,119,0.506354249404,0.0933333333333,0.472222222222,0.932592592593
0.5,0.1,523,252,1275,119,0.506354249404,0.0933333333333,0.472222222222,0.932592592593
0.5,0.1,524,252,1275,120,0.506354249404,0.0941176470588,0.47619047619,0.940429505135
0.5,0.1,525,252,1275,128,0.506354249404,0.100392156863,0.507936507937,1.00312480548
0.5,0.1,526,252,1275,132,0.506354249404,0.103529411765,0.52380952381,1.03447245565
0.5,0.1,527,252,1275,127,0.506354249404,0.0996078431373,0.503968253968,0.995287892935
0.5,0.1,528,252,1275,129,0.506354249404,0.101176470588,0.511904761905,1.01096171802
0.5,0.1,529,252,1275,120,0.506354249404,0.0941176470588,0.47619047619,0.940429505135
0.5,0.1,530,252,1275,130,0.506354249404,0.101960784314,0.515873015873,1.01879863056
0.5,0.1,531,252,1275,117,0.506354249404,0.0917647058824,0.464285714286,0.916918767507
0.5,0.1,532,252,1275,138,0.506354249404,0.108235294118,0.547619047619,1.08149393091
0.5,0.1,533,252,1275,128,0.506354249404,0.100392156863,0.507936507937,1.00312480548
0.5,0.1,534,252,1275,146,0.506354249404,0.114509803922,0.579365079365,1.14418923125
0.5,0.1,535,252,1275,130,0.506354249404,0.101960784314,0.515873015873,1.01879863056
0.5,0.1,536,252,1275,138,0.506354249404,0.108235294118,0.547619047619,1.08149393091
0.5,0.1,537,252,1275,131,0.506354249404,0.102745098039,0.519841269841,1.02663554311
0.5,0.1,538,252,1275,119,0.506354249404,0.0933333333333,0.472222222222,0.932592592593
0.5,0.1,539,252,1275,128,0.506354249404,0.100392156863,0.507936507937,1.00312480548
0.5,0.1,540,252,1275,131,0.506354249404,0.102745098039,0.519841269841,1.02663554311
0.5,0.1,541,252,1275,146,0.506354249404,0.114509803922,0.579365079365,1.14418923125
0.5,0.1,542,252,1275,133,0.506354249404,0.10431372549,0.527777777778,1.04230936819
0.5,0.1,543,252,1275,123,0.506354249404,0.0964705882353,0.488095238095,0.963940242764
0.5,0.1,544,252,1275,133,0.506354249404,0.10431372549,0.527777777778,1.04230936819
0.5,0.1,545,252,1275,125,0.506354249404,0.0980392156863,0.496031746032,0.979614067849
0.5,0.1,546,252,1275,125,0.506354249404,0.0980392156863,0.496031746032,0.979614067849
0.5,0.1,547,252,1275,128,0.506354249404,0.100392156863,0.507936507937,1.00312480548
0.5,0.1,548,252,1275,129,0.506354249404,0.101176470588,0.511904761905,1.01096171802
0.5,0.1,549,252,1275,133,0.506354249404,0.10431372549,0.527777777778,1.04230936819
0.5,0.1,550,252,1275,132,0.506354249404,0.103529411765,0.52380952381,1.03447245565
0.5,0.1,551,252,1275,147,0.506354249404,0.115294117647,0.583333333333,1.15202614379
0.5,0.1,552,252,1275,132,0.506354249404,0.103529411765,0.52380952381,1.03447245565
0.5,0.1,553,252,1275,138,0.506354249404,0.108235294118,0.547619047619,1.08149393091
0.5,0.1,554,252,1275,133,0.506354249404,0.10431372549,0.527777777778,1.04230936819
0.5,0.1,555,252,1275,123,0.506354249404,0.0964705882353,0.488095238095,0.963940242764
0.5,0.1,556,252,1275,127,0.506354249404,0.0996078431373,0.503968253968,0.995287892935
0.5,0.1,557,252,1275,117,0.506354249404,0.0917647058824,0.464285714286,0.916918767507
0.5,0.1,558,252,1275,130,0.506354249404,0.101960784314,0.515873015873,1.01879863056
0.5,0.1,559,252,1275,142,0.506354249404,0.11137254902,0.563492063492,1.11284158108
0.5,0.1,560,252,1275,130,0.506354249404,0.101960784314,0.515873015873,1.01879863056
0.5,0.1,561,252,1275,126,0.506354249404,0.0988235294118,0.5,0.987450980392
0.5,0.1,562,252,1275,134,0.506354249404,0.105098039216,0.531746031746,1.05014628073
0.5,0.1,563,252,1275,120,0.506354249404,0.0941176470588,0.47619047619,0.940429505135
0.5,0.1,564,252,1275,130,0.506354249404,0.101960784314,0.515873015873,1.01879863056
0.5,0.1,565,252,1275,135,0.506354249404,0.105882352941,0.535714285714,1.05798319328
0.5,0.1,566,252,1275,132,0.506354249404,0.103529411765,0.52380952381,1.03447245565
0.5,0.1,567,252,1275,134,0.506354249404,0.105098039216,0.531746031746,1.05014628073
0.5,0.1,568,252,1275,137,0.506354249404,0.107450980392,0.543650793651,1.07365701836
0.5,0.1,569,252,1275,137,0.506354249404,0.107450980392,0.543650793651,1.07365701836
0.5,0.1,570,252,1275,129,0.506354249404,0.101176470588,0.511904761905,1.01096171802
0.5,0.1,571,252,1275,135,0.506354249404,0.105882352941,0.535714285714,1.05798319328
0.5,0.1,572,252,1275,124,0.506354249404,0.0972549019608,0.492063492063,0.971777155307
0.5,0.1,573,252,1275,122,0.506354249404,0.0956862745098,0.484126984127,0.956103330221
0.5,0.1,574,252,1275,133,0.506354249404,0.10431372549,0.527777777778,1.04230936819
0.5,0.1,575,252,1275,132,0.506354249404,0.103529411765,0.52380952381,1.03447245565
0.5,0.1,576,252,1275,121,0.506354249404,0.0949019607843,0.480158730159,0.948266417678
0.5,0.1,577,252,1275,106,0.506354249404,0.083137254902,0.420634920635,0.830712729536
0.5,0.1,578,252,1275,123,0.506354249404,0.0964705882353,0.488095238095,0.963940242764
0.5,0.1,579,252,1275,138,0.506354249404,0.108235294118,0.547619047619,1.08149393091
0.5,0.1,580,252,1275,130,0.506354249404,0.101960784314,0.515873015873,1.01879863056
0.5,0.1,581,252,1275,125,0.506354249404,0.0980392156863,0.496031746032,0.979614067849
0.5,0.1,582,252,1275,132,0.506354249404,0.103529411765,0.52380952381,1.03447245565
0.5,0.1,583,252,1275,132,0.506354249404,0.103529411765,0.52380952381,1.03447245565
0.5,0.1,584,252,1275,130,0.506354249404,0.101960784314,0.515873015873,1.01879863056
0.5,0.1,585,252,1275,136,0.506354249404,0.106666666667,0.539682539683,1.06582010582
0.5,0.1,586,252,1275,133,0.506354249404,0.10431372549,0.527777777778,1.04230936819
0.5,0.1,587,252,1275,130,0.506354249404,0.101960784314,0.515873015873,1.01879863056
0.5,0.1,588,252,1275,130,0.506354249404,0.101960784314,0.515873015873,1.01879863056
0.5,0.1,589,252,1275,129,0.506354249404,0.101176470588,0.511904761905,1.01096171802
0.5,0.1,590,252,1275,129,0.506354249404,0.101176470588,0.511904761905,1.01096171802
0.5,0.1,591,252,1275,135,0.506354249404,0.105882352941,0.535714285714,1.05798319328
0.5,0.1,592,252,1275,140,0.506354249404,0.109803921569,0.555555555556,1.09716775599
0.5,0.1,593,252,1275,132,0.506354249404,0.103529411765,0.52380952381,1.03447245565
0.5,0.1,594,252,1275,146,0.506354249404,0.114509803922,0.579365079365,1.14418923125
0.5,0.1,595,252,1275,128,0.506354249404,0.100392156863,0.507936507937,1.00312480548
0.5,0.1,596,252,1275,124,0.506354249404,0.0972549019608,0.492063492063,0.971777155307
0.5,0.1,597,252,1275,134,0.506354249404,0.105098039216,0.531746031746,1.05014628073
0.5,0.1,598,252,1275,126,0.506354249404,0.0988235294118,0.5,0.987450980392
0.5,0.1,599,252,1275,127,0.506354249404,0.0996078431373,0.503968253968,0.995287892935
0.5,0.1,600,252,1275,133,0.506354249404,0.10431372549,0.527777777778,1.04230936819
0.5,0.1,601,252,1275,134,0.506354249404,0.105098039216,0.531746031746,1.05014628073
0.5,0.1,602,252,1275,135,0.506354249404,0.105882352941,0.535714285714,1.05798319328
0.5,0.1,603,252,1275,117,0.506354249404,0.0917647058824,0.464285714286,0.916918767507
0.5,0.1,604,252,1275,130,0.506354249404,0.101960784314,0.515873015873,1.01879863056
0.5,0.1,605,252,1275,149,0.506354249404,0.116862745098,0.59126984127,1.16769996888
0.5,0.1,606,252,1275,126,0.506354249404,0.0988235294118,0.5,0.987450980392
0.5,0.1,607,252,1275,132,0.506354249404,0.103529411765,0.52380952381,1.03447245565
0.5,0.1,608,252,1275,137,0.506354249404,0.107450980392,0.543650793651,1.07365701836
0.5,0.1,609,252,1275,119,0.506354249404,0.0933333333333,0.472222222222,0.932592592593
0.5,0.1,610,252,1275,126,0.506354249404,0.0988235294118,0.5,0.987450980392
0.5,0.1,611,252,1275,135,0.506354249404,0.105882352941,0.535714285714,1.05798319328
0.5,0.1,612,252,1275,127,0.506354249404,0.0996078431373,0.503968253968,0.995287892935
0.5,0.1,613,252,1275,133,0.506354249404,0.10431372549,0.527777777778,1.04230936819
0.5,0.1,614,252,1275,119,0.506354249404,0.0933333333333,0.472222222222,0.932592592593
0.5,0.1,615,252,1275,119,0.506354249404,0.0933333333333,0.472222222222,0.932592592593
0.5,0.1,616,252,1275,129,0.506354249404,0.101176470588,0.511904761905,1.01096171802
0.5,0.1,617,252,1275,116,0.506354249404,0.0909803921569,0.460317460317,0.909081854964
0.5,0.1,618,252,1275,130,0.506354249404,0.101960784314,0.515873015873,1.01879863056
0.5,0.1,619,252,1275,141,0.506354249404,0.110588235294,0.559523809524,1.10500466853
0.5,0.1,620,252,1275,114,0.506354249404,0.0894117647059,0.452380952381,0.893408029879
0.5,0.1,621,252,1275,137,0.506354249404,0.107450980392,0.543650793651,1.07365701836
0.5,0.1,622,252,1275,132,0.506354249404,0.103529411765,0.52380952381,1.03447245565
0.5,0.1,623,252,1275,143,0.506354249404,0.112156862745,0.56746031746,1.12067849362
0.5,0.1,624,252,1275,147,0.506354249404,0.115294117647,0.583333333333,1.15202614379
0.5,0.1,625,252,1275,124,0.506354249404,0.0972549019608,0.492063492063,0.971777155307
0.5,0.1,626,252,1275,134,0.506354249404,0.105098039216,0.531746031746,1.05014628073
0.5,0.1,627,252,1275,127,0.506354249404,0.0996078431373,0.503968253968,0.995287892935
0.5,0.1,628,252,1275,134,0.506354249404,0.105098039216,0.531746031746,1.05014628073
0.5,0.1,629,252,1275,129,0.506354249404,0.101176470588,0.511904761905,1.01096171802
0.5,0.1,630,252,1275,125,0.506354249404,0.0980392156863,0.496031746032,0.979614067849
0.5,0.1,631,252,1275,131,0.506354249404,0.102745098039,0.519841269841,1.02663554311
0.5,0.1,632,252,1275,130,0.506354249404,0.101960784314,0.515873015873,1.01879863056
0.5,0.1,633,252,1275,139,0.506354249404,0.109019607843,0.551587301587,1.08933084345
0.5,0.1,634,252,1275,114,0.506354249404,0.0894117647059,0.452380952381,0.893408029879
0.5,0.1,635,252,1275,134,0.506354249404,0.105098039216,0.531746031746,1.05014628073
0.5,0.1,636,252,1275,119,0.506354249404,0.0933333333333,0.472222222222,0.932592592593
0.5,0.1,637,252,1275,121,0.506354249404,0.0949019607843,0.480158730159,0.948266417678
0.5,0.1,638,252,1275,130,0.506354249404,0.101960784314,0.515873015873,1.01879863056
0.5,0.1,639,252,1275,124,0.506354249404,0.0972549019608,0.492063492063,0.971777155307
0.5,0.1,640,252,1275,124,0.506354249404,0.0972549019608,0.492063492063,0.971777155307
0.5,0.1,641,252,1275,125,0.506354249404,0.0980392156863,0.496031746032,0.979614067849
0.5,0.1,642,252,1275,116,0.506354249404,0.0909803921569,0.460317460317,0.909081854964
0.5,0.1,643,252,1275,127,0.506354249404,0.0996078431373,0.503968253968,0.995287892935
0.5,0.1,644,252,1275,124,0.506354249404,0.0972549019608,0.492063492063,0.971777155307
0.5,0.1,645,252,1275,136,0.506354249404,0.106666666667,0.539682539683,1.06582010582
0.5,0.1,646,252,1275,124,0.506354249404,0.0972549019608,0.492063492063,0.971777155307
0.5,0.1,647,252,1275,130,0.506354249404,0.101960784314,0.515873015873,1.01879863056
0.5,0.1,648,252,1275,119,0.506354249404,0.0933333333333,0.472222222222,0.932592592593
0.5,0.1,649,252,1275,122,0.506354249404,0.0956862745098,0.484126984127,0.956103330221
0.5,0.1,650,252,1275,137,0.506354249404,0.107450980392,0.543650793651,1.07365701836
0.5,0.1,651,252,1275,124,0.506354249404,0.0972549019608,0.492063492063,0.971777155307
0.5,0.1,652,252,1275,130,0.506354249404,0.101960784314,0.515873015873,1.01879863056
0.5,0.1,653,252,1275,142,0.506354249404,0.11137254902,0.563492063492,1.11284158108
0.5,0.1,654,252,1275,127,0.506354249404,0.0996078431373,0.503968253968,0.995287892935
0.5,0.1,655,252,1275,134,0.506354249404,0.105098039216,0.531746031746,1.05014628073
0.5,0.1,656,252,1275,125,0.506354249404,0.0980392156863,0.496031746032,0.979614067849
0.5,0.1,657,252,1275,122,0.506354249404,0.0956862745098,0.484126984127,0.956103330221
0.5,0.1,658,252,1275,116,0.506354249404,0.0909803921569,0.460317460317,0.909081854964
0.5,0.1,659,252,1275,123,0.506354249404,0.0964705882353,0.488095238095,0.963940242764
0.5,0.1,660,252,1275,136,0.506354249404,0.106666666667,0.539682539683,1.06582010582
0.5,0.1,661,252,1275,124,0.506354249404,0.0972549019608,0.492063492063,0.971777155307
0.5,0.1,662,252,1275,135,0.506354249404,0.105882352941,0.535714285714,1.05798319328
0.5,0.1,663,252,1275,132,0.506354249404,0.103529411765,0.52380952381,1.03447245565
0.5,0.1,664,252,1275,120,0.506354249404,0.0941176470588,0.47619047619,0.940429505135
0.5,0.1,665,252,1275,133,0.506354249404,0.10431372549,0.527777777778,1.04230936819
0.5,0.1,666,252,1275,118,0.506354249404,0.0925490196078,0.468253968254,0.92475568005
0.5,0.1,667,252,1275,136,0.506354249404,0.106666666667,0.539682539683,1.06582010582
0.5,0.1,668,252,1275,122,0.506354249404,0.0956862745098,0.484126984127,0.956103330221
0.5,0.1,669,252,1275,131,0.506354249404,0.102745098039,0.519841269841,1.02663554311
0.5,0.1,670,252,1275,132,0.506354249404,0.103529411765,0.52380952381,1.03447245565
0.5,0.1,671,252,1275,126,0.506354249404,0.0988235294118,0.5,0.987450980392
0.5,0.1,672,252,1275,129,0.506354249404,0.101176470588,0.511904761905,1.01096171802
0.5,0.1,673,252,1275,139,0.506354249404,0.109019607843,0.551587301587,1.08933084345
0.5,0.1,674,252,1275,136,0.506354249404,0.106666666667,0.539682539683,1.06582010582
0.5,0.1,675,252,1275,134,0.506354249404,0.105098039216,0.531746031746,1.05014628073
0.5,0.1,676,252,1275,119,0.506354249404,0.0933333333333,0.472222222222,0.932592592593
0.5,0.1,677,252,1275,120,0.506354249404,0.0941176470588,0.47619047619,0.940429505135
0.5,0.1,678,252,1275,133,0.506354249404,0.10431372549,0.527777777778,1.04230936819
0.5,0.1,679,252,1275,129,0.506354249404,0.101176470588,0.511904761905,1.01096171802
0.5,0.1,680,252,1275,130,0.506354249404,0.101960784314,0.515873015873,1.01879863056
0.5,0.1,681,252,1275,129,0.506354249404,0.101176470588,0.511904761905,1.01096171802
0.5,0.1,682,252,1275,125,0.506354249404,0.0980392156863,0.496031746032,0.979614067849
0.5,0.1,683,252,1275,139,0.506354249404,0.109019607843,0.551587301587,1.08933084345
0.5,0.1,684,252,1275,117,0.506354249404,0.0917647058824,0.464285714286,0.916918767507
0.5,0.1,685,252,1275,124,0.506354249404,0.0972549019608,0.492063492063,0.971777155307
0.5,0.1,686,252,1275,129,0.506354249404,0.101176470588,0.511904761905,1.01096171802
0.5,0.1,687,252,1275,122,0.506354249404,0.0956862745098,0.484126984127,0.956103330221
0.5,0.1,688,252,1275,121,0.506354249404,0.0949019607843,0.480158730159,0.948266417678
0.5,0.1,689,252,1275,134,0.506354249404,0.105098039216,0.531746031746,1.05014628073
0.5,0.1,690,252,1275,135,0.506354249404,0.105882352941,0.535714285714,1.05798319328
0.5,0.1,691,252,1275,127,0.506354249404,0.0996078431373,0.503968253968,0.995287892935
0.5,0.1,692,252,1275,120,0.506354249404,0.0941176470588,0.47619047619,0.940429505135
0.5,0.1,693,252,1275,132,0.506354249404,0.103529411765,0.52380952381,1.03447245565
0.5,0.1,694,252,1275,120,0.506354249404,0.0941176470588,0.47619047619,0.940429505135
0.5,0.1,695,252,1275,129,0.506354249404,0.101176470588,0.511904761905,1.01096171802
0.5,0.1,696,252,1275,115,0.506354249404,0.0901960784314,0.456349206349,0.901244942421
0.5,0.1,697,252,1275,128,0.506354249404,0.100392156863,0.507936507937,1.00312480548
0.5,0.1,698,252,1275,131,0.506354249404,0.102745098039,0.519841269841,1.02663554311
0.5,0.1,699,252,1275,123,0.506354249404,0.0964705882353,0.488095238095,0.963940242764
0.5,0.1,700,252,1275,133,0.506354249404,0.10431372549,0.527777777778,1.04230936819
0.5,0.1,701,252,1275,121,0.506354249404,0.0949019607843,0.480158730159,0.948266417678
0.5,0.1,702,252,1275,130,0.506354249404,0.101960784314,0.515873015873,1.01879863056
0.5,0.1,703,252,1275,128,0.506354249404,0.100392156863,0.507936507937,1.00312480548
0.5,0.1,704,252,1275,119,0.506354249404,0.0933333333333,0.472222222222,0.932592592593
0.5,0.1,705,252,1275,119,0.506354249404,0.0933333333333,0.472222222222,0.932592592593
0.5,0.1,706,252,1275,129,0.506354249404,0.101176470588,0.511904761905,1.01096171802
0.5,0.1,707,252,1275,132,0.506354249404,0.103529411765,0.52380952381,1.03447245565
0.5,0.1,708,252,1275,109,0.506354249404,0.0854901960784,0.43253968254,0.854223467165
0.5,0.1,709,252,1275,121,0.506354249404,0.0949019607843,0.480158730159,0.948266417678
0.5,0.1,710,252,1275,122,0.506354249404,0.0956862745098,0.484126984127,0.956103330221
0.5,0.1,711,252,1275,124,0.506354249404,0.0972549019608,0.492063492063,0.971777155307
0.5,0.1,712,252,1275,142,0.506354249404,0.11137254902,0.563492063492,1.11284158108
0.5,0.1,713,252,1275,112,0.506354249404,0.0878431372549,0.444444444444,0.877734204793
0.5,0.1,714,252,1275,132,0.506354249404,0.103529411765,0.52380952381,1.03447245565
0.5,0.1,715,252,1275,128,0.506354249404,0.100392156863,0.507936507937,1.00312480548
0.5,0.1,716,252,1275,138,0.506354249404,0.108235294118,0.547619047619,1.08149393091
0.5,0.1,717,252,1275,135,0.506354249404,0.105882352941,0.535714285714,1.05798319328
0.5,0.1,718,252,1275,135,0.506354249404,0.105882352941,0.535714285714,1.05798319328
0.5,0.1,719,252,1275,129,0.506354249404,0.101176470588,0.511904761905,1.01096171802
0.5,0.1,720,252,1275,123,0.506354249404,0.0964705882353,0.488095238095,0.963940242764
0.5,0.1,721,252,1275,124,0.506354249404,0.0972549019608,0.492063492063,0.971777155307
0.5,0.1,722,252,1275,140,0.506354249404,0.109803921569,0.555555555556,1.09716775599
0.5,0.1,723,252,1275,141,0.506354249404,0.110588235294,0.559523809524,1.10500466853
0.5,0.1,724,252,1275,115,0.506354249404,0.0901960784314,0.456349206349,0.901244942421
0.5,0.1,725,252,1275,134,0.506354249404,0.105098039216,0.531746031746,1.05014628073
0.5,0.1,726,252,1275,125,0.506354249404,0.0980392156863,0.496031746032,0.979614067849
0.5,0.1,727,252,1275,126,0.506354249404,0.0988235294118,0.5,0.987450980392
0.5,0.1,728,252,1275,137,0.506354249404,0.107450980392,0.543650793651,1.07365701836
0.5,0.1,729,252,1275,136,0.506354249404,0.106666666667,0.539682539683,1.06582010582
0.5,0.1,730,252,1275,121,0.506354249404,0.0949019607843,0.480158730159,0.948266417678
0.5,0.1,731,252,1275,126,0.506354249404,0.0988235294118,0.5,0.987450980392
0.5,0.1,732,252,1275,137,0.506354249404,0.107450980392,0.543650793651,1.07365701836
0.5,0.1,733,252,1275,134,0.506354249404,0.105098039216,0.531746031746,1.05014628073
0.5,0.1,734,252,1275,117,0.506354249404,0.0917647058824,0.464285714286,0.916918767507
0.5,0.1,735,252,1275,129,0.506354249404,0.101176470588,0.511904761905,1.01096171802
0.5,0.1,736,252,1275,130,0.506354249404,0.101960784314,0.515873015873,1.01879863056
0.5,0.1,737,252,1275,128,0.506354249404,0.100392156863,0.507936507937,1.00312480548
0.5,0.1,738,252,1275,135,0.506354249404,0.105882352941,0.535714285714,1.05798319328
0.5,0.1,739,252,1275,123,0.506354249404,0.0964705882353,0.488095238095,0.963940242764
0.5,0.1,740,252,1275,126,0.506354249404,0.0988235294118,0.5,0.987450980392
0.5,0.1,741,252,1275,116,0.506354249404,0.0909803921569,0.460317460317,0.909081854964
0.5,0.1,742,252,1275,131,0.506354249404,0.102745098039,0.519841269841,1.02663554311
0.5,0.1,743,252,1275,121,0.506354249404,0.0949019607843,0.480158730159,0.948266417678
0.5,0.1,744,252,1275,138,0.506354249404,0.108235294118,0.547619047619,1.08149393091
0.5,0.1,745,252,1275,131,0.506354249404,0.102745098039,0.519841269841,1.02663554311
0.5,0.1,746,252,1275,135,0.506354249404,0.105882352941,0.535714285714,1.05798319328
0.5,0.1,747,252,1275,113,0.506354249404,0.0886274509804,0.448412698413,0.885571117336
0.5,0.1,748,252,1275,117,0.506354249404,0.0917647058824,0.464285714286,0.916918767507
0.5,0.1,749,252,1275,138,0.506354249404,0.108235294118,0.547619047619,1.08149393091
0.5,0.1,750,252,1275,134,0.506354249404,0.105098039216,0.531746031746,1.05014628073
0.5,0.1,751,252,1275,127,0.506354249404,0.0996078431373,0.503968253968,0.995287892935
0.5,0.1,752,252,1275,117,0.506354249404,0.0917647058824,0.464285714286,0.916918767507
0.5,0.1,753,252,1275,119,0.506354249404,0.0933333333333,0.472222222222,0.932592592593
0.5,0.1,754,252,1275,122,0.506354249404,0.0956862745098,0.484126984127,0.956103330221
0.5,0.1,755,252,1275,138,0.506354249404,0.108235294118,0.547619047619,1.08149393091
0.5,0.1,756,252,1275,129,0.506354249404,0.101176470588,0.511904761905,1.01096171802
0.5,0.1,757,252,1275,136,0.506354249404,0.106666666667,0.539682539683,1.06582010582
0.5,0.1,758,252,1275,131,0.506354249404,0.102745098039,0.519841269841,1.02663554311
0.5,0.1,759,252,1275,126,0.506354249404,0.0988235294118,0.5,0.987450980392
0.5,0.1,760,252,1275,132,0.506354249404,0.103529411765,0.52380952381,1.03447245565
0.5,0.1,761,252,1275,122,0.506354249404,0.0956862745098,0.484126984127,0.956103330221
0.5,0.1,762,252,1275,141,0.506354249404,0.110588235294,0.559523809524,1.10500466853
0.5,0.1,763,252,1275,132,0.506354249404,0.103529411765,0.52380952381,1.03447245565
0.5,0.1,764,252,1275,122,0.506354249404,0.0956862745098,0.484126984127,0.956103330221
0.5,0.1,765,252,1275,125,0.506354249404,0.0980392156863,0.496031746032,0.979614067849
0.5,0.1,766,252,1275,122,0.506354249404,0.0956862745098,0.484126984127,0.956103330221
0.5,0.1,767,252,1275,138,0.506354249404,0.108235294118,0.547619047619,1.08149393091
0.5,0.1,768,252,1275,137,0.506354249404,0.107450980392,0.543650793651,1.07365701836
0.5,0.1,769,252,1275,135,0.506354249404,0.105882352941,0.535714285714,1.05798319328
0.5,0.1,770,252,1275,124,0.506354249404,0.0972549019608,0.492063492063,0.971777155307
0.5,0.1,771,252,1275,122,0.506354249404,0.0956862745098,0.484126984127,0.956103330221
0.5,0.1,772,252,1275,152,0.506354249404,0.119215686275,0.603174603175,1.1912107065
0.5,0.1,773,252,1275,150,0.506354249404,0.117647058824,0.595238095238,1.17553688142
0.5,0.1,774,252,1275,124,0.506354249404,0.0972549019608,0.492063492063,0.971777155307
0.5,0.1,775,252,1275,135,0.506354249404,0.105882352941,0.535714285714,1.05798319328
0.5,0.1,776,252,1275,148,0.506354249404,0.116078431373,0.587301587302,1.15986305633
0.5,0.1,777,252,1275,113,0.506354249404,0.0886274509804,0.448412698413,0.885571117336
0.5,0.1,778,252,1275,130,0.506354249404,0.101960784314,0.515873015873,1.01879863056
0.5,0.1,779,252,1275,133,0.506354249404,0.10431372549,0.527777777778,1.04230936819
0.5,0.1,780,252,1275,129,0.506354249404,0.101176470588,0.511904761905,1.01096171802
0.5,0.1,781,252,1275,117,0.506354249404,0.0917647058824,0.464285714286,0.916918767507
0.5,0.1,782,252,1275,122,0.506354249404,0.0956862745098,0.484126984127,0.956103330221
0.5,0.1,783,252,1275,115,0.506354249404,0.0901960784314,0.456349206349,0.901244942421
0.5,0.1,784,252,1275,132,0.506354249404,0.103529411765,0.52380952381,1.03447245565
0.5,0.1,785,252,1275,142,0.506354249404,0.11137254902,0.563492063492,1.11284158108
0.5,0.1,786,252,1275,132,0.506354249404,0.103529411765,0.52380952381,1.03447245565
0.5,0.1,787,252,1275,114,0.506354249404,0.0894117647059,0.452380952381,0.893408029879
0.5,0.1,788,252,1275,110,0.506354249404,0.0862745098039,0.436507936508,0.862060379707
0.5,0.1,789,252,1275,123,0.506354249404,0.0964705882353,0.488095238095,0.963940242764
0.5,0.1,790,252,1275,129,0.506354249404,0.101176470588,0.511904761905,1.01096171802
0.5,0.1,791,252,1275,129,0.506354249404,0.101176470588,0.511904761905,1.01096171802
0.5,0.1,792,252,1275,119,0.506354249404,0.0933333333333,0.472222222222,0.932592592593
0.5,0.1,793,252,1275,137,0.506354249404,0.107450980392,0.543650793651,1.07365701836
0.5,0.1,794,252,1275,121,0.506354249404,0.0949019607843,0.480158730159,0.948266417678
0.5,0.1,795,252,1275,118,0.506354249404,0.0925490196078,0.468253968254,0.92475568005
0.5,0.1,796,252,1275,122,0.506354249404,0.0956862745098,0.484126984127,0.956103330221
0.5,0.1,797,252,1275,124,0.506354249404,0.0972549019608,0.492063492063,0.971777155307
0.5,0.1,798,252,1275,124,0.506354249404,0.0972549019608,0.492063492063,0.971777155307
0.5,0.1,799,252,1275,127,0.506354249404,0.0996078431373,0.503968253968,0.995287892935
0.5,0.1,800,252,1275,116,0.506354249404,0.0909803921569,0.460317460317,0.909081854964
0.5,0.1,801,252,1275,134,0.506354249404,0.105098039216,0.531746031746,1.05014628073
0.5,0.1,802,252,1275,125,0.506354249404,0.0980392156863,0.496031746032,0.979614067849
0.5,0.1,803,252,1275,132,0.506354249404,0.103529411765,0.52380952381,1.03447245565
0.5,0.1,804,252,1275,127,0.506354249404,0.0996078431373,0.503968253968,0.995287892935
0.5,0.1,805,252,1275,122,0.506354249404,0.0956862745098,0.484126984127,0.956103330221
0.5,0.1,806,252,1275,128,0.506354249404,0.100392156863,0.507936507937,1.00312480548
0.5,0.1,807,252,1275,122,0.506354249404,0.0956862745098,0.484126984127,0.956103330221
0.5,0.1,808,252,1275,116,0.506354249404,0.0909803921569,0.460317460317,0.909081854964
0.5,0.1,809,252,1275,132,0.506354249404,0.103529411765,0.52380952381,1.03447245565
0.5,0.1,810,252,1275,112,0.506354249404,0.0878431372549,0.444444444444,0.877734204793
0.5,0.1,811,252,1275,126,0.506354249404,0.0988235294118,0.5,0.987450980392
0.5,0.1,812,252,1275,145,0.506354249404,0.113725490196,0.575396825397,1.13635231871
0.5,0.1,813,252,1275,127,0.506354249404,0.0996078431373,0.503968253968,0.995287892935
0.5,0.1,814,252,1275,124,0.506354249404,0.0972549019608,0.492063492063,0.971777155307
0.5,0.1,815,252,1275,139,0.506354249404,0.109019607843,0.551587301587,1.08933084345
0.5,0.1,816,252,1275,124,0.506354249404,0.0972549019608,0.492063492063,0.971777155307
0.5,0.1,817,252,1275,121,0.506354249404,0.0949019607843,0.480158730159,0.948266417678
0.5,0.1,818,252,1275,114,0.506354249404,0.0894117647059,0.452380952381,0.893408029879
0.5,0.1,819,252,1275,123,0.506354249404,0.0964705882353,0.488095238095,0.963940242764
0.5,0.1,820,252,1275,128,0.506354249404,0.100392156863,0.507936507937,1.00312480548
0.5,0.1,821,252,1275,138,0.506354249404,0.108235294118,0.547619047619,1.08149393091
0.5,0.1,822,252,1275,132,0.506354249404,0.103529411765,0.52380952381,1.03447245565
0.5,0.1,823,252,1275,115,0.506354249404,0.0901960784314,0.456349206349,0.901244942421
0.5,0.1,824,252,1275,124,0.506354249404,0.0972549019608,0.492063492063,0.971777155307
0.5,0.1,825,252,1275,138,0.506354249404,0.108235294118,0.547619047619,1.08149393091
0.5,0.1,826,252,1275,133,0.506354249404,0.10431372549,0.527777777778,1.04230936819
0.5,0.1,827,252,1275,127,0.506354249404,0.0996078431373,0.503968253968,0.995287892935
0.5,0.1,828,252,1275,128,0.506354249404,0.100392156863,0.507936507937,1.00312480548
0.5,0.1,829,252,1275,119,0.506354249404,0.0933333333333,0.472222222222,0.932592592593
0.5,0.1,830,252,1275,125,0.506354249404,0.0980392156863,0.496031746032,0.979614067849
0.5,0.1,831,252,1275,134,0.506354249404,0.105098039216,0.531746031746,1.05014628073
0.5,0.1,832,252,1275,125,0.506354249404,0.0980392156863,0.496031746032,0.979614067849
0.5,0.1,833,252,1275,116,0.506354249404,0.0909803921569,0.460317460317,0.909081854964
0.5,0.1,834,252,1275,125,0.506354249404,0.0980392156863,0.496031746032,0.979614067849
0.5,0.1,835,252,1275,127,0.506354249404,0.0996078431373,0.503968253968,0.995287892935
0.5,0.1,836,252,1275,133,0.506354249404,0.10431372549,0.527777777778,1.04230936819
0.5,0.1,837,252,1275,134,0.506354249404,0.105098039216,0.531746031746,1.05014628073
0.5,0.1,838,252,1275,122,0.506354249404,0.0956862745098,0.484126984127,0.956103330221
0.5,0.1,839,252,1275,123,0.506354249404,0.0964705882353,0.488095238095,0.963940242764
0.5,0.1,840,252,1275,121,0.506354249404,0.0949019607843,0.480158730159,0.948266417678
0.5,0.1,841,252,1275,132,0.506354249404,0.103529411765,0.52380952381,1.03447245565
0.5,0.1,842,252,1275,127,0.506354249404,0.0996078431373,0.503968253968,0.995287892935
0.5,0.1,843,252,1275,127,0.506354249404,0.0996078431373,0.503968253968,0.995287892935
0.5,0.1,844,252,1275,129,0.506354249404,0.101176470588,0.511904761905,1.01096171802
0.5,0.1,845,252,1275,124,0.506354249404,0.0972549019608,0.492063492063,0.971777155307
0.5,0.1,846,252,1275,121,0.506354249404,0.0949019607843,0.480158730159,0.948266417678
0.5,0.1,847,252,1275,132,0.506354249404,0.103529411765,0.52380952381,1.03447245565
0.5,0.1,848,252,1275,129,0.506354249404,0.101176470588,0.511904761905,1.01096171802
0.5,0.1,849,252,1275,123,0.506354249404,0.0964705882353,0.488095238095,0.963940242764
0.5,0.1,850,252,1275,130,0.506354249404,0.101960784314,0.515873015873,1.01879863056
0.5,0.1,851,252,1275,141,0.506354249404,0.110588235294,0.559523809524,1.10500466853
0.5,0.1,852,252,1275,124,0.506354249404,0.0972549019608,0.492063492063,0.971777155307
0.5,0.1,853,252,1275,140,0.506354249404,0.109803921569,0.555555555556,1.09716775599
0.5,0.1,854,252,1275,123,0.506354249404,0.0964705882353,0.488095238095,0.963940242764
0.5,0.1,855,252,1275,130,0.506354249404,0.101960784314,0.515873015873,1.01879863056
0.5,0.1,856,252,1275,118,0.506354249404,0.0925490196078,0.468253968254,0.92475568005
0.5,0.1,857,252,1275,126,0.506354249404,0.0988235294118,0.5,0.987450980392
0.5,0.1,858,252,1275,143,0.506354249404,0.112156862745,0.56746031746,1.12067849362
0.5,0.1,859,252,1275,121,0.506354249404,0.0949019607843,0.480158730159,0.948266417678
0.5,0.1,860,252,1275,117,0.506354249404,0.0917647058824,0.464285714286,0.916918767507
0.5,0.1,861,252,1275,135,0.506354249404,0.105882352941,0.535714285714,1.05798319328
0.5,0.1,862,252,1275,135,0.506354249404,0.105882352941,0.535714285714,1.05798319328
0.5,0.1,863,252,1275,128,0.506354249404,0.100392156863,0.507936507937,1.00312480548
0.5,0.1,864,252,1275,129,0.506354249404,0.101176470588,0.511904761905,1.01096171802
0.5,0.1,865,252,1275,131,0.506354249404,0.102745098039,0.519841269841,1.02663554311
0.5,0.1,866,252,1275,124,0.506354249404,0.0972549019608,0.492063492063,0.971777155307
0.5,0.1,867,252,1275,113,0.506354249404,0.0886274509804,0.448412698413,0.885571117336
0.5,0.1,868,252,1275,139,0.506354249404,0.109019607843,0.551587301587,1.08933084345
0.5,0.1,869,252,1275,127,0.506354249404,0.0996078431373,0.503968253968,0.995287892935
0.5,0.1,870,252,1275,125,0.506354249404,0.0980392156863,0.496031746032,0.979614067849
0.5,0.1,871,252,1275,129,0.506354249404,0.101176470588,0.511904761905,1.01096171802
0.5,0.1,872,252,1275,136,0.506354249404,0.106666666667,0.539682539683,1.06582010582
0.5,0.1,873,252,1275,134,0.506354249404,0.105098039216,0.531746031746,1.05014628073
0.5,0.1,874,252,1275,124,0.506354249404,0.0972549019608,0.492063492063,0.971777155307
0.5,0.1,875,252,1275,124,0.506354249404,0.0972549019608,0.492063492063,0.971777155307
0.5,0.1,876,252,1275,127,0.506354249404,0.0996078431373,0.503968253968,0.995287892935
0.5,0.1,877,252,1275,126,0.506354249404,0.0988235294118,0.5,0.987450980392
0.5,0.1,878,252,1275,133,0.506354249404,0.10431372549,0.527777777778,1.04230936819
0.5,0.1,879,252,1275,125,0.506354249404,0.0980392156863,0.496031746032,0.979614067849
0.5,0.1,880,252,1275,133,0.506354249404,0.10431372549,0.527777777778,1.04230936819
0.5,0.1,881,252,1275,118,0.506354249404,0.0925490196078,0.468253968254,0.92475568005
0.5,0.1,882,252,1275,118,0.506354249404,0.0925490196078,0.468253968254,0.92475568005
0.5,0.1,883,252,1275,134,0.506354249404,0.105098039216,0.531746031746,1.05014628073
0.5,0.1,884,252,1275,110,0.506354249404,0.0862745098039,0.436507936508,0.862060379707
0.5,0.1,885,252,1275,127,0.506354249404,0.0996078431373,0.503968253968,0.995287892935
0.5,0.1,886,252,1275,132,0.506354249404,0.103529411765,0.52380952381,1.03447245565
0.5,0.1,887,252,1275,123,0.506354249404,0.0964705882353,0.488095238095,0.963940242764
0.5,0.1,888,252,1275,123,0.506354249404,0.0964705882353,0.488095238095,0.963940242764
0.5,0.1,889,252,1275,121,0.506354249404,0.0949019607843,0.480158730159,0.948266417678
0.5,0.1,890,252,1275,122,0.506354249404,0.0956862745098,0.484126984127,0.956103330221
0.5,0.1,891,252,1275,124,0.506354249404,0.0972549019608,0.492063492063,0.971777155307
0.5,0.1,892,252,1275,117,0.506354249404,0.0917647058824,0.464285714286,0.916918767507
0.5,0.1,893,252,1275,130,0.506354249404,0.101960784314,0.515873015873,1.01879863056
0.5,0.1,894,252,1275,121,0.506354249404,0.0949019607843,0.480158730159,0.948266417678
0.5,0.1,895,252,1275,136,0.506354249404,0.106666666667,0.539682539683,1.06582010582
0.5,0.1,896,252,1275,129,0.506354249404,0.101176470588,0.511904761905,1.01096171802
0.5,0.1,897,252,1275,120,0.506354249404,0.0941176470588,0.47619047619,0.940429505135
0.5,0.1,898,252,1275,141,0.506354249404,0.110588235294,0.559523809524,1.10500466853
0.5,0.1,899,252,1275,128,0.506354249404,0.100392156863,0.507936507937,1.00312480548
0.5,0.1,900,252,1275,126,0.506354249404,0.0988235294118,0.5,0.987450980392
0.5,0.1,901,252,1275,117,0.506354249404,0.0917647058824,0.464285714286,0.916918767507
0.5,0.1,902,252,1275,133,0.506354249404,0.10431372549,0.527777777778,1.04230936819
0.5,0.1,903,252,1275,118,0.506354249404,0.0925490196078,0.468253968254,0.92475568005
0.5,0.1,904,252,1275,130,0.506354249404,0.101960784314,0.515873015873,1.01879863056
0.5,0.1,905,252,1275,119,0.506354249404,0.0933333333333,0.472222222222,0.932592592593
0.5,0.1,906,252,1275,140,0.506354249404,0.109803921569,0.555555555556,1.09716775599
0.5,0.1,907,252,1275,136,0.506354249404,0.106666666667,0.539682539683,1.06582010582
0.5,0.1,908,252,1275,119,0.506354249404,0.0933333333333,0.472222222222,0.932592592593
0.5,0.1,909,252,1275,129,0.506354249404,0.101176470588,0.511904761905,1.01096171802
0.5,0.1,910,252,1275,121,0.506354249404,0.0949019607843,0.480158730159,0.948266417678
0.5,0.1,911,252,1275,135,0.506354249404,0.105882352941,0.535714285714,1.05798319328
0.5,0.1,912,252,1275,121,0.506354249404,0.0949019607843,0.480158730159,0.948266417678
0.5,0.1,913,252,1275,121,0.506354249404,0.0949019607843,0.480158730159,0.948266417678
0.5,0.1,914,252,1275,125,0.506354249404,0.0980392156863,0.496031746032,0.979614067849
0.5,0.1,915,252,1275,126,0.506354249404,0.0988235294118,0.5,0.987450980392
0.5,0.1,916,252,1275,120,0.506354249404,0.0941176470588,0.47619047619,0.940429505135
0.5,0.1,917,252,1275,125,0.506354249404,0.0980392156863,0.496031746032,0.979614067849
0.5,0.1,918,252,1275,132,0.506354249404,0.103529411765,0.52380952381,1.03447245565
0.5,0.1,919,252,1275,122,0.506354249404,0.0956862745098,0.484126984127,0.956103330221
0.5,0.1,920,252,1275,120,0.506354249404,0.0941176470588,0.47619047619,0.940429505135
0.5,0.1,921,252,1275,119,0.506354249404,0.0933333333333,0.472222222222,0.932592592593
0.5,0.1,922,252,1275,134,0.506354249404,0.105098039216,0.531746031746,1.05014628073
0.5,0.1,923,252,1275,123,0.506354249404,0.0964705882353,0.488095238095,0.963940242764
0.5,0.1,924,252,1275,124,0.506354249404,0.0972549019608,0.492063492063,0.971777155307
0.5,0.1,925,252,1275,128,0.506354249404,0.100392156863,0.507936507937,1.00312480548
0.5,0.1,926,252,1275,133,0.506354249404,0.10431372549,0.527777777778,1.04230936819
0.5,0.1,927,252,1275,137,0.506354249404,0.107450980392,0.543650793651,1.07365701836
0.5,0.1,928,252,1275,124,0.506354249404,0.0972549019608,0.492063492063,0.971777155307
0.5,0.1,929,252,1275,130,0.506354249404,0.101960784314,0.515873015873,1.01879863056
0.5,0.1,930,252,1275,122,0.506354249404,0.0956862745098,0.484126984127,0.956103330221
0.5,0.1,931,252,1275,131,0.506354249404,0.102745098039,0.519841269841,1.02663554311
0.5,0.1,932,252,1275,133,0.506354249404,0.10431372549,0.527777777778,1.04230936819
0.5,0.1,933,252,1275,136,0.506354249404,0.106666666667,0.539682539683,1.06582010582
0.5,0.1,934,252,1275,140,0.506354249404,0.109803921569,0.555555555556,1.09716775599
0.5,0.1,935,252,1275,129,0.506354249404,0.101176470588,0.511904761905,1.01096171802
0.5,0.1,936,252,1275,118,0.506354249404,0.0925490196078,0.468253968254,0.92475568005
0.5,0.1,937,252,1275,129,0.506354249404,0.101176470588,0.511904761905,1.01096171802
0.5,0.1,938,252,1275,134,0.506354249404,0.105098039216,0.531746031746,1.05014628073
0.5,0.1,939,252,1275,137,0.506354249404,0.107450980392,0.543650793651,1.07365701836
0.5,0.1,940,252,1275,121,0.506354249404,0.0949019607843,0.480158730159,0.948266417678
0.5,0.1,941,252,1275,128,0.506354249404,0.100392156863,0.507936507937,1.00312480548
0.5,0.1,942,252,1275,122,0.506354249404,0.0956862745098,0.484126984127,0.956103330221
0.5,0.1,943,252,1275,123,0.506354249404,0.0964705882353,0.488095238095,0.963940242764
0.5,0.1,944,252,1275,118,0.506354249404,0.0925490196078,0.468253968254,0.92475568005
0.5,0.1,945,252,1275,128,0.506354249404,0.100392156863,0.507936507937,1.00312480548
0.5,0.1,946,252,1275,119,0.506354249404,0.0933333333333,0.472222222222,0.932592592593
0.5,0.1,947,252,1275,130,0.506354249404,0.101960784314,0.515873015873,1.01879863056
0.5,0.1,948,252,1275,135,0.506354249404,0.105882352941,0.535714285714,1.05798319328
0.5,0.1,949,252,1275,124,0.506354249404,0.0972549019608,0.492063492063,0.971777155307
0.5,0.1,950,252,1275,126,0.506354249404,0.0988235294118,0.5,0.987450980392
0.5,0.1,951,252,1275,128,0.506354249404,0.100392156863,0.507936507937,1.00312480548
0.5,0.1,952,252,1275,138,0.506354249404,0.108235294118,0.547619047619,1.08149393091
0.5,0.1,953,252,1275,131,0.506354249404,0.102745098039,0.519841269841,1.02663554311
0.5,0.1,954,252,1275,135,0.506354249404,0.105882352941,0.535714285714,1.05798319328
0.5,0.1,955,252,1275,133,0.506354249404,0.10431372549,0.527777777778,1.04230936819
0.5,0.1,956,252,1275,141,0.506354249404,0.110588235294,0.559523809524,1.10500466853
0.5,0.1,957,252,1275,125,0.506354249404,0.0980392156863,0.496031746032,0.979614067849
0.5,0.1,958,252,1275,139,0.506354249404,0.109019607843,0.551587301587,1.08933084345
0.5,0.1,959,252,1275,114,0.506354249404,0.0894117647059,0.452380952381,0.893408029879
0.5,0.1,960,252,1275,135,0.506354249404,0.105882352941,0.535714285714,1.05798319328
0.5,0.1,961,252,1275,152,0.506354249404,0.119215686275,0.603174603175,1.1912107065
0.5,0.1,962,252,1275,133,0.506354249404,0.10431372549,0.527777777778,1.04230936819
0.5,0.1,963,252,1275,144,0.506354249404,0.112941176471,0.571428571429,1.12851540616
0.5,0.1,964,252,1275,122,0.506354249404,0.0956862745098,0.484126984127,0.956103330221
0.5,0.1,965,252,1275,117,0.506354249404,0.0917647058824,0.464285714286,0.916918767507
0.5,0.1,966,252,1275,131,0.506354249404,0.102745098039,0.519841269841,1.02663554311
0.5,0.1,967,252,1275,127,0.506354249404,0.0996078431373,0.503968253968,0.995287892935
0.5,0.1,968,252,1275,125,0.506354249404,0.0980392156863,0.496031746032,0.979614067849
0.5,0.1,969,252,1275,127,0.506354249404,0.0996078431373,0.503968253968,0.995287892935
0.5,0.1,970,252,1275,135,0.506354249404,0.105882352941,0.535714285714,1.05798319328
0.5,0.1,971,252,1275,143,0.506354249404,0.112156862745,0.56746031746,1.12067849362
0.5,0.1,972,252,1275,124,0.506354249404,0.0972549019608,0.492063492063,0.971777155307
0.5,0.1,973,252,1275,130,0.506354249404,0.101960784314,0.515873015873,1.01879863056
0.5,0.1,974,252,1275,128,0.506354249404,0.100392156863,0.507936507937,1.00312480548
0.5,0.1,975,252,1275,127,0.506354249404,0.0996078431373,0.503968253968,0.995287892935
0.5,0.1,976,252,1275,115,0.506354249404,0.0901960784314,0.456349206349,0.901244942421
0.5,0.1,977,252,1275,127,0.506354249404,0.0996078431373,0.503968253968,0.995287892935
0.5,0.1,978,252,1275,141,0.506354249404,0.110588235294,0.559523809524,1.10500466853
0.5,0.1,979,252,1275,135,0.506354249404,0.105882352941,0.535714285714,1.05798319328
0.5,0.1,980,252,1275,128,0.506354249404,0.100392156863,0.507936507937,1.00312480548
0.5,0.1,981,252,1275,137,0.506354249404,0.107450980392,0.543650793651,1.07365701836
0.5,0.1,982,252,1275,116,0.506354249404,0.0909803921569,0.460317460317,0.909081854964
0.5,0.1,983,252,1275,126,0.506354249404,0.0988235294118,0.5,0.987450980392
0.5,0.1,984,252,1275,110,0.506354249404,0.0862745098039,0.436507936508,0.862060379707
0.5,0.1,985,252,1275,122,0.506354249404,0.0956862745098,0.484126984127,0.956103330221
0.5,0.1,986,252,1275,119,0.506354249404,0.0933333333333,0.472222222222,0.932592592593
0.5,0.1,987,252,1275,115,0.506354249404,0.0901960784314,0.456349206349,0.901244942421
0.5,0.1,988,252,1275,127,0.506354249404,0.0996078431373,0.503968253968,0.995287892935
0.5,0.1,989,252,1275,115,0.506354249404,0.0901960784314,0.456349206349,0.901244942421
0.5,0.1,990,252,1275,131,0.506354249404,0.102745098039,0.519841269841,1.02663554311
0.5,0.1,991,252,1275,141,0.506354249404,0.110588235294,0.559523809524,1.10500466853
0.5,0.1,992,252,1275,126,0.506354249404,0.0988235294118,0.5,0.987450980392
0.5,0.1,993,252,1275,135,0.506354249404,0.105882352941,0.535714285714,1.05798319328
0.5,0.1,994,252,1275,124,0.506354249404,0.0972549019608,0.492063492063,0.971777155307
0.5,0.1,995,252,1275,132,0.506354249404,0.103529411765,0.52380952381,1.03447245565
0.5,0.1,996,252,1275,142,0.506354249404,0.11137254902,0.563492063492,1.11284158108
0.5,0.1,997,252,1275,123,0.506354249404,0.0964705882353,0.488095238095,0.963940242764
0.5,0.1,998,252,1275,120,0.506354249404,0.0941176470588,0.47619047619,0.940429505135
0.5,0.1,999,252,1275,126,0.506354249404,0.0988235294118,0.5,0.987450980392
0.5,0.1,1000,252,1275,126,0.506354249404,0.0988235294118,0.5,0.987450980392
0.5,0.2,1,504,1275,259,0.506354249404,0.203137254902,0.513888888889,1.01488017429
0.5,0.2,2,504,1275,255,0.506354249404,0.2,0.505952380952,0.999206349206
0.5,0.2,3,504,1275,271,0.506354249404,0.212549019608,0.537698412698,1.06190164955
0.5,0.2,4,504,1275,270,0.506354249404,0.211764705882,0.535714285714,1.05798319328
0.5,0.2,5,504,1275,250,0.506354249404,0.196078431373,0.496031746032,0.979614067849
0.5,0.2,6,504,1275,259,0.506354249404,0.203137254902,0.513888888889,1.01488017429
0.5,0.2,7,504,1275,247,0.506354249404,0.193725490196,0.490079365079,0.967858699035
0.5,0.2,8,504,1275,256,0.506354249404,0.200784313725,0.507936507937,1.00312480548
0.5,0.2,9,504,1275,262,0.506354249404,0.205490196078,0.519841269841,1.02663554311
0.5,0.2,10,504,1275,264,0.506354249404,0.207058823529,0.52380952381,1.03447245565
0.5,0.2,11,504,1275,260,0.506354249404,0.203921568627,0.515873015873,1.01879863056
0.5,0.2,12,504,1275,249,0.506354249404,0.195294117647,0.494047619048,0.975695611578
0.5,0.2,13,504,1275,272,0.506354249404,0.213333333333,0.539682539683,1.06582010582
0.5,0.2,14,504,1275,254,0.506354249404,0.199215686275,0.503968253968,0.995287892935
0.5,0.2,15,504,1275,282,0.506354249404,0.221176470588,0.559523809524,1.10500466853
0.5,0.2,16,504,1275,255,0.506354249404,0.2,0.505952380952,0.999206349206
0.5,0.2,17,504,1275,237,0.506354249404,0.185882352941,0.470238095238,0.928674136321
0.5,0.2,18,504,1275,252,0.506354249404,0.197647058824,0.5,0.987450980392
0.5,0.2,19,504,1275,262,0.506354249404,0.205490196078,0.519841269841,1.02663554311
0.5,0.2,20,504,1275,250,0.506354249404,0.196078431373,0.496031746032,0.979614067849
0.5,0.2,21,504,1275,248,0.506354249404,0.194509803922,0.492063492063,0.971777155307
0.5,0.2,22,504,1275,238,0.506354249404,0.186666666667,0.472222222222,0.932592592593
0.5,0.2,23,504,1275,262,0.506354249404,0.205490196078,0.519841269841,1.02663554311
0.5,0.2,24,504,1275,242,0.506354249404,0.189803921569,0.480158730159,0.948266417678
0.5,0.2,25,504,1275,241,0.506354249404,0.189019607843,0.478174603175,0.944347961407
0.5,0.2,26,504,1275,271,0.506354249404,0.212549019608,0.537698412698,1.06190164955
0.5,0.2,27,504,1275,254,0.506354249404,0.199215686275,0.503968253968,0.995287892935
0.5,0.2,28,504,1275,244,0.506354249404,0.19137254902,0.484126984127,0.956103330221
0.5,0.2,29,504,1275,267,0.506354249404,0.209411764706,0.529761904762,1.04622782446
0.5,0.2,30,504,1275,260,0.506354249404,0.203921568627,0.515873015873,1.01879863056
0.5,0.2,31,504,1275,249,0.506354249404,0.195294117647,0.494047619048,0.975695611578
0.5,0.2,32,504,1275,258,0.506354249404,0.202352941176,0.511904761905,1.01096171802
0.5,0.2,33,504,1275,260,0.506354249404,0.203921568627,0.515873015873,1.01879863056
0.5,0.2,34,504,1275,263,0.506354249404,0.206274509804,0.521825396825,1.03055399938
0.5,0.2,35,504,1275,256,0.506354249404,0.200784313725,0.507936507937,1.00312480548
0.5,0.2,36,504,1275,259,0.506354249404,0.203137254902,0.513888888889,1.01488017429
0.5,0.2,37,504,1275,231,0.506354249404,0.181176470588,0.458333333333,0.905163398693
0.5,0.2,38,504,1275,278,0.506354249404,0.218039215686,0.551587301587,1.08933084345
0.5,0.2,39,504,1275,270,0.506354249404,0.211764705882,0.535714285714,1.05798319328
0.5,0.2,40,504,1275,258,0.506354249404,0.202352941176,0.511904761905,1.01096171802
0.5,0.2,41,504,1275,258,0.506354249404,0.202352941176,0.511904761905,1.01096171802
0.5,0.2,42,504,1275,240,0.506354249404,0.188235294118,0.47619047619,0.940429505135
0.5,0.2,43,504,1275,262,0.506354249404,0.205490196078,0.519841269841,1.02663554311
0.5,0.2,44,504,1275,250,0.506354249404,0.196078431373,0.496031746032,0.979614067849
0.5,0.2,45,504,1275,270,0.506354249404,0.211764705882,0.535714285714,1.05798319328
0.5,0.2,46,504,1275,239,0.506354249404,0.187450980392,0.474206349206,0.936511048864
0.5,0.2,47,504,1275,253,0.506354249404,0.198431372549,0.501984126984,0.991369436664
0.5,0.2,48,504,1275,262,0.506354249404,0.205490196078,0.519841269841,1.02663554311
0.5,0.2,49,504,1275,245,0.506354249404,0.192156862745,0.486111111111,0.960021786492
0.5,0.2,50,504,1275,265,0.506354249404,0.207843137255,0.525793650794,1.03839091192
0.5,0.2,51,504,1275,264,0.506354249404,0.207058823529,0.52380952381,1.03447245565
0.5,0.2,52,504,1275,257,0.506354249404,0.201568627451,0.509920634921,1.00704326175
0.5,0.2,53,504,1275,257,0.506354249404,0.201568627451,0.509920634921,1.00704326175
0.5,0.2,54,504,1275,248,0.506354249404,0.194509803922,0.492063492063,0.971777155307
0.5,0.2,55,504,1275,263,0.506354249404,0.206274509804,0.521825396825,1.03055399938
0.5,0.2,56,504,1275,254,0.506354249404,0.199215686275,0.503968253968,0.995287892935
0.5,0.2,57,504,1275,240,0.506354249404,0.188235294118,0.47619047619,0.940429505135
0.5,0.2,58,504,1275,262,0.506354249404,0.205490196078,0.519841269841,1.02663554311
0.5,0.2,59,504,1275,259,0.506354249404,0.203137254902,0.513888888889,1.01488017429
0.5,0.2,60,504,1275,264,0.506354249404,0.207058823529,0.52380952381,1.03447245565
0.5,0.2,61,504,1275,245,0.506354249404,0.192156862745,0.486111111111,0.960021786492
0.5,0.2,62,504,1275,240,0.506354249404,0.188235294118,0.47619047619,0.940429505135
0.5,0.2,63,504,1275,245,0.506354249404,0.192156862745,0.486111111111,0.960021786492
0.5,0.2,64,504,1275,271,0.506354249404,0.212549019608,0.537698412698,1.06190164955
0.5,0.2,65,504,1275,248,0.506354249404,0.194509803922,0.492063492063,0.971777155307
0.5,0.2,66,504,1275,264,0.506354249404,0.207058823529,0.52380952381,1.03447245565
0.5,0.2,67,504,1275,255,0.506354249404,0.2,0.505952380952,0.999206349206
0.5,0.2,68,504,1275,257,0.506354249404,0.201568627451,0.509920634921,1.00704326175
0.5,0.2,69,504,1275,248,0.506354249404,0.194509803922,0.492063492063,0.971777155307
0.5,0.2,70,504,1275,255,0.506354249404,0.2,0.505952380952,0.999206349206
0.5,0.2,71,504,1275,251,0.506354249404,0.196862745098,0.498015873016,0.983532524121
0.5,0.2,72,504,1275,265,0.506354249404,0.207843137255,0.525793650794,1.03839091192
0.5,0.2,73,504,1275,254,0.506354249404,0.199215686275,0.503968253968,0.995287892935
0.5,0.2,74,504,1275,261,0.506354249404,0.204705882353,0.517857142857,1.02271708683
0.5,0.2,75,504,1275,267,0.506354249404,0.209411764706,0.529761904762,1.04622782446
0.5,0.2,76,504,1275,269,0.506354249404,0.210980392157,0.53373015873,1.05406473701
0.5,0.2,77,504,1275,259,0.506354249404,0.203137254902,0.513888888889,1.01488017429
0.5,0.2,78,504,1275,272,0.506354249404,0.213333333333,0.539682539683,1.06582010582
0.5,0.2,79,504,1275,245,0.506354249404,0.192156862745,0.486111111111,0.960021786492
0.5,0.2,80,504,1275,254,0.506354249404,0.199215686275,0.503968253968,0.995287892935
0.5,0.2,81,504,1275,268,0.506354249404,0.210196078431,0.531746031746,1.05014628073
0.5,0.2,82,504,1275,258,0.506354249404,0.202352941176,0.511904761905,1.01096171802
0.5,0.2,83,504,1275,248,0.506354249404,0.194509803922,0.492063492063,0.971777155307
0.5,0.2,84,504,1275,267,0.506354249404,0.209411764706,0.529761904762,1.04622782446
0.5,0.2,85,504,1275,242,0.506354249404,0.189803921569,0.480158730159,0.948266417678
0.5,0.2,86,504,1275,274,0.506354249404,0.214901960784,0.543650793651,1.07365701836
0.5,0.2,87,504,1275,265,0.506354249404,0.207843137255,0.525793650794,1.03839091192
0.5,0.2,88,504,1275,240,0.506354249404,0.188235294118,0.47619047619,0.940429505135
0.5,0.2,89,504,1275,249,0.506354249404,0.195294117647,0.494047619048,0.975695611578
0.5,0.2,90,504,1275,255,0.506354249404,0.2,0.505952380952,0.999206349206
0.5,0.2,91,504,1275,269,0.506354249404,0.210980392157,0.53373015873,1.05406473701
0.5,0.2,92,504,1275,263,0.506354249404,0.206274509804,0.521825396825,1.03055399938
0.5,0.2,93,504,1275,265,0.506354249404,0.207843137255,0.525793650794,1.03839091192
0.5,0.2,94,504,1275,260,0.506354249404,0.203921568627,0.515873015873,1.01879863056
0.5,0.2,95,504,1275,244,0.506354249404,0.19137254902,0.484126984127,0.956103330221
0.5,0.2,96,504,1275,261,0.506354249404,0.204705882353,0.517857142857,1.02271708683
0.5,0.2,97,504,1275,259,0.506354249404,0.203137254902,0.513888888889,1.01488017429
0.5,0.2,98,504,1275,253,0.506354249404,0.198431372549,0.501984126984,0.991369436664
0.5,0.2,99,504,1275,266,0.506354249404,0.20862745098,0.527777777778,1.04230936819
0.5,0.2,100,504,1275,251,0.506354249404,0.196862745098,0.498015873016,0.983532524121
0.5,0.2,101,504,1275,259,0.506354249404,0.203137254902,0.513888888889,1.01488017429
0.5,0.2,102,504,1275,262,0.506354249404,0.205490196078,0.519841269841,1.02663554311
0.5,0.2,103,504,1275,273,0.506354249404,0.214117647059,0.541666666667,1.06973856209
0.5,0.2,104,504,1275,246,0.506354249404,0.192941176471,0.488095238095,0.963940242764
0.5,0.2,105,504,1275,255,0.506354249404,0.2,0.505952380952,0.999206349206
0.5,0.2,106,504,1275,259,0.506354249404,0.203137254902,0.513888888889,1.01488017429
0.5,0.2,107,504,1275,238,0.506354249404,0.186666666667,0.472222222222,0.932592592593
0.5,0.2,108,504,1275,257,0.506354249404,0.201568627451,0.509920634921,1.00704326175
0.5,0.2,109,504,1275,283,0.506354249404,0.221960784314,0.561507936508,1.10892312481
0.5,0.2,110,504,1275,247,0.506354249404,0.193725490196,0.490079365079,0.967858699035
0.5,0.2,111,504,1275,257,0.506354249404,0.201568627451,0.509920634921,1.00704326175
0.5,0.2,112,504,1275,239,0.506354249404,0.187450980392,0.474206349206,0.936511048864
0.5,0.2,113,504,1275,263,0.506354249404,0.206274509804,0.521825396825,1.03055399938
0.5,0.2,114,504,1275,256,0.506354249404,0.200784313725,0.507936507937,1.00312480548
0.5,0.2,115,504,1275,243,0.506354249404,0.190588235294,0.482142857143,0.95218487395
0.5,0.2,116,504,1275,240,0.506354249404,0.188235294118,0.47619047619,0.940429505135
0.5,0.2,117,504,1275,262,0.506354249404,0.205490196078,0.519841269841,1.02663554311
0.5,0.2,118,504,1275,264,0.506354249404,0.207058823529,0.52380952381,1.03447245565
0.5,0.2,119,504,1275,240,0.506354249404,0.188235294118,0.47619047619,0.940429505135
0.5,0.2,120,504,1275,248,0.506354249404,0.194509803922,0.492063492063,0.971777155307
0.5,0.2,121,504,1275,265,0.506354249404,0.207843137255,0.525793650794,1.03839091192
0.5,0.2,122,504,1275,245,0.506354249404,0.192156862745,0.486111111111,0.960021786492
0.5,0.2,123,504,1275,258,0.506354249404,0.202352941176,0.511904761905,1.01096171802
0.5,0.2,124,504,1275,255,0.506354249404,0.2,0.505952380952,0.999206349206
0.5,0.2,125,504,1275,254,0.506354249404,0.199215686275,0.503968253968,0.995287892935
0.5,0.2,126,504,1275,264,0.506354249404,0.207058823529,0.52380952381,1.03447245565
0.5,0.2,127,504,1275,254,0.506354249404,0.199215686275,0.503968253968,0.995287892935
0.5,0.2,128,504,1275,247,0.506354249404,0.193725490196,0.490079365079,0.967858699035
0.5,0.2,129,504,1275,248,0.506354249404,0.194509803922,0.492063492063,0.971777155307
0.5,0.2,130,504,1275,237,0.506354249404,0.185882352941,0.470238095238,0.928674136321
0.5,0.2,131,504,1275,249,0.506354249404,0.195294117647,0.494047619048,0.975695611578
0.5,0.2,132,504,1275,250,0.506354249404,0.196078431373,0.496031746032,0.979614067849
0.5,0.2,133,504,1275,251,0.506354249404,0.196862745098,0.498015873016,0.983532524121
0.5,0.2,134,504,1275,252,0.506354249404,0.197647058824,0.5,0.987450980392
0.5,0.2,135,504,1275,253,0.506354249404,0.198431372549,0.501984126984,0.991369436664
0.5,0.2,136,504,1275,252,0.506354249404,0.197647058824,0.5,0.987450980392
0.5,0.2,137,504,1275,236,0.506354249404,0.185098039216,0.468253968254,0.92475568005
0.5,0.2,138,504,1275,238,0.506354249404,0.186666666667,0.472222222222,0.932592592593
0.5,0.2,139,504,1275,255,0.506354249404,0.2,0.505952380952,0.999206349206
0.5,0.2,140,504,1275,261,0.506354249404,0.204705882353,0.517857142857,1.02271708683
0.5,0.2,141,504,1275,264,0.506354249404,0.207058823529,0.52380952381,1.03447245565
0.5,0.2,142,504,1275,246,0.506354249404,0.192941176471,0.488095238095,0.963940242764
0.5,0.2,143,504,1275,253,0.506354249404,0.198431372549,0.501984126984,0.991369436664
0.5,0.2,144,504,1275,251,0.506354249404,0.196862745098,0.498015873016,0.983532524121
0.5,0.2,145,504,1275,255,0.506354249404,0.2,0.505952380952,0.999206349206
0.5,0.2,146,504,1275,262,0.506354249404,0.205490196078,0.519841269841,1.02663554311
0.5,0.2,147,504,1275,244,0.506354249404,0.19137254902,0.484126984127,0.956103330221
0.5,0.2,148,504,1275,248,0.506354249404,0.194509803922,0.492063492063,0.971777155307
0.5,0.2,149,504,1275,269,0.506354249404,0.210980392157,0.53373015873,1.05406473701
0.5,0.2,150,504,1275,258,0.506354249404,0.202352941176,0.511904761905,1.01096171802
0.5,0.2,151,504,1275,258,0.506354249404,0.202352941176,0.511904761905,1.01096171802
0.5,0.2,152,504,1275,261,0.506354249404,0.204705882353,0.517857142857,1.02271708683
0.5,0.2,153,504,1275,251,0.506354249404,0.196862745098,0.498015873016,0.983532524121
0.5,0.2,154,504,1275,249,0.506354249404,0.195294117647,0.494047619048,0.975695611578
0.5,0.2,155,504,1275,258,0.506354249404,0.202352941176,0.511904761905,1.01096171802
0.5,0.2,156,504,1275,250,0.506354249404,0.196078431373,0.496031746032,0.979614067849
0.5,0.2,157,504,1275,245,0.506354249404,0.192156862745,0.486111111111,0.960021786492
0.5,0.2,158,504,1275,269,0.506354249404,0.210980392157,0.53373015873,1.05406473701
0.5,0.2,159,504,1275,257,0.506354249404,0.201568627451,0.509920634921,1.00704326175
0.5,0.2,160,504,1275,275,0.506354249404,0.21568627451,0.545634920635,1.07757547463
0.5,0.2,161,504,1275,254,0.506354249404,0.199215686275,0.503968253968,0.995287892935
0.5,0.2,162,504,1275,251,0.506354249404,0.196862745098,0.498015873016,0.983532524121
0.5,0.2,163,504,1275,266,0.506354249404,0.20862745098,0.527777777778,1.04230936819
0.5,0.2,164,504,1275,255,0.506354249404,0.2,0.505952380952,0.999206349206
0.5,0.2,165,504,1275,260,0.506354249404,0.203921568627,0.515873015873,1.01879863056
0.5,0.2,166,504,1275,264,0.506354249404,0.207058823529,0.52380952381,1.03447245565
0.5,0.2,167,504,1275,267,0.506354249404,0.209411764706,0.529761904762,1.04622782446
0.5,0.2,168,504,1275,267,0.506354249404,0.209411764706,0.529761904762,1.04622782446
0.5,0.2,169,504,1275,248,0.506354249404,0.194509803922,0.492063492063,0.971777155307
0.5,0.2,170,504,1275,253,0.506354249404,0.198431372549,0.501984126984,0.991369436664
0.5,0.2,171,504,1275,266,0.506354249404,0.20862745098,0.527777777778,1.04230936819
0.5,0.2,172,504,1275,261,0.506354249404,0.204705882353,0.517857142857,1.02271708683
0.5,0.2,173,504,1275,259,0.506354249404,0.203137254902,0.513888888889,1.01488017429
0.5,0.2,174,504,1275,260,0.506354249404,0.203921568627,0.515873015873,1.01879863056
0.5,0.2,175,504,1275,252,0.506354249404,0.197647058824,0.5,0.987450980392
0.5,0.2,176,504,1275,254,0.506354249404,0.199215686275,0.503968253968,0.995287892935
0.5,0.2,177,504,1275,265,0.506354249404,0.207843137255,0.525793650794,1.03839091192
0.5,0.2,178,504,1275,254,0.506354249404,0.199215686275,0.503968253968,0.995287892935
0.5,0.2,179,504,1275,253,0.506354249404,0.198431372549,0.501984126984,0.991369436664
0.5,0.2,180,504,1275,242,0.506354249404,0.189803921569,0.480158730159,0.948266417678
0.5,0.2,181,504,1275,265,0.506354249404,0.207843137255,0.525793650794,1.03839091192
0.5,0.2,182,504,1275,263,0.506354249404,0.206274509804,0.521825396825,1.03055399938
0.5,0.2,183,504,1275,249,0.506354249404,0.195294117647,0.494047619048,0.975695611578
0.5,0.2,184,504,1275,256,0.506354249404,0.200784313725,0.507936507937,1.00312480548
0.5,0.2,185,504,1275,255,0.506354249404,0.2,0.505952380952,0.999206349206
0.5,0.2,186,504,1275,264,0.506354249404,0.207058823529,0.52380952381,1.03447245565
0.5,0.2,187,504,1275,243,0.506354249404,0.190588235294,0.482142857143,0.95218487395
0.5,0.2,188,504,1275,241,0.506354249404,0.189019607843,0.478174603175,0.944347961407
0.5,0.2,189,504,1275,258,0.506354249404,0.202352941176,0.511904761905,1.01096171802
0.5,0.2,190,504,1275,255,0.506354249404,0.2,0.505952380952,0.999206349206
0.5,0.2,191,504,1275,256,0.506354249404,0.200784313725,0.507936507937,1.00312480548
0.5,0.2,192,504,1275,263,0.506354249404,0.206274509804,0.521825396825,1.03055399938
0.5,0.2,193,504,1275,252,0.506354249404,0.197647058824,0.5,0.987450980392
0.5,0.2,194,504,1275,266,0.506354249404,0.20862745098,0.527777777778,1.04230936819
0.5,0.2,195,504,1275,230,0.506354249404,0.180392156863,0.456349206349,0.901244942421
0.5,0.2,196,504,1275,262,0.506354249404,0.205490196078,0.519841269841,1.02663554311
0.5,0.2,197,504,1275,258,0.506354249404,0.202352941176,0.511904761905,1.01096171802
0.5,0.2,198,504,1275,247,0.506354249404,0.193725490196,0.490079365079,0.967858699035
0.5,0.2,199,504,1275,252,0.506354249404,0.197647058824,0.5,0.987450980392
0.5,0.2,200,504,1275,264,0.506354249404,0.207058823529,0.52380952381,1.03447245565
0.5,0.2,201,504,1275,244,0.506354249404,0.19137254902,0.484126984127,0.956103330221
0.5,0.2,202,504,1275,248,0.506354249404,0.194509803922,0.492063492063,0.971777155307
0.5,0.2,203,504,1275,252,0.506354249404,0.197647058824,0.5,0.987450980392
0.5,0.2,204,504,1275,242,0.506354249404,0.189803921569,0.480158730159,0.948266417678
0.5,0.2,205,504,1275,252,0.506354249404,0.197647058824,0.5,0.987450980392
0.5,0.2,206,504,1275,263,0.506354249404,0.206274509804,0.521825396825,1.03055399938
0.5,0.2,207,504,1275,258,0.506354249404,0.202352941176,0.511904761905,1.01096171802
0.5,0.2,208,504,1275,247,0.506354249404,0.193725490196,0.490079365079,0.967858699035
0.5,0.2,209,504,1275,256,0.506354249404,0.200784313725,0.507936507937,1.00312480548
0.5,0.2,210,504,1275,251,0.506354249404,0.196862745098,0.498015873016,0.983532524121
0.5,0.2,211,504,1275,263,0.506354249404,0.206274509804,0.521825396825,1.03055399938
0.5,0.2,212,504,1275,239,0.506354249404,0.187450980392,0.474206349206,0.936511048864
0.5,0.2,213,504,1275,267,0.506354249404,0.209411764706,0.529761904762,1.04622782446
0.5,0.2,214,504,1275,259,0.506354249404,0.203137254902,0.513888888889,1.01488017429
0.5,0.2,215,504,1275,263,0.506354249404,0.206274509804,0.521825396825,1.03055399938
0.5,0.2,216,504,1275,263,0.506354249404,0.206274509804,0.521825396825,1.03055399938
0.5,0.2,217,504,1275,247,0.506354249404,0.193725490196,0.490079365079,0.967858699035
0.5,0.2,218,504,1275,246,0.506354249404,0.192941176471,0.488095238095,0.963940242764
0.5,0.2,219,504,1275,259,0.506354249404,0.203137254902,0.513888888889,1.01488017429
0.5,0.2,220,504,1275,263,0.506354249404,0.206274509804,0.521825396825,1.03055399938
0.5,0.2,221,504,1275,249,0.506354249404,0.195294117647,0.494047619048,0.975695611578
0.5,0.2,222,504,1275,253,0.506354249404,0.198431372549,0.501984126984,0.991369436664
0.5,0.2,223,504,1275,250,0.506354249404,0.196078431373,0.496031746032,0.979614067849
0.5,0.2,224,504,1275,243,0.506354249404,0.190588235294,0.482142857143,0.95218487395
0.5,0.2,225,504,1275,251,0.506354249404,0.196862745098,0.498015873016,0.983532524121
0.5,0.2,226,504,1275,260,0.506354249404,0.203921568627,0.515873015873,1.01879863056
0.5,0.2,227,504,1275,253,0.506354249404,0.198431372549,0.501984126984,0.991369436664
0.5,0.2,228,504,1275,257,0.506354249404,0.201568627451,0.509920634921,1.00704326175
0.5,0.2,229,504,1275,261,0.506354249404,0.204705882353,0.517857142857,1.02271708683
0.5,0.2,230,504,1275,269,0.506354249404,0.210980392157,0.53373015873,1.05406473701
0.5,0.2,231,504,1275,245,0.506354249404,0.192156862745,0.486111111111,0.960021786492
0.5,0.2,232,504,1275,259,0.506354249404,0.203137254902,0.513888888889,1.01488017429
0.5,0.2,233,504,1275,258,0.506354249404,0.202352941176,0.511904761905,1.01096171802
0.5,0.2,234,504,1275,277,0.506354249404,0.217254901961,0.549603174603,1.08541238718
0.5,0.2,235,504,1275,259,0.506354249404,0.203137254902,0.513888888889,1.01488017429
0.5,0.2,236,504,1275,261,0.506354249404,0.204705882353,0.517857142857,1.02271708683
0.5,0.2,237,504,1275,258,0.506354249404,0.202352941176,0.511904761905,1.01096171802
0.5,0.2,238,504,1275,247,0.506354249404,0.193725490196,0.490079365079,0.967858699035
0.5,0.2,239,504,1275,267,0.506354249404,0.209411764706,0.529761904762,1.04622782446
0.5,0.2,240,504,1275,255,0.506354249404,0.2,0.505952380952,0.999206349206
0.5,0.2,241,504,1275,256,0.506354249404,0.200784313725,0.507936507937,1.00312480548
0.5,0.2,242,504,1275,247,0.506354249404,0.193725490196,0.490079365079,0.967858699035
0.5,0.2,243,504,1275,255,0.506354249404,0.2,0.505952380952,0.999206349206
0.5,0.2,244,504,1275,258,0.506354249404,0.202352941176,0.511904761905,1.01096171802
0.5,0.2,245,504,1275,266,0.506354249404,0.20862745098,0.527777777778,1.04230936819
0.5,0.2,246,504,1275,259,0.506354249404,0.203137254902,0.513888888889,1.01488017429
0.5,0.2,247,504,1275,258,0.506354249404,0.202352941176,0.511904761905,1.01096171802
0.5,0.2,248,504,1275,260,0.506354249404,0.203921568627,0.515873015873,1.01879863056
0.5,0.2,249,504,1275,249,0.506354249404,0.195294117647,0.494047619048,0.975695611578
0.5,0.2,250,504,1275,257,0.506354249404,0.201568627451,0.509920634921,1.00704326175
0.5,0.2,251,504,1275,272,0.506354249404,0.213333333333,0.539682539683,1.06582010582
0.5,0.2,252,504,1275,244,0.506354249404,0.19137254902,0.484126984127,0.956103330221
0.5,0.2,253,504,1275,249,0.506354249404,0.195294117647,0.494047619048,0.975695611578
0.5,0.2,254,504,1275,251,0.506354249404,0.196862745098,0.498015873016,0.983532524121
0.5,0.2,255,504,1275,250,0.506354249404,0.196078431373,0.496031746032,0.979614067849
0.5,0.2,256,504,1275,258,0.506354249404,0.202352941176,0.511904761905,1.01096171802
0.5,0.2,257,504,1275,264,0.506354249404,0.207058823529,0.52380952381,1.03447245565
0.5,0.2,258,504,1275,258,0.506354249404,0.202352941176,0.511904761905,1.01096171802
0.5,0.2,259,504,1275,255,0.506354249404,0.2,0.505952380952,0.999206349206
0.5,0.2,260,504,1275,270,0.506354249404,0.211764705882,0.535714285714,1.05798319328
0.5,0.2,261,504,1275,253,0.506354249404,0.198431372549,0.501984126984,0.991369436664
0.5,0.2,262,504,1275,264,0.506354249404,0.207058823529,0.52380952381,1.03447245565
0.5,0.2,263,504,1275,256,0.506354249404,0.200784313725,0.507936507937,1.00312480548
0.5,0.2,264,504,1275,275,0.506354249404,0.21568627451,0.545634920635,1.07757547463
0.5,0.2,265,504,1275,246,0.506354249404,0.192941176471,0.488095238095,0.963940242764
0.5,0.2,266,504,1275,241,0.506354249404,0.189019607843,0.478174603175,0.944347961407
0.5,0.2,267,504,1275,261,0.506354249404,0.204705882353,0.517857142857,1.02271708683
0.5,0.2,268,504,1275,256,0.506354249404,0.200784313725,0.507936507937,1.00312480548
0.5,0.2,269,504,1275,245,0.506354249404,0.192156862745,0.486111111111,0.960021786492
0.5,0.2,270,504,1275,260,0.506354249404,0.203921568627,0.515873015873,1.01879863056
0.5,0.2,271,504,1275,273,0.506354249404,0.214117647059,0.541666666667,1.06973856209
0.5,0.2,272,504,1275,251,0.506354249404,0.196862745098,0.498015873016,0.983532524121
0.5,0.2,273,504,1275,248,0.506354249404,0.194509803922,0.492063492063,0.971777155307
0.5,0.2,274,504,1275,251,0.506354249404,0.196862745098,0.498015873016,0.983532524121
0.5,0.2,275,504,1275,268,0.506354249404,0.210196078431,0.531746031746,1.05014628073
0.5,0.2,276,504,1275,265,0.506354249404,0.207843137255,0.525793650794,1.03839091192
0.5,0.2,277,504,1275,249,0.506354249404,0.195294117647,0.494047619048,0.975695611578
0.5,0.2,278,504,1275,250,0.506354249404,0.196078431373,0.496031746032,0.979614067849
0.5,0.2,279,504,1275,254,0.506354249404,0.199215686275,0.503968253968,0.995287892935
0.5,0.2,280,504,1275,258,0.506354249404,0.202352941176,0.511904761905,1.01096171802
0.5,0.2,281,504,1275,246,0.506354249404,0.192941176471,0.488095238095,0.963940242764
0.5,0.2,282,504,1275,259,0.506354249404,0.203137254902,0.513888888889,1.01488017429
0.5,0.2,283,504,1275,267,0.506354249404,0.209411764706,0.529761904762,1.04622782446
0.5,0.2,284,504,1275,250,0.506354249404,0.196078431373,0.496031746032,0.979614067849
0.5,0.2,285,504,1275,262,0.506354249404,0.205490196078,0.519841269841,1.02663554311
0.5,0.2,286,504,1275,254,0.506354249404,0.199215686275,0.503968253968,0.995287892935
0.5,0.2,287,504,1275,256,0.506354249404,0.200784313725,0.507936507937,1.00312480548
0.5,0.2,288,504,1275,250,0.506354249404,0.196078431373,0.496031746032,0.979614067849
0.5,0.2,289,504,1275,267,0.506354249404,0.209411764706,0.529761904762,1.04622782446
0.5,0.2,290,504,1275,248,0.506354249404,0.194509803922,0.492063492063,0.971777155307
0.5,0.2,291,504,1275,252,0.506354249404,0.197647058824,0.5,0.987450980392
0.5,0.2,292,504,1275,277,0.506354249404,0.217254901961,0.549603174603,1.08541238718
0.5,0.2,293,504,1275,261,0.506354249404,0.204705882353,0.517857142857,1.02271708683
0.5,0.2,294,504,1275,261,0.506354249404,0.204705882353,0.517857142857,1.02271708683
0.5,0.2,295,504,1275,284,0.506354249404,0.222745098039,0.563492063492,1.11284158108
0.5,0.2,296,504,1275,243,0.506354249404,0.190588235294,0.482142857143,0.95218487395
0.5,0.2,297,504,1275,273,0.506354249404,0.214117647059,0.541666666667,1.06973856209
0.5,0.2,298,504,1275,250,0.506354249404,0.196078431373,0.496031746032,0.979614067849
0.5,0.2,299,504,1275,253,0.506354249404,0.198431372549,0.501984126984,0.991369436664
0.5,0.2,300,504,1275,266,0.506354249404,0.20862745098,0.527777777778,1.04230936819
0.5,0.2,301,504,1275,254,0.506354249404,0.199215686275,0.503968253968,0.995287892935
0.5,0.2,302,504,1275,261,0.506354249404,0.204705882353,0.517857142857,1.02271708683
0.5,0.2,303,504,1275,252,0.506354249404,0.197647058824,0.5,0.987450980392
0.5,0.2,304,504,1275,257,0.506354249404,0.201568627451,0.509920634921,1.00704326175
0.5,0.2,305,504,1275,259,0.506354249404,0.203137254902,0.513888888889,1.01488017429
0.5,0.2,306,504,1275,250,0.506354249404,0.196078431373,0.496031746032,0.979614067849
0.5,0.2,307,504,1275,246,0.506354249404,0.192941176471,0.488095238095,0.963940242764
0.5,0.2,308,504,1275,252,0.506354249404,0.197647058824,0.5,0.987450980392
0.5,0.2,309,504,1275,253,0.506354249404,0.198431372549,0.501984126984,0.991369436664
0.5,0.2,310,504,1275,263,0.506354249404,0.206274509804,0.521825396825,1.03055399938
0.5,0.2,311,504,1275,261,0.506354249404,0.204705882353,0.517857142857,1.02271708683
0.5,0.2,312,504,1275,259,0.506354249404,0.203137254902,0.513888888889,1.01488017429
0.5,0.2,313,504,1275,258,0.506354249404,0.202352941176,0.511904761905,1.01096171802
0.5,0.2,314,504,1275,245,0.506354249404,0.192156862745,0.486111111111,0.960021786492
0.5,0.2,315,504,1275,250,0.506354249404,0.196078431373,0.496031746032,0.979614067849
0.5,0.2,316,504,1275,257,0.506354249404,0.201568627451,0.509920634921,1.00704326175
0.5,0.2,317,504,1275,253,0.506354249404,0.198431372549,0.501984126984,0.991369436664
0.5,0.2,318,504,1275,248,0.506354249404,0.194509803922,0.492063492063,0.971777155307
0.5,0.2,319,504,1275,251,0.506354249404,0.196862745098,0.498015873016,0.983532524121
0.5,0.2,320,504,1275,250,0.506354249404,0.196078431373,0.496031746032,0.979614067849
0.5,0.2,321,504,1275,251,0.506354249404,0.196862745098,0.498015873016,0.983532524121
0.5,0.2,322,504,1275,254,0.506354249404,0.199215686275,0.503968253968,0.995287892935
0.5,0.2,323,504,1275,257,0.506354249404,0.201568627451,0.509920634921,1.00704326175
0.5,0.2,324,504,1275,285,0.506354249404,0.223529411765,0.565476190476,1.11676003735
0.5,0.2,325,504,1275,262,0.506354249404,0.205490196078,0.519841269841,1.02663554311
0.5,0.2,326,504,1275,246,0.506354249404,0.192941176471,0.488095238095,0.963940242764
0.5,0.2,327,504,1275,263,0.506354249404,0.206274509804,0.521825396825,1.03055399938
0.5,0.2,328,504,1275,266,0.506354249404,0.20862745098,0.527777777778,1.04230936819
0.5,0.2,329,504,1275,239,0.506354249404,0.187450980392,0.474206349206,0.936511048864
0.5,0.2,330,504,1275,266,0.506354249404,0.20862745098,0.527777777778,1.04230936819
0.5,0.2,331,504,1275,249,0.506354249404,0.195294117647,0.494047619048,0.975695611578
0.5,0.2,332,504,1275,239,0.506354249404,0.187450980392,0.474206349206,0.936511048864
0.5,0.2,333,504,1275,252,0.506354249404,0.197647058824,0.5,0.987450980392
0.5,0.2,334,504,1275,264,0.506354249404,0.207058823529,0.52380952381,1.03447245565
0.5,0.2,335,504,1275,244,0.506354249404,0.19137254902,0.484126984127,0.956103330221
0.5,0.2,336,504,1275,271,0.506354249404,0.212549019608,0.537698412698,1.06190164955
0.5,0.2,337,504,1275,247,0.506354249404,0.193725490196,0.490079365079,0.967858699035
0.5,0.2,338,504,1275,261,0.506354249404,0.204705882353,0.517857142857,1.02271708683
0.5,0.2,339,504,1275,265,0.506354249404,0.207843137255,0.525793650794,1.03839091192
0.5,0.2,340,504,1275,249,0.506354249404,0.195294117647,0.494047619048,0.975695611578
0.5,0.2,341,504,1275,253,0.506354249404,0.198431372549,0.501984126984,0.991369436664
0.5,0.2,342,504,1275,254,0.506354249404,0.199215686275,0.503968253968,0.995287892935
0.5,0.2,343,504,1275,262,0.506354249404,0.205490196078,0.519841269841,1.02663554311
0.5,0.2,344,504,1275,250,0.506354249404,0.196078431373,0.496031746032,0.979614067849
0.5,0.2,345,504,1275,249,0.506354249404,0.195294117647,0.494047619048,0.975695611578
0.5,0.2,346,504,1275,256,0.506354249404,0.200784313725,0.507936507937,1.00312480548
0.5,0.2,347,504,1275,249,0.506354249404,0.195294117647,0.494047619048,0.975695611578
0.5,0.2,348,504,1275,249,0.506354249404,0.195294117647,0.494047619048,0.975695611578
0.5,0.2,349,504,1275,256,0.506354249404,0.200784313725,0.507936507937,1.00312480548
0.5,0.2,350,504,1275,266,0.506354249404,0.20862745098,0.527777777778,1.04230936819
0.5,0.2,351,504,1275,261,0.506354249404,0.204705882353,0.517857142857,1.02271708683
0.5,0.2,352,504,1275,257,0.506354249404,0.201568627451,0.509920634921,1.00704326175
0.5,0.2,353,504,1275,268,0.506354249404,0.210196078431,0.531746031746,1.05014628073
0.5,0.2,354,504,1275,256,0.506354249404,0.200784313725,0.507936507937,1.00312480548
0.5,0.2,355,504,1275,235,0.506354249404,0.18431372549,0.46626984127,0.920837223778
0.5,0.2,356,504,1275,233,0.506354249404,0.182745098039,0.462301587302,0.913000311236
0.5,0.2,357,504,1275,248,0.506354249404,0.194509803922,0.492063492063,0.971777155307
0.5,0.2,358,504,1275,260,0.506354249404,0.203921568627,0.515873015873,1.01879863056
0.5,0.2,359,504,1275,249,0.506354249404,0.195294117647,0.494047619048,0.975695611578
0.5,0.2,360,504,1275,263,0.506354249404,0.206274509804,0.521825396825,1.03055399938
0.5,0.2,361,504,1275,258,0.506354249404,0.202352941176,0.511904761905,1.01096171802
0.5,0.2,362,504,1275,246,0.506354249404,0.192941176471,0.488095238095,0.963940242764
0.5,0.2,363,504,1275,253,0.506354249404,0.198431372549,0.501984126984,0.991369436664
0.5,0.2,364,504,1275,249,0.506354249404,0.195294117647,0.494047619048,0.975695611578
0.5,0.2,365,504,1275,248,0.506354249404,0.194509803922,0.492063492063,0.971777155307
0.5,0.2,366,504,1275,259,0.506354249404,0.203137254902,0.513888888889,1.01488017429
0.5,0.2,367,504,1275,264,0.506354249404,0.207058823529,0.52380952381,1.03447245565
0.5,0.2,368,504,1275,269,0.506354249404,0.210980392157,0.53373015873,1.05406473701
0.5,0.2,369,504,1275,240,0.506354249404,0.188235294118,0.47619047619,0.940429505135
0.5,0.2,370,504,1275,257,0.506354249404,0.201568627451,0.509920634921,1.00704326175
0.5,0.2,371,504,1275,251,0.506354249404,0.196862745098,0.498015873016,0.983532524121
0.5,0.2,372,504,1275,249,0.506354249404,0.195294117647,0.494047619048,0.975695611578
0.5,0.2,373,504,1275,261,0.506354249404,0.204705882353,0.517857142857,1.02271708683
0.5,0.2,374,504,1275,249,0.506354249404,0.195294117647,0.494047619048,0.975695611578
0.5,0.2,375,504,1275,252,0.506354249404,0.197647058824,0.5,0.987450980392
0.5,0.2,376,504,1275,246,0.506354249404,0.192941176471,0.488095238095,0.963940242764
0.5,0.2,377,504,1275,258,0.506354249404,0.202352941176,0.511904761905,1.01096171802
0.5,0.2,378,504,1275,256,0.506354249404,0.200784313725,0.507936507937,1.00312480548
0.5,0.2,379,504,1275,254,0.506354249404,0.199215686275,0.503968253968,0.995287892935
0.5,0.2,380,504,1275,261,0.506354249404,0.204705882353,0.517857142857,1.02271708683
0.5,0.2,381,504,1275,259,0.506354249404,0.203137254902,0.513888888889,1.01488017429
0.5,0.2,382,504,1275,245,0.506354249404,0.192156862745,0.486111111111,0.960021786492
0.5,0.2,383,504,1275,234,0.506354249404,0.183529411765,0.464285714286,0.916918767507
0.5,0.2,384,504,1275,265,0.506354249404,0.207843137255,0.525793650794,1.03839091192
0.5,0.2,385,504,1275,251,0.506354249404,0.196862745098,0.498015873016,0.983532524121
0.5,0.2,386,504,1275,261,0.506354249404,0.204705882353,0.517857142857,1.02271708683
0.5,0.2,387,504,1275,263,0.506354249404,0.206274509804,0.521825396825,1.03055399938
0.5,0.2,388,504,1275,241,0.506354249404,0.189019607843,0.478174603175,0.944347961407
0.5,0.2,389,504,1275,244,0.506354249404,0.19137254902,0.484126984127,0.956103330221
0.5,0.2,390,504,1275,268,0.506354249404,0.210196078431,0.531746031746,1.05014628073
0.5,0.2,391,504,1275,257,0.506354249404,0.201568627451,0.509920634921,1.00704326175
0.5,0.2,392,504,1275,241,0.506354249404,0.189019607843,0.478174603175,0.944347961407
0.5,0.2,393,504,1275,253,0.506354249404,0.198431372549,0.501984126984,0.991369436664
0.5,0.2,394,504,1275,259,0.506354249404,0.203137254902,0.513888888889,1.01488017429
0.5,0.2,395,504,1275,260,0.506354249404,0.203921568627,0.515873015873,1.01879863056
0.5,0.2,396,504,1275,254,0.506354249404,0.199215686275,0.503968253968,0.995287892935
0.5,0.2,397,504,1275,265,0.506354249404,0.207843137255,0.525793650794,1.03839091192
0.5,0.2,398,504,1275,257,0.506354249404,0.201568627451,0.509920634921,1.00704326175
0.5,0.2,399,504,1275,258,0.506354249404,0.202352941176,0.511904761905,1.01096171802
0.5,0.2,400,504,1275,249,0.506354249404,0.195294117647,0.494047619048,0.975695611578
0.5,0.2,401,504,1275,250,0.506354249404,0.196078431373,0.496031746032,0.979614067849
0.5,0.2,402,504,1275,239,0.506354249404,0.187450980392,0.474206349206,0.936511048864
0.5,0.2,403,504,1275,257,0.506354249404,0.201568627451,0.509920634921,1.00704326175
0.5,0.2,404,504,1275,246,0.506354249404,0.192941176471,0.488095238095,0.963940242764
0.5,0.2,405,504,1275,257,0.506354249404,0.201568627451,0.509920634921,1.00704326175
0.5,0.2,406,504,1275,250,0.506354249404,0.196078431373,0.496031746032,0.979614067849
0.5,0.2,407,504,1275,262,0.506354249404,0.205490196078,0.519841269841,1.02663554311
0.5,0.2,408,504,1275,253,0.506354249404,0.198431372549,0.501984126984,0.991369436664
0.5,0.2,409,504,1275,257,0.506354249404,0.201568627451,0.509920634921,1.00704326175
0.5,0.2,410,504,1275,255,0.506354249404,0.2,0.505952380952,0.999206349206
0.5,0.2,411,504,1275,259,0.506354249404,0.203137254902,0.513888888889,1.01488017429
0.5,0.2,412,504,1275,250,0.506354249404,0.196078431373,0.496031746032,0.979614067849
0.5,0.2,413,504,1275,250,0.506354249404,0.196078431373,0.496031746032,0.979614067849
0.5,0.2,414,504,1275,281,0.506354249404,0.220392156863,0.55753968254,1.10108621226
0.5,0.2,415,504,1275,260,0.506354249404,0.203921568627,0.515873015873,1.01879863056
0.5,0.2,416,504,1275,271,0.506354249404,0.212549019608,0.537698412698,1.06190164955
0.5,0.2,417,504,1275,263,0.506354249404,0.206274509804,0.521825396825,1.03055399938
0.5,0.2,418,504,1275,254,0.506354249404,0.199215686275,0.503968253968,0.995287892935
0.5,0.2,419,504,1275,257,0.506354249404,0.201568627451,0.509920634921,1.00704326175
0.5,0.2,420,504,1275,256,0.506354249404,0.200784313725,0.507936507937,1.00312480548
0.5,0.2,421,504,1275,251,0.506354249404,0.196862745098,0.498015873016,0.983532524121
0.5,0.2,422,504,1275,255,0.506354249404,0.2,0.505952380952,0.999206349206
0.5,0.2,423,504,1275,261,0.506354249404,0.204705882353,0.517857142857,1.02271708683
0.5,0.2,424,504,1275,250,0.506354249404,0.196078431373,0.496031746032,0.979614067849
0.5,0.2,425,504,1275,266,0.506354249404,0.20862745098,0.527777777778,1.04230936819
0.5,0.2,426,504,1275,285,0.506354249404,0.223529411765,0.565476190476,1.11676003735
0.5,0.2,427,504,1275,249,0.506354249404,0.195294117647,0.494047619048,0.975695611578
0.5,0.2,428,504,1275,247,0.506354249404,0.193725490196,0.490079365079,0.967858699035
0.5,0.2,429,504,1275,259,0.506354249404,0.203137254902,0.513888888889,1.01488017429
0.5,0.2,430,504,1275,248,0.506354249404,0.194509803922,0.492063492063,0.971777155307
0.5,0.2,431,504,1275,257,0.506354249404,0.201568627451,0.509920634921,1.00704326175
0.5,0.2,432,504,1275,248,0.506354249404,0.194509803922,0.492063492063,0.971777155307
0.5,0.2,433,504,1275,269,0.506354249404,0.210980392157,0.53373015873,1.05406473701
0.5,0.2,434,504,1275,249,0.506354249404,0.195294117647,0.494047619048,0.975695611578
0.5,0.2,435,504,1275,250,0.506354249404,0.196078431373,0.496031746032,0.979614067849
0.5,0.2,436,504,1275,251,0.506354249404,0.196862745098,0.498015873016,0.983532524121
0.5,0.2,437,504,1275,252,0.506354249404,0.197647058824,0.5,0.987450980392
0.5,0.2,438,504,1275,261,0.506354249404,0.204705882353,0.517857142857,1.02271708683
0.5,0.2,439,504,1275,253,0.506354249404,0.198431372549,0.501984126984,0.991369436664
0.5,0.2,440,504,1275,264,0.506354249404,0.207058823529,0.52380952381,1.03447245565
0.5,0.2,441,504,1275,262,0.506354249404,0.205490196078,0.519841269841,1.02663554311
0.5,0.2,442,504,1275,234,0.506354249404,0.183529411765,0.464285714286,0.916918767507
0.5,0.2,443,504,1275,260,0.506354249404,0.203921568627,0.515873015873,1.01879863056
0.5,0.2,444,504,1275,239,0.506354249404,0.187450980392,0.474206349206,0.936511048864
0.5,0.2,445,504,1275,250,0.506354249404,0.196078431373,0.496031746032,0.979614067849
0.5,0.2,446,504,1275,246,0.506354249404,0.192941176471,0.488095238095,0.963940242764
0.5,0.2,447,504,1275,255,0.506354249404,0.2,0.505952380952,0.999206349206
0.5,0.2,448,504,1275,257,0.506354249404,0.201568627451,0.509920634921,1.00704326175
0.5,0.2,449,504,1275,251,0.506354249404,0.196862745098,0.498015873016,0.983532524121
0.5,0.2,450,504,1275,249,0.506354249404,0.195294117647,0.494047619048,0.975695611578
0.5,0.2,451,504,1275,268,0.506354249404,0.210196078431,0.531746031746,1.05014628073
0.5,0.2,452,504,1275,252,0.506354249404,0.197647058824,0.5,0.987450980392
0.5,0.2,453,504,1275,261,0.506354249404,0.204705882353,0.517857142857,1.02271708683
0.5,0.2,454,504,1275,258,0.506354249404,0.202352941176,0.511904761905,1.01096171802
0.5,0.2,455,504,1275,260,0.506354249404,0.203921568627,0.515873015873,1.01879863056
0.5,0.2,456,504,1275,278,0.506354249404,0.218039215686,0.551587301587,1.08933084345
0.5,0.2,457,504,1275,245,0.506354249404,0.192156862745,0.486111111111,0.960021786492
0.5,0.2,458,504,1275,275,0.506354249404,0.21568627451,0.545634920635,1.07757547463
0.5,0.2,459,504,1275,257,0.506354249404,0.201568627451,0.509920634921,1.00704326175
0.5,0.2,460,504,1275,244,0.506354249404,0.19137254902,0.484126984127,0.956103330221
0.5,0.2,461,504,1275,258,0.506354249404,0.202352941176,0.511904761905,1.01096171802
0.5,0.2,462,504,1275,264,0.506354249404,0.207058823529,0.52380952381,1.03447245565
0.5,0.2,463,504,1275,262,0.506354249404,0.205490196078,0.519841269841,1.02663554311
0.5,0.2,464,504,1275,249,0.506354249404,0.195294117647,0.494047619048,0.975695611578
0.5,0.2,465,504,1275,256,0.506354249404,0.200784313725,0.507936507937,1.00312480548
0.5,0.2,466,504,1275,261,0.506354249404,0.204705882353,0.517857142857,1.02271708683
0.5,0.2,467,504,1275,248,0.506354249404,0.194509803922,0.492063492063,0.971777155307
0.5,0.2,468,504,1275,258,0.506354249404,0.202352941176,0.511904761905,1.01096171802
0.5,0.2,469,504,1275,250,0.506354249404,0.196078431373,0.496031746032,0.979614067849
0.5,0.2,470,504,1275,256,0.506354249404,0.200784313725,0.507936507937,1.00312480548
0.5,0.2,471,504,1275,259,0.506354249404,0.203137254902,0.513888888889,1.01488017429
0.5,0.2,472,504,1275,251,0.506354249404,0.196862745098,0.498015873016,0.983532524121
0.5,0.2,473,504,1275,251,0.506354249404,0.196862745098,0.498015873016,0.983532524121
0.5,0.2,474,504,1275,257,0.506354249404,0.201568627451,0.509920634921,1.00704326175
0.5,0.2,475,504,1275,273,0.506354249404,0.214117647059,0.541666666667,1.06973856209
0.5,0.2,476,504,1275,263,0.506354249404,0.206274509804,0.521825396825,1.03055399938
0.5,0.2,477,504,1275,255,0.506354249404,0.2,0.505952380952,0.999206349206
0.5,0.2,478,504,1275,245,0.506354249404,0.192156862745,0.486111111111,0.960021786492
0.5,0.2,479,504,1275,239,0.506354249404,0.187450980392,0.474206349206,0.936511048864
0.5,0.2,480,504,1275,265,0.506354249404,0.207843137255,0.525793650794,1.03839091192
0.5,0.2,481,504,1275,255,0.506354249404,0.2,0.505952380952,0.999206349206
0.5,0.2,482,504,1275,260,0.506354249404,0.203921568627,0.515873015873,1.01879863056
0.5,0.2,483,504,1275,261,0.506354249404,0.204705882353,0.517857142857,1.02271708683
0.5,0.2,484,504,1275,262,0.506354249404,0.205490196078,0.519841269841,1.02663554311
0.5,0.2,485,504,1275,250,0.506354249404,0.196078431373,0.496031746032,0.979614067849
0.5,0.2,486,504,1275,249,0.506354249404,0.195294117647,0.494047619048,0.975695611578
0.5,0.2,487,504,1275,241,0.506354249404,0.189019607843,0.478174603175,0.944347961407
0.5,0.2,488,504,1275,270,0.506354249404,0.211764705882,0.535714285714,1.05798319328
0.5,0.2,489,504,1275,266,0.506354249404,0.20862745098,0.527777777778,1.04230936819
0.5,0.2,490,504,1275,251,0.506354249404,0.196862745098,0.498015873016,0.983532524121
0.5,0.2,491,504,1275,241,0.506354249404,0.189019607843,0.478174603175,0.944347961407
0.5,0.2,492,504,1275,258,0.506354249404,0.202352941176,0.511904761905,1.01096171802
0.5,0.2,493,504,1275,247,0.506354249404,0.193725490196,0.490079365079,0.967858699035
0.5,0.2,494,504,1275,249,0.506354249404,0.195294117647,0.494047619048,0.975695611578
0.5,0.2,495,504,1275,253,0.506354249404,0.198431372549,0.501984126984,0.991369436664
0.5,0.2,496,504,1275,260,0.506354249404,0.203921568627,0.515873015873,1.01879863056
0.5,0.2,497,504,1275,250,0.506354249404,0.196078431373,0.496031746032,0.979614067849
0.5,0.2,498,504,1275,258,0.506354249404,0.202352941176,0.511904761905,1.01096171802
0.5,0.2,499,504,1275,253,0.506354249404,0.198431372549,0.501984126984,0.991369436664
0.5,0.2,500,504,1275,263,0.506354249404,0.206274509804,0.521825396825,1.03055399938
0.5,0.2,501,504,1275,266,0.506354249404,0.20862745098,0.527777777778,1.04230936819
0.5,0.2,502,504,1275,265,0.506354249404,0.207843137255,0.525793650794,1.03839091192
0.5,0.2,503,504,1275,248,0.506354249404,0.194509803922,0.492063492063,0.971777155307
0.5,0.2,504,504,1275,257,0.506354249404,0.201568627451,0.509920634921,1.00704326175
0.5,0.2,505,504,1275,254,0.506354249404,0.199215686275,0.503968253968,0.995287892935
0.5,0.2,506,504,1275,261,0.506354249404,0.204705882353,0.517857142857,1.02271708683
0.5,0.2,507,504,1275,253,0.506354249404,0.198431372549,0.501984126984,0.991369436664
0.5,0.2,508,504,1275,267,0.506354249404,0.209411764706,0.529761904762,1.04622782446
0.5,0.2,509,504,1275,275,0.506354249404,0.21568627451,0.545634920635,1.07757547463
0.5,0.2,510,504,1275,250,0.506354249404,0.196078431373,0.496031746032,0.979614067849
0.5,0.2,511,504,1275,227,0.506354249404,0.178039215686,0.450396825397,0.889489573607
0.5,0.2,512,504,1275,270,0.506354249404,0.211764705882,0.535714285714,1.05798319328
0.5,0.2,513,504,1275,248,0.506354249404,0.194509803922,0.492063492063,0.971777155307
0.5,0.2,514,504,1275,259,0.506354249404,0.203137254902,0.513888888889,1.01488017429
0.5,0.2,515,504,1275,268,0.506354249404,0.210196078431,0.531746031746,1.05014628073
0.5,0.2,516,504,1275,246,0.506354249404,0.192941176471,0.488095238095,0.963940242764
0.5,0.2,517,504,1275,245,0.506354249404,0.192156862745,0.486111111111,0.960021786492
0.5,0.2,518,504,1275,238,0.506354249404,0.186666666667,0.472222222222,0.932592592593
0.5,0.2,519,504,1275,255,0.506354249404,0.2,0.505952380952,0.999206349206
0.5,0.2,520,504,1275,253,0.506354249404,0.198431372549,0.501984126984,0.991369436664
0.5,0.2,521,504,1275,265,0.506354249404,0.207843137255,0.525793650794,1.03839091192
0.5,0.2,522,504,1275,265,0.506354249404,0.207843137255,0.525793650794,1.03839091192
0.5,0.2,523,504,1275,246,0.506354249404,0.192941176471,0.488095238095,0.963940242764
0.5,0.2,524,504,1275,258,0.506354249404,0.202352941176,0.511904761905,1.01096171802
0.5,0.2,525,504,1275,259,0.506354249404,0.203137254902,0.513888888889,1.01488017429
0.5,0.2,526,504,1275,268,0.506354249404,0.210196078431,0.531746031746,1.05014628073
0.5,0.2,527,504,1275,272,0.506354249404,0.213333333333,0.539682539683,1.06582010582
0.5,0.2,528,504,1275,259,0.506354249404,0.203137254902,0.513888888889,1.01488017429
0.5,0.2,529,504,1275,263,0.506354249404,0.206274509804,0.521825396825,1.03055399938
0.5,0.2,530,504,1275,246,0.506354249404,0.192941176471,0.488095238095,0.963940242764
0.5,0.2,531,504,1275,244,0.506354249404,0.19137254902,0.484126984127,0.956103330221
0.5,0.2,532,504,1275,254,0.506354249404,0.199215686275,0.503968253968,0.995287892935
0.5,0.2,533,504,1275,252,0.506354249404,0.197647058824,0.5,0.987450980392
0.5,0.2,534,504,1275,258,0.506354249404,0.202352941176,0.511904761905,1.01096171802
0.5,0.2,535,504,1275,250,0.506354249404,0.196078431373,0.496031746032,0.979614067849
0.5,0.2,536,504,1275,251,0.506354249404,0.196862745098,0.498015873016,0.983532524121
0.5,0.2,537,504,1275,240,0.506354249404,0.188235294118,0.47619047619,0.940429505135
0.5,0.2,538,504,1275,256,0.506354249404,0.200784313725,0.507936507937,1.00312480548
0.5,0.2,539,504,1275,269,0.506354249404,0.210980392157,0.53373015873,1.05406473701
0.5,0.2,540,504,1275,257,0.506354249404,0.201568627451,0.509920634921,1.00704326175
0.5,0.2,541,504,1275,240,0.506354249404,0.188235294118,0.47619047619,0.940429505135
0.5,0.2,542,504,1275,268,0.506354249404,0.210196078431,0.531746031746,1.05014628073
0.5,0.2,543,504,1275,275,0.506354249404,0.21568627451,0.545634920635,1.07757547463
0.5,0.2,544,504,1275,259,0.506354249404,0.203137254902,0.513888888889,1.01488017429
0.5,0.2,545,504,1275,270,0.506354249404,0.211764705882,0.535714285714,1.05798319328
0.5,0.2,546,504,1275,253,0.506354249404,0.198431372549,0.501984126984,0.991369436664
0.5,0.2,547,504,1275,252,0.506354249404,0.197647058824,0.5,0.987450980392
0.5,0.2,548,504,1275,260,0.506354249404,0.203921568627,0.515873015873,1.01879863056
0.5,0.2,549,504,1275,250,0.506354249404,0.196078431373,0.496031746032,0.979614067849
0.5,0.2,550,504,1275,254,0.506354249404,0.199215686275,0.503968253968,0.995287892935
0.5,0.2,551,504,1275,232,0.506354249404,0.181960784314,0.460317460317,0.909081854964
0.5,0.2,552,504,1275,254,0.506354249404,0.199215686275,0.503968253968,0.995287892935
0.5,0.2,553,504,1275,260,0.506354249404,0.203921568627,0.515873015873,1.01879863056
0.5,0.2,554,504,1275,243,0.506354249404,0.190588235294,0.482142857143,0.95218487395
0.5,0.2,555,504,1275,251,0.506354249404,0.196862745098,0.498015873016,0.983532524121
0.5,0.2,556,504,1275,256,0.506354249404,0.200784313725,0.507936507937,1.00312480548
0.5,0.2,557,504,1275,254,0.506354249404,0.199215686275,0.503968253968,0.995287892935
0.5,0.2,558,504,1275,243,0.506354249404,0.190588235294,0.482142857143,0.95218487395
0.5,0.2,559,504,1275,248,0.506354249404,0.194509803922,0.492063492063,0.971777155307
0.5,0.2,560,504,1275,261,0.506354249404,0.204705882353,0.517857142857,1.02271708683
0.5,0.2,561,504,1275,263,0.506354249404,0.206274509804,0.521825396825,1.03055399938
0.5,0.2,562,504,1275,270,0.506354249404,0.211764705882,0.535714285714,1.05798319328
0.5,0.2,563,504,1275,246,0.506354249404,0.192941176471,0.488095238095,0.963940242764
0.5,0.2,564,504,1275,273,0.506354249404,0.214117647059,0.541666666667,1.06973856209
0.5,0.2,565,504,1275,269,0.506354249404,0.210980392157,0.53373015873,1.05406473701
0.5,0.2,566,504,1275,249,0.506354249404,0.195294117647,0.494047619048,0.975695611578
0.5,0.2,567,504,1275,257,0.506354249404,0.201568627451,0.509920634921,1.00704326175
0.5,0.2,568,504,1275,261,0.506354249404,0.204705882353,0.517857142857,1.02271708683
0.5,0.2,569,504,1275,266,0.506354249404,0.20862745098,0.527777777778,1.04230936819
0.5,0.2,570,504,1275,259,0.506354249404,0.203137254902,0.513888888889,1.01488017429
0.5,0.2,571,504,1275,256,0.506354249404,0.200784313725,0.507936507937,1.00312480548
0.5,0.2,572,504,1275,252,0.506354249404,0.197647058824,0.5,0.987450980392
0.5,0.2,573,504,1275,260,0.506354249404,0.203921568627,0.515873015873,1.01879863056
0.5,0.2,574,504,1275,262,0.506354249404,0.205490196078,0.519841269841,1.02663554311
0.5,0.2,575,504,1275,262,0.506354249404,0.205490196078,0.519841269841,1.02663554311
0.5,0.2,576,504,1275,253,0.506354249404,0.198431372549,0.501984126984,0.991369436664
0.5,0.2,577,504,1275,266,0.506354249404,0.20862745098,0.527777777778,1.04230936819
0.5,0.2,578,504,1275,249,0.506354249404,0.195294117647,0.494047619048,0.975695611578
0.5,0.2,579,504,1275,263,0.506354249404,0.206274509804,0.521825396825,1.03055399938
0.5,0.2,580,504,1275,252,0.506354249404,0.197647058824,0.5,0.987450980392
0.5,0.2,581,504,1275,265,0.506354249404,0.207843137255,0.525793650794,1.03839091192
0.5,0.2,582,504,1275,240,0.506354249404,0.188235294118,0.47619047619,0.940429505135
0.5,0.2,583,504,1275,243,0.506354249404,0.190588235294,0.482142857143,0.95218487395
0.5,0.2,584,504,1275,237,0.506354249404,0.185882352941,0.470238095238,0.928674136321
0.5,0.2,585,504,1275,251,0.506354249404,0.196862745098,0.498015873016,0.983532524121
0.5,0.2,586,504,1275,233,0.506354249404,0.182745098039,0.462301587302,0.913000311236
0.5,0.2,587,504,1275,259,0.506354249404,0.203137254902,0.513888888889,1.01488017429
0.5,0.2,588,504,1275,244,0.506354249404,0.19137254902,0.484126984127,0.956103330221
0.5,0.2,589,504,1275,240,0.506354249404,0.188235294118,0.47619047619,0.940429505135
0.5,0.2,590,504,1275,262,0.506354249404,0.205490196078,0.519841269841,1.02663554311
0.5,0.2,591,504,1275,246,0.506354249404,0.192941176471,0.488095238095,0.963940242764
0.5,0.2,592,504,1275,252,0.506354249404,0.197647058824,0.5,0.987450980392
0.5,0.2,593,504,1275,260,0.506354249404,0.203921568627,0.515873015873,1.01879863056
0.5,0.2,594,504,1275,271,0.506354249404,0.212549019608,0.537698412698,1.06190164955
0.5,0.2,595,504,1275,238,0.506354249404,0.186666666667,0.472222222222,0.932592592593
0.5,0.2,596,504,1275,238,0.506354249404,0.186666666667,0.472222222222,0.932592592593
0.5,0.2,597,504,1275,255,0.506354249404,0.2,0.505952380952,0.999206349206
0.5,0.2,598,504,1275,235,0.506354249404,0.18431372549,0.46626984127,0.920837223778
0.5,0.2,599,504,1275,273,0.506354249404,0.214117647059,0.541666666667,1.06973856209
0.5,0.2,600,504,1275,254,0.506354249404,0.199215686275,0.503968253968,0.995287892935
0.5,0.2,601,504,1275,277,0.506354249404,0.217254901961,0.549603174603,1.08541238718
0.5,0.2,602,504,1275,247,0.506354249404,0.193725490196,0.490079365079,0.967858699035
0.5,0.2,603,504,1275,253,0.506354249404,0.198431372549,0.501984126984,0.991369436664
0.5,0.2,604,504,1275,250,0.506354249404,0.196078431373,0.496031746032,0.979614067849
0.5,0.2,605,504,1275,263,0.506354249404,0.206274509804,0.521825396825,1.03055399938
0.5,0.2,606,504,1275,255,0.506354249404,0.2,0.505952380952,0.999206349206
0.5,0.2,607,504,1275,242,0.506354249404,0.189803921569,0.480158730159,0.948266417678
0.5,0.2,608,504,1275,249,0.506354249404,0.195294117647,0.494047619048,0.975695611578
0.5,0.2,609,504,1275,254,0.506354249404,0.199215686275,0.503968253968,0.995287892935
0.5,0.2,610,504,1275,257,0.506354249404,0.201568627451,0.509920634921,1.00704326175
0.5,0.2,611,504,1275,257,0.506354249404,0.201568627451,0.509920634921,1.00704326175
0.5,0.2,612,504,1275,233,0.506354249404,0.182745098039,0.462301587302,0.913000311236
0.5,0.2,613,504,1275,239,0.506354249404,0.187450980392,0.474206349206,0.936511048864
0.5,0.2,614,504,1275,269,0.506354249404,0.210980392157,0.53373015873,1.05406473701
0.5,0.2,615,504,1275,243,0.506354249404,0.190588235294,0.482142857143,0.95218487395
0.5,0.2,616,504,1275,255,0.506354249404,0.2,0.505952380952,0.999206349206
0.5,0.2,617,504,1275,243,0.506354249404,0.190588235294,0.482142857143,0.95218487395
0.5,0.2,618,504,1275,257,0.506354249404,0.201568627451,0.509920634921,1.00704326175
0.5,0.2,619,504,1275,264,0.506354249404,0.207058823529,0.52380952381,1.03447245565
0.5,0.2,620,504,1275,257,0.506354249404,0.201568627451,0.509920634921,1.00704326175
0.5,0.2,621,504,1275,257,0.506354249404,0.201568627451,0.509920634921,1.00704326175
0.5,0.2,622,504,1275,249,0.506354249404,0.195294117647,0.494047619048,0.975695611578
0.5,0.2,623,504,1275,248,0.506354249404,0.194509803922,0.492063492063,0.971777155307
0.5,0.2,624,504,1275,247,0.506354249404,0.193725490196,0.490079365079,0.967858699035
0.5,0.2,625,504,1275,246,0.506354249404,0.192941176471,0.488095238095,0.963940242764
0.5,0.2,626,504,1275,258,0.506354249404,0.202352941176,0.511904761905,1.01096171802
0.5,0.2,627,504,1275,271,0.506354249404,0.212549019608,0.537698412698,1.06190164955
0.5,0.2,628,504,1275,255,0.506354249404,0.2,0.505952380952,0.999206349206
0.5,0.2,629,504,1275,256,0.506354249404,0.200784313725,0.507936507937,1.00312480548
0.5,0.2,630,504,1275,255,0.506354249404,0.2,0.505952380952,0.999206349206
0.5,0.2,631,504,1275,253,0.506354249404,0.198431372549,0.501984126984,0.991369436664
0.5,0.2,632,504,1275,249,0.506354249404,0.195294117647,0.494047619048,0.975695611578
0.5,0.2,633,504,1275,247,0.506354249404,0.193725490196,0.490079365079,0.967858699035
0.5,0.2,634,504,1275,258,0.506354249404,0.202352941176,0.511904761905,1.01096171802
0.5,0.2,635,504,1275,268,0.506354249404,0.210196078431,0.531746031746,1.05014628073
0.5,0.2,636,504,1275,273,0.506354249404,0.214117647059,0.541666666667,1.06973856209
0.5,0.2,637,504,1275,261,0.506354249404,0.204705882353,0.517857142857,1.02271708683
0.5,0.2,638,504,1275,252,0.506354249404,0.197647058824,0.5,0.987450980392
0.5,0.2,639,504,1275,242,0.506354249404,0.189803921569,0.480158730159,0.948266417678
0.5,0.2,640,504,1275,254,0.506354249404,0.199215686275,0.503968253968,0.995287892935
0.5,0.2,641,504,1275,252,0.506354249404,0.197647058824,0.5,0.987450980392
0.5,0.2,642,504,1275,245,0.506354249404,0.192156862745,0.486111111111,0.960021786492
0.5,0.2,643,504,1275,248,0.506354249404,0.194509803922,0.492063492063,0.971777155307
0.5,0.2,644,504,1275,242,0.506354249404,0.189803921569,0.480158730159,0.948266417678
0.5,0.2,645,504,1275,252,0.506354249404,0.197647058824,0.5,0.987450980392
0.5,0.2,646,504,1275,257,0.506354249404,0.201568627451,0.509920634921,1.00704326175
0.5,0.2,647,504,1275,260,0.506354249404,0.203921568627,0.515873015873,1.01879863056
0.5,0.2,648,504,1275,242,0.506354249404,0.189803921569,0.480158730159,0.948266417678
0.5,0.2,649,504,1275,257,0.506354249404,0.201568627451,0.509920634921,1.00704326175
0.5,0.2,650,504,1275,251,0.506354249404,0.196862745098,0.498015873016,0.983532524121
0.5,0.2,651,504,1275,270,0.506354249404,0.211764705882,0.535714285714,1.05798319328
0.5,0.2,652,504,1275,280,0.506354249404,0.219607843137,0.555555555556,1.09716775599
0.5,0.2,653,504,1275,250,0.506354249404,0.196078431373,0.496031746032,0.979614067849
0.5,0.2,654,504,1275,239,0.506354249404,0.187450980392,0.474206349206,0.936511048864
0.5,0.2,655,504,1275,267,0.506354249404,0.209411764706,0.529761904762,1.04622782446
0.5,0.2,656,504,1275,251,0.506354249404,0.196862745098,0.498015873016,0.983532524121
0.5,0.2,657,504,1275,272,0.506354249404,0.213333333333,0.539682539683,1.06582010582
0.5,0.2,658,504,1275,246,0.506354249404,0.192941176471,0.488095238095,0.963940242764
0.5,0.2,659,504,1275,245,0.506354249404,0.192156862745,0.486111111111,0.960021786492
0.5,0.2,660,504,1275,252,0.506354249404,0.197647058824,0.5,0.987450980392
0.5,0.2,661,504,1275,245,0.506354249404,0.192156862745,0.486111111111,0.960021786492
0.5,0.2,662,504,1275,255,0.506354249404,0.2,0.505952380952,0.999206349206
0.5,0.2,663,504,1275,234,0.506354249404,0.183529411765,0.464285714286,0.916918767507
0.5,0.2,664,504,1275,246,0.506354249404,0.192941176471,0.488095238095,0.963940242764
0.5,0.2,665,504,1275,263,0.506354249404,0.206274509804,0.521825396825,1.03055399938
0.5,0.2,666,504,1275,252,0.506354249404,0.197647058824,0.5,0.987450980392
0.5,0.2,667,504,1275,270,0.506354249404,0.211764705882,0.535714285714,1.05798319328
0.5,0.2,668,504,1275,258,0.506354249404,0.202352941176,0.511904761905,1.01096171802
0.5,0.2,669,504,1275,260,0.506354249404,0.203921568627,0.515873015873,1.01879863056
0.5,0.2,670,504,1275,266,0.506354249404,0.20862745098,0.527777777778,1.04230936819
0.5,0.2,671,504,1275,250,0.506354249404,0.196078431373,0.496031746032,0.979614067849
0.5,0.2,672,504,1275,254,0.506354249404,0.199215686275,0.503968253968,0.995287892935
0.5,0.2,673,504,1275,269,0.506354249404,0.210980392157,0.53373015873,1.05406473701
0.5,0.2,674,504,1275,245,0.506354249404,0.192156862745,0.486111111111,0.960021786492
0.5,0.2,675,504,1275,236,0.506354249404,0.185098039216,0.468253968254,0.92475568005
0.5,0.2,676,504,1275,258,0.506354249404,0.202352941176,0.511904761905,1.01096171802
0.5,0.2,677,504,1275,250,0.506354249404,0.196078431373,0.496031746032,0.979614067849
0.5,0.2,678,504,1275,251,0.506354249404,0.196862745098,0.498015873016,0.983532524121
0.5,0.2,679,504,1275,239,0.506354249404,0.187450980392,0.474206349206,0.936511048864
0.5,0.2,680,504,1275,243,0.506354249404,0.190588235294,0.482142857143,0.95218487395
0.5,0.2,681,504,1275,272,0.506354249404,0.213333333333,0.539682539683,1.06582010582
0.5,0.2,682,504,1275,259,0.506354249404,0.203137254902,0.513888888889,1.01488017429
0.5,0.2,683,504,1275,262,0.506354249404,0.205490196078,0.519841269841,1.02663554311
0.5,0.2,684,504,1275,265,0.506354249404,0.207843137255,0.525793650794,1.03839091192
0.5,0.2,685,504,1275,245,0.506354249404,0.192156862745,0.486111111111,0.960021786492
0.5,0.2,686,504,1275,262,0.506354249404,0.205490196078,0.519841269841,1.02663554311
0.5,0.2,687,504,1275,245,0.506354249404,0.192156862745,0.486111111111,0.960021786492
0.5,0.2,688,504,1275,256,0.506354249404,0.200784313725,0.507936507937,1.00312480548
0.5,0.2,689,504,1275,256,0.506354249404,0.200784313725,0.507936507937,1.00312480548
0.5,0.2,690,504,1275,256,0.506354249404,0.200784313725,0.507936507937,1.00312480548
0.5,0.2,691,504,1275,281,0.506354249404,0.220392156863,0.55753968254,1.10108621226
0.5,0.2,692,504,1275,243,0.506354249404,0.190588235294,0.482142857143,0.95218487395
0.5,0.2,693,504,1275,265,0.506354249404,0.207843137255,0.525793650794,1.03839091192
0.5,0.2,694,504,1275,257,0.506354249404,0.201568627451,0.509920634921,1.00704326175
0.5,0.2,695,504,1275,239,0.506354249404,0.187450980392,0.474206349206,0.936511048864
0.5,0.2,696,504,1275,280,0.506354249404,0.219607843137,0.555555555556,1.09716775599
0.5,0.2,697,504,1275,246,0.506354249404,0.192941176471,0.488095238095,0.963940242764
0.5,0.2,698,504,1275,245,0.506354249404,0.192156862745,0.486111111111,0.960021786492
0.5,0.2,699,504,1275,251,0.506354249404,0.196862745098,0.498015873016,0.983532524121
0.5,0.2,700,504,1275,271,0.506354249404,0.212549019608,0.537698412698,1.06190164955
0.5,0.2,701,504,1275,249,0.506354249404,0.195294117647,0.494047619048,0.975695611578
0.5,0.2,702,504,1275,245,0.506354249404,0.192156862745,0.486111111111,0.960021786492
0.5,0.2,703,504,1275,262,0.506354249404,0.205490196078,0.519841269841,1.02663554311
0.5,0.2,704,504,1275,262,0.506354249404,0.205490196078,0.519841269841,1.02663554311
0.5,0.2,705,504,1275,267,0.506354249404,0.209411764706,0.529761904762,1.04622782446
0.5,0.2,706,504,1275,267,0.506354249404,0.209411764706,0.529761904762,1.04622782446
0.5,0.2,707,504,1275,269,0.506354249404,0.210980392157,0.53373015873,1.05406473701
0.5,0.2,708,504,1275,219,0.506354249404,0.171764705882,0.434523809524,0.858141923436
0.5,0.2,709,504,1275,248,0.506354249404,0.194509803922,0.492063492063,0.971777155307
0.5,0.2,710,504,1275,246,0.506354249404,0.192941176471,0.488095238095,0.963940242764
0.5,0.2,711,504,1275,264,0.506354249404,0.207058823529,0.52380952381,1.03447245565
0.5,0.2,712,504,1275,248,0.506354249404,0.194509803922,0.492063492063,0.971777155307
0.5,0.2,713,504,1275,264,0.506354249404,0.207058823529,0.52380952381,1.03447245565
0.5,0.2,714,504,1275,249,0.506354249404,0.195294117647,0.494047619048,0.975695611578
0.5,0.2,715,504,1275,258,0.506354249404,0.202352941176,0.511904761905,1.01096171802
0.5,0.2,716,504,1275,260,0.506354249404,0.203921568627,0.515873015873,1.01879863056
0.5,0.2,717,504,1275,252,0.506354249404,0.197647058824,0.5,0.987450980392
0.5,0.2,718,504,1275,264,0.506354249404,0.207058823529,0.52380952381,1.03447245565
0.5,0.2,719,504,1275,257,0.506354249404,0.201568627451,0.509920634921,1.00704326175
0.5,0.2,720,504,1275,262,0.506354249404,0.205490196078,0.519841269841,1.02663554311
0.5,0.2,721,504,1275,256,0.506354249404,0.200784313725,0.507936507937,1.00312480548
0.5,0.2,722,504,1275,271,0.506354249404,0.212549019608,0.537698412698,1.06190164955
0.5,0.2,723,504,1275,243,0.506354249404,0.190588235294,0.482142857143,0.95218487395
0.5,0.2,724,504,1275,263,0.506354249404,0.206274509804,0.521825396825,1.03055399938
0.5,0.2,725,504,1275,250,0.506354249404,0.196078431373,0.496031746032,0.979614067849
0.5,0.2,726,504,1275,268,0.506354249404,0.210196078431,0.531746031746,1.05014628073
0.5,0.2,727,504,1275,268,0.506354249404,0.210196078431,0.531746031746,1.05014628073
0.5,0.2,728,504,1275,268,0.506354249404,0.210196078431,0.531746031746,1.05014628073
0.5,0.2,729,504,1275,243,0.506354249404,0.190588235294,0.482142857143,0.95218487395
0.5,0.2,730,504,1275,256,0.506354249404,0.200784313725,0.507936507937,1.00312480548
0.5,0.2,731,504,1275,257,0.506354249404,0.201568627451,0.509920634921,1.00704326175
0.5,0.2,732,504,1275,269,0.506354249404,0.210980392157,0.53373015873,1.05406473701
0.5,0.2,733,504,1275,255,0.506354249404,0.2,0.505952380952,0.999206349206
0.5,0.2,734,504,1275,243,0.506354249404,0.190588235294,0.482142857143,0.95218487395
0.5,0.2,735,504,1275,241,0.506354249404,0.189019607843,0.478174603175,0.944347961407
0.5,0.2,736,504,1275,257,0.506354249404,0.201568627451,0.509920634921,1.00704326175
0.5,0.2,737,504,1275,277,0.506354249404,0.217254901961,0.549603174603,1.08541238718
0.5,0.2,738,504,1275,258,0.506354249404,0.202352941176,0.511904761905,1.01096171802
0.5,0.2,739,504,1275,247,0.506354249404,0.193725490196,0.490079365079,0.967858699035
0.5,0.2,740,504,1275,262,0.506354249404,0.205490196078,0.519841269841,1.02663554311
0.5,0.2,741,504,1275,245,0.506354249404,0.192156862745,0.486111111111,0.960021786492
0.5,0.2,742,504,1275,262,0.506354249404,0.205490196078,0.519841269841,1.02663554311
0.5,0.2,743,504,1275,256,0.506354249404,0.200784313725,0.507936507937,1.00312480548
0.5,0.2,744,504,1275,269,0.506354249404,0.210980392157,0.53373015873,1.05406473701
0.5,0.2,745,504,1275,272,0.506354249404,0.213333333333,0.539682539683,1.06582010582
0.5,0.2,746,504,1275,272,0.506354249404,0.213333333333,0.539682539683,1.06582010582
0.5,0.2,747,504,1275,253,0.506354249404,0.198431372549,0.501984126984,0.991369436664
0.5,0.2,748,504,1275,268,0.506354249404,0.210196078431,0.531746031746,1.05014628073
0.5,0.2,749,504,1275,266,0.506354249404,0.20862745098,0.527777777778,1.04230936819
0.5,0.2,750,504,1275,267,0.506354249404,0.209411764706,0.529761904762,1.04622782446
0.5,0.2,751,504,1275,247,0.506354249404,0.193725490196,0.490079365079,0.967858699035
0.5,0.2,752,504,1275,268,0.506354249404,0.210196078431,0.531746031746,1.05014628073
0.5,0.2,753,504,1275,247,0.506354249404,0.193725490196,0.490079365079,0.967858699035
0.5,0.2,754,504,1275,255,0.506354249404,0.2,0.505952380952,0.999206349206
0.5,0.2,755,504,1275,251,0.506354249404,0.196862745098,0.498015873016,0.983532524121
0.5,0.2,756,504,1275,244,0.506354249404,0.19137254902,0.484126984127,0.956103330221
0.5,0.2,757,504,1275,251,0.506354249404,0.196862745098,0.498015873016,0.983532524121
0.5,0.2,758,504,1275,252,0.506354249404,0.197647058824,0.5,0.987450980392
0.5,0.2,759,504,1275,242,0.506354249404,0.189803921569,0.480158730159,0.948266417678
0.5,0.2,760,504,1275,249,0.506354249404,0.195294117647,0.494047619048,0.975695611578
0.5,0.2,761,504,1275,269,0.506354249404,0.210980392157,0.53373015873,1.05406473701
0.5,0.2,762,504,1275,259,0.506354249404,0.203137254902,0.513888888889,1.01488017429
0.5,0.2,763,504,1275,273,0.506354249404,0.214117647059,0.541666666667,1.06973856209
0.5,0.2,764,504,1275,276,0.506354249404,0.216470588235,0.547619047619,1.08149393091
0.5,0.2,765,504,1275,270,0.506354249404,0.211764705882,0.535714285714,1.05798319328
0.5,0.2,766,504,1275,259,0.506354249404,0.203137254902,0.513888888889,1.01488017429
0.5,0.2,767,504,1275,257,0.506354249404,0.201568627451,0.509920634921,1.00704326175
0.5,0.2,768,504,1275,262,0.506354249404,0.205490196078,0.519841269841,1.02663554311
0.5,0.2,769,504,1275,253,0.506354249404,0.198431372549,0.501984126984,0.991369436664
0.5,0.2,770,504,1275,247,0.506354249404,0.193725490196,0.490079365079,0.967858699035
0.5,0.2,771,504,1275,261,0.506354249404,0.204705882353,0.517857142857,1.02271708683
0.5,0.2,772,504,1275,244,0.506354249404,0.19137254902,0.484126984127,0.956103330221
0.5,0.2,773,504,1275,242,0.506354249404,0.189803921569,0.480158730159,0.948266417678
0.5,0.2,774,504,1275,257,0.506354249404,0.201568627451,0.509920634921,1.00704326175
0.5,0.2,775,504,1275,259,0.506354249404,0.203137254902,0.513888888889,1.01488017429
0.5,0.2,776,504,1275,253,0.506354249404,0.198431372549,0.501984126984,0.991369436664
0.5,0.2,777,504,1275,255,0.506354249404,0.2,0.505952380952,0.999206349206
0.5,0.2,778,504,1275,254,0.506354249404,0.199215686275,0.503968253968,0.995287892935
0.5,0.2,779,504,1275,259,0.506354249404,0.203137254902,0.513888888889,1.01488017429
0.5,0.2,780,504,1275,253,0.506354249404,0.198431372549,0.501984126984,0.991369436664
0.5,0.2,781,504,1275,255,0.506354249404,0.2,0.505952380952,0.999206349206
0.5,0.2,782,504,1275,265,0.506354249404,0.207843137255,0.525793650794,1.03839091192
0.5,0.2,783,504,1275,241,0.506354249404,0.189019607843,0.478174603175,0.944347961407
0.5,0.2,784,504,1275,268,0.506354249404,0.210196078431,0.531746031746,1.05014628073
0.5,0.2,785,504,1275,258,0.506354249404,0.202352941176,0.511904761905,1.01096171802
0.5,0.2,786,504,1275,271,0.506354249404,0.212549019608,0.537698412698,1.06190164955
0.5,0.2,787,504,1275,249,0.506354249404,0.195294117647,0.494047619048,0.975695611578
0.5,0.2,788,504,1275,267,0.506354249404,0.209411764706,0.529761904762,1.04622782446
0.5,0.2,789,504,1275,256,0.506354249404,0.200784313725,0.507936507937,1.00312480548
0.5,0.2,790,504,1275,261,0.506354249404,0.204705882353,0.517857142857,1.02271708683
0.5,0.2,791,504,1275,257,0.506354249404,0.201568627451,0.509920634921,1.00704326175
0.5,0.2,792,504,1275,257,0.506354249404,0.201568627451,0.509920634921,1.00704326175
0.5,0.2,793,504,1275,245,0.506354249404,0.192156862745,0.486111111111,0.960021786492
0.5,0.2,794,504,1275,260,0.506354249404,0.203921568627,0.515873015873,1.01879863056
0.5,0.2,795,504,1275,255,0.506354249404,0.2,0.505952380952,0.999206349206
0.5,0.2,796,504,1275,262,0.506354249404,0.205490196078,0.519841269841,1.02663554311
0.5,0.2,797,504,1275,262,0.506354249404,0.205490196078,0.519841269841,1.02663554311
0.5,0.2,798,504,1275,263,0.506354249404,0.206274509804,0.521825396825,1.03055399938
0.5,0.2,799,504,1275,247,0.506354249404,0.193725490196,0.490079365079,0.967858699035
0.5,0.2,800,504,1275,246,0.506354249404,0.192941176471,0.488095238095,0.963940242764
0.5,0.2,801,504,1275,258,0.506354249404,0.202352941176,0.511904761905,1.01096171802
0.5,0.2,802,504,1275,249,0.506354249404,0.195294117647,0.494047619048,0.975695611578
0.5,0.2,803,504,1275,249,0.506354249404,0.195294117647,0.494047619048,0.975695611578
0.5,0.2,804,504,1275,246,0.506354249404,0.192941176471,0.488095238095,0.963940242764
0.5,0.2,805,504,1275,256,0.506354249404,0.200784313725,0.507936507937,1.00312480548
0.5,0.2,806,504,1275,257,0.506354249404,0.201568627451,0.509920634921,1.00704326175
0.5,0.2,807,504,1275,252,0.506354249404,0.197647058824,0.5,0.987450980392
0.5,0.2,808,504,1275,254,0.506354249404,0.199215686275,0.503968253968,0.995287892935
0.5,0.2,809,504,1275,244,0.506354249404,0.19137254902,0.484126984127,0.956103330221
0.5,0.2,810,504,1275,254,0.506354249404,0.199215686275,0.503968253968,0.995287892935
0.5,0.2,811,504,1275,262,0.506354249404,0.205490196078,0.519841269841,1.02663554311
0.5,0.2,812,504,1275,258,0.506354249404,0.202352941176,0.511904761905,1.01096171802
0.5,0.2,813,504,1275,241,0.506354249404,0.189019607843,0.478174603175,0.944347961407
0.5,0.2,814,504,1275,258,0.506354249404,0.202352941176,0.511904761905,1.01096171802
0.5,0.2,815,504,1275,282,0.506354249404,0.221176470588,0.559523809524,1.10500466853
0.5,0.2,816,504,1275,266,0.506354249404,0.20862745098,0.527777777778,1.04230936819
0.5,0.2,817,504,1275,259,0.506354249404,0.203137254902,0.513888888889,1.01488017429
0.5,0.2,818,504,1275,240,0.506354249404,0.188235294118,0.47619047619,0.940429505135
0.5,0.2,819,504,1275,239,0.506354249404,0.187450980392,0.474206349206,0.936511048864
0.5,0.2,820,504,1275,252,0.506354249404,0.197647058824,0.5,0.987450980392
0.5,0.2,821,504,1275,256,0.506354249404,0.200784313725,0.507936507937,1.00312480548
0.5,0.2,822,504,1275,264,0.506354249404,0.207058823529,0.52380952381,1.03447245565
0.5,0.2,823,504,1275,262,0.506354249404,0.205490196078,0.519841269841,1.02663554311
0.5,0.2,824,504,1275,255,0.506354249404,0.2,0.505952380952,0.999206349206
0.5,0.2,825,504,1275,269,0.506354249404,0.210980392157,0.53373015873,1.05406473701
0.5,0.2,826,504,1275,230,0.506354249404,0.180392156863,0.456349206349,0.901244942421
0.5,0.2,827,504,1275,264,0.506354249404,0.207058823529,0.52380952381,1.03447245565
0.5,0.2,828,504,1275,258,0.506354249404,0.202352941176,0.511904761905,1.01096171802
0.5,0.2,829,504,1275,263,0.506354249404,0.206274509804,0.521825396825,1.03055399938
0.5,0.2,830,504,1275,249,0.506354249404,0.195294117647,0.494047619048,0.975695611578
0.5,0.2,831,504,1275,250,0.506354249404,0.196078431373,0.496031746032,0.979614067849
0.5,0.2,832,504,1275,259,0.506354249404,0.203137254902,0.513888888889,1.01488017429
0.5,0.2,833,504,1275,263,0.506354249404,0.206274509804,0.521825396825,1.03055399938
0.5,0.2,834,504,1275,253,0.506354249404,0.198431372549,0.501984126984,0.991369436664
0.5,0.2,835,504,1275,253,0.506354249404,0.198431372549,0.501984126984,0.991369436664
0.5,0.2,836,504,1275,269,0.506354249404,0.210980392157,0.53373015873,1.05406473701
0.5,0.2,837,504,1275,265,0.506354249404,0.207843137255,0.525793650794,1.03839091192
0.5,0.2,838,504,1275,273,0.506354249404,0.214117647059,0.541666666667,1.06973856209
0.5,0.2,839,504,1275,247,0.506354249404,0.193725490196,0.490079365079,0.967858699035
0.5,0.2,840,504,1275,268,0.506354249404,0.210196078431,0.531746031746,1.05014628073
0.5,0.2,841,504,1275,248,0.506354249404,0.194509803922,0.492063492063,0.971777155307
0.5,0.2,842,504,1275,258,0.506354249404,0.202352941176,0.511904761905,1.01096171802
0.5,0.2,843,504,1275,251,0.506354249404,0.196862745098,0.498015873016,0.983532524121
0.5,0.2,844,504,1275,260,0.506354249404,0.203921568627,0.515873015873,1.01879863056
0.5,0.2,845,504,1275,256,0.506354249404,0.200784313725,0.507936507937,1.00312480548
0.5,0.2,846,504,1275,248,0.506354249404,0.194509803922,0.492063492063,0.971777155307
0.5,0.2,847,504,1275,247,0.506354249404,0.193725490196,0.490079365079,0.967858699035
0.5,0.2,848,504,1275,251,0.506354249404,0.196862745098,0.498015873016,0.983532524121
0.5,0.2,849,504,1275,256,0.506354249404,0.200784313725,0.507936507937,1.00312480548
0.5,0.2,850,504,1275,241,0.506354249404,0.189019607843,0.478174603175,0.944347961407
0.5,0.2,851,504,1275,259,0.506354249404,0.203137254902,0.513888888889,1.01488017429
0.5,0.2,852,504,1275,260,0.506354249404,0.203921568627,0.515873015873,1.01879863056
0.5,0.2,853,504,1275,250,0.506354249404,0.196078431373,0.496031746032,0.979614067849
0.5,0.2,854,504,1275,263,0.506354249404,0.206274509804,0.521825396825,1.03055399938
0.5,0.2,855,504,1275,261,0.506354249404,0.204705882353,0.517857142857,1.02271708683
0.5,0.2,856,504,1275,248,0.506354249404,0.194509803922,0.492063492063,0.971777155307
0.5,0.2,857,504,1275,254,0.506354249404,0.199215686275,0.503968253968,0.995287892935
0.5,0.2,858,504,1275,258,0.506354249404,0.202352941176,0.511904761905,1.01096171802
0.5,0.2,859,504,1275,280,0.506354249404,0.219607843137,0.555555555556,1.09716775599
0.5,0.2,860,504,1275,250,0.506354249404,0.196078431373,0.496031746032,0.979614067849
0.5,0.2,861,504,1275,256,0.506354249404,0.200784313725,0.507936507937,1.00312480548
0.5,0.2,862,504,1275,257,0.506354249404,0.201568627451,0.509920634921,1.00704326175
0.5,0.2,863,504,1275,247,0.506354249404,0.193725490196,0.490079365079,0.967858699035
0.5,0.2,864,504,1275,254,0.506354249404,0.199215686275,0.503968253968,0.995287892935
0.5,0.2,865,504,1275,258,0.506354249404,0.202352941176,0.511904761905,1.01096171802
0.5,0.2,866,504,1275,236,0.506354249404,0.185098039216,0.468253968254,0.92475568005
0.5,0.2,867,504,1275,247,0.506354249404,0.193725490196,0.490079365079,0.967858699035
0.5,0.2,868,504,1275,248,0.506354249404,0.194509803922,0.492063492063,0.971777155307
0.5,0.2,869,504,1275,260,0.506354249404,0.203921568627,0.515873015873,1.01879863056
0.5,0.2,870,504,1275,249,0.506354249404,0.195294117647,0.494047619048,0.975695611578
0.5,0.2,871,504,1275,257,0.506354249404,0.201568627451,0.509920634921,1.00704326175
0.5,0.2,872,504,1275,275,0.506354249404,0.21568627451,0.545634920635,1.07757547463
0.5,0.2,873,504,1275,259,0.506354249404,0.203137254902,0.513888888889,1.01488017429
0.5,0.2,874,504,1275,266,0.506354249404,0.20862745098,0.527777777778,1.04230936819
0.5,0.2,875,504,1275,245,0.506354249404,0.192156862745,0.486111111111,0.960021786492
0.5,0.2,876,504,1275,258,0.506354249404,0.202352941176,0.511904761905,1.01096171802
0.5,0.2,877,504,1275,258,0.506354249404,0.202352941176,0.511904761905,1.01096171802
0.5,0.2,878,504,1275,269,0.506354249404,0.210980392157,0.53373015873,1.05406473701
0.5,0.2,879,504,1275,248,0.506354249404,0.194509803922,0.492063492063,0.971777155307
0.5,0.2,880,504,1275,240,0.506354249404,0.188235294118,0.47619047619,0.940429505135
0.5,0.2,881,504,1275,252,0.506354249404,0.197647058824,0.5,0.987450980392
0.5,0.2,882,504,1275,254,0.506354249404,0.199215686275,0.503968253968,0.995287892935
0.5,0.2,883,504,1275,254,0.506354249404,0.199215686275,0.503968253968,0.995287892935
0.5,0.2,884,504,1275,242,0.506354249404,0.189803921569,0.480158730159,0.948266417678
0.5,0.2,885,504,1275,248,0.506354249404,0.194509803922,0.492063492063,0.971777155307
0.5,0.2,886,504,1275,247,0.506354249404,0.193725490196,0.490079365079,0.967858699035
0.5,0.2,887,504,1275,254,0.506354249404,0.199215686275,0.503968253968,0.995287892935
0.5,0.2,888,504,1275,257,0.506354249404,0.201568627451,0.509920634921,1.00704326175
0.5,0.2,889,504,1275,264,0.506354249404,0.207058823529,0.52380952381,1.03447245565
0.5,0.2,890,504,1275,247,0.506354249404,0.193725490196,0.490079365079,0.967858699035
0.5,0.2,891,504,1275,242,0.506354249404,0.189803921569,0.480158730159,0.948266417678
0.5,0.2,892,504,1275,276,0.506354249404,0.216470588235,0.547619047619,1.08149393091
0.5,0.2,893,504,1275,250,0.506354249404,0.196078431373,0.496031746032,0.979614067849
0.5,0.2,894,504,1275,254,0.506354249404,0.199215686275,0.503968253968,0.995287892935
0.5,0.2,895,504,1275,259,0.506354249404,0.203137254902,0.513888888889,1.01488017429
0.5,0.2,896,504,1275,250,0.506354249404,0.196078431373,0.496031746032,0.979614067849
0.5,0.2,897,504,1275,246,0.506354249404,0.192941176471,0.488095238095,0.963940242764
0.5,0.2,898,504,1275,263,0.506354249404,0.206274509804,0.521825396825,1.03055399938
0.5,0.2,899,504,1275,254,0.506354249404,0.199215686275,0.503968253968,0.995287892935
0.5,0.2,900,504,1275,258,0.506354249404,0.202352941176,0.511904761905,1.01096171802
0.5,0.2,901,504,1275,269,0.506354249404,0.210980392157,0.53373015873,1.05406473701
0.5,0.2,902,504,1275,252,0.506354249404,0.197647058824,0.5,0.987450980392
0.5,0.2,903,504,1275,263,0.506354249404,0.206274509804,0.521825396825,1.03055399938
0.5,0.2,904,504,1275,255,0.506354249404,0.2,0.505952380952,0.999206349206
0.5,0.2,905,504,1275,256,0.506354249404,0.200784313725,0.507936507937,1.00312480548
0.5,0.2,906,504,1275,236,0.506354249404,0.185098039216,0.468253968254,0.92475568005
0.5,0.2,907,504,1275,260,0.506354249404,0.203921568627,0.515873015873,1.01879863056
0.5,0.2,908,504,1275,245,0.506354249404,0.192156862745,0.486111111111,0.960021786492
0.5,0.2,909,504,1275,266,0.506354249404,0.20862745098,0.527777777778,1.04230936819
0.5,0.2,910,504,1275,253,0.506354249404,0.198431372549,0.501984126984,0.991369436664
0.5,0.2,911,504,1275,253,0.506354249404,0.198431372549,0.501984126984,0.991369436664
0.5,0.2,912,504,1275,266,0.506354249404,0.20862745098,0.527777777778,1.04230936819
0.5,0.2,913,504,1275,252,0.506354249404,0.197647058824,0.5,0.987450980392
0.5,0.2,914,504,1275,267,0.506354249404,0.209411764706,0.529761904762,1.04622782446
0.5,0.2,915,504,1275,256,0.506354249404,0.200784313725,0.507936507937,1.00312480548
0.5,0.2,916,504,1275,252,0.506354249404,0.197647058824,0.5,0.987450980392
0.5,0.2,917,504,1275,248,0.506354249404,0.194509803922,0.492063492063,0.971777155307
0.5,0.2,918,504,1275,253,0.506354249404,0.198431372549,0.501984126984,0.991369436664
0.5,0.2,919,504,1275,244,0.506354249404,0.19137254902,0.484126984127,0.956103330221
0.5,0.2,920,504,1275,260,0.506354249404,0.203921568627,0.515873015873,1.01879863056
0.5,0.2,921,504,1275,258,0.506354249404,0.202352941176,0.511904761905,1.01096171802
0.5,0.2,922,504,1275,248,0.506354249404,0.194509803922,0.492063492063,0.971777155307
0.5,0.2,923,504,1275,239,0.506354249404,0.187450980392,0.474206349206,0.936511048864
0.5,0.2,924,504,1275,254,0.506354249404,0.199215686275,0.503968253968,0.995287892935
0.5,0.2,925,504,1275,256,0.506354249404,0.200784313725,0.507936507937,1.00312480548
0.5,0.2,926,504,1275,255,0.506354249404,0.2,0.505952380952,0.999206349206
0.5,0.2,927,504,1275,260,0.506354249404,0.203921568627,0.515873015873,1.01879863056
0.5,0.2,928,504,1275,253,0.506354249404,0.198431372549,0.501984126984,0.991369436664
0.5,0.2,929,504,1275,259,0.506354249404,0.203137254902,0.513888888889,1.01488017429
0.5,0.2,930,504,1275,241,0.506354249404,0.189019607843,0.478174603175,0.944347961407
0.5,0.2,931,504,1275,256,0.506354249404,0.200784313725,0.507936507937,1.00312480548
0.5,0.2,932,504,1275,270,0.506354249404,0.211764705882,0.535714285714,1.05798319328
0.5,0.2,933,504,1275,247,0.506354249404,0.193725490196,0.490079365079,0.967858699035
0.5,0.2,934,504,1275,254,0.506354249404,0.199215686275,0.503968253968,0.995287892935
0.5,0.2,935,504,1275,257,0.506354249404,0.201568627451,0.509920634921,1.00704326175
0.5,0.2,936,504,1275,260,0.506354249404,0.203921568627,0.515873015873,1.01879863056
0.5,0.2,937,504,1275,258,0.506354249404,0.202352941176,0.511904761905,1.01096171802
0.5,0.2,938,504,1275,254,0.506354249404,0.199215686275,0.503968253968,0.995287892935
0.5,0.2,939,504,1275,262,0.506354249404,0.205490196078,0.519841269841,1.02663554311
0.5,0.2,940,504,1275,247,0.506354249404,0.193725490196,0.490079365079,0.967858699035
0.5,0.2,941,504,1275,248,0.506354249404,0.194509803922,0.492063492063,0.971777155307
0.5,0.2,942,504,1275,240,0.506354249404,0.188235294118,0.47619047619,0.940429505135
0.5,0.2,943,504,1275,272,0.506354249404,0.213333333333,0.539682539683,1.06582010582
0.5,0.2,944,504,1275,259,0.506354249404,0.203137254902,0.513888888889,1.01488017429
0.5,0.2,945,504,1275,237,0.506354249404,0.185882352941,0.470238095238,0.928674136321
0.5,0.2,946,504,1275,246,0.506354249404,0.192941176471,0.488095238095,0.963940242764
0.5,0.2,947,504,1275,223,0.506354249404,0.174901960784,0.44246031746,0.873815748522
0.5,0.2,948,504,1275,249,0.506354249404,0.195294117647,0.494047619048,0.975695611578
0.5,0.2,949,504,1275,244,0.506354249404,0.19137254902,0.484126984127,0.956103330221
0.5,0.2,950,504,1275,254,0.506354249404,0.199215686275,0.503968253968,0.995287892935
0.5,0.2,951,504,1275,256,0.506354249404,0.200784313725,0.507936507937,1.00312480548
0.5,0.2,952,504,1275,246,0.506354249404,0.192941176471,0.488095238095,0.963940242764
0.5,0.2,953,504,1275,261,0.506354249404,0.204705882353,0.517857142857,1.02271708683
0.5,0.2,954,504,1275,239,0.506354249404,0.187450980392,0.474206349206,0.936511048864
0.5,0.2,955,504,1275,254,0.506354249404,0.199215686275,0.503968253968,0.995287892935
0.5,0.2,956,504,1275,258,0.506354249404,0.202352941176,0.511904761905,1.01096171802
0.5,0.2,957,504,1275,263,0.506354249404,0.206274509804,0.521825396825,1.03055399938
0.5,0.2,958,504,1275,247,0.506354249404,0.193725490196,0.490079365079,0.967858699035
0.5,0.2,959,504,1275,246,0.506354249404,0.192941176471,0.488095238095,0.963940242764
0.5,0.2,960,504,1275,258,0.506354249404,0.202352941176,0.511904761905,1.01096171802
0.5,0.2,961,504,1275,280,0.506354249404,0.219607843137,0.555555555556,1.09716775599
0.5,0.2,962,504,1275,244,0.506354249404,0.19137254902,0.484126984127,0.956103330221
0.5,0.2,963,504,1275,261,0.506354249404,0.204705882353,0.517857142857,1.02271708683
0.5,0.2,964,504,1275,251,0.506354249404,0.196862745098,0.498015873016,0.983532524121
0.5,0.2,965,504,1275,246,0.506354249404,0.192941176471,0.488095238095,0.963940242764
0.5,0.2,966,504,1275,251,0.506354249404,0.196862745098,0.498015873016,0.983532524121
0.5,0.2,967,504,1275,241,0.506354249404,0.189019607843,0.478174603175,0.944347961407
0.5,0.2,968,504,1275,245,0.506354249404,0.192156862745,0.486111111111,0.960021786492
0.5,0.2,969,504,1275,244,0.506354249404,0.19137254902,0.484126984127,0.956103330221
0.5,0.2,970,504,1275,261,0.506354249404,0.204705882353,0.517857142857,1.02271708683
0.5,0.2,971,504,1275,250,0.506354249404,0.196078431373,0.496031746032,0.979614067849
0.5,0.2,972,504,1275,255,0.506354249404,0.2,0.505952380952,0.999206349206
0.5,0.2,973,504,1275,265,0.506354249404,0.207843137255,0.525793650794,1.03839091192
0.5,0.2,974,504,1275,238,0.506354249404,0.186666666667,0.472222222222,0.932592592593
0.5,0.2,975,504,1275,248,0.506354249404,0.194509803922,0.492063492063,0.971777155307
0.5,0.2,976,504,1275,250,0.506354249404,0.196078431373,0.496031746032,0.979614067849
0.5,0.2,977,504,1275,255,0.506354249404,0.2,0.505952380952,0.999206349206
0.5,0.2,978,504,1275,234,0.506354249404,0.183529411765,0.464285714286,0.916918767507
0.5,0.2,979,504,1275,239,0.506354249404,0.187450980392,0.474206349206,0.936511048864
0.5,0.2,980,504,1275,259,0.506354249404,0.203137254902,0.513888888889,1.01488017429
0.5,0.2,981,504,1275,251,0.506354249404,0.196862745098,0.498015873016,0.983532524121
0.5,0.2,982,504,1275,250,0.506354249404,0.196078431373,0.496031746032,0.979614067849
0.5,0.2,983,504,1275,271,0.506354249404,0.212549019608,0.537698412698,1.06190164955
0.5,0.2,984,504,1275,254,0.506354249404,0.199215686275,0.503968253968,0.995287892935
0.5,0.2,985,504,1275,259,0.506354249404,0.203137254902,0.513888888889,1.01488017429
0.5,0.2,986,504,1275,256,0.506354249404,0.200784313725,0.507936507937,1.00312480548
0.5,0.2,987,504,1275,250,0.506354249404,0.196078431373,0.496031746032,0.979614067849
0.5,0.2,988,504,1275,267,0.506354249404,0.209411764706,0.529761904762,1.04622782446
0.5,0.2,989,504,1275,261,0.506354249404,0.204705882353,0.517857142857,1.02271708683
0.5,0.2,990,504,1275,251,0.506354249404,0.196862745098,0.498015873016,0.983532524121
0.5,0.2,991,504,1275,268,0.506354249404,0.210196078431,0.531746031746,1.05014628073
0.5,0.2,992,504,1275,259,0.506354249404,0.203137254902,0.513888888889,1.01488017429
0.5,0.2,993,504,1275,268,0.506354249404,0.210196078431,0.531746031746,1.05014628073
0.5,0.2,994,504,1275,261,0.506354249404,0.204705882353,0.517857142857,1.02271708683
0.5,0.2,995,504,1275,244,0.506354249404,0.19137254902,0.484126984127,0.956103330221
0.5,0.2,996,504,1275,255,0.506354249404,0.2,0.505952380952,0.999206349206
0.5,0.2,997,504,1275,249,0.506354249404,0.195294117647,0.494047619048,0.975695611578
0.5,0.2,998,504,1275,241,0.506354249404,0.189019607843,0.478174603175,0.944347961407
0.5,0.2,999,504,1275,255,0.506354249404,0.2,0.505952380952,0.999206349206
0.5,0.2,1000,504,1275,261,0.506354249404,0.204705882353,0.517857142857,1.02271708683
0.5,0.3,1,756,1275,398,0.506354249404,0.312156862745,0.526455026455,1.03969706401
0.5,0.3,2,756,1275,384,0.506354249404,0.301176470588,0.507936507937,1.00312480548
0.5,0.3,3,756,1275,372,0.506354249404,0.291764705882,0.492063492063,0.971777155307
0.5,0.3,4,756,1275,377,0.506354249404,0.29568627451,0.498677248677,0.984838676211
0.5,0.3,5,756,1275,383,0.506354249404,0.300392156863,0.506613756614,1.0005125013
0.5,0.3,6,756,1275,389,0.506354249404,0.305098039216,0.51455026455,1.01618632638
0.5,0.3,7,756,1275,378,0.506354249404,0.296470588235,0.5,0.987450980392
0.5,0.3,8,756,1275,393,0.506354249404,0.308235294118,0.519841269841,1.02663554311
0.5,0.3,9,756,1275,373,0.506354249404,0.292549019608,0.493386243386,0.974389459487
0.5,0.3,10,756,1275,392,0.506354249404,0.307450980392,0.518518518519,1.02402323893
0.5,0.3,11,756,1275,396,0.506354249404,0.310588235294,0.52380952381,1.03447245565
0.5,0.3,12,756,1275,401,0.506354249404,0.314509803922,0.530423280423,1.04753397655
0.5,0.3,13,756,1275,381,0.506354249404,0.298823529412,0.503968253968,0.995287892935
0.5,0.3,14,756,1275,374,0.506354249404,0.293333333333,0.494708994709,0.977001763668
0.5,0.3,15,756,1275,375,0.506354249404,0.294117647059,0.496031746032,0.979614067849
0.5,0.3,16,756,1275,370,0.506354249404,0.290196078431,0.489417989418,0.966552546945
0.5,0.3,17,756,1275,375,0.506354249404,0.294117647059,0.496031746032,0.979614067849
0.5,0.3,18,756,1275,392,0.506354249404,0.307450980392,0.518518518519,1.02402323893
0.5,0.3,19,756,1275,365,0.506354249404,0.286274509804,0.482804232804,0.95349102604
0.5,0.3,20,756,1275,397,0.506354249404,0.31137254902,0.525132275132,1.03708475983
0.5,0.3,21,756,1275,387,0.506354249404,0.303529411765,0.511904761905,1.01096171802
0.5,0.3,22,756,1275,394,0.506354249404,0.309019607843,0.521164021164,1.02924784729
0.5,0.3,23,756,1275,386,0.506354249404,0.302745098039,0.510582010582,1.00834941384
0.5,0.3,24,756,1275,388,0.506354249404,0.30431372549,0.513227513228,1.0135740222
0.5,0.3,25,756,1275,378,0.506354249404,0.296470588235,0.5,0.987450980392
0.5,0.3,26,756,1275,397,0.506354249404,0.31137254902,0.525132275132,1.03708475983
0.5,0.3,27,756,1275,391,0.506354249404,0.306666666667,0.517195767196,1.02141093474
0.5,0.3,28,756,1275,376,0.506354249404,0.294901960784,0.497354497354,0.98222637203
0.5,0.3,29,756,1275,385,0.506354249404,0.301960784314,0.509259259259,1.00573710966
0.5,0.3,30,756,1275,382,0.506354249404,0.299607843137,0.505291005291,0.997900197116
0.5,0.3,31,756,1275,389,0.506354249404,0.305098039216,0.51455026455,1.01618632638
0.5,0.3,32,756,1275,381,0.506354249404,0.298823529412,0.503968253968,0.995287892935
0.5,0.3,33,756,1275,400,0.506354249404,0.313725490196,0.529100529101,1.04492167237
0.5,0.3,34,756,1275,386,0.506354249404,0.302745098039,0.510582010582,1.00834941384
0.5,0.3,35,756,1275,376,0.506354249404,0.294901960784,0.497354497354,0.98222637203
0.5,0.3,36,756,1275,383,0.506354249404,0.300392156863,0.506613756614,1.0005125013
0.5,0.3,37,756,1275,377,0.506354249404,0.29568627451,0.498677248677,0.984838676211
0.5,0.3,38,756,1275,376,0.506354249404,0.294901960784,0.497354497354,0.98222637203
0.5,0.3,39,756,1275,398,0.506354249404,0.312156862745,0.526455026455,1.03969706401
0.5,0.3,40,756,1275,382,0.506354249404,0.299607843137,0.505291005291,0.997900197116
0.5,0.3,41,756,1275,384,0.506354249404,0.301176470588,0.507936507937,1.00312480548
0.5,0.3,42,756,1275,383,0.506354249404,0.300392156863,0.506613756614,1.0005125013
0.5,0.3,43,756,1275,365,0.506354249404,0.286274509804,0.482804232804,0.95349102604
0.5,0.3,44,756,1275,393,0.506354249404,0.308235294118,0.519841269841,1.02663554311
0.5,0.3,45,756,1275,370,0.506354249404,0.290196078431,0.489417989418,0.966552546945
0.5,0.3,46,756,1275,401,0.506354249404,0.314509803922,0.530423280423,1.04753397655
0.5,0.3,47,756,1275,374,0.506354249404,0.293333333333,0.494708994709,0.977001763668
0.5,0.3,48,756,1275,365,0.506354249404,0.286274509804,0.482804232804,0.95349102604
0.5,0.3,49,756,1275,377,0.506354249404,0.29568627451,0.498677248677,0.984838676211
0.5,0.3,50,756,1275,373,0.506354249404,0.292549019608,0.493386243386,0.974389459487
0.5,0.3,51,756,1275,359,0.506354249404,0.281568627451,0.474867724868,0.937817200954
0.5,0.3,52,756,1275,389,0.506354249404,0.305098039216,0.51455026455,1.01618632638
0.5,0.3,53,756,1275,374,0.506354249404,0.293333333333,0.494708994709,0.977001763668
0.5,0.3,54,756,1275,372,0.506354249404,0.291764705882,0.492063492063,0.971777155307
0.5,0.3,55,756,1275,386,0.506354249404,0.302745098039,0.510582010582,1.00834941384
0.5,0.3,56,756,1275,390,0.506354249404,0.305882352941,0.515873015873,1.01879863056
0.5,0.3,57,756,1275,374,0.506354249404,0.293333333333,0.494708994709,0.977001763668
0.5,0.3,58,756,1275,388,0.506354249404,0.30431372549,0.513227513228,1.0135740222
0.5,0.3,59,756,1275,398,0.506354249404,0.312156862745,0.526455026455,1.03969706401
0.5,0.3,60,756,1275,378,0.506354249404,0.296470588235,0.5,0.987450980392
0.5,0.3,61,756,1275,388,0.506354249404,0.30431372549,0.513227513228,1.0135740222
0.5,0.3,62,756,1275,385,0.506354249404,0.301960784314,0.509259259259,1.00573710966
0.5,0.3,63,756,1275,383,0.506354249404,0.300392156863,0.506613756614,1.0005125013
0.5,0.3,64,756,1275,399,0.506354249404,0.312941176471,0.527777777778,1.04230936819
0.5,0.3,65,756,1275,362,0.506354249404,0.283921568627,0.478835978836,0.945654113497
0.5,0.3,66,756,1275,369,0.506354249404,0.289411764706,0.488095238095,0.963940242764
0.5,0.3,67,756,1275,399,0.506354249404,0.312941176471,0.527777777778,1.04230936819
0.5,0.3,68,756,1275,369,0.506354249404,0.289411764706,0.488095238095,0.963940242764
0.5,0.3,69,756,1275,394,0.506354249404,0.309019607843,0.521164021164,1.02924784729
0.5,0.3,70,756,1275,374,0.506354249404,0.293333333333,0.494708994709,0.977001763668
0.5,0.3,71,756,1275,408,0.506354249404,0.32,0.539682539683,1.06582010582
0.5,0.3,72,756,1275,371,0.506354249404,0.290980392157,0.490740740741,0.969164851126
0.5,0.3,73,756,1275,391,0.506354249404,0.306666666667,0.517195767196,1.02141093474
0.5,0.3,74,756,1275,373,0.506354249404,0.292549019608,0.493386243386,0.974389459487
0.5,0.3,75,756,1275,389,0.506354249404,0.305098039216,0.51455026455,1.01618632638
0.5,0.3,76,756,1275,379,0.506354249404,0.297254901961,0.501322751323,0.990063284573
0.5,0.3,77,756,1275,373,0.506354249404,0.292549019608,0.493386243386,0.974389459487
0.5,0.3,78,756,1275,374,0.506354249404,0.293333333333,0.494708994709,0.977001763668
0.5,0.3,79,756,1275,381,0.506354249404,0.298823529412,0.503968253968,0.995287892935
0.5,0.3,80,756,1275,380,0.506354249404,0.298039215686,0.502645502646,0.992675588754
0.5,0.3,81,756,1275,377,0.506354249404,0.29568627451,0.498677248677,0.984838676211
0.5,0.3,82,756,1275,384,0.506354249404,0.301176470588,0.507936507937,1.00312480548
0.5,0.3,83,756,1275,371,0.506354249404,0.290980392157,0.490740740741,0.969164851126
0.5,0.3,84,756,1275,368,0.506354249404,0.28862745098,0.486772486772,0.961327938583
0.5,0.3,85,756,1275,380,0.506354249404,0.298039215686,0.502645502646,0.992675588754
0.5,0.3,86,756,1275,374,0.506354249404,0.293333333333,0.494708994709,0.977001763668
0.5,0.3,87,756,1275,372,0.506354249404,0.291764705882,0.492063492063,0.971777155307
0.5,0.3,88,756,1275,384,0.506354249404,0.301176470588,0.507936507937,1.00312480548
0.5,0.3,89,756,1275,390,0.506354249404,0.305882352941,0.515873015873,1.01879863056
0.5,0.3,90,756,1275,403,0.506354249404,0.316078431373,0.533068783069,1.05275858492
0.5,0.3,91,756,1275,398,0.506354249404,0.312156862745,0.526455026455,1.03969706401
0.5,0.3,92,756,1275,384,0.506354249404,0.301176470588,0.507936507937,1.00312480548
0.5,0.3,93,756,1275,385,0.506354249404,0.301960784314,0.509259259259,1.00573710966
0.5,0.3,94,756,1275,382,0.506354249404,0.299607843137,0.505291005291,0.997900197116
0.5,0.3,95,756,1275,385,0.506354249404,0.301960784314,0.509259259259,1.00573710966
0.5,0.3,96,756,1275,362,0.506354249404,0.283921568627,0.478835978836,0.945654113497
0.5,0.3,97,756,1275,373,0.506354249404,0.292549019608,0.493386243386,0.974389459487
0.5,0.3,98,756,1275,388,0.506354249404,0.30431372549,0.513227513228,1.0135740222
0.5,0.3,99,756,1275,392,0.506354249404,0.307450980392,0.518518518519,1.02402323893
0.5,0.3,100,756,1275,398,0.506354249404,0.312156862745,0.526455026455,1.03969706401
0.5,0.3,101,756,1275,385,0.506354249404,0.301960784314,0.509259259259,1.00573710966
0.5,0.3,102,756,1275,367,0.506354249404,0.287843137255,0.48544973545,0.958715634402
0.5,0.3,103,756,1275,383,0.506354249404,0.300392156863,0.506613756614,1.0005125013
0.5,0.3,104,756,1275,361,0.506354249404,0.283137254902,0.477513227513,0.943041809316
0.5,0.3,105,756,1275,409,0.506354249404,0.320784313725,0.541005291005,1.06843241
0.5,0.3,106,756,1275,378,0.506354249404,0.296470588235,0.5,0.987450980392
0.5,0.3,107,756,1275,393,0.506354249404,0.308235294118,0.519841269841,1.02663554311
0.5,0.3,108,756,1275,371,0.506354249404,0.290980392157,0.490740740741,0.969164851126
0.5,0.3,109,756,1275,379,0.506354249404,0.297254901961,0.501322751323,0.990063284573
0.5,0.3,110,756,1275,401,0.506354249404,0.314509803922,0.530423280423,1.04753397655
0.5,0.3,111,756,1275,376,0.506354249404,0.294901960784,0.497354497354,0.98222637203
0.5,0.3,112,756,1275,367,0.506354249404,0.287843137255,0.48544973545,0.958715634402
0.5,0.3,113,756,1275,384,0.506354249404,0.301176470588,0.507936507937,1.00312480548
0.5,0.3,114,756,1275,379,0.506354249404,0.297254901961,0.501322751323,0.990063284573
0.5,0.3,115,756,1275,387,0.506354249404,0.303529411765,0.511904761905,1.01096171802
0.5,0.3,116,756,1275,370,0.506354249404,0.290196078431,0.489417989418,0.966552546945
0.5,0.3,117,756,1275,394,0.506354249404,0.309019607843,0.521164021164,1.02924784729
0.5,0.3,118,756,1275,388,0.506354249404,0.30431372549,0.513227513228,1.0135740222
0.5,0.3,119,756,1275,393,0.506354249404,0.308235294118,0.519841269841,1.02663554311
0.5,0.3,120,756,1275,376,0.506354249404,0.294901960784,0.497354497354,0.98222637203
0.5,0.3,121,756,1275,395,0.506354249404,0.309803921569,0.522486772487,1.03186015147
0.5,0.3,122,756,1275,395,0.506354249404,0.309803921569,0.522486772487,1.03186015147
0.5,0.3,123,756,1275,370,0.506354249404,0.290196078431,0.489417989418,0.966552546945
0.5,0.3,124,756,1275,386,0.506354249404,0.302745098039,0.510582010582,1.00834941384
0.5,0.3,125,756,1275,360,0.506354249404,0.282352941176,0.47619047619,0.940429505135
0.5,0.3,126,756,1275,376,0.506354249404,0.294901960784,0.497354497354,0.98222637203
0.5,0.3,127,756,1275,366,0.506354249404,0.287058823529,0.484126984127,0.956103330221
0.5,0.3,128,756,1275,372,0.506354249404,0.291764705882,0.492063492063,0.971777155307
0.5,0.3,129,756,1275,376,0.506354249404,0.294901960784,0.497354497354,0.98222637203
0.5,0.3,130,756,1275,385,0.506354249404,0.301960784314,0.509259259259,1.00573710966
0.5,0.3,131,756,1275,375,0.506354249404,0.294117647059,0.496031746032,0.979614067849
0.5,0.3,132,756,1275,387,0.506354249404,0.303529411765,0.511904761905,1.01096171802
0.5,0.3,133,756,1275,372,0.506354249404,0.291764705882,0.492063492063,0.971777155307
0.5,0.3,134,756,1275,383,0.506354249404,0.300392156863,0.506613756614,1.0005125013
0.5,0.3,135,756,1275,389,0.506354249404,0.305098039216,0.51455026455,1.01618632638
0.5,0.3,136,756,1275,395,0.506354249404,0.309803921569,0.522486772487,1.03186015147
0.5,0.3,137,756,1275,394,0.506354249404,0.309019607843,0.521164021164,1.02924784729
0.5,0.3,138,756,1275,387,0.506354249404,0.303529411765,0.511904761905,1.01096171802
0.5,0.3,139,756,1275,388,0.506354249404,0.30431372549,0.513227513228,1.0135740222
0.5,0.3,140,756,1275,393,0.506354249404,0.308235294118,0.519841269841,1.02663554311
0.5,0.3,141,756,1275,375,0.506354249404,0.294117647059,0.496031746032,0.979614067849
0.5,0.3,142,756,1275,390,0.506354249404,0.305882352941,0.515873015873,1.01879863056
0.5,0.3,143,756,1275,388,0.506354249404,0.30431372549,0.513227513228,1.0135740222
0.5,0.3,144,756,1275,376,0.506354249404,0.294901960784,0.497354497354,0.98222637203
0.5,0.3,145,756,1275,375,0.506354249404,0.294117647059,0.496031746032,0.979614067849
0.5,0.3,146,756,1275,404,0.506354249404,0.316862745098,0.534391534392,1.0553708891
0.5,0.3,147,756,1275,364,0.506354249404,0.285490196078,0.481481481481,0.950878721859
0.5,0.3,148,756,1275,372,0.506354249404,0.291764705882,0.492063492063,0.971777155307
0.5,0.3,149,756,1275,382,0.506354249404,0.299607843137,0.505291005291,0.997900197116
0.5,0.3,150,756,1275,383,0.506354249404,0.300392156863,0.506613756614,1.0005125013
0.5,0.3,151,756,1275,385,0.506354249404,0.301960784314,0.509259259259,1.00573710966
0.5,0.3,152,756,1275,380,0.506354249404,0.298039215686,0.502645502646,0.992675588754
0.5,0.3,153,756,1275,370,0.506354249404,0.290196078431,0.489417989418,0.966552546945
0.5,0.3,154,756,1275,392,0.506354249404,0.307450980392,0.518518518519,1.02402323893
0.5,0.3,155,756,1275,379,0.506354249404,0.297254901961,0.501322751323,0.990063284573
0.5,0.3,156,756,1275,387,0.506354249404,0.303529411765,0.511904761905,1.01096171802
0.5,0.3,157,756,1275,394,0.506354249404,0.309019607843,0.521164021164,1.02924784729
0.5,0.3,158,756,1275,370,0.506354249404,0.290196078431,0.489417989418,0.966552546945
0.5,0.3,159,756,1275,397,0.506354249404,0.31137254902,0.525132275132,1.03708475983
0.5,0.3,160,756,1275,373,0.506354249404,0.292549019608,0.493386243386,0.974389459487
0.5,0.3,161,756,1275,367,0.506354249404,0.287843137255,0.48544973545,0.958715634402
0.5,0.3,162,756,1275,393,0.506354249404,0.308235294118,0.519841269841,1.02663554311
0.5,0.3,163,756,1275,385,0.506354249404,0.301960784314,0.509259259259,1.00573710966
0.5,0.3,164,756,1275,388,0.506354249404,0.30431372549,0.513227513228,1.0135740222
0.5,0.3,165,756,1275,378,0.506354249404,0.296470588235,0.5,0.987450980392
0.5,0.3,166,756,1275,391,0.506354249404,0.306666666667,0.517195767196,1.02141093474
0.5,0.3,167,756,1275,373,0.506354249404,0.292549019608,0.493386243386,0.974389459487
0.5,0.3,168,756,1275,392,0.506354249404,0.307450980392,0.518518518519,1.02402323893
0.5,0.3,169,756,1275,385,0.506354249404,0.301960784314,0.509259259259,1.00573710966
0.5,0.3,170,756,1275,379,0.506354249404,0.297254901961,0.501322751323,0.990063284573
0.5,0.3,171,756,1275,363,0.506354249404,0.284705882353,0.480158730159,0.948266417678
0.5,0.3,172,756,1275,377,0.506354249404,0.29568627451,0.498677248677,0.984838676211
0.5,0.3,173,756,1275,388,0.506354249404,0.30431372549,0.513227513228,1.0135740222
0.5,0.3,174,756,1275,376,0.506354249404,0.294901960784,0.497354497354,0.98222637203
0.5,0.3,175,756,1275,379,0.506354249404,0.297254901961,0.501322751323,0.990063284573
0.5,0.3,176,756,1275,398,0.506354249404,0.312156862745,0.526455026455,1.03969706401
0.5,0.3,177,756,1275,402,0.506354249404,0.315294117647,0.531746031746,1.05014628073
0.5,0.3,178,756,1275,389,0.506354249404,0.305098039216,0.51455026455,1.01618632638
0.5,0.3,179,756,1275,388,0.506354249404,0.30431372549,0.513227513228,1.0135740222
0.5,0.3,180,756,1275,367,0.506354249404,0.287843137255,0.48544973545,0.958715634402
0.5,0.3,181,756,1275,360,0.506354249404,0.282352941176,0.47619047619,0.940429505135
0.5,0.3,182,756,1275,379,0.506354249404,0.297254901961,0.501322751323,0.990063284573
0.5,0.3,183,756,1275,363,0.506354249404,0.284705882353,0.480158730159,0.948266417678
0.5,0.3,184,756,1275,385,0.506354249404,0.301960784314,0.509259259259,1.00573710966
0.5,0.3,185,756,1275,393,0.506354249404,0.308235294118,0.519841269841,1.02663554311
0.5,0.3,186,756,1275,377,0.506354249404,0.29568627451,0.498677248677,0.984838676211
0.5,0.3,187,756,1275,385,0.506354249404,0.301960784314,0.509259259259,1.00573710966
0.5,0.3,188,756,1275,364,0.506354249404,0.285490196078,0.481481481481,0.950878721859
0.5,0.3,189,756,1275,381,0.506354249404,0.298823529412,0.503968253968,0.995287892935
0.5,0.3,190,756,1275,343,0.506354249404,0.269019607843,0.453703703704,0.89602033406
0.5,0.3,191,756,1275,380,0.506354249404,0.298039215686,0.502645502646,0.992675588754
0.5,0.3,192,756,1275,387,0.506354249404,0.303529411765,0.511904761905,1.01096171802
0.5,0.3,193,756,1275,384,0.506354249404,0.301176470588,0.507936507937,1.00312480548
0.5,0.3,194,756,1275,370,0.506354249404,0.290196078431,0.489417989418,0.966552546945
0.5,0.3,195,756,1275,394,0.506354249404,0.309019607843,0.521164021164,1.02924784729
0.5,0.3,196,756,1275,397,0.506354249404,0.31137254902,0.525132275132,1.03708475983
0.5,0.3,197,756,1275,382,0.506354249404,0.299607843137,0.505291005291,0.997900197116
0.5,0.3,198,756,1275,378,0.506354249404,0.296470588235,0.5,0.987450980392
0.5,0.3,199,756,1275,382,0.506354249404,0.299607843137,0.505291005291,0.997900197116
0.5,0.3,200,756,1275,394,0.506354249404,0.309019607843,0.521164021164,1.02924784729
0.5,0.3,201,756,1275,396,0.506354249404,0.310588235294,0.52380952381,1.03447245565
0.5,0.3,202,756,1275,371,0.506354249404,0.290980392157,0.490740740741,0.969164851126
0.5,0.3,203,756,1275,387,0.506354249404,0.303529411765,0.511904761905,1.01096171802
0.5,0.3,204,756,1275,401,0.506354249404,0.314509803922,0.530423280423,1.04753397655
0.5,0.3,205,756,1275,381,0.506354249404,0.298823529412,0.503968253968,0.995287892935
0.5,0.3,206,756,1275,397,0.506354249404,0.31137254902,0.525132275132,1.03708475983
0.5,0.3,207,756,1275,377,0.506354249404,0.29568627451,0.498677248677,0.984838676211
0.5,0.3,208,756,1275,387,0.506354249404,0.303529411765,0.511904761905,1.01096171802
0.5,0.3,209,756,1275,390,0.506354249404,0.305882352941,0.515873015873,1.01879863056
0.5,0.3,210,756,1275,374,0.506354249404,0.293333333333,0.494708994709,0.977001763668
0.5,0.3,211,756,1275,394,0.506354249404,0.309019607843,0.521164021164,1.02924784729
0.5,0.3,212,756,1275,387,0.506354249404,0.303529411765,0.511904761905,1.01096171802
0.5,0.3,213,756,1275,399,0.506354249404,0.312941176471,0.527777777778,1.04230936819
0.5,0.3,214,756,1275,392,0.506354249404,0.307450980392,0.518518518519,1.02402323893
0.5,0.3,215,756,1275,368,0.506354249404,0.28862745098,0.486772486772,0.961327938583
0.5,0.3,216,756,1275,376,0.506354249404,0.294901960784,0.497354497354,0.98222637203
0.5,0.3,217,756,1275,398,0.506354249404,0.312156862745,0.526455026455,1.03969706401
0.5,0.3,218,756,1275,380,0.506354249404,0.298039215686,0.502645502646,0.992675588754
0.5,0.3,219,756,1275,387,0.506354249404,0.303529411765,0.511904761905,1.01096171802
0.5,0.3,220,756,1275,371,0.506354249404,0.290980392157,0.490740740741,0.969164851126
0.5,0.3,221,756,1275,383,0.506354249404,0.300392156863,0.506613756614,1.0005125013
0.5,0.3,222,756,1275,401,0.506354249404,0.314509803922,0.530423280423,1.04753397655
0.5,0.3,223,756,1275,386,0.506354249404,0.302745098039,0.510582010582,1.00834941384
0.5,0.3,224,756,1275,398,0.506354249404,0.312156862745,0.526455026455,1.03969706401
0.5,0.3,225,756,1275,383,0.506354249404,0.300392156863,0.506613756614,1.0005125013
0.5,0.3,226,756,1275,392,0.506354249404,0.307450980392,0.518518518519,1.02402323893
0.5,0.3,227,756,1275,400,0.506354249404,0.313725490196,0.529100529101,1.04492167237
0.5,0.3,228,756,1275,406,0.506354249404,0.318431372549,0.537037037037,1.06059549746
0.5,0.3,229,756,1275,372,0.506354249404,0.291764705882,0.492063492063,0.971777155307
0.5,0.3,230,756,1275,389,0.506354249404,0.305098039216,0.51455026455,1.01618632638
0.5,0.3,231,756,1275,395,0.506354249404,0.309803921569,0.522486772487,1.03186015147
0.5,0.3,232,756,1275,379,0.506354249404,0.297254901961,0.501322751323,0.990063284573
0.5,0.3,233,756,1275,370,0.506354249404,0.290196078431,0.489417989418,0.966552546945
0.5,0.3,234,756,1275,371,0.506354249404,0.290980392157,0.490740740741,0.969164851126
0.5,0.3,235,756,1275,383,0.506354249404,0.300392156863,0.506613756614,1.0005125013
0.5,0.3,236,756,1275,387,0.506354249404,0.303529411765,0.511904761905,1.01096171802
0.5,0.3,237,756,1275,363,0.506354249404,0.284705882353,0.480158730159,0.948266417678
0.5,0.3,238,756,1275,372,0.506354249404,0.291764705882,0.492063492063,0.971777155307
0.5,0.3,239,756,1275,370,0.506354249404,0.290196078431,0.489417989418,0.966552546945
0.5,0.3,240,756,1275,387,0.506354249404,0.303529411765,0.511904761905,1.01096171802
0.5,0.3,241,756,1275,361,0.506354249404,0.283137254902,0.477513227513,0.943041809316
0.5,0.3,242,756,1275,388,0.506354249404,0.30431372549,0.513227513228,1.0135740222
0.5,0.3,243,756,1275,369,0.506354249404,0.289411764706,0.488095238095,0.963940242764
0.5,0.3,244,756,1275,360,0.506354249404,0.282352941176,0.47619047619,0.940429505135
0.5,0.3,245,756,1275,378,0.506354249404,0.296470588235,0.5,0.987450980392
0.5,0.3,246,756,1275,360,0.506354249404,0.282352941176,0.47619047619,0.940429505135
0.5,0.3,247,756,1275,387,0.506354249404,0.303529411765,0.511904761905,1.01096171802
0.5,0.3,248,756,1275,377,0.506354249404,0.29568627451,0.498677248677,0.984838676211
0.5,0.3,249,756,1275,361,0.506354249404,0.283137254902,0.477513227513,0.943041809316
0.5,0.3,250,756,1275,418,0.506354249404,0.327843137255,0.55291005291,1.09194314763
0.5,0.3,251,756,1275,365,0.506354249404,0.286274509804,0.482804232804,0.95349102604
0.5,0.3,252,756,1275,372,0.506354249404,0.291764705882,0.492063492063,0.971777155307
0.5,0.3,253,756,1275,392,0.506354249404,0.307450980392,0.518518518519,1.02402323893
0.5,0.3,254,756,1275,375,0.506354249404,0.294117647059,0.496031746032,0.979614067849
0.5,0.3,255,756,1275,398,0.506354249404,0.312156862745,0.526455026455,1.03969706401
0.5,0.3,256,756,1275,392,0.506354249404,0.307450980392,0.518518518519,1.02402323893
0.5,0.3,257,756,1275,378,0.506354249404,0.296470588235,0.5,0.987450980392
0.5,0.3,258,756,1275,368,0.506354249404,0.28862745098,0.486772486772,0.961327938583
0.5,0.3,259,756,1275,390,0.506354249404,0.305882352941,0.515873015873,1.01879863056
0.5,0.3,260,756,1275,369,0.506354249404,0.289411764706,0.488095238095,0.963940242764
0.5,0.3,261,756,1275,388,0.506354249404,0.30431372549,0.513227513228,1.0135740222
0.5,0.3,262,756,1275,373,0.506354249404,0.292549019608,0.493386243386,0.974389459487
0.5,0.3,263,756,1275,368,0.506354249404,0.28862745098,0.486772486772,0.961327938583
0.5,0.3,264,756,1275,373,0.506354249404,0.292549019608,0.493386243386,0.974389459487
0.5,0.3,265,756,1275,396,0.506354249404,0.310588235294,0.52380952381,1.03447245565
0.5,0.3,266,756,1275,375,0.506354249404,0.294117647059,0.496031746032,0.979614067849
0.5,0.3,267,756,1275,371,0.506354249404,0.290980392157,0.490740740741,0.969164851126
0.5,0.3,268,756,1275,377,0.506354249404,0.29568627451,0.498677248677,0.984838676211
0.5,0.3,269,756,1275,387,0.506354249404,0.303529411765,0.511904761905,1.01096171802
0.5,0.3,270,756,1275,392,0.506354249404,0.307450980392,0.518518518519,1.02402323893
0.5,0.3,271,756,1275,380,0.506354249404,0.298039215686,0.502645502646,0.992675588754
0.5,0.3,272,756,1275,381,0.506354249404,0.298823529412,0.503968253968,0.995287892935
0.5,0.3,273,756,1275,391,0.506354249404,0.306666666667,0.517195767196,1.02141093474
0.5,0.3,274,756,1275,390,0.506354249404,0.305882352941,0.515873015873,1.01879863056
0.5,0.3,275,756,1275,385,0.506354249404,0.301960784314,0.509259259259,1.00573710966
0.5,0.3,276,756,1275,387,0.506354249404,0.303529411765,0.511904761905,1.01096171802
0.5,0.3,277,756,1275,365,0.506354249404,0.286274509804,0.482804232804,0.95349102604
0.5,0.3,278,756,1275,375,0.506354249404,0.294117647059,0.496031746032,0.979614067849
0.5,0.3,279,756,1275,413,0.506354249404,0.323921568627,0.546296296296,1.07888162672
0.5,0.3,280,756,1275,390,0.506354249404,0.305882352941,0.515873015873,1.01879863056
0.5,0.3,281,756,1275,387,0.506354249404,0.303529411765,0.511904761905,1.01096171802
0.5,0.3,282,756,1275,371,0.506354249404,0.290980392157,0.490740740741,0.969164851126
0.5,0.3,283,756,1275,379,0.506354249404,0.297254901961,0.501322751323,0.990063284573
0.5,0.3,284,756,1275,391,0.506354249404,0.306666666667,0.517195767196,1.02141093474
0.5,0.3,285,756,1275,390,0.506354249404,0.305882352941,0.515873015873,1.01879863056
0.5,0.3,286,756,1275,398,0.506354249404,0.312156862745,0.526455026455,1.03969706401
0.5,0.3,287,756,1275,374,0.506354249404,0.293333333333,0.494708994709,0.977001763668
0.5,0.3,288,756,1275,407,0.506354249404,0.319215686275,0.53835978836,1.06320780164
0.5,0.3,289,756,1275,367,0.506354249404,0.287843137255,0.48544973545,0.958715634402
0.5,0.3,290,756,1275,374,0.506354249404,0.293333333333,0.494708994709,0.977001763668
0.5,0.3,291,756,1275,382,0.506354249404,0.299607843137,0.505291005291,0.997900197116
0.5,0.3,292,756,1275,369,0.506354249404,0.289411764706,0.488095238095,0.963940242764
0.5,0.3,293,756,1275,389,0.506354249404,0.305098039216,0.51455026455,1.01618632638
0.5,0.3,294,756,1275,391,0.506354249404,0.306666666667,0.517195767196,1.02141093474
0.5,0.3,295,756,1275,378,0.506354249404,0.296470588235,0.5,0.987450980392
0.5,0.3,296,756,1275,380,0.506354249404,0.298039215686,0.502645502646,0.992675588754
0.5,0.3,297,756,1275,378,0.506354249404,0.296470588235,0.5,0.987450980392
0.5,0.3,298,756,1275,383,0.506354249404,0.300392156863,0.506613756614,1.0005125013
0.5,0.3,299,756,1275,383,0.506354249404,0.300392156863,0.506613756614,1.0005125013
0.5,0.3,300,756,1275,393,0.506354249404,0.308235294118,0.519841269841,1.02663554311
0.5,0.3,301,756,1275,368,0.506354249404,0.28862745098,0.486772486772,0.961327938583
0.5,0.3,302,756,1275,386,0.506354249404,0.302745098039,0.510582010582,1.00834941384
0.5,0.3,303,756,1275,407,0.506354249404,0.319215686275,0.53835978836,1.06320780164
0.5,0.3,304,756,1275,382,0.506354249404,0.299607843137,0.505291005291,0.997900197116
0.5,0.3,305,756,1275,397,0.506354249404,0.31137254902,0.525132275132,1.03708475983
0.5,0.3,306,756,1275,388,0.506354249404,0.30431372549,0.513227513228,1.0135740222
0.5,0.3,307,756,1275,390,0.506354249404,0.305882352941,0.515873015873,1.01879863056
0.5,0.3,308,756,1275,403,0.506354249404,0.316078431373,0.533068783069,1.05275858492
0.5,0.3,309,756,1275,388,0.506354249404,0.30431372549,0.513227513228,1.0135740222
0.5,0.3,310,756,1275,386,0.506354249404,0.302745098039,0.510582010582,1.00834941384
0.5,0.3,311,756,1275,378,0.506354249404,0.296470588235,0.5,0.987450980392
0.5,0.3,312,756,1275,402,0.506354249404,0.315294117647,0.531746031746,1.05014628073
0.5,0.3,313,756,1275,392,0.506354249404,0.307450980392,0.518518518519,1.02402323893
0.5,0.3,314,756,1275,382,0.506354249404,0.299607843137,0.505291005291,0.997900197116
0.5,0.3,315,756,1275,379,0.506354249404,0.297254901961,0.501322751323,0.990063284573
0.5,0.3,316,756,1275,387,0.506354249404,0.303529411765,0.511904761905,1.01096171802
0.5,0.3,317,756,1275,391,0.506354249404,0.306666666667,0.517195767196,1.02141093474
0.5,0.3,318,756,1275,396,0.506354249404,0.310588235294,0.52380952381,1.03447245565
0.5,0.3,319,756,1275,385,0.506354249404,0.301960784314,0.509259259259,1.00573710966
0.5,0.3,320,756,1275,387,0.506354249404,0.303529411765,0.511904761905,1.01096171802
0.5,0.3,321,756,1275,396,0.506354249404,0.310588235294,0.52380952381,1.03447245565
0.5,0.3,322,756,1275,360,0.506354249404,0.282352941176,0.47619047619,0.940429505135
0.5,0.3,323,756,1275,392,0.506354249404,0.307450980392,0.518518518519,1.02402323893
0.5,0.3,324,756,1275,395,0.506354249404,0.309803921569,0.522486772487,1.03186015147
0.5,0.3,325,756,1275,401,0.506354249404,0.314509803922,0.530423280423,1.04753397655
0.5,0.3,326,756,1275,372,0.506354249404,0.291764705882,0.492063492063,0.971777155307
0.5,0.3,327,756,1275,380,0.506354249404,0.298039215686,0.502645502646,0.992675588754
0.5,0.3,328,756,1275,364,0.506354249404,0.285490196078,0.481481481481,0.950878721859
0.5,0.3,329,756,1275,384,0.506354249404,0.301176470588,0.507936507937,1.00312480548
0.5,0.3,330,756,1275,386,0.506354249404,0.302745098039,0.510582010582,1.00834941384
0.5,0.3,331,756,1275,380,0.506354249404,0.298039215686,0.502645502646,0.992675588754
0.5,0.3,332,756,1275,380,0.506354249404,0.298039215686,0.502645502646,0.992675588754
0.5,0.3,333,756,1275,401,0.506354249404,0.314509803922,0.530423280423,1.04753397655
0.5,0.3,334,756,1275,377,0.506354249404,0.29568627451,0.498677248677,0.984838676211
0.5,0.3,335,756,1275,396,0.506354249404,0.310588235294,0.52380952381,1.03447245565
0.5,0.3,336,756,1275,379,0.506354249404,0.297254901961,0.501322751323,0.990063284573
0.5,0.3,337,756,1275,364,0.506354249404,0.285490196078,0.481481481481,0.950878721859
0.5,0.3,338,756,1275,384,0.506354249404,0.301176470588,0.507936507937,1.00312480548
0.5,0.3,339,756,1275,384,0.506354249404,0.301176470588,0.507936507937,1.00312480548
0.5,0.3,340,756,1275,388,0.506354249404,0.30431372549,0.513227513228,1.0135740222
0.5,0.3,341,756,1275,364,0.506354249404,0.285490196078,0.481481481481,0.950878721859
0.5,0.3,342,756,1275,389,0.506354249404,0.305098039216,0.51455026455,1.01618632638
0.5,0.3,343,756,1275,353,0.506354249404,0.276862745098,0.466931216931,0.922143375869
0.5,0.3,344,756,1275,374,0.506354249404,0.293333333333,0.494708994709,0.977001763668
0.5,0.3,345,756,1275,382,0.506354249404,0.299607843137,0.505291005291,0.997900197116
0.5,0.3,346,756,1275,370,0.506354249404,0.290196078431,0.489417989418,0.966552546945
0.5,0.3,347,756,1275,403,0.506354249404,0.316078431373,0.533068783069,1.05275858492
0.5,0.3,348,756,1275,394,0.506354249404,0.309019607843,0.521164021164,1.02924784729
0.5,0.3,349,756,1275,373,0.506354249404,0.292549019608,0.493386243386,0.974389459487
0.5,0.3,350,756,1275,376,0.506354249404,0.294901960784,0.497354497354,0.98222637203
0.5,0.3,351,756,1275,383,0.506354249404,0.300392156863,0.506613756614,1.0005125013
0.5,0.3,352,756,1275,374,0.506354249404,0.293333333333,0.494708994709,0.977001763668
0.5,0.3,353,756,1275,395,0.506354249404,0.309803921569,0.522486772487,1.03186015147
0.5,0.3,354,756,1275,400,0.506354249404,0.313725490196,0.529100529101,1.04492167237
0.5,0.3,355,756,1275,354,0.506354249404,0.277647058824,0.468253968254,0.92475568005
0.5,0.3,356,756,1275,405,0.506354249404,0.317647058824,0.535714285714,1.05798319328
0.5,0.3,357,756,1275,390,0.506354249404,0.305882352941,0.515873015873,1.01879863056
0.5,0.3,358,756,1275,386,0.506354249404,0.302745098039,0.510582010582,1.00834941384
0.5,0.3,359,756,1275,374,0.506354249404,0.293333333333,0.494708994709,0.977001763668
0.5,0.3,360,756,1275,387,0.506354249404,0.303529411765,0.511904761905,1.01096171802
0.5,0.3,361,756,1275,384,0.506354249404,0.301176470588,0.507936507937,1.00312480548
0.5,0.3,362,756,1275,359,0.506354249404,0.281568627451,0.474867724868,0.937817200954
0.5,0.3,363,756,1275,380,0.506354249404,0.298039215686,0.502645502646,0.992675588754
0.5,0.3,364,756,1275,396,0.506354249404,0.310588235294,0.52380952381,1.03447245565
0.5,0.3,365,756,1275,386,0.506354249404,0.302745098039,0.510582010582,1.00834941384
0.5,0.3,366,756,1275,395,0.506354249404,0.309803921569,0.522486772487,1.03186015147
0.5,0.3,367,756,1275,375,0.506354249404,0.294117647059,0.496031746032,0.979614067849
0.5,0.3,368,756,1275,369,0.506354249404,0.289411764706,0.488095238095,0.963940242764
0.5,0.3,369,756,1275,389,0.506354249404,0.305098039216,0.51455026455,1.01618632638
0.5,0.3,370,756,1275,372,0.506354249404,0.291764705882,0.492063492063,0.971777155307
0.5,0.3,371,756,1275,368,0.506354249404,0.28862745098,0.486772486772,0.961327938583
0.5,0.3,372,756,1275,386,0.506354249404,0.302745098039,0.510582010582,1.00834941384
0.5,0.3,373,756,1275,399,0.506354249404,0.312941176471,0.527777777778,1.04230936819
0.5,0.3,374,756,1275,397,0.506354249404,0.31137254902,0.525132275132,1.03708475983
0.5,0.3,375,756,1275,384,0.506354249404,0.301176470588,0.507936507937,1.00312480548
0.5,0.3,376,756,1275,387,0.506354249404,0.303529411765,0.511904761905,1.01096171802
0.5,0.3,377,756,1275,419,0.506354249404,0.32862745098,0.554232804233,1.09455545181
0.5,0.3,378,756,1275,390,0.506354249404,0.305882352941,0.515873015873,1.01879863056
0.5,0.3,379,756,1275,384,0.506354249404,0.301176470588,0.507936507937,1.00312480548
0.5,0.3,380,756,1275,393,0.506354249404,0.308235294118,0.519841269841,1.02663554311
0.5,0.3,381,756,1275,403,0.506354249404,0.316078431373,0.533068783069,1.05275858492
0.5,0.3,382,756,1275,403,0.506354249404,0.316078431373,0.533068783069,1.05275858492
0.5,0.3,383,756,1275,384,0.506354249404,0.301176470588,0.507936507937,1.00312480548
0.5,0.3,384,756,1275,406,0.506354249404,0.318431372549,0.537037037037,1.06059549746
0.5,0.3,385,756,1275,371,0.506354249404,0.290980392157,0.490740740741,0.969164851126
0.5,0.3,386,756,1275,379,0.506354249404,0.297254901961,0.501322751323,0.990063284573
0.5,0.3,387,756,1275,375,0.506354249404,0.294117647059,0.496031746032,0.979614067849
0.5,0.3,388,756,1275,373,0.506354249404,0.292549019608,0.493386243386,0.974389459487
0.5,0.3,389,756,1275,390,0.506354249404,0.305882352941,0.515873015873,1.01879863056
0.5,0.3,390,756,1275,389,0.506354249404,0.305098039216,0.51455026455,1.01618632638
0.5,0.3,391,756,1275,400,0.506354249404,0.313725490196,0.529100529101,1.04492167237
0.5,0.3,392,756,1275,412,0.506354249404,0.323137254902,0.544973544974,1.07626932254
0.5,0.3,393,756,1275,385,0.506354249404,0.301960784314,0.509259259259,1.00573710966
0.5,0.3,394,756,1275,357,0.506354249404,0.28,0.472222222222,0.932592592593
0.5,0.3,395,756,1275,379,0.506354249404,0.297254901961,0.501322751323,0.990063284573
0.5,0.3,396,756,1275,368,0.506354249404,0.28862745098,0.486772486772,0.961327938583
0.5,0.3,397,756,1275,372,0.506354249404,0.291764705882,0.492063492063,0.971777155307
0.5,0.3,398,756,1275,386,0.506354249404,0.302745098039,0.510582010582,1.00834941384
0.5,0.3,399,756,1275,387,0.506354249404,0.303529411765,0.511904761905,1.01096171802
0.5,0.3,400,756,1275,376,0.506354249404,0.294901960784,0.497354497354,0.98222637203
0.5,0.3,401,756,1275,380,0.506354249404,0.298039215686,0.502645502646,0.992675588754
0.5,0.3,402,756,1275,372,0.506354249404,0.291764705882,0.492063492063,0.971777155307
0.5,0.3,403,756,1275,389,0.506354249404,0.305098039216,0.51455026455,1.01618632638
0.5,0.3,404,756,1275,385,0.506354249404,0.301960784314,0.509259259259,1.00573710966
0.5,0.3,405,756,1275,389,0.506354249404,0.305098039216,0.51455026455,1.01618632638
0.5,0.3,406,756,1275,378,0.506354249404,0.296470588235,0.5,0.987450980392
0.5,0.3,407,756,1275,377,0.506354249404,0.29568627451,0.498677248677,0.984838676211
0.5,0.3,408,756,1275,369,0.506354249404,0.289411764706,0.488095238095,0.963940242764
0.5,0.3,409,756,1275,382,0.506354249404,0.299607843137,0.505291005291,0.997900197116
0.5,0.3,410,756,1275,404,0.506354249404,0.316862745098,0.534391534392,1.0553708891
0.5,0.3,411,756,1275,396,0.506354249404,0.310588235294,0.52380952381,1.03447245565
0.5,0.3,412,756,1275,406,0.506354249404,0.318431372549,0.537037037037,1.06059549746
0.5,0.3,413,756,1275,384,0.506354249404,0.301176470588,0.507936507937,1.00312480548
0.5,0.3,414,756,1275,384,0.506354249404,0.301176470588,0.507936507937,1.00312480548
0.5,0.3,415,756,1275,389,0.506354249404,0.305098039216,0.51455026455,1.01618632638
0.5,0.3,416,756,1275,363,0.506354249404,0.284705882353,0.480158730159,0.948266417678
0.5,0.3,417,756,1275,379,0.506354249404,0.297254901961,0.501322751323,0.990063284573
0.5,0.3,418,756,1275,361,0.506354249404,0.283137254902,0.477513227513,0.943041809316
0.5,0.3,419,756,1275,368,0.506354249404,0.28862745098,0.486772486772,0.961327938583
0.5,0.3,420,756,1275,383,0.506354249404,0.300392156863,0.506613756614,1.0005125013
0.5,0.3,421,756,1275,379,0.506354249404,0.297254901961,0.501322751323,0.990063284573
0.5,0.3,422,756,1275,380,0.506354249404,0.298039215686,0.502645502646,0.992675588754
0.5,0.3,423,756,1275,382,0.506354249404,0.299607843137,0.505291005291,0.997900197116
0.5,0.3,424,756,1275,385,0.506354249404,0.301960784314,0.509259259259,1.00573710966
0.5,0.3,425,756,1275,389,0.506354249404,0.305098039216,0.51455026455,1.01618632638
0.5,0.3,426,756,1275,378,0.506354249404,0.296470588235,0.5,0.987450980392
0.5,0.3,427,756,1275,378,0.506354249404,0.296470588235,0.5,0.987450980392
0.5,0.3,428,756,1275,385,0.506354249404,0.301960784314,0.509259259259,1.00573710966
0.5,0.3,429,756,1275,390,0.506354249404,0.305882352941,0.515873015873,1.01879863056
0.5,0.3,430,756,1275,401,0.506354249404,0.314509803922,0.530423280423,1.04753397655
0.5,0.3,431,756,1275,395,0.506354249404,0.309803921569,0.522486772487,1.03186015147
0.5,0.3,432,756,1275,385,0.506354249404,0.301960784314,0.509259259259,1.00573710966
0.5,0.3,433,756,1275,386,0.506354249404,0.302745098039,0.510582010582,1.00834941384
0.5,0.3,434,756,1275,376,0.506354249404,0.294901960784,0.497354497354,0.98222637203
0.5,0.3,435,756,1275,363,0.506354249404,0.284705882353,0.480158730159,0.948266417678
0.5,0.3,436,756,1275,365,0.506354249404,0.286274509804,0.482804232804,0.95349102604
0.5,0.3,437,756,1275,377,0.506354249404,0.29568627451,0.498677248677,0.984838676211
0.5,0.3,438,756,1275,398,0.506354249404,0.312156862745,0.526455026455,1.03969706401
0.5,0.3,439,756,1275,397,0.506354249404,0.31137254902,0.525132275132,1.03708475983
0.5,0.3,440,756,1275,374,0.506354249404,0.293333333333,0.494708994709,0.977001763668
0.5,0.3,441,756,1275,386,0.506354249404,0.302745098039,0.510582010582,1.00834941384
0.5,0.3,442,756,1275,385,0.506354249404,0.301960784314,0.509259259259,1.00573710966
0.5,0.3,443,756,1275,370,0.506354249404,0.290196078431,0.489417989418,0.966552546945
0.5,0.3,444,756,1275,398,0.506354249404,0.312156862745,0.526455026455,1.03969706401
0.5,0.3,445,756,1275,391,0.506354249404,0.306666666667,0.517195767196,1.02141093474
0.5,0.3,446,756,1275,374,0.506354249404,0.293333333333,0.494708994709,0.977001763668
0.5,0.3,447,756,1275,400,0.506354249404,0.313725490196,0.529100529101,1.04492167237
0.5,0.3,448,756,1275,397,0.506354249404,0.31137254902,0.525132275132,1.03708475983
0.5,0.3,449,756,1275,369,0.506354249404,0.289411764706,0.488095238095,0.963940242764
0.5,0.3,450,756,1275,388,0.506354249404,0.30431372549,0.513227513228,1.0135740222
0.5,0.3,451,756,1275,374,0.506354249404,0.293333333333,0.494708994709,0.977001763668
0.5,0.3,452,756,1275,382,0.506354249404,0.299607843137,0.505291005291,0.997900197116
0.5,0.3,453,756,1275,379,0.506354249404,0.297254901961,0.501322751323,0.990063284573
0.5,0.3,454,756,1275,392,0.506354249404,0.307450980392,0.518518518519,1.02402323893
0.5,0.3,455,756,1275,367,0.506354249404,0.287843137255,0.48544973545,0.958715634402
0.5,0.3,456,756,1275,389,0.506354249404,0.305098039216,0.51455026455,1.01618632638
0.5,0.3,457,756,1275,371,0.506354249404,0.290980392157,0.490740740741,0.969164851126
0.5,0.3,458,756,1275,378,0.506354249404,0.296470588235,0.5,0.987450980392
0.5,0.3,459,756,1275,391,0.506354249404,0.306666666667,0.517195767196,1.02141093474
0.5,0.3,460,756,1275,381,0.506354249404,0.298823529412,0.503968253968,0.995287892935
0.5,0.3,461,756,1275,390,0.506354249404,0.305882352941,0.515873015873,1.01879863056
0.5,0.3,462,756,1275,395,0.506354249404,0.309803921569,0.522486772487,1.03186015147
0.5,0.3,463,756,1275,377,0.506354249404,0.29568627451,0.498677248677,0.984838676211
0.5,0.3,464,756,1275,394,0.506354249404,0.309019607843,0.521164021164,1.02924784729
0.5,0.3,465,756,1275,382,0.506354249404,0.299607843137,0.505291005291,0.997900197116
0.5,0.3,466,756,1275,396,0.506354249404,0.310588235294,0.52380952381,1.03447245565
0.5,0.3,467,756,1275,391,0.506354249404,0.306666666667,0.517195767196,1.02141093474
0.5,0.3,468,756,1275,390,0.506354249404,0.305882352941,0.515873015873,1.01879863056
0.5,0.3,469,756,1275,372,0.506354249404,0.291764705882,0.492063492063,0.971777155307
0.5,0.3,470,756,1275,381,0.506354249404,0.298823529412,0.503968253968,0.995287892935
0.5,0.3,471,756,1275,389,0.506354249404,0.305098039216,0.51455026455,1.01618632638
0.5,0.3,472,756,1275,384,0.506354249404,0.301176470588,0.507936507937,1.00312480548
0.5,0.3,473,756,1275,380,0.506354249404,0.298039215686,0.502645502646,0.992675588754
0.5,0.3,474,756,1275,378,0.506354249404,0.296470588235,0.5,0.987450980392
0.5,0.3,475,756,1275,374,0.506354249404,0.293333333333,0.494708994709,0.977001763668
0.5,0.3,476,756,1275,403,0.506354249404,0.316078431373,0.533068783069,1.05275858492
0.5,0.3,477,756,1275,400,0.506354249404,0.313725490196,0.529100529101,1.04492167237
0.5,0.3,478,756,1275,389,0.506354249404,0.305098039216,0.51455026455,1.01618632638
0.5,0.3,479,756,1275,372,0.506354249404,0.291764705882,0.492063492063,0.971777155307
0.5,0.3,480,756,1275,379,0.506354249404,0.297254901961,0.501322751323,0.990063284573
0.5,0.3,481,756,1275,382,0.506354249404,0.299607843137,0.505291005291,0.997900197116
0.5,0.3,482,756,1275,382,0.506354249404,0.299607843137,0.505291005291,0.997900197116
0.5,0.3,483,756,1275,378,0.506354249404,0.296470588235,0.5,0.987450980392
0.5,0.3,484,756,1275,382,0.506354249404,0.299607843137,0.505291005291,0.997900197116
0.5,0.3,485,756,1275,383,0.506354249404,0.300392156863,0.506613756614,1.0005125013
0.5,0.3,486,756,1275,367,0.506354249404,0.287843137255,0.48544973545,0.958715634402
0.5,0.3,487,756,1275,367,0.506354249404,0.287843137255,0.48544973545,0.958715634402
0.5,0.3,488,756,1275,380,0.506354249404,0.298039215686,0.502645502646,0.992675588754
0.5,0.3,489,756,1275,379,0.506354249404,0.297254901961,0.501322751323,0.990063284573
0.5,0.3,490,756,1275,386,0.506354249404,0.302745098039,0.510582010582,1.00834941384
0.5,0.3,491,756,1275,394,0.506354249404,0.309019607843,0.521164021164,1.02924784729
0.5,0.3,492,756,1275,383,0.506354249404,0.300392156863,0.506613756614,1.0005125013
0.5,0.3,493,756,1275,369,0.506354249404,0.289411764706,0.488095238095,0.963940242764
0.5,0.3,494,756,1275,377,0.506354249404,0.29568627451,0.498677248677,0.984838676211
0.5,0.3,495,756,1275,395,0.506354249404,0.309803921569,0.522486772487,1.03186015147
0.5,0.3,496,756,1275,386,0.506354249404,0.302745098039,0.510582010582,1.00834941384
0.5,0.3,497,756,1275,377,0.506354249404,0.29568627451,0.498677248677,0.984838676211
0.5,0.3,498,756,1275,374,0.506354249404,0.293333333333,0.494708994709,0.977001763668
0.5,0.3,499,756,1275,375,0.506354249404,0.294117647059,0.496031746032,0.979614067849
0.5,0.3,500,756,1275,383,0.506354249404,0.300392156863,0.506613756614,1.0005125013
0.5,0.3,501,756,1275,374,0.506354249404,0.293333333333,0.494708994709,0.977001763668
0.5,0.3,502,756,1275,381,0.506354249404,0.298823529412,0.503968253968,0.995287892935
0.5,0.3,503,756,1275,365,0.506354249404,0.286274509804,0.482804232804,0.95349102604
0.5,0.3,504,756,1275,382,0.506354249404,0.299607843137,0.505291005291,0.997900197116
0.5,0.3,505,756,1275,403,0.506354249404,0.316078431373,0.533068783069,1.05275858492
0.5,0.3,506,756,1275,375,0.506354249404,0.294117647059,0.496031746032,0.979614067849
0.5,0.3,507,756,1275,373,0.506354249404,0.292549019608,0.493386243386,0.974389459487
0.5,0.3,508,756,1275,389,0.506354249404,0.305098039216,0.51455026455,1.01618632638
0.5,0.3,509,756,1275,391,0.506354249404,0.306666666667,0.517195767196,1.02141093474
0.5,0.3,510,756,1275,382,0.506354249404,0.299607843137,0.505291005291,0.997900197116
0.5,0.3,511,756,1275,376,0.506354249404,0.294901960784,0.497354497354,0.98222637203
0.5,0.3,512,756,1275,382,0.506354249404,0.299607843137,0.505291005291,0.997900197116
0.5,0.3,513,756,1275,391,0.506354249404,0.306666666667,0.517195767196,1.02141093474
0.5,0.3,514,756,1275,387,0.506354249404,0.303529411765,0.511904761905,1.01096171802
0.5,0.3,515,756,1275,392,0.506354249404,0.307450980392,0.518518518519,1.02402323893
0.5,0.3,516,756,1275,376,0.506354249404,0.294901960784,0.497354497354,0.98222637203
0.5,0.3,517,756,1275,405,0.506354249404,0.317647058824,0.535714285714,1.05798319328
0.5,0.3,518,756,1275,371,0.506354249404,0.290980392157,0.490740740741,0.969164851126
0.5,0.3,519,756,1275,387,0.506354249404,0.303529411765,0.511904761905,1.01096171802
0.5,0.3,520,756,1275,374,0.506354249404,0.293333333333,0.494708994709,0.977001763668
0.5,0.3,521,756,1275,377,0.506354249404,0.29568627451,0.498677248677,0.984838676211
0.5,0.3,522,756,1275,387,0.506354249404,0.303529411765,0.511904761905,1.01096171802
0.5,0.3,523,756,1275,390,0.506354249404,0.305882352941,0.515873015873,1.01879863056
0.5,0.3,524,756,1275,392,0.506354249404,0.307450980392,0.518518518519,1.02402323893
0.5,0.3,525,756,1275,385,0.506354249404,0.301960784314,0.509259259259,1.00573710966
0.5,0.3,526,756,1275,361,0.506354249404,0.283137254902,0.477513227513,0.943041809316
0.5,0.3,527,756,1275,383,0.506354249404,0.300392156863,0.506613756614,1.0005125013
0.5,0.3,528,756,1275,381,0.506354249404,0.298823529412,0.503968253968,0.995287892935
0.5,0.3,529,756,1275,392,0.506354249404,0.307450980392,0.518518518519,1.02402323893
0.5,0.3,530,756,1275,387,0.506354249404,0.303529411765,0.511904761905,1.01096171802
0.5,0.3,531,756,1275,386,0.506354249404,0.302745098039,0.510582010582,1.00834941384
0.5,0.3,532,756,1275,387,0.506354249404,0.303529411765,0.511904761905,1.01096171802
0.5,0.3,533,756,1275,385,0.506354249404,0.301960784314,0.509259259259,1.00573710966
0.5,0.3,534,756,1275,403,0.506354249404,0.316078431373,0.533068783069,1.05275858492
0.5,0.3,535,756,1275,400,0.506354249404,0.313725490196,0.529100529101,1.04492167237
0.5,0.3,536,756,1275,374,0.506354249404,0.293333333333,0.494708994709,0.977001763668
0.5,0.3,537,756,1275,382,0.506354249404,0.299607843137,0.505291005291,0.997900197116
0.5,0.3,538,756,1275,367,0.506354249404,0.287843137255,0.48544973545,0.958715634402
0.5,0.3,539,756,1275,395,0.506354249404,0.309803921569,0.522486772487,1.03186015147
0.5,0.3,540,756,1275,397,0.506354249404,0.31137254902,0.525132275132,1.03708475983
0.5,0.3,541,756,1275,394,0.506354249404,0.309019607843,0.521164021164,1.02924784729
0.5,0.3,542,756,1275,375,0.506354249404,0.294117647059,0.496031746032,0.979614067849
0.5,0.3,543,756,1275,379,0.506354249404,0.297254901961,0.501322751323,0.990063284573
0.5,0.3,544,756,1275,373,0.506354249404,0.292549019608,0.493386243386,0.974389459487
0.5,0.3,545,756,1275,383,0.506354249404,0.300392156863,0.506613756614,1.0005125013
0.5,0.3,546,756,1275,378,0.506354249404,0.296470588235,0.5,0.987450980392
0.5,0.3,547,756,1275,392,0.506354249404,0.307450980392,0.518518518519,1.02402323893
0.5,0.3,548,756,1275,402,0.506354249404,0.315294117647,0.531746031746,1.05014628073
0.5,0.3,549,756,1275,391,0.506354249404,0.306666666667,0.517195767196,1.02141093474
0.5,0.3,550,756,1275,381,0.506354249404,0.298823529412,0.503968253968,0.995287892935
0.5,0.3,551,756,1275,371,0.506354249404,0.290980392157,0.490740740741,0.969164851126
0.5,0.3,552,756,1275,396,0.506354249404,0.310588235294,0.52380952381,1.03447245565
0.5,0.3,553,756,1275,388,0.506354249404,0.30431372549,0.513227513228,1.0135740222
0.5,0.3,554,756,1275,378,0.506354249404,0.296470588235,0.5,0.987450980392
0.5,0.3,555,756,1275,383,0.506354249404,0.300392156863,0.506613756614,1.0005125013
0.5,0.3,556,756,1275,391,0.506354249404,0.306666666667,0.517195767196,1.02141093474
0.5,0.3,557,756,1275,393,0.506354249404,0.308235294118,0.519841269841,1.02663554311
0.5,0.3,558,756,1275,360,0.506354249404,0.282352941176,0.47619047619,0.940429505135
0.5,0.3,559,756,1275,371,0.506354249404,0.290980392157,0.490740740741,0.969164851126
0.5,0.3,560,756,1275,363,0.506354249404,0.284705882353,0.480158730159,0.948266417678
0.5,0.3,561,756,1275,369,0.506354249404,0.289411764706,0.488095238095,0.963940242764
0.5,0.3,562,756,1275,365,0.506354249404,0.286274509804,0.482804232804,0.95349102604
0.5,0.3,563,756,1275,398,0.506354249404,0.312156862745,0.526455026455,1.03969706401
0.5,0.3,564,756,1275,381,0.506354249404,0.298823529412,0.503968253968,0.995287892935
0.5,0.3,565,756,1275,378,0.506354249404,0.296470588235,0.5,0.987450980392
0.5,0.3,566,756,1275,401,0.506354249404,0.314509803922,0.530423280423,1.04753397655
0.5,0.3,567,756,1275,367,0.506354249404,0.287843137255,0.48544973545,0.958715634402
0.5,0.3,568,756,1275,386,0.506354249404,0.302745098039,0.510582010582,1.00834941384
0.5,0.3,569,756,1275,384,0.506354249404,0.301176470588,0.507936507937,1.00312480548
0.5,0.3,570,756,1275,378,0.506354249404,0.296470588235,0.5,0.987450980392
0.5,0.3,571,756,1275,371,0.506354249404,0.290980392157,0.490740740741,0.969164851126
0.5,0.3,572,756,1275,405,0.506354249404,0.317647058824,0.535714285714,1.05798319328
0.5,0.3,573,756,1275,383,0.506354249404,0.300392156863,0.506613756614,1.0005125013
0.5,0.3,574,756,1275,382,0.506354249404,0.299607843137,0.505291005291,0.997900197116
0.5,0.3,575,756,1275,384,0.506354249404,0.301176470588,0.507936507937,1.00312480548
0.5,0.3,576,756,1275,375,0.506354249404,0.294117647059,0.496031746032,0.979614067849
0.5,0.3,577,756,1275,374,0.506354249404,0.293333333333,0.494708994709,0.977001763668
0.5,0.3,578,756,1275,392,0.506354249404,0.307450980392,0.518518518519,1.02402323893
0.5,0.3,579,756,1275,381,0.506354249404,0.298823529412,0.503968253968,0.995287892935
0.5,0.3,580,756,1275,404,0.506354249404,0.316862745098,0.534391534392,1.0553708891
0.5,0.3,581,756,1275,369,0.506354249404,0.289411764706,0.488095238095,0.963940242764
0.5,0.3,582,756,1275,385,0.506354249404,0.301960784314,0.509259259259,1.00573710966
0.5,0.3,583,756,1275,374,0.506354249404,0.293333333333,0.494708994709,0.977001763668
0.5,0.3,584,756,1275,383,0.506354249404,0.300392156863,0.506613756614,1.0005125013
0.5,0.3,585,756,1275,369,0.506354249404,0.289411764706,0.488095238095,0.963940242764
0.5,0.3,586,756,1275,374,0.506354249404,0.293333333333,0.494708994709,0.977001763668
0.5,0.3,587,756,1275,384,0.506354249404,0.301176470588,0.507936507937,1.00312480548
0.5,0.3,588,756,1275,374,0.506354249404,0.293333333333,0.494708994709,0.977001763668
0.5,0.3,589,756,1275,378,0.506354249404,0.296470588235,0.5,0.987450980392
0.5,0.3,590,756,1275,394,0.506354249404,0.309019607843,0.521164021164,1.02924784729
0.5,0.3,591,756,1275,385,0.506354249404,0.301960784314,0.509259259259,1.00573710966
0.5,0.3,592,756,1275,394,0.506354249404,0.309019607843,0.521164021164,1.02924784729
0.5,0.3,593,756,1275,389,0.506354249404,0.305098039216,0.51455026455,1.01618632638
0.5,0.3,594,756,1275,392,0.506354249404,0.307450980392,0.518518518519,1.02402323893
0.5,0.3,595,756,1275,390,0.506354249404,0.305882352941,0.515873015873,1.01879863056
0.5,0.3,596,756,1275,384,0.506354249404,0.301176470588,0.507936507937,1.00312480548
0.5,0.3,597,756,1275,369,0.506354249404,0.289411764706,0.488095238095,0.963940242764
0.5,0.3,598,756,1275,383,0.506354249404,0.300392156863,0.506613756614,1.0005125013
0.5,0.3,599,756,1275,386,0.506354249404,0.302745098039,0.510582010582,1.00834941384
0.5,0.3,600,756,1275,387,0.506354249404,0.303529411765,0.511904761905,1.01096171802
0.5,0.3,601,756,1275,353,0.506354249404,0.276862745098,0.466931216931,0.922143375869
0.5,0.3,602,756,1275,387,0.506354249404,0.303529411765,0.511904761905,1.01096171802
0.5,0.3,603,756,1275,388,0.506354249404,0.30431372549,0.513227513228,1.0135740222
0.5,0.3,604,756,1275,372,0.506354249404,0.291764705882,0.492063492063,0.971777155307
0.5,0.3,605,756,1275,370,0.506354249404,0.290196078431,0.489417989418,0.966552546945
0.5,0.3,606,756,1275,385,0.506354249404,0.301960784314,0.509259259259,1.00573710966
0.5,0.3,607,756,1275,375,0.506354249404,0.294117647059,0.496031746032,0.979614067849
0.5,0.3,608,756,1275,364,0.506354249404,0.285490196078,0.481481481481,0.950878721859
0.5,0.3,609,756,1275,377,0.506354249404,0.29568627451,0.498677248677,0.984838676211
0.5,0.3,610,756,1275,390,0.506354249404,0.305882352941,0.515873015873,1.01879863056
0.5,0.3,611,756,1275,389,0.506354249404,0.305098039216,0.51455026455,1.01618632638
0.5,0.3,612,756,1275,384,0.506354249404,0.301176470588,0.507936507937,1.00312480548
0.5,0.3,613,756,1275,392,0.506354249404,0.307450980392,0.518518518519,1.02402323893
0.5,0.3,614,756,1275,406,0.506354249404,0.318431372549,0.537037037037,1.06059549746
0.5,0.3,615,756,1275,386,0.506354249404,0.302745098039,0.510582010582,1.00834941384
0.5,0.3,616,756,1275,381,0.506354249404,0.298823529412,0.503968253968,0.995287892935
0.5,0.3,617,756,1275,400,0.506354249404,0.313725490196,0.529100529101,1.04492167237
0.5,0.3,618,756,1275,394,0.506354249404,0.309019607843,0.521164021164,1.02924784729
0.5,0.3,619,756,1275,379,0.506354249404,0.297254901961,0.501322751323,0.990063284573
0.5,0.3,620,756,1275,388,0.506354249404,0.30431372549,0.513227513228,1.0135740222
0.5,0.3,621,756,1275,385,0.506354249404,0.301960784314,0.509259259259,1.00573710966
0.5,0.3,622,756,1275,387,0.506354249404,0.303529411765,0.511904761905,1.01096171802
0.5,0.3,623,756,1275,368,0.506354249404,0.28862745098,0.486772486772,0.961327938583
0.5,0.3,624,756,1275,369,0.506354249404,0.289411764706,0.488095238095,0.963940242764
0.5,0.3,625,756,1275,380,0.506354249404,0.298039215686,0.502645502646,0.992675588754
0.5,0.3,626,756,1275,408,0.506354249404,0.32,0.539682539683,1.06582010582
0.5,0.3,627,756,1275,377,0.506354249404,0.29568627451,0.498677248677,0.984838676211
0.5,0.3,628,756,1275,399,0.506354249404,0.312941176471,0.527777777778,1.04230936819
0.5,0.3,629,756,1275,382,0.506354249404,0.299607843137,0.505291005291,0.997900197116
0.5,0.3,630,756,1275,376,0.506354249404,0.294901960784,0.497354497354,0.98222637203
0.5,0.3,631,756,1275,393,0.506354249404,0.308235294118,0.519841269841,1.02663554311
0.5,0.3,632,756,1275,390,0.506354249404,0.305882352941,0.515873015873,1.01879863056
0.5,0.3,633,756,1275,407,0.506354249404,0.319215686275,0.53835978836,1.06320780164
0.5,0.3,634,756,1275,377,0.506354249404,0.29568627451,0.498677248677,0.984838676211
0.5,0.3,635,756,1275,388,0.506354249404,0.30431372549,0.513227513228,1.0135740222
0.5,0.3,636,756,1275,391,0.506354249404,0.306666666667,0.517195767196,1.02141093474
0.5,0.3,637,756,1275,398,0.506354249404,0.312156862745,0.526455026455,1.03969706401
0.5,0.3,638,756,1275,380,0.506354249404,0.298039215686,0.502645502646,0.992675588754
0.5,0.3,639,756,1275,393,0.506354249404,0.308235294118,0.519841269841,1.02663554311
0.5,0.3,640,756,1275,377,0.506354249404,0.29568627451,0.498677248677,0.984838676211
0.5,0.3,641,756,1275,391,0.506354249404,0.306666666667,0.517195767196,1.02141093474
0.5,0.3,642,756,1275,395,0.506354249404,0.309803921569,0.522486772487,1.03186015147
0.5,0.3,643,756,1275,393,0.506354249404,0.308235294118,0.519841269841,1.02663554311
0.5,0.3,644,756,1275,374,0.506354249404,0.293333333333,0.494708994709,0.977001763668
0.5,0.3,645,756,1275,390,0.506354249404,0.305882352941,0.515873015873,1.01879863056
0.5,0.3,646,756,1275,370,0.506354249404,0.290196078431,0.489417989418,0.966552546945
0.5,0.3,647,756,1275,413,0.506354249404,0.323921568627,0.546296296296,1.07888162672
0.5,0.3,648,756,1275,379,0.506354249404,0.297254901961,0.501322751323,0.990063284573
0.5,0.3,649,756,1275,383,0.506354249404,0.300392156863,0.506613756614,1.0005125013
0.5,0.3,650,756,1275,385,0.506354249404,0.301960784314,0.509259259259,1.00573710966
0.5,0.3,651,756,1275,388,0.506354249404,0.30431372549,0.513227513228,1.0135740222
0.5,0.3,652,756,1275,394,0.506354249404,0.309019607843,0.521164021164,1.02924784729
0.5,0.3,653,756,1275,383,0.506354249404,0.300392156863,0.506613756614,1.0005125013
0.5,0.3,654,756,1275,388,0.506354249404,0.30431372549,0.513227513228,1.0135740222
0.5,0.3,655,756,1275,371,0.506354249404,0.290980392157,0.490740740741,0.969164851126
0.5,0.3,656,756,1275,367,0.506354249404,0.287843137255,0.48544973545,0.958715634402
0.5,0.3,657,756,1275,380,0.506354249404,0.298039215686,0.502645502646,0.992675588754
0.5,0.3,658,756,1275,360,0.506354249404,0.282352941176,0.47619047619,0.940429505135
0.5,0.3,659,756,1275,384,0.506354249404,0.301176470588,0.507936507937,1.00312480548
0.5,0.3,660,756,1275,386,0.506354249404,0.302745098039,0.510582010582,1.00834941384
0.5,0.3,661,756,1275,359,0.506354249404,0.281568627451,0.474867724868,0.937817200954
0.5,0.3,662,756,1275,384,0.506354249404,0.301176470588,0.507936507937,1.00312480548
0.5,0.3,663,756,1275,376,0.506354249404,0.294901960784,0.497354497354,0.98222637203
0.5,0.3,664,756,1275,394,0.506354249404,0.309019607843,0.521164021164,1.02924784729
0.5,0.3,665,756,1275,384,0.506354249404,0.301176470588,0.507936507937,1.00312480548
0.5,0.3,666,756,1275,383,0.506354249404,0.300392156863,0.506613756614,1.0005125013
0.5,0.3,667,756,1275,392,0.506354249404,0.307450980392,0.518518518519,1.02402323893
0.5,0.3,668,756,1275,366,0.506354249404,0.287058823529,0.484126984127,0.956103330221
0.5,0.3,669,756,1275,373,0.506354249404,0.292549019608,0.493386243386,0.974389459487
0.5,0.3,670,756,1275,384,0.506354249404,0.301176470588,0.507936507937,1.00312480548
0.5,0.3,671,756,1275,395,0.506354249404,0.309803921569,0.522486772487,1.03186015147
0.5,0.3,672,756,1275,386,0.506354249404,0.302745098039,0.510582010582,1.00834941384
0.5,0.3,673,756,1275,382,0.506354249404,0.299607843137,0.505291005291,0.997900197116
0.5,0.3,674,756,1275,390,0.506354249404,0.305882352941,0.515873015873,1.01879863056
0.5,0.3,675,756,1275,382,0.506354249404,0.299607843137,0.505291005291,0.997900197116
0.5,0.3,676,756,1275,400,0.506354249404,0.313725490196,0.529100529101,1.04492167237
0.5,0.3,677,756,1275,390,0.506354249404,0.305882352941,0.515873015873,1.01879863056
0.5,0.3,678,756,1275,361,0.506354249404,0.283137254902,0.477513227513,0.943041809316
0.5,0.3,679,756,1275,379,0.506354249404,0.297254901961,0.501322751323,0.990063284573
0.5,0.3,680,756,1275,384,0.506354249404,0.301176470588,0.507936507937,1.00312480548
0.5,0.3,681,756,1275,393,0.506354249404,0.308235294118,0.519841269841,1.02663554311
0.5,0.3,682,756,1275,392,0.506354249404,0.307450980392,0.518518518519,1.02402323893
0.5,0.3,683,756,1275,396,0.506354249404,0.310588235294,0.52380952381,1.03447245565
0.5,0.3,684,756,1275,377,0.506354249404,0.29568627451,0.498677248677,0.984838676211
0.5,0.3,685,756,1275,389,0.506354249404,0.305098039216,0.51455026455,1.01618632638
0.5,0.3,686,756,1275,364,0.506354249404,0.285490196078,0.481481481481,0.950878721859
0.5,0.3,687,756,1275,386,0.506354249404,0.302745098039,0.510582010582,1.00834941384
0.5,0.3,688,756,1275,390,0.506354249404,0.305882352941,0.515873015873,1.01879863056
0.5,0.3,689,756,1275,398,0.506354249404,0.312156862745,0.526455026455,1.03969706401
0.5,0.3,690,756,1275,383,0.506354249404,0.300392156863,0.506613756614,1.0005125013
0.5,0.3,691,756,1275,373,0.506354249404,0.292549019608,0.493386243386,0.974389459487
0.5,0.3,692,756,1275,366,0.506354249404,0.287058823529,0.484126984127,0.956103330221
0.5,0.3,693,756,1275,397,0.506354249404,0.31137254902,0.525132275132,1.03708475983
0.5,0.3,694,756,1275,378,0.506354249404,0.296470588235,0.5,0.987450980392
0.5,0.3,695,756,1275,399,0.506354249404,0.312941176471,0.527777777778,1.04230936819
0.5,0.3,696,756,1275,392,0.506354249404,0.307450980392,0.518518518519,1.02402323893
0.5,0.3,697,756,1275,393,0.506354249404,0.308235294118,0.519841269841,1.02663554311
0.5,0.3,698,756,1275,378,0.506354249404,0.296470588235,0.5,0.987450980392
0.5,0.3,699,756,1275,372,0.506354249404,0.291764705882,0.492063492063,0.971777155307
0.5,0.3,700,756,1275,389,0.506354249404,0.305098039216,0.51455026455,1.01618632638
0.5,0.3,701,756,1275,366,0.506354249404,0.287058823529,0.484126984127,0.956103330221
0.5,0.3,702,756,1275,388,0.506354249404,0.30431372549,0.513227513228,1.0135740222
0.5,0.3,703,756,1275,387,0.506354249404,0.303529411765,0.511904761905,1.01096171802
0.5,0.3,704,756,1275,395,0.506354249404,0.309803921569,0.522486772487,1.03186015147
0.5,0.3,705,756,1275,374,0.506354249404,0.293333333333,0.494708994709,0.977001763668
0.5,0.3,706,756,1275,379,0.506354249404,0.297254901961,0.501322751323,0.990063284573
0.5,0.3,707,756,1275,388,0.506354249404,0.30431372549,0.513227513228,1.0135740222
0.5,0.3,708,756,1275,389,0.506354249404,0.305098039216,0.51455026455,1.01618632638
0.5,0.3,709,756,1275,393,0.506354249404,0.308235294118,0.519841269841,1.02663554311
0.5,0.3,710,756,1275,388,0.506354249404,0.30431372549,0.513227513228,1.0135740222
0.5,0.3,711,756,1275,388,0.506354249404,0.30431372549,0.513227513228,1.0135740222
0.5,0.3,712,756,1275,398,0.506354249404,0.312156862745,0.526455026455,1.03969706401
0.5,0.3,713,756,1275,383,0.506354249404,0.300392156863,0.506613756614,1.0005125013
0.5,0.3,714,756,1275,382,0.506354249404,0.299607843137,0.505291005291,0.997900197116
0.5,0.3,715,756,1275,390,0.506354249404,0.305882352941,0.515873015873,1.01879863056
0.5,0.3,716,756,1275,384,0.506354249404,0.301176470588,0.507936507937,1.00312480548
0.5,0.3,717,756,1275,378,0.506354249404,0.296470588235,0.5,0.987450980392
0.5,0.3,718,756,1275,400,0.506354249404,0.313725490196,0.529100529101,1.04492167237
0.5,0.3,719,756,1275,376,0.506354249404,0.294901960784,0.497354497354,0.98222637203
0.5,0.3,720,756,1275,382,0.506354249404,0.299607843137,0.505291005291,0.997900197116
0.5,0.3,721,756,1275,399,0.506354249404,0.312941176471,0.527777777778,1.04230936819
0.5,0.3,722,756,1275,393,0.506354249404,0.308235294118,0.519841269841,1.02663554311
0.5,0.3,723,756,1275,380,0.506354249404,0.298039215686,0.502645502646,0.992675588754
0.5,0.3,724,756,1275,388,0.506354249404,0.30431372549,0.513227513228,1.0135740222
0.5,0.3,725,756,1275,379,0.506354249404,0.297254901961,0.501322751323,0.990063284573
0.5,0.3,726,756,1275,388,0.506354249404,0.30431372549,0.513227513228,1.0135740222
0.5,0.3,727,756,1275,391,0.506354249404,0.306666666667,0.517195767196,1.02141093474
0.5,0.3,728,756,1275,365,0.506354249404,0.286274509804,0.482804232804,0.95349102604
0.5,0.3,729,756,1275,389,0.506354249404,0.305098039216,0.51455026455,1.01618632638
0.5,0.3,730,756,1275,372,0.506354249404,0.291764705882,0.492063492063,0.971777155307
0.5,0.3,731,756,1275,396,0.506354249404,0.310588235294,0.52380952381,1.03447245565
0.5,0.3,732,756,1275,387,0.506354249404,0.303529411765,0.511904761905,1.01096171802
0.5,0.3,733,756,1275,391,0.506354249404,0.306666666667,0.517195767196,1.02141093474
0.5,0.3,734,756,1275,376,0.506354249404,0.294901960784,0.497354497354,0.98222637203
0.5,0.3,735,756,1275,378,0.506354249404,0.296470588235,0.5,0.987450980392
0.5,0.3,736,756,1275,383,0.506354249404,0.300392156863,0.506613756614,1.0005125013
0.5,0.3,737,756,1275,377,0.506354249404,0.29568627451,0.498677248677,0.984838676211
0.5,0.3,738,756,1275,364,0.506354249404,0.285490196078,0.481481481481,0.950878721859
0.5,0.3,739,756,1275,393,0.506354249404,0.308235294118,0.519841269841,1.02663554311
0.5,0.3,740,756,1275,361,0.506354249404,0.283137254902,0.477513227513,0.943041809316
0.5,0.3,741,756,1275,398,0.506354249404,0.312156862745,0.526455026455,1.03969706401
0.5,0.3,742,756,1275,368,0.506354249404,0.28862745098,0.486772486772,0.961327938583
0.5,0.3,743,756,1275,382,0.506354249404,0.299607843137,0.505291005291,0.997900197116
0.5,0.3,744,756,1275,385,0.506354249404,0.301960784314,0.509259259259,1.00573710966
0.5,0.3,745,756,1275,385,0.506354249404,0.301960784314,0.509259259259,1.00573710966
0.5,0.3,746,756,1275,372,0.506354249404,0.291764705882,0.492063492063,0.971777155307
0.5,0.3,747,756,1275,398,0.506354249404,0.312156862745,0.526455026455,1.03969706401
0.5,0.3,748,756,1275,377,0.506354249404,0.29568627451,0.498677248677,0.984838676211
0.5,0.3,749,756,1275,382,0.506354249404,0.299607843137,0.505291005291,0.997900197116
0.5,0.3,750,756,1275,386,0.506354249404,0.302745098039,0.510582010582,1.00834941384
0.5,0.3,751,756,1275,395,0.506354249404,0.309803921569,0.522486772487,1.03186015147
0.5,0.3,752,756,1275,395,0.506354249404,0.309803921569,0.522486772487,1.03186015147
0.5,0.3,753,756,1275,376,0.506354249404,0.294901960784,0.497354497354,0.98222637203
0.5,0.3,754,756,1275,385,0.506354249404,0.301960784314,0.509259259259,1.00573710966
0.5,0.3,755,756,1275,373,0.506354249404,0.292549019608,0.493386243386,0.974389459487
0.5,0.3,756,756,1275,380,0.506354249404,0.298039215686,0.502645502646,0.992675588754
0.5,0.3,757,756,1275,401,0.506354249404,0.314509803922,0.530423280423,1.04753397655
0.5,0.3,758,756,1275,401,0.506354249404,0.314509803922,0.530423280423,1.04753397655
0.5,0.3,759,756,1275,384,0.506354249404,0.301176470588,0.507936507937,1.00312480548
0.5,0.3,760,756,1275,386,0.506354249404,0.302745098039,0.510582010582,1.00834941384
0.5,0.3,761,756,1275,391,0.506354249404,0.306666666667,0.517195767196,1.02141093474
0.5,0.3,762,756,1275,390,0.506354249404,0.305882352941,0.515873015873,1.01879863056
0.5,0.3,763,756,1275,373,0.506354249404,0.292549019608,0.493386243386,0.974389459487
0.5,0.3,764,756,1275,398,0.506354249404,0.312156862745,0.526455026455,1.03969706401
0.5,0.3,765,756,1275,387,0.506354249404,0.303529411765,0.511904761905,1.01096171802
0.5,0.3,766,756,1275,371,0.506354249404,0.290980392157,0.490740740741,0.969164851126
0.5,0.3,767,756,1275,379,0.506354249404,0.297254901961,0.501322751323,0.990063284573
0.5,0.3,768,756,1275,371,0.506354249404,0.290980392157,0.490740740741,0.969164851126
0.5,0.3,769,756,1275,377,0.506354249404,0.29568627451,0.498677248677,0.984838676211
0.5,0.3,770,756,1275,388,0.506354249404,0.30431372549,0.513227513228,1.0135740222
0.5,0.3,771,756,1275,387,0.506354249404,0.303529411765,0.511904761905,1.01096171802
0.5,0.3,772,756,1275,394,0.506354249404,0.309019607843,0.521164021164,1.02924784729
0.5,0.3,773,756,1275,371,0.506354249404,0.290980392157,0.490740740741,0.969164851126
0.5,0.3,774,756,1275,385,0.506354249404,0.301960784314,0.509259259259,1.00573710966
0.5,0.3,775,756,1275,367,0.506354249404,0.287843137255,0.48544973545,0.958715634402
0.5,0.3,776,756,1275,398,0.506354249404,0.312156862745,0.526455026455,1.03969706401
0.5,0.3,777,756,1275,381,0.506354249404,0.298823529412,0.503968253968,0.995287892935
0.5,0.3,778,756,1275,375,0.506354249404,0.294117647059,0.496031746032,0.979614067849
0.5,0.3,779,756,1275,384,0.506354249404,0.301176470588,0.507936507937,1.00312480548
0.5,0.3,780,756,1275,384,0.506354249404,0.301176470588,0.507936507937,1.00312480548
0.5,0.3,781,756,1275,376,0.506354249404,0.294901960784,0.497354497354,0.98222637203
0.5,0.3,782,756,1275,373,0.506354249404,0.292549019608,0.493386243386,0.974389459487
0.5,0.3,783,756,1275,371,0.506354249404,0.290980392157,0.490740740741,0.969164851126
0.5,0.3,784,756,1275,395,0.506354249404,0.309803921569,0.522486772487,1.03186015147
0.5,0.3,785,756,1275,389,0.506354249404,0.305098039216,0.51455026455,1.01618632638
0.5,0.3,786,756,1275,379,0.506354249404,0.297254901961,0.501322751323,0.990063284573
0.5,0.3,787,756,1275,369,0.506354249404,0.289411764706,0.488095238095,0.963940242764
0.5,0.3,788,756,1275,393,0.506354249404,0.308235294118,0.519841269841,1.02663554311
0.5,0.3,789,756,1275,396,0.506354249404,0.310588235294,0.52380952381,1.03447245565
0.5,0.3,790,756,1275,376,0.506354249404,0.294901960784,0.497354497354,0.98222637203
0.5,0.3,791,756,1275,398,0.506354249404,0.312156862745,0.526455026455,1.03969706401
0.5,0.3,792,756,1275,369,0.506354249404,0.289411764706,0.488095238095,0.963940242764
0.5,0.3,793,756,1275,354,0.506354249404,0.277647058824,0.468253968254,0.92475568005
0.5,0.3,794,756,1275,392,0.506354249404,0.307450980392,0.518518518519,1.02402323893
0.5,0.3,795,756,1275,399,0.506354249404,0.312941176471,0.527777777778,1.04230936819
0.5,0.3,796,756,1275,377,0.506354249404,0.29568627451,0.498677248677,0.984838676211
0.5,0.3,797,756,1275,388,0.506354249404,0.30431372549,0.513227513228,1.0135740222
0.5,0.3,798,756,1275,372,0.506354249404,0.291764705882,0.492063492063,0.971777155307
0.5,0.3,799,756,1275,388,0.506354249404,0.30431372549,0.513227513228,1.0135740222
0.5,0.3,800,756,1275,412,0.506354249404,0.323137254902,0.544973544974,1.07626932254
0.5,0.3,801,756,1275,375,0.506354249404,0.294117647059,0.496031746032,0.979614067849
0.5,0.3,802,756,1275,374,0.506354249404,0.293333333333,0.494708994709,0.977001763668
0.5,0.3,803,756,1275,366,0.506354249404,0.287058823529,0.484126984127,0.956103330221
0.5,0.3,804,756,1275,394,0.506354249404,0.309019607843,0.521164021164,1.02924784729
0.5,0.3,805,756,1275,378,0.506354249404,0.296470588235,0.5,0.987450980392
0.5,0.3,806,756,1275,382,0.506354249404,0.299607843137,0.505291005291,0.997900197116
0.5,0.3,807,756,1275,372,0.506354249404,0.291764705882,0.492063492063,0.971777155307
0.5,0.3,808,756,1275,405,0.506354249404,0.317647058824,0.535714285714,1.05798319328
0.5,0.3,809,756,1275,379,0.506354249404,0.297254901961,0.501322751323,0.990063284573
0.5,0.3,810,756,1275,383,0.506354249404,0.300392156863,0.506613756614,1.0005125013
0.5,0.3,811,756,1275,371,0.506354249404,0.290980392157,0.490740740741,0.969164851126
0.5,0.3,812,756,1275,368,0.506354249404,0.28862745098,0.486772486772,0.961327938583
0.5,0.3,813,756,1275,390,0.506354249404,0.305882352941,0.515873015873,1.01879863056
0.5,0.3,814,756,1275,395,0.506354249404,0.309803921569,0.522486772487,1.03186015147
0.5,0.3,815,756,1275,386,0.506354249404,0.302745098039,0.510582010582,1.00834941384
0.5,0.3,816,756,1275,385,0.506354249404,0.301960784314,0.509259259259,1.00573710966
0.5,0.3,817,756,1275,401,0.506354249404,0.314509803922,0.530423280423,1.04753397655
0.5,0.3,818,756,1275,408,0.506354249404,0.32,0.539682539683,1.06582010582
0.5,0.3,819,756,1275,367,0.506354249404,0.287843137255,0.48544973545,0.958715634402
0.5,0.3,820,756,1275,399,0.506354249404,0.312941176471,0.527777777778,1.04230936819
0.5,0.3,821,756,1275,373,0.506354249404,0.292549019608,0.493386243386,0.974389459487
0.5,0.3,822,756,1275,410,0.506354249404,0.321568627451,0.542328042328,1.07104471418
0.5,0.3,823,756,1275,437,0.506354249404,0.342745098039,0.578042328042,1.14157692707
0.5,0.3,824,756,1275,356,0.506354249404,0.279215686275,0.470899470899,0.929980288412
0.5,0.3,825,756,1275,392,0.506354249404,0.307450980392,0.518518518519,1.02402323893
0.5,0.3,826,756,1275,388,0.506354249404,0.30431372549,0.513227513228,1.0135740222
0.5,0.3,827,756,1275,379,0.506354249404,0.297254901961,0.501322751323,0.990063284573
0.5,0.3,828,756,1275,371,0.506354249404,0.290980392157,0.490740740741,0.969164851126
0.5,0.3,829,756,1275,372,0.506354249404,0.291764705882,0.492063492063,0.971777155307
0.5,0.3,830,756,1275,361,0.506354249404,0.283137254902,0.477513227513,0.943041809316
0.5,0.3,831,756,1275,381,0.506354249404,0.298823529412,0.503968253968,0.995287892935
0.5,0.3,832,756,1275,389,0.506354249404,0.305098039216,0.51455026455,1.01618632638
0.5,0.3,833,756,1275,378,0.506354249404,0.296470588235,0.5,0.987450980392
0.5,0.3,834,756,1275,414,0.506354249404,0.324705882353,0.547619047619,1.08149393091
0.5,0.3,835,756,1275,387,0.506354249404,0.303529411765,0.511904761905,1.01096171802
0.5,0.3,836,756,1275,383,0.506354249404,0.300392156863,0.506613756614,1.0005125013
0.5,0.3,837,756,1275,370,0.506354249404,0.290196078431,0.489417989418,0.966552546945
0.5,0.3,838,756,1275,367,0.506354249404,0.287843137255,0.48544973545,0.958715634402
0.5,0.3,839,756,1275,363,0.506354249404,0.284705882353,0.480158730159,0.948266417678
0.5,0.3,840,756,1275,375,0.506354249404,0.294117647059,0.496031746032,0.979614067849
0.5,0.3,841,756,1275,375,0.506354249404,0.294117647059,0.496031746032,0.979614067849
0.5,0.3,842,756,1275,375,0.506354249404,0.294117647059,0.496031746032,0.979614067849
0.5,0.3,843,756,1275,394,0.506354249404,0.309019607843,0.521164021164,1.02924784729
0.5,0.3,844,756,1275,388,0.506354249404,0.30431372549,0.513227513228,1.0135740222
0.5,0.3,845,756,1275,379,0.506354249404,0.297254901961,0.501322751323,0.990063284573
0.5,0.3,846,756,1275,369,0.506354249404,0.289411764706,0.488095238095,0.963940242764
0.5,0.3,847,756,1275,391,0.506354249404,0.306666666667,0.517195767196,1.02141093474
0.5,0.3,848,756,1275,379,0.506354249404,0.297254901961,0.501322751323,0.990063284573
0.5,0.3,849,756,1275,378,0.506354249404,0.296470588235,0.5,0.987450980392
0.5,0.3,850,756,1275,395,0.506354249404,0.309803921569,0.522486772487,1.03186015147
0.5,0.3,851,756,1275,371,0.506354249404,0.290980392157,0.490740740741,0.969164851126
0.5,0.3,852,756,1275,361,0.506354249404,0.283137254902,0.477513227513,0.943041809316
0.5,0.3,853,756,1275,376,0.506354249404,0.294901960784,0.497354497354,0.98222637203
0.5,0.3,854,756,1275,374,0.506354249404,0.293333333333,0.494708994709,0.977001763668
0.5,0.3,855,756,1275,375,0.506354249404,0.294117647059,0.496031746032,0.979614067849
0.5,0.3,856,756,1275,386,0.506354249404,0.302745098039,0.510582010582,1.00834941384
0.5,0.3,857,756,1275,379,0.506354249404,0.297254901961,0.501322751323,0.990063284573
0.5,0.3,858,756,1275,373,0.506354249404,0.292549019608,0.493386243386,0.974389459487
0.5,0.3,859,756,1275,379,0.506354249404,0.297254901961,0.501322751323,0.990063284573
0.5,0.3,860,756,1275,404,0.506354249404,0.316862745098,0.534391534392,1.0553708891
0.5,0.3,861,756,1275,378,0.506354249404,0.296470588235,0.5,0.987450980392
0.5,0.3,862,756,1275,380,0.506354249404,0.298039215686,0.502645502646,0.992675588754
0.5,0.3,863,756,1275,377,0.506354249404,0.29568627451,0.498677248677,0.984838676211
0.5,0.3,864,756,1275,370,0.506354249404,0.290196078431,0.489417989418,0.966552546945
0.5,0.3,865,756,1275,400,0.506354249404,0.313725490196,0.529100529101,1.04492167237
0.5,0.3,866,756,1275,382,0.506354249404,0.299607843137,0.505291005291,0.997900197116
0.5,0.3,867,756,1275,393,0.506354249404,0.308235294118,0.519841269841,1.02663554311
0.5,0.3,868,756,1275,391,0.506354249404,0.306666666667,0.517195767196,1.02141093474
0.5,0.3,869,756,1275,370,0.506354249404,0.290196078431,0.489417989418,0.966552546945
0.5,0.3,870,756,1275,375,0.506354249404,0.294117647059,0.496031746032,0.979614067849
0.5,0.3,871,756,1275,380,0.506354249404,0.298039215686,0.502645502646,0.992675588754
0.5,0.3,872,756,1275,367,0.506354249404,0.287843137255,0.48544973545,0.958715634402
0.5,0.3,873,756,1275,395,0.506354249404,0.309803921569,0.522486772487,1.03186015147
0.5,0.3,874,756,1275,363,0.506354249404,0.284705882353,0.480158730159,0.948266417678
0.5,0.3,875,756,1275,352,0.506354249404,0.276078431373,0.465608465608,0.919531071688
0.5,0.3,876,756,1275,390,0.506354249404,0.305882352941,0.515873015873,1.01879863056
0.5,0.3,877,756,1275,372,0.506354249404,0.291764705882,0.492063492063,0.971777155307
0.5,0.3,878,756,1275,400,0.506354249404,0.313725490196,0.529100529101,1.04492167237
0.5,0.3,879,756,1275,372,0.506354249404,0.291764705882,0.492063492063,0.971777155307
0.5,0.3,880,756,1275,396,0.506354249404,0.310588235294,0.52380952381,1.03447245565
0.5,0.3,881,756,1275,388,0.506354249404,0.30431372549,0.513227513228,1.0135740222
0.5,0.3,882,756,1275,395,0.506354249404,0.309803921569,0.522486772487,1.03186015147
0.5,0.3,883,756,1275,398,0.506354249404,0.312156862745,0.526455026455,1.03969706401
0.5,0.3,884,756,1275,379,0.506354249404,0.297254901961,0.501322751323,0.990063284573
0.5,0.3,885,756,1275,397,0.506354249404,0.31137254902,0.525132275132,1.03708475983
0.5,0.3,886,756,1275,404,0.506354249404,0.316862745098,0.534391534392,1.0553708891
0.5,0.3,887,756,1275,368,0.506354249404,0.28862745098,0.486772486772,0.961327938583
0.5,0.3,888,756,1275,371,0.506354249404,0.290980392157,0.490740740741,0.969164851126
0.5,0.3,889,756,1275,383,0.506354249404,0.300392156863,0.506613756614,1.0005125013
0.5,0.3,890,756,1275,366,0.506354249404,0.287058823529,0.484126984127,0.956103330221
0.5,0.3,891,756,1275,384,0.506354249404,0.301176470588,0.507936507937,1.00312480548
0.5,0.3,892,756,1275,394,0.506354249404,0.309019607843,0.521164021164,1.02924784729
0.5,0.3,893,756,1275,392,0.506354249404,0.307450980392,0.518518518519,1.02402323893
0.5,0.3,894,756,1275,381,0.506354249404,0.298823529412,0.503968253968,0.995287892935
0.5,0.3,895,756,1275,373,0.506354249404,0.292549019608,0.493386243386,0.974389459487
0.5,0.3,896,756,1275,375,0.506354249404,0.294117647059,0.496031746032,0.979614067849
0.5,0.3,897,756,1275,387,0.506354249404,0.303529411765,0.511904761905,1.01096171802
0.5,0.3,898,756,1275,377,0.506354249404,0.29568627451,0.498677248677,0.984838676211
0.5,0.3,899,756,1275,388,0.506354249404,0.30431372549,0.513227513228,1.0135740222
0.5,0.3,900,756,1275,376,0.506354249404,0.294901960784,0.497354497354,0.98222637203
0.5,0.3,901,756,1275,386,0.506354249404,0.302745098039,0.510582010582,1.00834941384
0.5,0.3,902,756,1275,392,0.506354249404,0.307450980392,0.518518518519,1.02402323893
0.5,0.3,903,756,1275,379,0.506354249404,0.297254901961,0.501322751323,0.990063284573
0.5,0.3,904,756,1275,390,0.506354249404,0.305882352941,0.515873015873,1.01879863056
0.5,0.3,905,756,1275,380,0.506354249404,0.298039215686,0.502645502646,0.992675588754
0.5,0.3,906,756,1275,389,0.506354249404,0.305098039216,0.51455026455,1.01618632638
0.5,0.3,907,756,1275,385,0.506354249404,0.301960784314,0.509259259259,1.00573710966
0.5,0.3,908,756,1275,385,0.506354249404,0.301960784314,0.509259259259,1.00573710966
0.5,0.3,909,756,1275,398,0.506354249404,0.312156862745,0.526455026455,1.03969706401
0.5,0.3,910,756,1275,400,0.506354249404,0.313725490196,0.529100529101,1.04492167237
0.5,0.3,911,756,1275,390,0.506354249404,0.305882352941,0.515873015873,1.01879863056
0.5,0.3,912,756,1275,383,0.506354249404,0.300392156863,0.506613756614,1.0005125013
0.5,0.3,913,756,1275,380,0.506354249404,0.298039215686,0.502645502646,0.992675588754
0.5,0.3,914,756,1275,373,0.506354249404,0.292549019608,0.493386243386,0.974389459487
0.5,0.3,915,756,1275,390,0.506354249404,0.305882352941,0.515873015873,1.01879863056
0.5,0.3,916,756,1275,384,0.506354249404,0.301176470588,0.507936507937,1.00312480548
0.5,0.3,917,756,1275,374,0.506354249404,0.293333333333,0.494708994709,0.977001763668
0.5,0.3,918,756,1275,400,0.506354249404,0.313725490196,0.529100529101,1.04492167237
0.5,0.3,919,756,1275,394,0.506354249404,0.309019607843,0.521164021164,1.02924784729
0.5,0.3,920,756,1275,393,0.506354249404,0.308235294118,0.519841269841,1.02663554311
0.5,0.3,921,756,1275,399,0.506354249404,0.312941176471,0.527777777778,1.04230936819
0.5,0.3,922,756,1275,387,0.506354249404,0.303529411765,0.511904761905,1.01096171802
0.5,0.3,923,756,1275,406,0.506354249404,0.318431372549,0.537037037037,1.06059549746
0.5,0.3,924,756,1275,366,0.506354249404,0.287058823529,0.484126984127,0.956103330221
0.5,0.3,925,756,1275,382,0.506354249404,0.299607843137,0.505291005291,0.997900197116
0.5,0.3,926,756,1275,385,0.506354249404,0.301960784314,0.509259259259,1.00573710966
0.5,0.3,927,756,1275,391,0.506354249404,0.306666666667,0.517195767196,1.02141093474
0.5,0.3,928,756,1275,396,0.506354249404,0.310588235294,0.52380952381,1.03447245565
0.5,0.3,929,756,1275,397,0.506354249404,0.31137254902,0.525132275132,1.03708475983
0.5,0.3,930,756,1275,394,0.506354249404,0.309019607843,0.521164021164,1.02924784729
0.5,0.3,931,756,1275,392,0.506354249404,0.307450980392,0.518518518519,1.02402323893
0.5,0.3,932,756,1275,387,0.506354249404,0.303529411765,0.511904761905,1.01096171802
0.5,0.3,933,756,1275,399,0.506354249404,0.312941176471,0.527777777778,1.04230936819
0.5,0.3,934,756,1275,403,0.506354249404,0.316078431373,0.533068783069,1.05275858492
0.5,0.3,935,756,1275,371,0.506354249404,0.290980392157,0.490740740741,0.969164851126
0.5,0.3,936,756,1275,372,0.506354249404,0.291764705882,0.492063492063,0.971777155307
0.5,0.3,937,756,1275,395,0.506354249404,0.309803921569,0.522486772487,1.03186015147
0.5,0.3,938,756,1275,407,0.506354249404,0.319215686275,0.53835978836,1.06320780164
0.5,0.3,939,756,1275,391,0.506354249404,0.306666666667,0.517195767196,1.02141093474
0.5,0.3,940,756,1275,389,0.506354249404,0.305098039216,0.51455026455,1.01618632638
0.5,0.3,941,756,1275,389,0.506354249404,0.305098039216,0.51455026455,1.01618632638
0.5,0.3,942,756,1275,392,0.506354249404,0.307450980392,0.518518518519,1.02402323893
0.5,0.3,943,756,1275,361,0.506354249404,0.283137254902,0.477513227513,0.943041809316
0.5,0.3,944,756,1275,393,0.506354249404,0.308235294118,0.519841269841,1.02663554311
0.5,0.3,945,756,1275,370,0.506354249404,0.290196078431,0.489417989418,0.966552546945
0.5,0.3,946,756,1275,393,0.506354249404,0.308235294118,0.519841269841,1.02663554311
0.5,0.3,947,756,1275,370,0.506354249404,0.290196078431,0.489417989418,0.966552546945
0.5,0.3,948,756,1275,390,0.506354249404,0.305882352941,0.515873015873,1.01879863056
0.5,0.3,949,756,1275,380,0.506354249404,0.298039215686,0.502645502646,0.992675588754
0.5,0.3,950,756,1275,396,0.506354249404,0.310588235294,0.52380952381,1.03447245565
0.5,0.3,951,756,1275,384,0.506354249404,0.301176470588,0.507936507937,1.00312480548
0.5,0.3,952,756,1275,368,0.506354249404,0.28862745098,0.486772486772,0.961327938583
0.5,0.3,953,756,1275,379,0.506354249404,0.297254901961,0.501322751323,0.990063284573
0.5,0.3,954,756,1275,391,0.506354249404,0.306666666667,0.517195767196,1.02141093474
0.5,0.3,955,756,1275,366,0.506354249404,0.287058823529,0.484126984127,0.956103330221
0.5,0.3,956,756,1275,377,0.506354249404,0.29568627451,0.498677248677,0.984838676211
0.5,0.3,957,756,1275,368,0.506354249404,0.28862745098,0.486772486772,0.961327938583
0.5,0.3,958,756,1275,386,0.506354249404,0.302745098039,0.510582010582,1.00834941384
0.5,0.3,959,756,1275,375,0.506354249404,0.294117647059,0.496031746032,0.979614067849
0.5,0.3,960,756,1275,387,0.506354249404,0.303529411765,0.511904761905,1.01096171802
0.5,0.3,961,756,1275,384,0.506354249404,0.301176470588,0.507936507937,1.00312480548
0.5,0.3,962,756,1275,378,0.506354249404,0.296470588235,0.5,0.987450980392
0.5,0.3,963,756,1275,353,0.506354249404,0.276862745098,0.466931216931,0.922143375869
0.5,0.3,964,756,1275,385,0.506354249404,0.301960784314,0.509259259259,1.00573710966
0.5,0.3,965,756,1275,396,0.506354249404,0.310588235294,0.52380952381,1.03447245565
0.5,0.3,966,756,1275,386,0.506354249404,0.302745098039,0.510582010582,1.00834941384
0.5,0.3,967,756,1275,387,0.506354249404,0.303529411765,0.511904761905,1.01096171802
0.5,0.3,968,756,1275,381,0.506354249404,0.298823529412,0.503968253968,0.995287892935
0.5,0.3,969,756,1275,381,0.506354249404,0.298823529412,0.503968253968,0.995287892935
0.5,0.3,970,756,1275,365,0.506354249404,0.286274509804,0.482804232804,0.95349102604
0.5,0.3,971,756,1275,380,0.506354249404,0.298039215686,0.502645502646,0.992675588754
0.5,0.3,972,756,1275,387,0.506354249404,0.303529411765,0.511904761905,1.01096171802
0.5,0.3,973,756,1275,381,0.506354249404,0.298823529412,0.503968253968,0.995287892935
0.5,0.3,974,756,1275,385,0.506354249404,0.301960784314,0.509259259259,1.00573710966
0.5,0.3,975,756,1275,377,0.506354249404,0.29568627451,0.498677248677,0.984838676211
0.5,0.3,976,756,1275,385,0.506354249404,0.301960784314,0.509259259259,1.00573710966
0.5,0.3,977,756,1275,384,0.506354249404,0.301176470588,0.507936507937,1.00312480548
0.5,0.3,978,756,1275,383,0.506354249404,0.300392156863,0.506613756614,1.0005125013
0.5,0.3,979,756,1275,383,0.506354249404,0.300392156863,0.506613756614,1.0005125013
0.5,0.3,980,756,1275,376,0.506354249404,0.294901960784,0.497354497354,0.98222637203
0.5,0.3,981,756,1275,384,0.506354249404,0.301176470588,0.507936507937,1.00312480548
0.5,0.3,982,756,1275,362,0.506354249404,0.283921568627,0.478835978836,0.945654113497
0.5,0.3,983,756,1275,374,0.506354249404,0.293333333333,0.494708994709,0.977001763668
0.5,0.3,984,756,1275,368,0.506354249404,0.28862745098,0.486772486772,0.961327938583
0.5,0.3,985,756,1275,382,0.506354249404,0.299607843137,0.505291005291,0.997900197116
0.5,0.3,986,756,1275,355,0.506354249404,0.278431372549,0.469576719577,0.927367984231
0.5,0.3,987,756,1275,392,0.506354249404,0.307450980392,0.518518518519,1.02402323893
0.5,0.3,988,756,1275,384,0.506354249404,0.301176470588,0.507936507937,1.00312480548
0.5,0.3,989,756,1275,380,0.506354249404,0.298039215686,0.502645502646,0.992675588754
0.5,0.3,990,756,1275,381,0.506354249404,0.298823529412,0.503968253968,0.995287892935
0.5,0.3,991,756,1275,376,0.506354249404,0.294901960784,0.497354497354,0.98222637203
0.5,0.3,992,756,1275,382,0.506354249404,0.299607843137,0.505291005291,0.997900197116
0.5,0.3,993,756,1275,398,0.506354249404,0.312156862745,0.526455026455,1.03969706401
0.5,0.3,994,756,1275,372,0.506354249404,0.291764705882,0.492063492063,0.971777155307
0.5,0.3,995,756,1275,377,0.506354249404,0.29568627451,0.498677248677,0.984838676211
0.5,0.3,996,756,1275,379,0.506354249404,0.297254901961,0.501322751323,0.990063284573
0.5,0.3,997,756,1275,373,0.506354249404,0.292549019608,0.493386243386,0.974389459487
0.5,0.3,998,756,1275,396,0.506354249404,0.310588235294,0.52380952381,1.03447245565
0.5,0.3,999,756,1275,396,0.506354249404,0.310588235294,0.52380952381,1.03447245565
0.5,0.3,1000,756,1275,388,0.506354249404,0.30431372549,0.513227513228,1.0135740222
1,0.1,1,252,208,24,0.0826052422558,0.115384615385,0.0952380952381,1.15293040293
1,0.1,2,252,208,18,0.0826052422558,0.0865384615385,0.0714285714286,0.864697802198
1,0.1,3,252,208,23,0.0826052422558,0.110576923077,0.0912698412698,1.10489163614
1,0.1,4,252,208,26,0.0826052422558,0.125,0.103174603175,1.24900793651
1,0.1,5,252,208,23,0.0826052422558,0.110576923077,0.0912698412698,1.10489163614
1,0.1,6,252,208,19,0.0826052422558,0.0913461538462,0.0753968253968,0.912736568987
1,0.1,7,252,208,25,0.0826052422558,0.120192307692,0.0992063492063,1.20096916972
1,0.1,8,252,208,19,0.0826052422558,0.0913461538462,0.0753968253968,0.912736568987
1,0.1,9,252,208,14,0.0826052422558,0.0673076923077,0.0555555555556,0.672542735043
1,0.1,10,252,208,21,0.0826052422558,0.100961538462,0.0833333333333,1.00881410256
1,0.1,11,252,208,19,0.0826052422558,0.0913461538462,0.0753968253968,0.912736568987
1,0.1,12,252,208,18,0.0826052422558,0.0865384615385,0.0714285714286,0.864697802198
1,0.1,13,252,208,25,0.0826052422558,0.120192307692,0.0992063492063,1.20096916972
1,0.1,14,252,208,23,0.0826052422558,0.110576923077,0.0912698412698,1.10489163614
1,0.1,15,252,208,22,0.0826052422558,0.105769230769,0.0873015873016,1.05685286935
1,0.1,16,252,208,28,0.0826052422558,0.134615384615,0.111111111111,1.34508547009
1,0.1,17,252,208,14,0.0826052422558,0.0673076923077,0.0555555555556,0.672542735043
1,0.1,18,252,208,10,0.0826052422558,0.0480769230769,0.0396825396825,0.480387667888
1,0.1,19,252,208,15,0.0826052422558,0.0721153846154,0.0595238095238,0.720581501832
1,0.1,20,252,208,18,0.0826052422558,0.0865384615385,0.0714285714286,0.864697802198
1,0.1,21,252,208,14,0.0826052422558,0.0673076923077,0.0555555555556,0.672542735043
1,0.1,22,252,208,19,0.0826052422558,0.0913461538462,0.0753968253968,0.912736568987
1,0.1,23,252,208,20,0.0826052422558,0.0961538461538,0.0793650793651,0.960775335775
1,0.1,24,252,208,11,0.0826052422558,0.0528846153846,0.0436507936508,0.528426434676
1,0.1,25,252,208,21,0.0826052422558,0.100961538462,0.0833333333333,1.00881410256
1,0.1,26,252,208,30,0.0826052422558,0.144230769231,0.119047619048,1.44116300366
1,0.1,27,252,208,22,0.0826052422558,0.105769230769,0.0873015873016,1.05685286935
1,0.1,28,252,208,17,0.0826052422558,0.0817307692308,0.0674603174603,0.816659035409
1,0.1,29,252,208,23,0.0826052422558,0.110576923077,0.0912698412698,1.10489163614
1,0.1,30,252,208,22,0.0826052422558,0.105769230769,0.0873015873016,1.05685286935
1,0.1,31,252,208,18,0.0826052422558,0.0865384615385,0.0714285714286,0.864697802198
1,0.1,32,252,208,25,0.0826052422558,0.120192307692,0.0992063492063,1.20096916972
1,0.1,33,252,208,20,0.0826052422558,0.0961538461538,0.0793650793651,0.960775335775
1,0.1,34,252,208,18,0.0826052422558,0.0865384615385,0.0714285714286,0.864697802198
1,0.1,35,252,208,33,0.0826052422558,0.158653846154,0.130952380952,1.58527930403
1,0.1,36,252,208,22,0.0826052422558,0.105769230769,0.0873015873016,1.05685286935
1,0.1,37,252,208,19,0.0826052422558,0.0913461538462,0.0753968253968,0.912736568987
1,0.1,38,252,208,21,0.0826052422558,0.100961538462,0.0833333333333,1.00881410256
1,0.1,39,252,208,18,0.0826052422558,0.0865384615385,0.0714285714286,0.864697802198
1,0.1,40,252,208,17,0.0826052422558,0.0817307692308,0.0674603174603,0.816659035409
1,0.1,41,252,208,26,0.0826052422558,0.125,0.103174603175,1.24900793651
1,0.1,42,252,208,14,0.0826052422558,0.0673076923077,0.0555555555556,0.672542735043
1,0.1,43,252,208,17,0.0826052422558,0.0817307692308,0.0674603174603,0.816659035409
1,0.1,44,252,208,20,0.0826052422558,0.0961538461538,0.0793650793651,0.960775335775
1,0.1,45,252,208,25,0.0826052422558,0.120192307692,0.0992063492063,1.20096916972
1,0.1,46,252,208,22,0.0826052422558,0.105769230769,0.0873015873016,1.05685286935
1,0.1,47,252,208,13,0.0826052422558,0.0625,0.0515873015873,0.624503968254
1,0.1,48,252,208,16,0.0826052422558,0.0769230769231,0.0634920634921,0.76862026862
1,0.1,49,252,208,16,0.0826052422558,0.0769230769231,0.0634920634921,0.76862026862
1,0.1,50,252,208,28,0.0826052422558,0.134615384615,0.111111111111,1.34508547009
1,0.1,51,252,208,24,0.0826052422558,0.115384615385,0.0952380952381,1.15293040293
1,0.1,52,252,208,22,0.0826052422558,0.105769230769,0.0873015873016,1.05685286935
1,0.1,53,252,208,19,0.0826052422558,0.0913461538462,0.0753968253968,0.912736568987
1,0.1,54,252,208,31,0.0826052422558,0.149038461538,0.123015873016,1.48920177045
1,0.1,55,252,208,17,0.0826052422558,0.0817307692308,0.0674603174603,0.816659035409
1,0.1,56,252,208,16,0.0826052422558,0.0769230769231,0.0634920634921,0.76862026862
1,0.1,57,252,208,15,0.0826052422558,0.0721153846154,0.0595238095238,0.720581501832
1,0.1,58,252,208,19,0.0826052422558,0.0913461538462,0.0753968253968,0.912736568987
1,0.1,59,252,208,17,0.0826052422558,0.0817307692308,0.0674603174603,0.816659035409
1,0.1,60,252,208,20,0.0826052422558,0.0961538461538,0.0793650793651,0.960775335775
1,0.1,61,252,208,18,0.0826052422558,0.0865384615385,0.0714285714286,0.864697802198
1,0.1,62,252,208,15,0.0826052422558,0.0721153846154,0.0595238095238,0.720581501832
1,0.1,63,252,208,23,0.0826052422558,0.110576923077,0.0912698412698,1.10489163614
1,0.1,64,252,208,21,0.0826052422558,0.100961538462,0.0833333333333,1.00881410256
1,0.1,65,252,208,25,0.0826052422558,0.120192307692,0.0992063492063,1.20096916972
1,0.1,66,252,208,20,0.0826052422558,0.0961538461538,0.0793650793651,0.960775335775
1,0.1,67,252,208,24,0.0826052422558,0.115384615385,0.0952380952381,1.15293040293
1,0.1,68,252,208,11,0.0826052422558,0.0528846153846,0.0436507936508,0.528426434676
1,0.1,69,252,208,14,0.0826052422558,0.0673076923077,0.0555555555556,0.672542735043
1,0.1,70,252,208,21,0.0826052422558,0.100961538462,0.0833333333333,1.00881410256
1,0.1,71,252,208,16,0.0826052422558,0.0769230769231,0.0634920634921,0.76862026862
1,0.1,72,252,208,22,0.0826052422558,0.105769230769,0.0873015873016,1.05685286935
1,0.1,73,252,208,18,0.0826052422558,0.0865384615385,0.0714285714286,0.864697802198
1,0.1,74,252,208,20,0.0826052422558,0.0961538461538,0.0793650793651,0.960775335775
1,0.1,75,252,208,15,0.0826052422558,0.0721153846154,0.0595238095238,0.720581501832
1,0.1,76,252,208,17,0.0826052422558,0.0817307692308,0.0674603174603,0.816659035409
1,0.1,77,252,208,22,0.0826052422558,0.105769230769,0.0873015873016,1.05685286935
1,0.1,78,252,208,19,0.0826052422558,0.0913461538462,0.0753968253968,0.912736568987
1,0.1,79,252,208,12,0.0826052422558,0.0576923076923,0.047619047619,0.576465201465
1,0.1,80,252,208,17,0.0826052422558,0.0817307692308,0.0674603174603,0.816659035409
1,0.1,81,252,208,21,0.0826052422558,0.100961538462,0.0833333333333,1.00881410256
1,0.1,82,252,208,28,0.0826052422558,0.134615384615,0.111111111111,1.34508547009
1,0.1,83,252,208,24,0.0826052422558,0.115384615385,0.0952380952381,1.15293040293
1,0.1,84,252,208,26,0.0826052422558,0.125,0.103174603175,1.24900793651
1,0.1,85,252,208,18,0.0826052422558,0.0865384615385,0.0714285714286,0.864697802198
1,0.1,86,252,208,14,0.0826052422558,0.0673076923077,0.0555555555556,0.672542735043
1,0.1,87,252,208,14,0.0826052422558,0.0673076923077,0.0555555555556,0.672542735043
1,0.1,88,252,208,20,0.0826052422558,0.0961538461538,0.0793650793651,0.960775335775
1,0.1,89,252,208,21,0.0826052422558,0.100961538462,0.0833333333333,1.00881410256
1,0.1,90,252,208,16,0.0826052422558,0.0769230769231,0.0634920634921,0.76862026862
1,0.1,91,252,208,20,0.0826052422558,0.0961538461538,0.0793650793651,0.960775335775
1,0.1,92,252,208,16,0.0826052422558,0.0769230769231,0.0634920634921,0.76862026862
1,0.1,93,252,208,21,0.0826052422558,0.100961538462,0.0833333333333,1.00881410256
1,0.1,94,252,208,22,0.0826052422558,0.105769230769,0.0873015873016,1.05685286935
1,0.1,95,252,208,19,0.0826052422558,0.0913461538462,0.0753968253968,0.912736568987
1,0.1,96,252,208,20,0.0826052422558,0.0961538461538,0.0793650793651,0.960775335775
1,0.1,97,252,208,20,0.0826052422558,0.0961538461538,0.0793650793651,0.960775335775
1,0.1,98,252,208,27,0.0826052422558,0.129807692308,0.107142857143,1.2970467033
1,0.1,99,252,208,22,0.0826052422558,0.105769230769,0.0873015873016,1.05685286935
1,0.1,100,252,208,28,0.0826052422558,0.134615384615,0.111111111111,1.34508547009
1,0.1,101,252,208,22,0.0826052422558,0.105769230769,0.0873015873016,1.05685286935
1,0.1,102,252,208,16,0.0826052422558,0.0769230769231,0.0634920634921,0.76862026862
1,0.1,103,252,208,23,0.0826052422558,0.110576923077,0.0912698412698,1.10489163614
1,0.1,104,252,208,21,0.0826052422558,0.100961538462,0.0833333333333,1.00881410256
1,0.1,105,252,208,19,0.0826052422558,0.0913461538462,0.0753968253968,0.912736568987
1,0.1,106,252,208,27,0.0826052422558,0.129807692308,0.107142857143,1.2970467033
1,0.1,107,252,208,19,0.0826052422558,0.0913461538462,0.0753968253968,0.912736568987
1,0.1,108,252,208,20,0.0826052422558,0.0961538461538,0.0793650793651,0.960775335775
1,0.1,109,252,208,19,0.0826052422558,0.0913461538462,0.0753968253968,0.912736568987
1,0.1,110,252,208,18,0.0826052422558,0.0865384615385,0.0714285714286,0.864697802198
1,0.1,111,252,208,19,0.0826052422558,0.0913461538462,0.0753968253968,0.912736568987
1,0.1,112,252,208,22,0.0826052422558,0.105769230769,0.0873015873016,1.05685286935
1,0.1,113,252,208,21,0.0826052422558,0.100961538462,0.0833333333333,1.00881410256
1,0.1,114,252,208,25,0.0826052422558,0.120192307692,0.0992063492063,1.20096916972
1,0.1,115,252,208,22,0.0826052422558,0.105769230769,0.0873015873016,1.05685286935
1,0.1,116,252,208,23,0.0826052422558,0.110576923077,0.0912698412698,1.10489163614
1,0.1,117,252,208,22,0.0826052422558,0.105769230769,0.0873015873016,1.05685286935
1,0.1,118,252,208,21,0.0826052422558,0.100961538462,0.0833333333333,1.00881410256
1,0.1,119,252,208,20,0.0826052422558,0.0961538461538,0.0793650793651,0.960775335775
1,0.1,120,252,208,18,0.0826052422558,0.0865384615385,0.0714285714286,0.864697802198
1,0.1,121,252,208,20,0.0826052422558,0.0961538461538,0.0793650793651,0.960775335775
1,0.1,122,252,208,21,0.0826052422558,0.100961538462,0.0833333333333,1.00881410256
1,0.1,123,252,208,21,0.0826052422558,0.100961538462,0.0833333333333,1.00881410256
1,0.1,124,252,208,20,0.0826052422558,0.0961538461538,0.0793650793651,0.960775335775
1,0.1,125,252,208,16,0.0826052422558,0.0769230769231,0.0634920634921,0.76862026862
1,0.1,126,252,208,28,0.0826052422558,0.134615384615,0.111111111111,1.34508547009
1,0.1,127,252,208,17,0.0826052422558,0.0817307692308,0.0674603174603,0.816659035409
1,0.1,128,252,208,17,0.0826052422558,0.0817307692308,0.0674603174603,0.816659035409
1,0.1,129,252,208,21,0.0826052422558,0.100961538462,0.0833333333333,1.00881410256
1,0.1,130,252,208,25,0.0826052422558,0.120192307692,0.0992063492063,1.20096916972
1,0.1,131,252,208,22,0.0826052422558,0.105769230769,0.0873015873016,1.05685286935
1,0.1,132,252,208,20,0.0826052422558,0.0961538461538,0.0793650793651,0.960775335775
1,0.1,133,252,208,29,0.0826052422558,0.139423076923,0.115079365079,1.39312423687
1,0.1,134,252,208,18,0.0826052422558,0.0865384615385,0.0714285714286,0.864697802198
1,0.1,135,252,208,24,0.0826052422558,0.115384615385,0.0952380952381,1.15293040293
1,0.1,136,252,208,19,0.0826052422558,0.0913461538462,0.0753968253968,0.912736568987
1,0.1,137,252,208,19,0.0826052422558,0.0913461538462,0.0753968253968,0.912736568987
1,0.1,138,252,208,8,0.0826052422558,0.0384615384615,0.031746031746,0.38431013431
1,0.1,139,252,208,18,0.0826052422558,0.0865384615385,0.0714285714286,0.864697802198
1,0.1,140,252,208,20,0.0826052422558,0.0961538461538,0.0793650793651,0.960775335775
1,0.1,141,252,208,20,0.0826052422558,0.0961538461538,0.0793650793651,0.960775335775
1,0.1,142,252,208,19,0.0826052422558,0.0913461538462,0.0753968253968,0.912736568987
1,0.1,143,252,208,27,0.0826052422558,0.129807692308,0.107142857143,1.2970467033
1,0.1,144,252,208,25,0.0826052422558,0.120192307692,0.0992063492063,1.20096916972
1,0.1,145,252,208,23,0.0826052422558,0.110576923077,0.0912698412698,1.10489163614
1,0.1,146,252,208,18,0.0826052422558,0.0865384615385,0.0714285714286,0.864697802198
1,0.1,147,252,208,23,0.0826052422558,0.110576923077,0.0912698412698,1.10489163614
1,0.1,148,252,208,23,0.0826052422558,0.110576923077,0.0912698412698,1.10489163614
1,0.1,149,252,208,21,0.0826052422558,0.100961538462,0.0833333333333,1.00881410256
1,0.1,150,252,208,16,0.0826052422558,0.0769230769231,0.0634920634921,0.76862026862
1,0.1,151,252,208,17,0.0826052422558,0.0817307692308,0.0674603174603,0.816659035409
1,0.1,152,252,208,12,0.0826052422558,0.0576923076923,0.047619047619,0.576465201465
1,0.1,153,252,208,19,0.0826052422558,0.0913461538462,0.0753968253968,0.912736568987
1,0.1,154,252,208,17,0.0826052422558,0.0817307692308,0.0674603174603,0.816659035409
1,0.1,155,252,208,25,0.0826052422558,0.120192307692,0.0992063492063,1.20096916972
1,0.1,156,252,208,17,0.0826052422558,0.0817307692308,0.0674603174603,0.816659035409
1,0.1,157,252,208,25,0.0826052422558,0.120192307692,0.0992063492063,1.20096916972
1,0.1,158,252,208,18,0.0826052422558,0.0865384615385,0.0714285714286,0.864697802198
1,0.1,159,252,208,17,0.0826052422558,0.0817307692308,0.0674603174603,0.816659035409
1,0.1,160,252,208,22,0.0826052422558,0.105769230769,0.0873015873016,1.05685286935
1,0.1,161,252,208,25,0.0826052422558,0.120192307692,0.0992063492063,1.20096916972
1,0.1,162,252,208,18,0.0826052422558,0.0865384615385,0.0714285714286,0.864697802198
1,0.1,163,252,208,18,0.0826052422558,0.0865384615385,0.0714285714286,0.864697802198
1,0.1,164,252,208,14,0.0826052422558,0.0673076923077,0.0555555555556,0.672542735043
1,0.1,165,252,208,18,0.0826052422558,0.0865384615385,0.0714285714286,0.864697802198
1,0.1,166,252,208,21,0.0826052422558,0.100961538462,0.0833333333333,1.00881410256
1,0.1,167,252,208,26,0.0826052422558,0.125,0.103174603175,1.24900793651
1,0.1,168,252,208,17,0.0826052422558,0.0817307692308,0.0674603174603,0.816659035409
1,0.1,169,252,208,20,0.0826052422558,0.0961538461538,0.0793650793651,0.960775335775
1,0.1,170,252,208,21,0.0826052422558,0.100961538462,0.0833333333333,1.00881410256
1,0.1,171,252,208,12,0.0826052422558,0.0576923076923,0.047619047619,0.576465201465
1,0.1,172,252,208,24,0.0826052422558,0.115384615385,0.0952380952381,1.15293040293
1,0.1,173,252,208,19,0.0826052422558,0.0913461538462,0.0753968253968,0.912736568987
1,0.1,174,252,208,22,0.0826052422558,0.105769230769,0.0873015873016,1.05685286935
1,0.1,175,252,208,16,0.0826052422558,0.0769230769231,0.0634920634921,0.76862026862
1,0.1,176,252,208,22,0.0826052422558,0.105769230769,0.0873015873016,1.05685286935
1,0.1,177,252,208,22,0.0826052422558,0.105769230769,0.0873015873016,1.05685286935
1,0.1,178,252,208,23,0.0826052422558,0.110576923077,0.0912698412698,1.10489163614
1,0.1,179,252,208,21,0.0826052422558,0.100961538462,0.0833333333333,1.00881410256
1,0.1,180,252,208,16,0.0826052422558,0.0769230769231,0.0634920634921,0.76862026862
1,0.1,181,252,208,20,0.0826052422558,0.0961538461538,0.0793650793651,0.960775335775
1,0.1,182,252,208,15,0.0826052422558,0.0721153846154,0.0595238095238,0.720581501832
1,0.1,183,252,208,19,0.0826052422558,0.0913461538462,0.0753968253968,0.912736568987
1,0.1,184,252,208,17,0.0826052422558,0.0817307692308,0.0674603174603,0.816659035409
1,0.1,185,252,208,15,0.0826052422558,0.0721153846154,0.0595238095238,0.720581501832
1,0.1,186,252,208,20,0.0826052422558,0.0961538461538,0.0793650793651,0.960775335775
1,0.1,187,252,208,18,0.0826052422558,0.0865384615385,0.0714285714286,0.864697802198
1,0.1,188,252,208,23,0.0826052422558,0.110576923077,0.0912698412698,1.10489163614
1,0.1,189,252,208,23,0.0826052422558,0.110576923077,0.0912698412698,1.10489163614
1,0.1,190,252,208,19,0.0826052422558,0.0913461538462,0.0753968253968,0.912736568987
1,0.1,191,252,208,23,0.0826052422558,0.110576923077,0.0912698412698,1.10489163614
1,0.1,192,252,208,19,0.0826052422558,0.0913461538462,0.0753968253968,0.912736568987
1,0.1,193,252,208,21,0.0826052422558,0.100961538462,0.0833333333333,1.00881410256
1,0.1,194,252,208,22,0.0826052422558,0.105769230769,0.0873015873016,1.05685286935
1,0.1,195,252,208,26,0.0826052422558,0.125,0.103174603175,1.24900793651
1,0.1,196,252,208,15,0.0826052422558,0.0721153846154,0.0595238095238,0.720581501832
1,0.1,197,252,208,19,0.0826052422558,0.0913461538462,0.0753968253968,0.912736568987
1,0.1,198,252,208,17,0.0826052422558,0.0817307692308,0.0674603174603,0.816659035409
1,0.1,199,252,208,15,0.0826052422558,0.0721153846154,0.0595238095238,0.720581501832
1,0.1,200,252,208,15,0.0826052422558,0.0721153846154,0.0595238095238,0.720581501832
1,0.1,201,252,208,17,0.0826052422558,0.0817307692308,0.0674603174603,0.816659035409
1,0.1,202,252,208,18,0.0826052422558,0.0865384615385,0.0714285714286,0.864697802198
1,0.1,203,252,208,23,0.0826052422558,0.110576923077,0.0912698412698,1.10489163614
1,0.1,204,252,208,22,0.0826052422558,0.105769230769,0.0873015873016,1.05685286935
1,0.1,205,252,208,25,0.0826052422558,0.120192307692,0.0992063492063,1.20096916972
1,0.1,206,252,208,25,0.0826052422558,0.120192307692,0.0992063492063,1.20096916972
1,0.1,207,252,208,23,0.0826052422558,0.110576923077,0.0912698412698,1.10489163614
1,0.1,208,252,208,17,0.0826052422558,0.0817307692308,0.0674603174603,0.816659035409
1,0.1,209,252,208,28,0.0826052422558,0.134615384615,0.111111111111,1.34508547009
1,0.1,210,252,208,15,0.0826052422558,0.0721153846154,0.0595238095238,0.720581501832
1,0.1,211,252,208,21,0.0826052422558,0.100961538462,0.0833333333333,1.00881410256
1,0.1,212,252,208,14,0.0826052422558,0.0673076923077,0.0555555555556,0.672542735043
1,0.1,213,252,208,20,0.0826052422558,0.0961538461538,0.0793650793651,0.960775335775
1,0.1,214,252,208,21,0.0826052422558,0.100961538462,0.0833333333333,1.00881410256
1,0.1,215,252,208,31,0.0826052422558,0.149038461538,0.123015873016,1.48920177045
1,0.1,216,252,208,24,0.0826052422558,0.115384615385,0.0952380952381,1.15293040293
1,0.1,217,252,208,20,0.0826052422558,0.0961538461538,0.0793650793651,0.960775335775
1,0.1,218,252,208,20,0.0826052422558,0.0961538461538,0.0793650793651,0.960775335775
1,0.1,219,252,208,19,0.0826052422558,0.0913461538462,0.0753968253968,0.912736568987
1,0.1,220,252,208,19,0.0826052422558,0.0913461538462,0.0753968253968,0.912736568987
1,0.1,221,252,208,22,0.0826052422558,0.105769230769,0.0873015873016,1.05685286935
1,0.1,222,252,208,17,0.0826052422558,0.0817307692308,0.0674603174603,0.816659035409
1,0.1,223,252,208,25,0.0826052422558,0.120192307692,0.0992063492063,1.20096916972
1,0.1,224,252,208,21,0.0826052422558,0.100961538462,0.0833333333333,1.00881410256
1,0.1,225,252,208,18,0.0826052422558,0.0865384615385,0.0714285714286,0.864697802198
1,0.1,226,252,208,23,0.0826052422558,0.110576923077,0.0912698412698,1.10489163614
1,0.1,227,252,208,25,0.0826052422558,0.120192307692,0.0992063492063,1.20096916972
1,0.1,228,252,208,23,0.0826052422558,0.110576923077,0.0912698412698,1.10489163614
1,0.1,229,252,208,20,0.0826052422558,0.0961538461538,0.0793650793651,0.960775335775
1,0.1,230,252,208,22,0.0826052422558,0.105769230769,0.0873015873016,1.05685286935
1,0.1,231,252,208,17,0.0826052422558,0.0817307692308,0.0674603174603,0.816659035409
1,0.1,232,252,208,19,0.0826052422558,0.0913461538462,0.0753968253968,0.912736568987
1,0.1,233,252,208,19,0.0826052422558,0.0913461538462,0.0753968253968,0.912736568987
1,0.1,234,252,208,15,0.0826052422558,0.0721153846154,0.0595238095238,0.720581501832
1,0.1,235,252,208,22,0.0826052422558,0.105769230769,0.0873015873016,1.05685286935
1,0.1,236,252,208,20,0.0826052422558,0.0961538461538,0.0793650793651,0.960775335775
1,0.1,237,252,208,14,0.0826052422558,0.0673076923077,0.0555555555556,0.672542735043
1,0.1,238,252,208,21,0.0826052422558,0.100961538462,0.0833333333333,1.00881410256
1,0.1,239,252,208,26,0.0826052422558,0.125,0.103174603175,1.24900793651
1,0.1,240,252,208,23,0.0826052422558,0.110576923077,0.0912698412698,1.10489163614
1,0.1,241,252,208,18,0.0826052422558,0.0865384615385,0.0714285714286,0.864697802198
1,0.1,242,252,208,18,0.0826052422558,0.0865384615385,0.0714285714286,0.864697802198
1,0.1,243,252,208,25,0.0826052422558,0.120192307692,0.0992063492063,1.20096916972
1,0.1,244,252,208,23,0.0826052422558,0.110576923077,0.0912698412698,1.10489163614
1,0.1,245,252,208,24,0.0826052422558,0.115384615385,0.0952380952381,1.15293040293
1,0.1,246,252,208,13,0.0826052422558,0.0625,0.0515873015873,0.624503968254
1,0.1,247,252,208,24,0.0826052422558,0.115384615385,0.0952380952381,1.15293040293
1,0.1,248,252,208,18,0.0826052422558,0.0865384615385,0.0714285714286,0.864697802198
1,0.1,249,252,208,24,0.0826052422558,0.115384615385,0.0952380952381,1.15293040293
1,0.1,250,252,208,26,0.0826052422558,0.125,0.103174603175,1.24900793651
1,0.1,251,252,208,21,0.0826052422558,0.100961538462,0.0833333333333,1.00881410256
1,0.1,252,252,208,18,0.0826052422558,0.0865384615385,0.0714285714286,0.864697802198
1,0.1,253,252,208,32,0.0826052422558,0.153846153846,0.126984126984,1.53724053724
1,0.1,254,252,208,28,0.0826052422558,0.134615384615,0.111111111111,1.34508547009
1,0.1,255,252,208,26,0.0826052422558,0.125,0.103174603175,1.24900793651
1,0.1,256,252,208,23,0.0826052422558,0.110576923077,0.0912698412698,1.10489163614
1,0.1,257,252,208,19,0.0826052422558,0.0913461538462,0.0753968253968,0.912736568987
1,0.1,258,252,208,16,0.0826052422558,0.0769230769231,0.0634920634921,0.76862026862
1,0.1,259,252,208,24,0.0826052422558,0.115384615385,0.0952380952381,1.15293040293
1,0.1,260,252,208,25,0.0826052422558,0.120192307692,0.0992063492063,1.20096916972
1,0.1,261,252,208,16,0.0826052422558,0.0769230769231,0.0634920634921,0.76862026862
1,0.1,262,252,208,33,0.0826052422558,0.158653846154,0.130952380952,1.58527930403
1,0.1,263,252,208,20,0.0826052422558,0.0961538461538,0.0793650793651,0.960775335775
1,0.1,264,252,208,21,0.0826052422558,0.100961538462,0.0833333333333,1.00881410256
1,0.1,265,252,208,17,0.0826052422558,0.0817307692308,0.0674603174603,0.816659035409
1,0.1,266,252,208,16,0.0826052422558,0.0769230769231,0.0634920634921,0.76862026862
1,0.1,267,252,208,16,0.0826052422558,0.0769230769231,0.0634920634921,0.76862026862
1,0.1,268,252,208,21,0.0826052422558,0.100961538462,0.0833333333333,1.00881410256
1,0.1,269,252,208,25,0.0826052422558,0.120192307692,0.0992063492063,1.20096916972
1,0.1,270,252,208,33,0.0826052422558,0.158653846154,0.130952380952,1.58527930403
1,0.1,271,252,208,20,0.0826052422558,0.0961538461538,0.0793650793651,0.960775335775
1,0.1,272,252,208,21,0.0826052422558,0.100961538462,0.0833333333333,1.00881410256
1,0.1,273,252,208,17,0.0826052422558,0.0817307692308,0.0674603174603,0.816659035409
1,0.1,274,252,208,19,0.0826052422558,0.0913461538462,0.0753968253968,0.912736568987
1,0.1,275,252,208,17,0.0826052422558,0.0817307692308,0.0674603174603,0.816659035409
1,0.1,276,252,208,30,0.0826052422558,0.144230769231,0.119047619048,1.44116300366
1,0.1,277,252,208,23,0.0826052422558,0.110576923077,0.0912698412698,1.10489163614
1,0.1,278,252,208,18,0.0826052422558,0.0865384615385,0.0714285714286,0.864697802198
1,0.1,279,252,208,16,0.0826052422558,0.0769230769231,0.0634920634921,0.76862026862
1,0.1,280,252,208,24,0.0826052422558,0.115384615385,0.0952380952381,1.15293040293
1,0.1,281,252,208,21,0.0826052422558,0.100961538462,0.0833333333333,1.00881410256
1,0.1,282,252,208,22,0.0826052422558,0.105769230769,0.0873015873016,1.05685286935
1,0.1,283,252,208,16,0.0826052422558,0.0769230769231,0.0634920634921,0.76862026862
1,0.1,284,252,208,26,0.0826052422558,0.125,0.103174603175,1.24900793651
1,0.1,285,252,208,25,0.0826052422558,0.120192307692,0.0992063492063,1.20096916972
1,0.1,286,252,208,18,0.0826052422558,0.0865384615385,0.0714285714286,0.864697802198
1,0.1,287,252,208,27,0.0826052422558,0.129807692308,0.107142857143,1.2970467033
1,0.1,288,252,208,22,0.0826052422558,0.105769230769,0.0873015873016,1.05685286935
1,0.1,289,252,208,20,0.0826052422558,0.0961538461538,0.0793650793651,0.960775335775
1,0.1,290,252,208,16,0.0826052422558,0.0769230769231,0.0634920634921,0.76862026862
1,0.1,291,252,208,19,0.0826052422558,0.0913461538462,0.0753968253968,0.912736568987
1,0.1,292,252,208,16,0.0826052422558,0.0769230769231,0.0634920634921,0.76862026862
1,0.1,293,252,208,17,0.0826052422558,0.0817307692308,0.0674603174603,0.816659035409
1,0.1,294,252,208,20,0.0826052422558,0.0961538461538,0.0793650793651,0.960775335775
1,0.1,295,252,208,14,0.0826052422558,0.0673076923077,0.0555555555556,0.672542735043
1,0.1,296,252,208,20,0.0826052422558,0.0961538461538,0.0793650793651,0.960775335775
1,0.1,297,252,208,19,0.0826052422558,0.0913461538462,0.0753968253968,0.912736568987
1,0.1,298,252,208,20,0.0826052422558,0.0961538461538,0.0793650793651,0.960775335775
1,0.1,299,252,208,20,0.0826052422558,0.0961538461538,0.0793650793651,0.960775335775
1,0.1,300,252,208,21,0.0826052422558,0.100961538462,0.0833333333333,1.00881410256
1,0.1,301,252,208,18,0.0826052422558,0.0865384615385,0.0714285714286,0.864697802198
1,0.1,302,252,208,18,0.0826052422558,0.0865384615385,0.0714285714286,0.864697802198
1,0.1,303,252,208,19,0.0826052422558,0.0913461538462,0.0753968253968,0.912736568987
1,0.1,304,252,208,20,0.0826052422558,0.0961538461538,0.0793650793651,0.960775335775
1,0.1,305,252,208,16,0.0826052422558,0.0769230769231,0.0634920634921,0.76862026862
1,0.1,306,252,208,23,0.0826052422558,0.110576923077,0.0912698412698,1.10489163614
1,0.1,307,252,208,17,0.0826052422558,0.0817307692308,0.0674603174603,0.816659035409
1,0.1,308,252,208,19,0.0826052422558,0.0913461538462,0.0753968253968,0.912736568987
1,0.1,309,252,208,21,0.0826052422558,0.100961538462,0.0833333333333,1.00881410256
1,0.1,310,252,208,17,0.0826052422558,0.0817307692308,0.0674603174603,0.816659035409
1,0.1,311,252,208,17,0.0826052422558,0.0817307692308,0.0674603174603,0.816659035409
1,0.1,312,252,208,21,0.0826052422558,0.100961538462,0.0833333333333,1.00881410256
1,0.1,313,252,208,16,0.0826052422558,0.0769230769231,0.0634920634921,0.76862026862
1,0.1,314,252,208,16,0.0826052422558,0.0769230769231,0.0634920634921,0.76862026862
1,0.1,315,252,208,26,0.0826052422558,0.125,0.103174603175,1.24900793651
1,0.1,316,252,208,22,0.0826052422558,0.105769230769,0.0873015873016,1.05685286935
1,0.1,317,252,208,22,0.0826052422558,0.105769230769,0.0873015873016,1.05685286935
1,0.1,318,252,208,23,0.0826052422558,0.110576923077,0.0912698412698,1.10489163614
1,0.1,319,252,208,22,0.0826052422558,0.105769230769,0.0873015873016,1.05685286935
1,0.1,320,252,208,15,0.0826052422558,0.0721153846154,0.0595238095238,0.720581501832
1,0.1,321,252,208,17,0.0826052422558,0.0817307692308,0.0674603174603,0.816659035409
1,0.1,322,252,208,23,0.0826052422558,0.110576923077,0.0912698412698,1.10489163614
1,0.1,323,252,208,17,0.0826052422558,0.0817307692308,0.0674603174603,0.816659035409
1,0.1,324,252,208,29,0.0826052422558,0.139423076923,0.115079365079,1.39312423687
1,0.1,325,252,208,21,0.0826052422558,0.100961538462,0.0833333333333,1.00881410256
1,0.1,326,252,208,26,0.0826052422558,0.125,0.103174603175,1.24900793651
1,0.1,327,252,208,22,0.0826052422558,0.105769230769,0.0873015873016,1.05685286935
1,0.1,328,252,208,24,0.0826052422558,0.115384615385,0.0952380952381,1.15293040293
1,0.1,329,252,208,14,0.0826052422558,0.0673076923077,0.0555555555556,0.672542735043
1,0.1,330,252,208,16,0.0826052422558,0.0769230769231,0.0634920634921,0.76862026862
1,0.1,331,252,208,18,0.0826052422558,0.0865384615385,0.0714285714286,0.864697802198
1,0.1,332,252,208,14,0.0826052422558,0.0673076923077,0.0555555555556,0.672542735043
1,0.1,333,252,208,18,0.0826052422558,0.0865384615385,0.0714285714286,0.864697802198
1,0.1,334,252,208,19,0.0826052422558,0.0913461538462,0.0753968253968,0.912736568987
1,0.1,335,252,208,14,0.0826052422558,0.0673076923077,0.0555555555556,0.672542735043
1,0.1,336,252,208,22,0.0826052422558,0.105769230769,0.0873015873016,1.05685286935
1,0.1,337,252,208,20,0.0826052422558,0.0961538461538,0.0793650793651,0.960775335775
1,0.1,338,252,208,16,0.0826052422558,0.0769230769231,0.0634920634921,0.76862026862
1,0.1,339,252,208,18,0.0826052422558,0.0865384615385,0.0714285714286,0.864697802198
1,0.1,340,252,208,22,0.0826052422558,0.105769230769,0.0873015873016,1.05685286935
1,0.1,341,252,208,21,0.0826052422558,0.100961538462,0.0833333333333,1.00881410256
1,0.1,342,252,208,19,0.0826052422558,0.0913461538462,0.0753968253968,0.912736568987
1,0.1,343,252,208,20,0.0826052422558,0.0961538461538,0.0793650793651,0.960775335775
1,0.1,344,252,208,17,0.0826052422558,0.0817307692308,0.0674603174603,0.816659035409
1,0.1,345,252,208,22,0.0826052422558,0.105769230769,0.0873015873016,1.05685286935
1,0.1,346,252,208,20,0.0826052422558,0.0961538461538,0.0793650793651,0.960775335775
1,0.1,347,252,208,16,0.0826052422558,0.0769230769231,0.0634920634921,0.76862026862
1,0.1,348,252,208,16,0.0826052422558,0.0769230769231,0.0634920634921,0.76862026862
1,0.1,349,252,208,17,0.0826052422558,0.0817307692308,0.0674603174603,0.816659035409
1,0.1,350,252,208,25,0.0826052422558,0.120192307692,0.0992063492063,1.20096916972
1,0.1,351,252,208,17,0.0826052422558,0.0817307692308,0.0674603174603,0.816659035409
1,0.1,352,252,208,25,0.0826052422558,0.120192307692,0.0992063492063,1.20096916972
1,0.1,353,252,208,22,0.0826052422558,0.105769230769,0.0873015873016,1.05685286935
1,0.1,354,252,208,21,0.0826052422558,0.100961538462,0.0833333333333,1.00881410256
1,0.1,355,252,208,21,0.0826052422558,0.100961538462,0.0833333333333,1.00881410256
1,0.1,356,252,208,22,0.0826052422558,0.105769230769,0.0873015873016,1.05685286935
1,0.1,357,252,208,29,0.0826052422558,0.139423076923,0.115079365079,1.39312423687
1,0.1,358,252,208,24,0.0826052422558,0.115384615385,0.0952380952381,1.15293040293
1,0.1,359,252,208,15,0.0826052422558,0.0721153846154,0.0595238095238,0.720581501832
1,0.1,360,252,208,24,0.0826052422558,0.115384615385,0.0952380952381,1.15293040293
1,0.1,361,252,208,23,0.0826052422558,0.110576923077,0.0912698412698,1.10489163614
1,0.1,362,252,208,27,0.0826052422558,0.129807692308,0.107142857143,1.2970467033
1,0.1,363,252,208,20,0.0826052422558,0.0961538461538,0.0793650793651,0.960775335775
1,0.1,364,252,208,22,0.0826052422558,0.105769230769,0.0873015873016,1.05685286935
1,0.1,365,252,208,19,0.0826052422558,0.0913461538462,0.0753968253968,0.912736568987
1,0.1,366,252,208,21,0.0826052422558,0.100961538462,0.0833333333333,1.00881410256
1,0.1,367,252,208,17,0.0826052422558,0.0817307692308,0.0674603174603,0.816659035409
1,0.1,368,252,208,19,0.0826052422558,0.0913461538462,0.0753968253968,0.912736568987
1,0.1,369,252,208,16,0.0826052422558,0.0769230769231,0.0634920634921,0.76862026862
1,0.1,370,252,208,12,0.0826052422558,0.0576923076923,0.047619047619,0.576465201465
1,0.1,371,252,208,15,0.0826052422558,0.0721153846154,0.0595238095238,0.720581501832
1,0.1,372,252,208,30,0.0826052422558,0.144230769231,0.119047619048,1.44116300366
1,0.1,373,252,208,19,0.0826052422558,0.0913461538462,0.0753968253968,0.912736568987
1,0.1,374,252,208,27,0.0826052422558,0.129807692308,0.107142857143,1.2970467033
1,0.1,375,252,208,22,0.0826052422558,0.105769230769,0.0873015873016,1.05685286935
1,0.1,376,252,208,33,0.0826052422558,0.158653846154,0.130952380952,1.58527930403
1,0.1,377,252,208,25,0.0826052422558,0.120192307692,0.0992063492063,1.20096916972
1,0.1,378,252,208,19,0.0826052422558,0.0913461538462,0.0753968253968,0.912736568987
1,0.1,379,252,208,23,0.0826052422558,0.110576923077,0.0912698412698,1.10489163614
1,0.1,380,252,208,21,0.0826052422558,0.100961538462,0.0833333333333,1.00881410256
1,0.1,381,252,208,17,0.0826052422558,0.0817307692308,0.0674603174603,0.816659035409
1,0.1,382,252,208,12,0.0826052422558,0.0576923076923,0.047619047619,0.576465201465
1,0.1,383,252,208,23,0.0826052422558,0.110576923077,0.0912698412698,1.10489163614
1,0.1,384,252,208,24,0.0826052422558,0.115384615385,0.0952380952381,1.15293040293
1,0.1,385,252,208,24,0.0826052422558,0.115384615385,0.0952380952381,1.15293040293
1,0.1,386,252,208,22,0.0826052422558,0.105769230769,0.0873015873016,1.05685286935
1,0.1,387,252,208,27,0.0826052422558,0.129807692308,0.107142857143,1.2970467033
1,0.1,388,252,208,19,0.0826052422558,0.0913461538462,0.0753968253968,0.912736568987
1,0.1,389,252,208,18,0.0826052422558,0.0865384615385,0.0714285714286,0.864697802198
1,0.1,390,252,208,16,0.0826052422558,0.0769230769231,0.0634920634921,0.76862026862
1,0.1,391,252,208,25,0.0826052422558,0.120192307692,0.0992063492063,1.20096916972
1,0.1,392,252,208,20,0.0826052422558,0.0961538461538,0.0793650793651,0.960775335775
1,0.1,393,252,208,24,0.0826052422558,0.115384615385,0.0952380952381,1.15293040293
1,0.1,394,252,208,22,0.0826052422558,0.105769230769,0.0873015873016,1.05685286935
1,0.1,395,252,208,22,0.0826052422558,0.105769230769,0.0873015873016,1.05685286935
1,0.1,396,252,208,24,0.0826052422558,0.115384615385,0.0952380952381,1.15293040293
1,0.1,397,252,208,15,0.0826052422558,0.0721153846154,0.0595238095238,0.720581501832
1,0.1,398,252,208,17,0.0826052422558,0.0817307692308,0.0674603174603,0.816659035409
1,0.1,399,252,208,19,0.0826052422558,0.0913461538462,0.0753968253968,0.912736568987
1,0.1,400,252,208,25,0.0826052422558,0.120192307692,0.0992063492063,1.20096916972
1,0.1,401,252,208,17,0.0826052422558,0.0817307692308,0.0674603174603,0.816659035409
1,0.1,402,252,208,29,0.0826052422558,0.139423076923,0.115079365079,1.39312423687
1,0.1,403,252,208,25,0.0826052422558,0.120192307692,0.0992063492063,1.20096916972
1,0.1,404,252,208,22,0.0826052422558,0.105769230769,0.0873015873016,1.05685286935
1,0.1,405,252,208,18,0.0826052422558,0.0865384615385,0.0714285714286,0.864697802198
1,0.1,406,252,208,22,0.0826052422558,0.105769230769,0.0873015873016,1.05685286935
1,0.1,407,252,208,16,0.0826052422558,0.0769230769231,0.0634920634921,0.76862026862
1,0.1,408,252,208,15,0.0826052422558,0.0721153846154,0.0595238095238,0.720581501832
1,0.1,409,252,208,24,0.0826052422558,0.115384615385,0.0952380952381,1.15293040293
1,0.1,410,252,208,16,0.0826052422558,0.0769230769231,0.0634920634921,0.76862026862
1,0.1,411,252,208,29,0.0826052422558,0.139423076923,0.115079365079,1.39312423687
1,0.1,412,252,208,28,0.0826052422558,0.134615384615,0.111111111111,1.34508547009
1,0.1,413,252,208,24,0.0826052422558,0.115384615385,0.0952380952381,1.15293040293
1,0.1,414,252,208,19,0.0826052422558,0.0913461538462,0.0753968253968,0.912736568987
1,0.1,415,252,208,26,0.0826052422558,0.125,0.103174603175,1.24900793651
1,0.1,416,252,208,21,0.0826052422558,0.100961538462,0.0833333333333,1.00881410256
1,0.1,417,252,208,24,0.0826052422558,0.115384615385,0.0952380952381,1.15293040293
1,0.1,418,252,208,16,0.0826052422558,0.0769230769231,0.0634920634921,0.76862026862
1,0.1,419,252,208,17,0.0826052422558,0.0817307692308,0.0674603174603,0.816659035409
1,0.1,420,252,208,18,0.0826052422558,0.0865384615385,0.0714285714286,0.864697802198
1,0.1,421,252,208,20,0.0826052422558,0.0961538461538,0.0793650793651,0.960775335775
1,0.1,422,252,208,14,0.0826052422558,0.0673076923077,0.0555555555556,0.672542735043
1,0.1,423,252,208,23,0.0826052422558,0.110576923077,0.0912698412698,1.10489163614
1,0.1,424,252,208,18,0.0826052422558,0.0865384615385,0.0714285714286,0.864697802198
1,0.1,425,252,208,27,0.0826052422558,0.129807692308,0.107142857143,1.2970467033
1,0.1,426,252,208,21,0.0826052422558,0.100961538462,0.0833333333333,1.00881410256
1,0.1,427,252,208,16,0.0826052422558,0.0769230769231,0.0634920634921,0.76862026862
1,0.1,428,252,208,22,0.0826052422558,0.105769230769,0.0873015873016,1.05685286935
1,0.1,429,252,208,26,0.0826052422558,0.125,0.103174603175,1.24900793651
1,0.1,430,252,208,22,0.0826052422558,0.105769230769,0.0873015873016,1.05685286935
1,0.1,431,252,208,26,0.0826052422558,0.125,0.103174603175,1.24900793651
1,0.1,432,252,208,22,0.0826052422558,0.105769230769,0.0873015873016,1.05685286935
1,0.1,433,252,208,22,0.0826052422558,0.105769230769,0.0873015873016,1.05685286935
1,0.1,434,252,208,21,0.0826052422558,0.100961538462,0.0833333333333,1.00881410256
1,0.1,435,252,208,17,0.0826052422558,0.0817307692308,0.0674603174603,0.816659035409
1,0.1,436,252,208,23,0.0826052422558,0.110576923077,0.0912698412698,1.10489163614
1,0.1,437,252,208,16,0.0826052422558,0.0769230769231,0.0634920634921,0.76862026862
1,0.1,438,252,208,22,0.0826052422558,0.105769230769,0.0873015873016,1.05685286935
1,0.1,439,252,208,16,0.0826052422558,0.0769230769231,0.0634920634921,0.76862026862
1,0.1,440,252,208,26,0.0826052422558,0.125,0.103174603175,1.24900793651
1,0.1,441,252,208,17,0.0826052422558,0.0817307692308,0.0674603174603,0.816659035409
1,0.1,442,252,208,13,0.0826052422558,0.0625,0.0515873015873,0.624503968254
1,0.1,443,252,208,24,0.0826052422558,0.115384615385,0.0952380952381,1.15293040293
1,0.1,444,252,208,23,0.0826052422558,0.110576923077,0.0912698412698,1.10489163614
1,0.1,445,252,208,18,0.0826052422558,0.0865384615385,0.0714285714286,0.864697802198
1,0.1,446,252,208,16,0.0826052422558,0.0769230769231,0.0634920634921,0.76862026862
1,0.1,447,252,208,21,0.0826052422558,0.100961538462,0.0833333333333,1.00881410256
1,0.1,448,252,208,26,0.0826052422558,0.125,0.103174603175,1.24900793651
1,0.1,449,252,208,22,0.0826052422558,0.105769230769,0.0873015873016,1.05685286935
1,0.1,450,252,208,29,0.0826052422558,0.139423076923,0.115079365079,1.39312423687
1,0.1,451,252,208,25,0.0826052422558,0.120192307692,0.0992063492063,1.20096916972
1,0.1,452,252,208,21,0.0826052422558,0.100961538462,0.0833333333333,1.00881410256
1,0.1,453,252,208,25,0.0826052422558,0.120192307692,0.0992063492063,1.20096916972
1,0.1,454,252,208,29,0.0826052422558,0.139423076923,0.115079365079,1.39312423687
1,0.1,455,252,208,21,0.0826052422558,0.100961538462,0.0833333333333,1.00881410256
1,0.1,456,252,208,26,0.0826052422558,0.125,0.103174603175,1.24900793651
1,0.1,457,252,208,25,0.0826052422558,0.120192307692,0.0992063492063,1.20096916972
1,0.1,458,252,208,18,0.0826052422558,0.0865384615385,0.0714285714286,0.864697802198
1,0.1,459,252,208,22,0.0826052422558,0.105769230769,0.0873015873016,1.05685286935
1,0.1,460,252,208,24,0.0826052422558,0.115384615385,0.0952380952381,1.15293040293
1,0.1,461,252,208,17,0.0826052422558,0.0817307692308,0.0674603174603,0.816659035409
1,0.1,462,252,208,18,0.0826052422558,0.0865384615385,0.0714285714286,0.864697802198
1,0.1,463,252,208,8,0.0826052422558,0.0384615384615,0.031746031746,0.38431013431
1,0.1,464,252,208,23,0.0826052422558,0.110576923077,0.0912698412698,1.10489163614
1,0.1,465,252,208,23,0.0826052422558,0.110576923077,0.0912698412698,1.10489163614
1,0.1,466,252,208,24,0.0826052422558,0.115384615385,0.0952380952381,1.15293040293
1,0.1,467,252,208,18,0.0826052422558,0.0865384615385,0.0714285714286,0.864697802198
1,0.1,468,252,208,19,0.0826052422558,0.0913461538462,0.0753968253968,0.912736568987
1,0.1,469,252,208,15,0.0826052422558,0.0721153846154,0.0595238095238,0.720581501832
1,0.1,470,252,208,23,0.0826052422558,0.110576923077,0.0912698412698,1.10489163614
1,0.1,471,252,208,28,0.0826052422558,0.134615384615,0.111111111111,1.34508547009
1,0.1,472,252,208,24,0.0826052422558,0.115384615385,0.0952380952381,1.15293040293
1,0.1,473,252,208,28,0.0826052422558,0.134615384615,0.111111111111,1.34508547009
1,0.1,474,252,208,20,0.0826052422558,0.0961538461538,0.0793650793651,0.960775335775
1,0.1,475,252,208,19,0.0826052422558,0.0913461538462,0.0753968253968,0.912736568987
1,0.1,476,252,208,21,0.0826052422558,0.100961538462,0.0833333333333,1.00881410256
1,0.1,477,252,208,22,0.0826052422558,0.105769230769,0.0873015873016,1.05685286935
1,0.1,478,252,208,18,0.0826052422558,0.0865384615385,0.0714285714286,0.864697802198
1,0.1,479,252,208,23,0.0826052422558,0.110576923077,0.0912698412698,1.10489163614
1,0.1,480,252,208,20,0.0826052422558,0.0961538461538,0.0793650793651,0.960775335775
1,0.1,481,252,208,21,0.0826052422558,0.100961538462,0.0833333333333,1.00881410256
1,0.1,482,252,208,17,0.0826052422558,0.0817307692308,0.0674603174603,0.816659035409
1,0.1,483,252,208,19,0.0826052422558,0.0913461538462,0.0753968253968,0.912736568987
1,0.1,484,252,208,21,0.0826052422558,0.100961538462,0.0833333333333,1.00881410256
1,0.1,485,252,208,27,0.0826052422558,0.129807692308,0.107142857143,1.2970467033
1,0.1,486,252,208,16,0.0826052422558,0.0769230769231,0.0634920634921,0.76862026862
1,0.1,487,252,208,18,0.0826052422558,0.0865384615385,0.0714285714286,0.864697802198
1,0.1,488,252,208,20,0.0826052422558,0.0961538461538,0.0793650793651,0.960775335775
1,0.1,489,252,208,18,0.0826052422558,0.0865384615385,0.0714285714286,0.864697802198
1,0.1,490,252,208,26,0.0826052422558,0.125,0.103174603175,1.24900793651
1,0.1,491,252,208,22,0.0826052422558,0.105769230769,0.0873015873016,1.05685286935
1,0.1,492,252,208,15,0.0826052422558,0.0721153846154,0.0595238095238,0.720581501832
1,0.1,493,252,208,22,0.0826052422558,0.105769230769,0.0873015873016,1.05685286935
1,0.1,494,252,208,21,0.0826052422558,0.100961538462,0.0833333333333,1.00881410256
1,0.1,495,252,208,18,0.0826052422558,0.0865384615385,0.0714285714286,0.864697802198
1,0.1,496,252,208,26,0.0826052422558,0.125,0.103174603175,1.24900793651
1,0.1,497,252,208,30,0.0826052422558,0.144230769231,0.119047619048,1.44116300366
1,0.1,498,252,208,17,0.0826052422558,0.0817307692308,0.0674603174603,0.816659035409
1,0.1,499,252,208,28,0.0826052422558,0.134615384615,0.111111111111,1.34508547009
1,0.1,500,252,208,12,0.0826052422558,0.0576923076923,0.047619047619,0.576465201465
1,0.1,501,252,208,13,0.0826052422558,0.0625,0.0515873015873,0.624503968254
1,0.1,502,252,208,17,0.0826052422558,0.0817307692308,0.0674603174603,0.816659035409
1,0.1,503,252,208,21,0.0826052422558,0.100961538462,0.0833333333333,1.00881410256
1,0.1,504,252,208,19,0.0826052422558,0.0913461538462,0.0753968253968,0.912736568987
1,0.1,505,252,208,19,0.0826052422558,0.0913461538462,0.0753968253968,0.912736568987
1,0.1,506,252,208,28,0.0826052422558,0.134615384615,0.111111111111,1.34508547009
1,0.1,507,252,208,17,0.0826052422558,0.0817307692308,0.0674603174603,0.816659035409
1,0.1,508,252,208,28,0.0826052422558,0.134615384615,0.111111111111,1.34508547009
1,0.1,509,252,208,20,0.0826052422558,0.0961538461538,0.0793650793651,0.960775335775
1,0.1,510,252,208,21,0.0826052422558,0.100961538462,0.0833333333333,1.00881410256
1,0.1,511,252,208,20,0.0826052422558,0.0961538461538,0.0793650793651,0.960775335775
1,0.1,512,252,208,21,0.0826052422558,0.100961538462,0.0833333333333,1.00881410256
1,0.1,513,252,208,20,0.0826052422558,0.0961538461538,0.0793650793651,0.960775335775
1,0.1,514,252,208,32,0.0826052422558,0.153846153846,0.126984126984,1.53724053724
1,0.1,515,252,208,17,0.0826052422558,0.0817307692308,0.0674603174603,0.816659035409
1,0.1,516,252,208,27,0.0826052422558,0.129807692308,0.107142857143,1.2970467033
1,0.1,517,252,208,20,0.0826052422558,0.0961538461538,0.0793650793651,0.960775335775
1,0.1,518,252,208,19,0.0826052422558,0.0913461538462,0.0753968253968,0.912736568987
1,0.1,519,252,208,21,0.0826052422558,0.100961538462,0.0833333333333,1.00881410256
1,0.1,520,252,208,22,0.0826052422558,0.105769230769,0.0873015873016,1.05685286935
1,0.1,521,252,208,26,0.0826052422558,0.125,0.103174603175,1.24900793651
1,0.1,522,252,208,15,0.0826052422558,0.0721153846154,0.0595238095238,0.720581501832
1,0.1,523,252,208,16,0.0826052422558,0.0769230769231,0.0634920634921,0.76862026862
1,0.1,524,252,208,11,0.0826052422558,0.0528846153846,0.0436507936508,0.528426434676
1,0.1,525,252,208,20,0.0826052422558,0.0961538461538,0.0793650793651,0.960775335775
1,0.1,526,252,208,23,0.0826052422558,0.110576923077,0.0912698412698,1.10489163614
1,0.1,527,252,208,21,0.0826052422558,0.100961538462,0.0833333333333,1.00881410256
1,0.1,528,252,208,30,0.0826052422558,0.144230769231,0.119047619048,1.44116300366
1,0.1,529,252,208,20,0.0826052422558,0.0961538461538,0.0793650793651,0.960775335775
1,0.1,530,252,208,21,0.0826052422558,0.100961538462,0.0833333333333,1.00881410256
1,0.1,531,252,208,18,0.0826052422558,0.0865384615385,0.0714285714286,0.864697802198
1,0.1,532,252,208,24,0.0826052422558,0.115384615385,0.0952380952381,1.15293040293
1,0.1,533,252,208,15,0.0826052422558,0.0721153846154,0.0595238095238,0.720581501832
1,0.1,534,252,208,24,0.0826052422558,0.115384615385,0.0952380952381,1.15293040293
1,0.1,535,252,208,16,0.0826052422558,0.0769230769231,0.0634920634921,0.76862026862
1,0.1,536,252,208,19,0.0826052422558,0.0913461538462,0.0753968253968,0.912736568987
1,0.1,537,252,208,20,0.0826052422558,0.0961538461538,0.0793650793651,0.960775335775
1,0.1,538,252,208,21,0.0826052422558,0.100961538462,0.0833333333333,1.00881410256
1,0.1,539,252,208,23,0.0826052422558,0.110576923077,0.0912698412698,1.10489163614
1,0.1,540,252,208,23,0.0826052422558,0.110576923077,0.0912698412698,1.10489163614
1,0.1,541,252,208,23,0.0826052422558,0.110576923077,0.0912698412698,1.10489163614
1,0.1,542,252,208,18,0.0826052422558,0.0865384615385,0.0714285714286,0.864697802198
1,0.1,543,252,208,27,0.0826052422558,0.129807692308,0.107142857143,1.2970467033
1,0.1,544,252,208,22,0.0826052422558,0.105769230769,0.0873015873016,1.05685286935
1,0.1,545,252,208,15,0.0826052422558,0.0721153846154,0.0595238095238,0.720581501832
1,0.1,546,252,208,23,0.0826052422558,0.110576923077,0.0912698412698,1.10489163614
1,0.1,547,252,208,20,0.0826052422558,0.0961538461538,0.0793650793651,0.960775335775
1,0.1,548,252,208,21,0.0826052422558,0.100961538462,0.0833333333333,1.00881410256
1,0.1,549,252,208,22,0.0826052422558,0.105769230769,0.0873015873016,1.05685286935
1,0.1,550,252,208,20,0.0826052422558,0.0961538461538,0.0793650793651,0.960775335775
1,0.1,551,252,208,19,0.0826052422558,0.0913461538462,0.0753968253968,0.912736568987
1,0.1,552,252,208,19,0.0826052422558,0.0913461538462,0.0753968253968,0.912736568987
1,0.1,553,252,208,29,0.0826052422558,0.139423076923,0.115079365079,1.39312423687
1,0.1,554,252,208,28,0.0826052422558,0.134615384615,0.111111111111,1.34508547009
1,0.1,555,252,208,22,0.0826052422558,0.105769230769,0.0873015873016,1.05685286935
1,0.1,556,252,208,17,0.0826052422558,0.0817307692308,0.0674603174603,0.816659035409
1,0.1,557,252,208,25,0.0826052422558,0.120192307692,0.0992063492063,1.20096916972
1,0.1,558,252,208,14,0.0826052422558,0.0673076923077,0.0555555555556,0.672542735043
1,0.1,559,252,208,26,0.0826052422558,0.125,0.103174603175,1.24900793651
1,0.1,560,252,208,24,0.0826052422558,0.115384615385,0.0952380952381,1.15293040293
1,0.1,561,252,208,18,0.0826052422558,0.0865384615385,0.0714285714286,0.864697802198
1,0.1,562,252,208,16,0.0826052422558,0.0769230769231,0.0634920634921,0.76862026862
1,0.1,563,252,208,19,0.0826052422558,0.0913461538462,0.0753968253968,0.912736568987
1,0.1,564,252,208,18,0.0826052422558,0.0865384615385,0.0714285714286,0.864697802198
1,0.1,565,252,208,17,0.0826052422558,0.0817307692308,0.0674603174603,0.816659035409
1,0.1,566,252,208,18,0.0826052422558,0.0865384615385,0.0714285714286,0.864697802198
1,0.1,567,252,208,27,0.0826052422558,0.129807692308,0.107142857143,1.2970467033
1,0.1,568,252,208,21,0.0826052422558,0.100961538462,0.0833333333333,1.00881410256
1,0.1,569,252,208,22,0.0826052422558,0.105769230769,0.0873015873016,1.05685286935
1,0.1,570,252,208,25,0.0826052422558,0.120192307692,0.0992063492063,1.20096916972
1,0.1,571,252,208,26,0.0826052422558,0.125,0.103174603175,1.24900793651
1,0.1,572,252,208,22,0.0826052422558,0.105769230769,0.0873015873016,1.05685286935
1,0.1,573,252,208,15,0.0826052422558,0.0721153846154,0.0595238095238,0.720581501832
1,0.1,574,252,208,23,0.0826052422558,0.110576923077,0.0912698412698,1.10489163614
1,0.1,575,252,208,28,0.0826052422558,0.134615384615,0.111111111111,1.34508547009
1,0.1,576,252,208,22,0.0826052422558,0.105769230769,0.0873015873016,1.05685286935
1,0.1,577,252,208,18,0.0826052422558,0.0865384615385,0.0714285714286,0.864697802198
1,0.1,578,252,208,16,0.0826052422558,0.0769230769231,0.0634920634921,0.76862026862
1,0.1,579,252,208,19,0.0826052422558,0.0913461538462,0.0753968253968,0.912736568987
1,0.1,580,252,208,24,0.0826052422558,0.115384615385,0.0952380952381,1.15293040293
1,0.1,581,252,208,16,0.0826052422558,0.0769230769231,0.0634920634921,0.76862026862
1,0.1,582,252,208,25,0.0826052422558,0.120192307692,0.0992063492063,1.20096916972
1,0.1,583,252,208,17,0.0826052422558,0.0817307692308,0.0674603174603,0.816659035409
1,0.1,584,252,208,22,0.0826052422558,0.105769230769,0.0873015873016,1.05685286935
1,0.1,585,252,208,20,0.0826052422558,0.0961538461538,0.0793650793651,0.960775335775
1,0.1,586,252,208,26,0.0826052422558,0.125,0.103174603175,1.24900793651
1,0.1,587,252,208,22,0.0826052422558,0.105769230769,0.0873015873016,1.05685286935
1,0.1,588,252,208,21,0.0826052422558,0.100961538462,0.0833333333333,1.00881410256
1,0.1,589,252,208,26,0.0826052422558,0.125,0.103174603175,1.24900793651
1,0.1,590,252,208,21,0.0826052422558,0.100961538462,0.0833333333333,1.00881410256
1,0.1,591,252,208,22,0.0826052422558,0.105769230769,0.0873015873016,1.05685286935
1,0.1,592,252,208,27,0.0826052422558,0.129807692308,0.107142857143,1.2970467033
1,0.1,593,252,208,21,0.0826052422558,0.100961538462,0.0833333333333,1.00881410256
1,0.1,594,252,208,21,0.0826052422558,0.100961538462,0.0833333333333,1.00881410256
1,0.1,595,252,208,21,0.0826052422558,0.100961538462,0.0833333333333,1.00881410256
1,0.1,596,252,208,22,0.0826052422558,0.105769230769,0.0873015873016,1.05685286935
1,0.1,597,252,208,29,0.0826052422558,0.139423076923,0.115079365079,1.39312423687
1,0.1,598,252,208,18,0.0826052422558,0.0865384615385,0.0714285714286,0.864697802198
1,0.1,599,252,208,24,0.0826052422558,0.115384615385,0.0952380952381,1.15293040293
1,0.1,600,252,208,18,0.0826052422558,0.0865384615385,0.0714285714286,0.864697802198
1,0.1,601,252,208,18,0.0826052422558,0.0865384615385,0.0714285714286,0.864697802198
1,0.1,602,252,208,19,0.0826052422558,0.0913461538462,0.0753968253968,0.912736568987
1,0.1,603,252,208,22,0.0826052422558,0.105769230769,0.0873015873016,1.05685286935
1,0.1,604,252,208,25,0.0826052422558,0.120192307692,0.0992063492063,1.20096916972
1,0.1,605,252,208,27,0.0826052422558,0.129807692308,0.107142857143,1.2970467033
1,0.1,606,252,208,19,0.0826052422558,0.0913461538462,0.0753968253968,0.912736568987
1,0.1,607,252,208,26,0.0826052422558,0.125,0.103174603175,1.24900793651
1,0.1,608,252,208,17,0.0826052422558,0.0817307692308,0.0674603174603,0.816659035409
1,0.1,609,252,208,19,0.0826052422558,0.0913461538462,0.0753968253968,0.912736568987
1,0.1,610,252,208,15,0.0826052422558,0.0721153846154,0.0595238095238,0.720581501832
1,0.1,611,252,208,23,0.0826052422558,0.110576923077,0.0912698412698,1.10489163614
1,0.1,612,252,208,25,0.0826052422558,0.120192307692,0.0992063492063,1.20096916972
1,0.1,613,252,208,24,0.0826052422558,0.115384615385,0.0952380952381,1.15293040293
1,0.1,614,252,208,16,0.0826052422558,0.0769230769231,0.0634920634921,0.76862026862
1,0.1,615,252,208,15,0.0826052422558,0.0721153846154,0.0595238095238,0.720581501832
1,0.1,616,252,208,15,0.0826052422558,0.0721153846154,0.0595238095238,0.720581501832
1,0.1,617,252,208,19,0.0826052422558,0.0913461538462,0.0753968253968,0.912736568987
1,0.1,618,252,208,21,0.0826052422558,0.100961538462,0.0833333333333,1.00881410256
1,0.1,619,252,208,21,0.0826052422558,0.100961538462,0.0833333333333,1.00881410256
1,0.1,620,252,208,17,0.0826052422558,0.0817307692308,0.0674603174603,0.816659035409
1,0.1,621,252,208,23,0.0826052422558,0.110576923077,0.0912698412698,1.10489163614
1,0.1,622,252,208,24,0.0826052422558,0.115384615385,0.0952380952381,1.15293040293
1,0.1,623,252,208,24,0.0826052422558,0.115384615385,0.0952380952381,1.15293040293
1,0.1,624,252,208,28,0.0826052422558,0.134615384615,0.111111111111,1.34508547009
1,0.1,625,252,208,18,0.0826052422558,0.0865384615385,0.0714285714286,0.864697802198
1,0.1,626,252,208,24,0.0826052422558,0.115384615385,0.0952380952381,1.15293040293
1,0.1,627,252,208,14,0.0826052422558,0.0673076923077,0.0555555555556,0.672542735043
1,0.1,628,252,208,21,0.0826052422558,0.100961538462,0.0833333333333,1.00881410256
1,0.1,629,252,208,18,0.0826052422558,0.0865384615385,0.0714285714286,0.864697802198
1,0.1,630,252,208,20,0.0826052422558,0.0961538461538,0.0793650793651,0.960775335775
1,0.1,631,252,208,25,0.0826052422558,0.120192307692,0.0992063492063,1.20096916972
1,0.1,632,252,208,26,0.0826052422558,0.125,0.103174603175,1.24900793651
1,0.1,633,252,208,17,0.0826052422558,0.0817307692308,0.0674603174603,0.816659035409
1,0.1,634,252,208,27,0.0826052422558,0.129807692308,0.107142857143,1.2970467033
1,0.1,635,252,208,23,0.0826052422558,0.110576923077,0.0912698412698,1.10489163614
1,0.1,636,252,208,25,0.0826052422558,0.120192307692,0.0992063492063,1.20096916972
1,0.1,637,252,208,25,0.0826052422558,0.120192307692,0.0992063492063,1.20096916972
1,0.1,638,252,208,21,0.0826052422558,0.100961538462,0.0833333333333,1.00881410256
1,0.1,639,252,208,16,0.0826052422558,0.0769230769231,0.0634920634921,0.76862026862
1,0.1,640,252,208,20,0.0826052422558,0.0961538461538,0.0793650793651,0.960775335775
1,0.1,641,252,208,18,0.0826052422558,0.0865384615385,0.0714285714286,0.864697802198
1,0.1,642,252,208,20,0.0826052422558,0.0961538461538,0.0793650793651,0.960775335775
1,0.1,643,252,208,24,0.0826052422558,0.115384615385,0.0952380952381,1.15293040293
1,0.1,644,252,208,26,0.0826052422558,0.125,0.103174603175,1.24900793651
1,0.1,645,252,208,18,0.0826052422558,0.0865384615385,0.0714285714286,0.864697802198
1,0.1,646,252,208,20,0.0826052422558,0.0961538461538,0.0793650793651,0.960775335775
1,0.1,647,252,208,21,0.0826052422558,0.100961538462,0.0833333333333,1.00881410256
1,0.1,648,252,208,16,0.0826052422558,0.0769230769231,0.0634920634921,0.76862026862
1,0.1,649,252,208,15,0.0826052422558,0.0721153846154,0.0595238095238,0.720581501832
1,0.1,650,252,208,21,0.0826052422558,0.100961538462,0.0833333333333,1.00881410256
1,0.1,651,252,208,20,0.0826052422558,0.0961538461538,0.0793650793651,0.960775335775
1,0.1,652,252,208,28,0.0826052422558,0.134615384615,0.111111111111,1.34508547009
1,0.1,653,252,208,21,0.0826052422558,0.100961538462,0.0833333333333,1.00881410256
1,0.1,654,252,208,20,0.0826052422558,0.0961538461538,0.0793650793651,0.960775335775
1,0.1,655,252,208,22,0.0826052422558,0.105769230769,0.0873015873016,1.05685286935
1,0.1,656,252,208,23,0.0826052422558,0.110576923077,0.0912698412698,1.10489163614
1,0.1,657,252,208,23,0.0826052422558,0.110576923077,0.0912698412698,1.10489163614
1,0.1,658,252,208,14,0.0826052422558,0.0673076923077,0.0555555555556,0.672542735043
1,0.1,659,252,208,23,0.0826052422558,0.110576923077,0.0912698412698,1.10489163614
1,0.1,660,252,208,27,0.0826052422558,0.129807692308,0.107142857143,1.2970467033
1,0.1,661,252,208,20,0.0826052422558,0.0961538461538,0.0793650793651,0.960775335775
1,0.1,662,252,208,15,0.0826052422558,0.0721153846154,0.0595238095238,0.720581501832
1,0.1,663,252,208,16,0.0826052422558,0.0769230769231,0.0634920634921,0.76862026862
1,0.1,664,252,208,22,0.0826052422558,0.105769230769,0.0873015873016,1.05685286935
1,0.1,665,252,208,19,0.0826052422558,0.0913461538462,0.0753968253968,0.912736568987
1,0.1,666,252,208,17,0.0826052422558,0.0817307692308,0.0674603174603,0.816659035409
1,0.1,667,252,208,22,0.0826052422558,0.105769230769,0.0873015873016,1.05685286935
1,0.1,668,252,208,15,0.0826052422558,0.0721153846154,0.0595238095238,0.720581501832
1,0.1,669,252,208,24,0.0826052422558,0.115384615385,0.0952380952381,1.15293040293
1,0.1,670,252,208,27,0.0826052422558,0.129807692308,0.107142857143,1.2970467033
1,0.1,671,252,208,27,0.0826052422558,0.129807692308,0.107142857143,1.2970467033
1,0.1,672,252,208,23,0.0826052422558,0.110576923077,0.0912698412698,1.10489163614
1,0.1,673,252,208,28,0.0826052422558,0.134615384615,0.111111111111,1.34508547009
1,0.1,674,252,208,17,0.0826052422558,0.0817307692308,0.0674603174603,0.816659035409
1,0.1,675,252,208,22,0.0826052422558,0.105769230769,0.0873015873016,1.05685286935
1,0.1,676,252,208,17,0.0826052422558,0.0817307692308,0.0674603174603,0.816659035409
1,0.1,677,252,208,24,0.0826052422558,0.115384615385,0.0952380952381,1.15293040293
1,0.1,678,252,208,26,0.0826052422558,0.125,0.103174603175,1.24900793651
1,0.1,679,252,208,24,0.0826052422558,0.115384615385,0.0952380952381,1.15293040293
1,0.1,680,252,208,18,0.0826052422558,0.0865384615385,0.0714285714286,0.864697802198
1,0.1,681,252,208,37,0.0826052422558,0.177884615385,0.146825396825,1.77743437118
1,0.1,682,252,208,18,0.0826052422558,0.0865384615385,0.0714285714286,0.864697802198
1,0.1,683,252,208,19,0.0826052422558,0.0913461538462,0.0753968253968,0.912736568987
1,0.1,684,252,208,17,0.0826052422558,0.0817307692308,0.0674603174603,0.816659035409
1,0.1,685,252,208,17,0.0826052422558,0.0817307692308,0.0674603174603,0.816659035409
1,0.1,686,252,208,21,0.0826052422558,0.100961538462,0.0833333333333,1.00881410256
1,0.1,687,252,208,22,0.0826052422558,0.105769230769,0.0873015873016,1.05685286935
1,0.1,688,252,208,15,0.0826052422558,0.0721153846154,0.0595238095238,0.720581501832
1,0.1,689,252,208,24,0.0826052422558,0.115384615385,0.0952380952381,1.15293040293
1,0.1,690,252,208,17,0.0826052422558,0.0817307692308,0.0674603174603,0.816659035409
1,0.1,691,252,208,21,0.0826052422558,0.100961538462,0.0833333333333,1.00881410256
1,0.1,692,252,208,22,0.0826052422558,0.105769230769,0.0873015873016,1.05685286935
1,0.1,693,252,208,22,0.0826052422558,0.105769230769,0.0873015873016,1.05685286935
1,0.1,694,252,208,25,0.0826052422558,0.120192307692,0.0992063492063,1.20096916972
1,0.1,695,252,208,20,0.0826052422558,0.0961538461538,0.0793650793651,0.960775335775
1,0.1,696,252,208,24,0.0826052422558,0.115384615385,0.0952380952381,1.15293040293
1,0.1,697,252,208,28,0.0826052422558,0.134615384615,0.111111111111,1.34508547009
1,0.1,698,252,208,21,0.0826052422558,0.100961538462,0.0833333333333,1.00881410256
1,0.1,699,252,208,19,0.0826052422558,0.0913461538462,0.0753968253968,0.912736568987
1,0.1,700,252,208,23,0.0826052422558,0.110576923077,0.0912698412698,1.10489163614
1,0.1,701,252,208,20,0.0826052422558,0.0961538461538,0.0793650793651,0.960775335775
1,0.1,702,252,208,12,0.0826052422558,0.0576923076923,0.047619047619,0.576465201465
1,0.1,703,252,208,28,0.0826052422558,0.134615384615,0.111111111111,1.34508547009
1,0.1,704,252,208,17,0.0826052422558,0.0817307692308,0.0674603174603,0.816659035409
1,0.1,705,252,208,19,0.0826052422558,0.0913461538462,0.0753968253968,0.912736568987
1,0.1,706,252,208,23,0.0826052422558,0.110576923077,0.0912698412698,1.10489163614
1,0.1,707,252,208,22,0.0826052422558,0.105769230769,0.0873015873016,1.05685286935
1,0.1,708,252,208,18,0.0826052422558,0.0865384615385,0.0714285714286,0.864697802198
1,0.1,709,252,208,21,0.0826052422558,0.100961538462,0.0833333333333,1.00881410256
1,0.1,710,252,208,16,0.0826052422558,0.0769230769231,0.0634920634921,0.76862026862
1,0.1,711,252,208,21,0.0826052422558,0.100961538462,0.0833333333333,1.00881410256
1,0.1,712,252,208,26,0.0826052422558,0.125,0.103174603175,1.24900793651
1,0.1,713,252,208,21,0.0826052422558,0.100961538462,0.0833333333333,1.00881410256
1,0.1,714,252,208,18,0.0826052422558,0.0865384615385,0.0714285714286,0.864697802198
1,0.1,715,252,208,17,0.0826052422558,0.0817307692308,0.0674603174603,0.816659035409
1,0.1,716,252,208,25,0.0826052422558,0.120192307692,0.0992063492063,1.20096916972
1,0.1,717,252,208,20,0.0826052422558,0.0961538461538,0.0793650793651,0.960775335775
1,0.1,718,252,208,24,0.0826052422558,0.115384615385,0.0952380952381,1.15293040293
1,0.1,719,252,208,19,0.0826052422558,0.0913461538462,0.0753968253968,0.912736568987
1,0.1,720,252,208,20,0.0826052422558,0.0961538461538,0.0793650793651,0.960775335775
1,0.1,721,252,208,29,0.0826052422558,0.139423076923,0.115079365079,1.39312423687
1,0.1,722,252,208,27,0.0826052422558,0.129807692308,0.107142857143,1.2970467033
1,0.1,723,252,208,20,0.0826052422558,0.0961538461538,0.0793650793651,0.960775335775
1,0.1,724,252,208,21,0.0826052422558,0.100961538462,0.0833333333333,1.00881410256
1,0.1,725,252,208,21,0.0826052422558,0.100961538462,0.0833333333333,1.00881410256
1,0.1,726,252,208,23,0.0826052422558,0.110576923077,0.0912698412698,1.10489163614
1,0.1,727,252,208,15,0.0826052422558,0.0721153846154,0.0595238095238,0.720581501832
1,0.1,728,252,208,22,0.0826052422558,0.105769230769,0.0873015873016,1.05685286935
1,0.1,729,252,208,26,0.0826052422558,0.125,0.103174603175,1.24900793651
1,0.1,730,252,208,15,0.0826052422558,0.0721153846154,0.0595238095238,0.720581501832
1,0.1,731,252,208,20,0.0826052422558,0.0961538461538,0.0793650793651,0.960775335775
1,0.1,732,252,208,28,0.0826052422558,0.134615384615,0.111111111111,1.34508547009
1,0.1,733,252,208,17,0.0826052422558,0.0817307692308,0.0674603174603,0.816659035409
1,0.1,734,252,208,19,0.0826052422558,0.0913461538462,0.0753968253968,0.912736568987
1,0.1,735,252,208,23,0.0826052422558,0.110576923077,0.0912698412698,1.10489163614
1,0.1,736,252,208,16,0.0826052422558,0.0769230769231,0.0634920634921,0.76862026862
1,0.1,737,252,208,15,0.0826052422558,0.0721153846154,0.0595238095238,0.720581501832
1,0.1,738,252,208,16,0.0826052422558,0.0769230769231,0.0634920634921,0.76862026862
1,0.1,739,252,208,26,0.0826052422558,0.125,0.103174603175,1.24900793651
1,0.1,740,252,208,16,0.0826052422558,0.0769230769231,0.0634920634921,0.76862026862
1,0.1,741,252,208,17,0.0826052422558,0.0817307692308,0.0674603174603,0.816659035409
1,0.1,742,252,208,25,0.0826052422558,0.120192307692,0.0992063492063,1.20096916972
1,0.1,743,252,208,22,0.0826052422558,0.105769230769,0.0873015873016,1.05685286935
1,0.1,744,252,208,26,0.0826052422558,0.125,0.103174603175,1.24900793651
1,0.1,745,252,208,17,0.0826052422558,0.0817307692308,0.0674603174603,0.816659035409
1,0.1,746,252,208,21,0.0826052422558,0.100961538462,0.0833333333333,1.00881410256
1,0.1,747,252,208,13,0.0826052422558,0.0625,0.0515873015873,0.624503968254
1,0.1,748,252,208,20,0.0826052422558,0.0961538461538,0.0793650793651,0.960775335775
1,0.1,749,252,208,21,0.0826052422558,0.100961538462,0.0833333333333,1.00881410256
1,0.1,750,252,208,19,0.0826052422558,0.0913461538462,0.0753968253968,0.912736568987
1,0.1,751,252,208,29,0.0826052422558,0.139423076923,0.115079365079,1.39312423687
1,0.1,752,252,208,14,0.0826052422558,0.0673076923077,0.0555555555556,0.672542735043
1,0.1,753,252,208,18,0.0826052422558,0.0865384615385,0.0714285714286,0.864697802198
1,0.1,754,252,208,17,0.0826052422558,0.0817307692308,0.0674603174603,0.816659035409
1,0.1,755,252,208,21,0.0826052422558,0.100961538462,0.0833333333333,1.00881410256
1,0.1,756,252,208,27,0.0826052422558,0.129807692308,0.107142857143,1.2970467033
1,0.1,757,252,208,23,0.0826052422558,0.110576923077,0.0912698412698,1.10489163614
1,0.1,758,252,208,19,0.0826052422558,0.0913461538462,0.0753968253968,0.912736568987
1,0.1,759,252,208,21,0.0826052422558,0.100961538462,0.0833333333333,1.00881410256
1,0.1,760,252,208,20,0.0826052422558,0.0961538461538,0.0793650793651,0.960775335775
1,0.1,761,252,208,22,0.0826052422558,0.105769230769,0.0873015873016,1.05685286935
1,0.1,762,252,208,20,0.0826052422558,0.0961538461538,0.0793650793651,0.960775335775
1,0.1,763,252,208,21,0.0826052422558,0.100961538462,0.0833333333333,1.00881410256
1,0.1,764,252,208,20,0.0826052422558,0.0961538461538,0.0793650793651,0.960775335775
1,0.1,765,252,208,15,0.0826052422558,0.0721153846154,0.0595238095238,0.720581501832
1,0.1,766,252,208,27,0.0826052422558,0.129807692308,0.107142857143,1.2970467033
1,0.1,767,252,208,22,0.0826052422558,0.105769230769,0.0873015873016,1.05685286935
1,0.1,768,252,208,21,0.0826052422558,0.100961538462,0.0833333333333,1.00881410256
1,0.1,769,252,208,30,0.0826052422558,0.144230769231,0.119047619048,1.44116300366
1,0.1,770,252,208,23,0.0826052422558,0.110576923077,0.0912698412698,1.10489163614
1,0.1,771,252,208,23,0.0826052422558,0.110576923077,0.0912698412698,1.10489163614
1,0.1,772,252,208,27,0.0826052422558,0.129807692308,0.107142857143,1.2970467033
1,0.1,773,252,208,24,0.0826052422558,0.115384615385,0.0952380952381,1.15293040293
1,0.1,774,252,208,23,0.0826052422558,0.110576923077,0.0912698412698,1.10489163614
1,0.1,775,252,208,21,0.0826052422558,0.100961538462,0.0833333333333,1.00881410256
1,0.1,776,252,208,21,0.0826052422558,0.100961538462,0.0833333333333,1.00881410256
1,0.1,777,252,208,21,0.0826052422558,0.100961538462,0.0833333333333,1.00881410256
1,0.1,778,252,208,33,0.0826052422558,0.158653846154,0.130952380952,1.58527930403
1,0.1,779,252,208,20,0.0826052422558,0.0961538461538,0.0793650793651,0.960775335775
1,0.1,780,252,208,22,0.0826052422558,0.105769230769,0.0873015873016,1.05685286935
1,0.1,781,252,208,16,0.0826052422558,0.0769230769231,0.0634920634921,0.76862026862
1,0.1,782,252,208,19,0.0826052422558,0.0913461538462,0.0753968253968,0.912736568987
1,0.1,783,252,208,11,0.0826052422558,0.0528846153846,0.0436507936508,0.528426434676
1,0.1,784,252,208,18,0.0826052422558,0.0865384615385,0.0714285714286,0.864697802198
1,0.1,785,252,208,24,0.0826052422558,0.115384615385,0.0952380952381,1.15293040293
1,0.1,786,252,208,23,0.0826052422558,0.110576923077,0.0912698412698,1.10489163614
1,0.1,787,252,208,14,0.0826052422558,0.0673076923077,0.0555555555556,0.672542735043
1,0.1,788,252,208,18,0.0826052422558,0.0865384615385,0.0714285714286,0.864697802198
1,0.1,789,252,208,22,0.0826052422558,0.105769230769,0.0873015873016,1.05685286935
1,0.1,790,252,208,18,0.0826052422558,0.0865384615385,0.0714285714286,0.864697802198
1,0.1,791,252,208,37,0.0826052422558,0.177884615385,0.146825396825,1.77743437118
1,0.1,792,252,208,24,0.0826052422558,0.115384615385,0.0952380952381,1.15293040293
1,0.1,793,252,208,25,0.0826052422558,0.120192307692,0.0992063492063,1.20096916972
1,0.1,794,252,208,14,0.0826052422558,0.0673076923077,0.0555555555556,0.672542735043
1,0.1,795,252,208,21,0.0826052422558,0.100961538462,0.0833333333333,1.00881410256
1,0.1,796,252,208,20,0.0826052422558,0.0961538461538,0.0793650793651,0.960775335775
1,0.1,797,252,208,23,0.0826052422558,0.110576923077,0.0912698412698,1.10489163614
1,0.1,798,252,208,19,0.0826052422558,0.0913461538462,0.0753968253968,0.912736568987
1,0.1,799,252,208,24,0.0826052422558,0.115384615385,0.0952380952381,1.15293040293
1,0.1,800,252,208,19,0.0826052422558,0.0913461538462,0.0753968253968,0.912736568987
1,0.1,801,252,208,26,0.0826052422558,0.125,0.103174603175,1.24900793651
1,0.1,802,252,208,22,0.0826052422558,0.105769230769,0.0873015873016,1.05685286935
1,0.1,803,252,208,23,0.0826052422558,0.110576923077,0.0912698412698,1.10489163614
1,0.1,804,252,208,26,0.0826052422558,0.125,0.103174603175,1.24900793651
1,0.1,805,252,208,23,0.0826052422558,0.110576923077,0.0912698412698,1.10489163614
1,0.1,806,252,208,16,0.0826052422558,0.0769230769231,0.0634920634921,0.76862026862
1,0.1,807,252,208,21,0.0826052422558,0.100961538462,0.0833333333333,1.00881410256
1,0.1,808,252,208,22,0.0826052422558,0.105769230769,0.0873015873016,1.05685286935
1,0.1,809,252,208,23,0.0826052422558,0.110576923077,0.0912698412698,1.10489163614
1,0.1,810,252,208,19,0.0826052422558,0.0913461538462,0.0753968253968,0.912736568987
1,0.1,811,252,208,20,0.0826052422558,0.0961538461538,0.0793650793651,0.960775335775
1,0.1,812,252,208,23,0.0826052422558,0.110576923077,0.0912698412698,1.10489163614
1,0.1,813,252,208,20,0.0826052422558,0.0961538461538,0.0793650793651,0.960775335775
1,0.1,814,252,208,19,0.0826052422558,0.0913461538462,0.0753968253968,0.912736568987
1,0.1,815,252,208,20,0.0826052422558,0.0961538461538,0.0793650793651,0.960775335775
1,0.1,816,252,208,21,0.0826052422558,0.100961538462,0.0833333333333,1.00881410256
1,0.1,817,252,208,22,0.0826052422558,0.105769230769,0.0873015873016,1.05685286935
1,0.1,818,252,208,26,0.0826052422558,0.125,0.103174603175,1.24900793651
1,0.1,819,252,208,15,0.0826052422558,0.0721153846154,0.0595238095238,0.720581501832
1,0.1,820,252,208,21,0.0826052422558,0.100961538462,0.0833333333333,1.00881410256
1,0.1,821,252,208,20,0.0826052422558,0.0961538461538,0.0793650793651,0.960775335775
1,0.1,822,252,208,24,0.0826052422558,0.115384615385,0.0952380952381,1.15293040293
1,0.1,823,252,208,19,0.0826052422558,0.0913461538462,0.0753968253968,0.912736568987
1,0.1,824,252,208,19,0.0826052422558,0.0913461538462,0.0753968253968,0.912736568987
1,0.1,825,252,208,22,0.0826052422558,0.105769230769,0.0873015873016,1.05685286935
1,0.1,826,252,208,17,0.0826052422558,0.0817307692308,0.0674603174603,0.816659035409
1,0.1,827,252,208,25,0.0826052422558,0.120192307692,0.0992063492063,1.20096916972
1,0.1,828,252,208,18,0.0826052422558,0.0865384615385,0.0714285714286,0.864697802198
1,0.1,829,252,208,17,0.0826052422558,0.0817307692308,0.0674603174603,0.816659035409
1,0.1,830,252,208,22,0.0826052422558,0.105769230769,0.0873015873016,1.05685286935
1,0.1,831,252,208,22,0.0826052422558,0.105769230769,0.0873015873016,1.05685286935
1,0.1,832,252,208,21,0.0826052422558,0.100961538462,0.0833333333333,1.00881410256
1,0.1,833,252,208,17,0.0826052422558,0.0817307692308,0.0674603174603,0.816659035409
1,0.1,834,252,208,22,0.0826052422558,0.105769230769,0.0873015873016,1.05685286935
1,0.1,835,252,208,21,0.0826052422558,0.100961538462,0.0833333333333,1.00881410256
1,0.1,836,252,208,20,0.0826052422558,0.0961538461538,0.0793650793651,0.960775335775
1,0.1,837,252,208,17,0.0826052422558,0.0817307692308,0.0674603174603,0.816659035409
1,0.1,838,252,208,23,0.0826052422558,0.110576923077,0.0912698412698,1.10489163614
1,0.1,839,252,208,23,0.0826052422558,0.110576923077,0.0912698412698,1.10489163614
1,0.1,840,252,208,21,0.0826052422558,0.100961538462,0.0833333333333,1.00881410256
1,0.1,841,252,208,20,0.0826052422558,0.0961538461538,0.0793650793651,0.960775335775
1,0.1,842,252,208,22,0.0826052422558,0.105769230769,0.0873015873016,1.05685286935
1,0.1,843,252,208,16,0.0826052422558,0.0769230769231,0.0634920634921,0.76862026862
1,0.1,844,252,208,25,0.0826052422558,0.120192307692,0.0992063492063,1.20096916972
1,0.1,845,252,208,20,0.0826052422558,0.0961538461538,0.0793650793651,0.960775335775
1,0.1,846,252,208,13,0.0826052422558,0.0625,0.0515873015873,0.624503968254
1,0.1,847,252,208,18,0.0826052422558,0.0865384615385,0.0714285714286,0.864697802198
1,0.1,848,252,208,19,0.0826052422558,0.0913461538462,0.0753968253968,0.912736568987
1,0.1,849,252,208,21,0.0826052422558,0.100961538462,0.0833333333333,1.00881410256
1,0.1,850,252,208,18,0.0826052422558,0.0865384615385,0.0714285714286,0.864697802198
1,0.1,851,252,208,25,0.0826052422558,0.120192307692,0.0992063492063,1.20096916972
1,0.1,852,252,208,19,0.0826052422558,0.0913461538462,0.0753968253968,0.912736568987
1,0.1,853,252,208,31,0.0826052422558,0.149038461538,0.123015873016,1.48920177045
1,0.1,854,252,208,21,0.0826052422558,0.100961538462,0.0833333333333,1.00881410256
1,0.1,855,252,208,22,0.0826052422558,0.105769230769,0.0873015873016,1.05685286935
1,0.1,856,252,208,23,0.0826052422558,0.110576923077,0.0912698412698,1.10489163614
1,0.1,857,252,208,23,0.0826052422558,0.110576923077,0.0912698412698,1.10489163614
1,0.1,858,252,208,20,0.0826052422558,0.0961538461538,0.0793650793651,0.960775335775
1,0.1,859,252,208,18,0.0826052422558,0.0865384615385,0.0714285714286,0.864697802198
1,0.1,860,252,208,16,0.0826052422558,0.0769230769231,0.0634920634921,0.76862026862
1,0.1,861,252,208,22,0.0826052422558,0.105769230769,0.0873015873016,1.05685286935
1,0.1,862,252,208,25,0.0826052422558,0.120192307692,0.0992063492063,1.20096916972
1,0.1,863,252,208,23,0.0826052422558,0.110576923077,0.0912698412698,1.10489163614
1,0.1,864,252,208,15,0.0826052422558,0.0721153846154,0.0595238095238,0.720581501832
1,0.1,865,252,208,20,0.0826052422558,0.0961538461538,0.0793650793651,0.960775335775
1,0.1,866,252,208,17,0.0826052422558,0.0817307692308,0.0674603174603,0.816659035409
1,0.1,867,252,208,15,0.0826052422558,0.0721153846154,0.0595238095238,0.720581501832
1,0.1,868,252,208,24,0.0826052422558,0.115384615385,0.0952380952381,1.15293040293
1,0.1,869,252,208,23,0.0826052422558,0.110576923077,0.0912698412698,1.10489163614
1,0.1,870,252,208,19,0.0826052422558,0.0913461538462,0.0753968253968,0.912736568987
1,0.1,871,252,208,24,0.0826052422558,0.115384615385,0.0952380952381,1.15293040293
1,0.1,872,252,208,18,0.0826052422558,0.0865384615385,0.0714285714286,0.864697802198
1,0.1,873,252,208,23,0.0826052422558,0.110576923077,0.0912698412698,1.10489163614
1,0.1,874,252,208,28,0.0826052422558,0.134615384615,0.111111111111,1.34508547009
1,0.1,875,252,208,20,0.0826052422558,0.0961538461538,0.0793650793651,0.960775335775
1,0.1,876,252,208,15,0.0826052422558,0.0721153846154,0.0595238095238,0.720581501832
1,0.1,877,252,208,21,0.0826052422558,0.100961538462,0.0833333333333,1.00881410256
1,0.1,878,252,208,27,0.0826052422558,0.129807692308,0.107142857143,1.2970467033
1,0.1,879,252,208,23,0.0826052422558,0.110576923077,0.0912698412698,1.10489163614
1,0.1,880,252,208,28,0.0826052422558,0.134615384615,0.111111111111,1.34508547009
1,0.1,881,252,208,16,0.0826052422558,0.0769230769231,0.0634920634921,0.76862026862
1,0.1,882,252,208,13,0.0826052422558,0.0625,0.0515873015873,0.624503968254
1,0.1,883,252,208,28,0.0826052422558,0.134615384615,0.111111111111,1.34508547009
1,0.1,884,252,208,15,0.0826052422558,0.0721153846154,0.0595238095238,0.720581501832
1,0.1,885,252,208,25,0.0826052422558,0.120192307692,0.0992063492063,1.20096916972
1,0.1,886,252,208,23,0.0826052422558,0.110576923077,0.0912698412698,1.10489163614
1,0.1,887,252,208,19,0.0826052422558,0.0913461538462,0.0753968253968,0.912736568987
1,0.1,888,252,208,16,0.0826052422558,0.0769230769231,0.0634920634921,0.76862026862
1,0.1,889,252,208,16,0.0826052422558,0.0769230769231,0.0634920634921,0.76862026862
1,0.1,890,252,208,23,0.0826052422558,0.110576923077,0.0912698412698,1.10489163614
1,0.1,891,252,208,20,0.0826052422558,0.0961538461538,0.0793650793651,0.960775335775
1,0.1,892,252,208,14,0.0826052422558,0.0673076923077,0.0555555555556,0.672542735043
1,0.1,893,252,208,29,0.0826052422558,0.139423076923,0.115079365079,1.39312423687
1,0.1,894,252,208,27,0.0826052422558,0.129807692308,0.107142857143,1.2970467033
1,0.1,895,252,208,16,0.0826052422558,0.0769230769231,0.0634920634921,0.76862026862
1,0.1,896,252,208,25,0.0826052422558,0.120192307692,0.0992063492063,1.20096916972
1,0.1,897,252,208,22,0.0826052422558,0.105769230769,0.0873015873016,1.05685286935
1,0.1,898,252,208,25,0.0826052422558,0.120192307692,0.0992063492063,1.20096916972
1,0.1,899,252,208,22,0.0826052422558,0.105769230769,0.0873015873016,1.05685286935
1,0.1,900,252,208,25,0.0826052422558,0.120192307692,0.0992063492063,1.20096916972
1,0.1,901,252,208,14,0.0826052422558,0.0673076923077,0.0555555555556,0.672542735043
1,0.1,902,252,208,21,0.0826052422558,0.100961538462,0.0833333333333,1.00881410256
1,0.1,903,252,208,15,0.0826052422558,0.0721153846154,0.0595238095238,0.720581501832
1,0.1,904,252,208,25,0.0826052422558,0.120192307692,0.0992063492063,1.20096916972
1,0.1,905,252,208,10,0.0826052422558,0.0480769230769,0.0396825396825,0.480387667888
1,0.1,906,252,208,30,0.0826052422558,0.144230769231,0.119047619048,1.44116300366
1,0.1,907,252,208,24,0.0826052422558,0.115384615385,0.0952380952381,1.15293040293
1,0.1,908,252,208,16,0.0826052422558,0.0769230769231,0.0634920634921,0.76862026862
1,0.1,909,252,208,21,0.0826052422558,0.100961538462,0.0833333333333,1.00881410256
1,0.1,910,252,208,22,0.0826052422558,0.105769230769,0.0873015873016,1.05685286935
1,0.1,911,252,208,22,0.0826052422558,0.105769230769,0.0873015873016,1.05685286935
1,0.1,912,252,208,19,0.0826052422558,0.0913461538462,0.0753968253968,0.912736568987
1,0.1,913,252,208,14,0.0826052422558,0.0673076923077,0.0555555555556,0.672542735043
1,0.1,914,252,208,23,0.0826052422558,0.110576923077,0.0912698412698,1.10489163614
1,0.1,915,252,208,17,0.0826052422558,0.0817307692308,0.0674603174603,0.816659035409
1,0.1,916,252,208,22,0.0826052422558,0.105769230769,0.0873015873016,1.05685286935
1,0.1,917,252,208,16,0.0826052422558,0.0769230769231,0.0634920634921,0.76862026862
1,0.1,918,252,208,24,0.0826052422558,0.115384615385,0.0952380952381,1.15293040293
1,0.1,919,252,208,21,0.0826052422558,0.100961538462,0.0833333333333,1.00881410256
1,0.1,920,252,208,17,0.0826052422558,0.0817307692308,0.0674603174603,0.816659035409
1,0.1,921,252,208,22,0.0826052422558,0.105769230769,0.0873015873016,1.05685286935
1,0.1,922,252,208,19,0.0826052422558,0.0913461538462,0.0753968253968,0.912736568987
1,0.1,923,252,208,15,0.0826052422558,0.0721153846154,0.0595238095238,0.720581501832
1,0.1,924,252,208,17,0.0826052422558,0.0817307692308,0.0674603174603,0.816659035409
1,0.1,925,252,208,28,0.0826052422558,0.134615384615,0.111111111111,1.34508547009
1,0.1,926,252,208,24,0.0826052422558,0.115384615385,0.0952380952381,1.15293040293
1,0.1,927,252,208,25,0.0826052422558,0.120192307692,0.0992063492063,1.20096916972
1,0.1,928,252,208,25,0.0826052422558,0.120192307692,0.0992063492063,1.20096916972
1,0.1,929,252,208,29,0.0826052422558,0.139423076923,0.115079365079,1.39312423687
1,0.1,930,252,208,18,0.0826052422558,0.0865384615385,0.0714285714286,0.864697802198
1,0.1,931,252,208,23,0.0826052422558,0.110576923077,0.0912698412698,1.10489163614
1,0.1,932,252,208,26,0.0826052422558,0.125,0.103174603175,1.24900793651
1,0.1,933,252,208,24,0.0826052422558,0.115384615385,0.0952380952381,1.15293040293
1,0.1,934,252,208,24,0.0826052422558,0.115384615385,0.0952380952381,1.15293040293
1,0.1,935,252,208,24,0.0826052422558,0.115384615385,0.0952380952381,1.15293040293
1,0.1,936,252,208,15,0.0826052422558,0.0721153846154,0.0595238095238,0.720581501832
1,0.1,937,252,208,18,0.0826052422558,0.0865384615385,0.0714285714286,0.864697802198
1,0.1,938,252,208,20,0.0826052422558,0.0961538461538,0.0793650793651,0.960775335775
1,0.1,939,252,208,20,0.0826052422558,0.0961538461538,0.0793650793651,0.960775335775
1,0.1,940,252,208,18,0.0826052422558,0.0865384615385,0.0714285714286,0.864697802198
1,0.1,941,252,208,21,0.0826052422558,0.100961538462,0.0833333333333,1.00881410256
1,0.1,942,252,208,25,0.0826052422558,0.120192307692,0.0992063492063,1.20096916972
1,0.1,943,252,208,18,0.0826052422558,0.0865384615385,0.0714285714286,0.864697802198
1,0.1,944,252,208,14,0.0826052422558,0.0673076923077,0.0555555555556,0.672542735043
1,0.1,945,252,208,16,0.0826052422558,0.0769230769231,0.0634920634921,0.76862026862
1,0.1,946,252,208,14,0.0826052422558,0.0673076923077,0.0555555555556,0.672542735043
1,0.1,947,252,208,22,0.0826052422558,0.105769230769,0.0873015873016,1.05685286935
1,0.1,948,252,208,26,0.0826052422558,0.125,0.103174603175,1.24900793651
1,0.1,949,252,208,19,0.0826052422558,0.0913461538462,0.0753968253968,0.912736568987
1,0.1,950,252,208,23,0.0826052422558,0.110576923077,0.0912698412698,1.10489163614
1,0.1,951,252,208,20,0.0826052422558,0.0961538461538,0.0793650793651,0.960775335775
1,0.1,952,252,208,27,0.0826052422558,0.129807692308,0.107142857143,1.2970467033
1,0.1,953,252,208,27,0.0826052422558,0.129807692308,0.107142857143,1.2970467033
1,0.1,954,252,208,27,0.0826052422558,0.129807692308,0.107142857143,1.2970467033
1,0.1,955,252,208,17,0.0826052422558,0.0817307692308,0.0674603174603,0.816659035409
1,0.1,956,252,208,30,0.0826052422558,0.144230769231,0.119047619048,1.44116300366
1,0.1,957,252,208,24,0.0826052422558,0.115384615385,0.0952380952381,1.15293040293
1,0.1,958,252,208,15,0.0826052422558,0.0721153846154,0.0595238095238,0.720581501832
1,0.1,959,252,208,14,0.0826052422558,0.0673076923077,0.0555555555556,0.672542735043
1,0.1,960,252,208,23,0.0826052422558,0.110576923077,0.0912698412698,1.10489163614
1,0.1,961,252,208,23,0.0826052422558,0.110576923077,0.0912698412698,1.10489163614
1,0.1,962,252,208,21,0.0826052422558,0.100961538462,0.0833333333333,1.00881410256
1,0.1,963,252,208,28,0.0826052422558,0.134615384615,0.111111111111,1.34508547009
1,0.1,964,252,208,17,0.0826052422558,0.0817307692308,0.0674603174603,0.816659035409
1,0.1,965,252,208,15,0.0826052422558,0.0721153846154,0.0595238095238,0.720581501832
1,0.1,966,252,208,24,0.0826052422558,0.115384615385,0.0952380952381,1.15293040293
1,0.1,967,252,208,21,0.0826052422558,0.100961538462,0.0833333333333,1.00881410256
1,0.1,968,252,208,29,0.0826052422558,0.139423076923,0.115079365079,1.39312423687
1,0.1,969,252,208,22,0.0826052422558,0.105769230769,0.0873015873016,1.05685286935
1,0.1,970,252,208,19,0.0826052422558,0.0913461538462,0.0753968253968,0.912736568987
1,0.1,971,252,208,18,0.0826052422558,0.0865384615385,0.0714285714286,0.864697802198
1,0.1,972,252,208,26,0.0826052422558,0.125,0.103174603175,1.24900793651
1,0.1,973,252,208,19,0.0826052422558,0.0913461538462,0.0753968253968,0.912736568987
1,0.1,974,252,208,13,0.0826052422558,0.0625,0.0515873015873,0.624503968254
1,0.1,975,252,208,14,0.0826052422558,0.0673076923077,0.0555555555556,0.672542735043
1,0.1,976,252,208,19,0.0826052422558,0.0913461538462,0.0753968253968,0.912736568987
1,0.1,977,252,208,17,0.0826052422558,0.0817307692308,0.0674603174603,0.816659035409
1,0.1,978,252,208,29,0.0826052422558,0.139423076923,0.115079365079,1.39312423687
1,0.1,979,252,208,20,0.0826052422558,0.0961538461538,0.0793650793651,0.960775335775
1,0.1,980,252,208,20,0.0826052422558,0.0961538461538,0.0793650793651,0.960775335775
1,0.1,981,252,208,22,0.0826052422558,0.105769230769,0.0873015873016,1.05685286935
1,0.1,982,252,208,24,0.0826052422558,0.115384615385,0.0952380952381,1.15293040293
1,0.1,983,252,208,23,0.0826052422558,0.110576923077,0.0912698412698,1.10489163614
1,0.1,984,252,208,18,0.0826052422558,0.0865384615385,0.0714285714286,0.864697802198
1,0.1,985,252,208,17,0.0826052422558,0.0817307692308,0.0674603174603,0.816659035409
1,0.1,986,252,208,13,0.0826052422558,0.0625,0.0515873015873,0.624503968254
1,0.1,987,252,208,12,0.0826052422558,0.0576923076923,0.047619047619,0.576465201465
1,0.1,988,252,208,22,0.0826052422558,0.105769230769,0.0873015873016,1.05685286935
1,0.1,989,252,208,18,0.0826052422558,0.0865384615385,0.0714285714286,0.864697802198
1,0.1,990,252,208,19,0.0826052422558,0.0913461538462,0.0753968253968,0.912736568987
1,0.1,991,252,208,22,0.0826052422558,0.105769230769,0.0873015873016,1.05685286935
1,0.1,992,252,208,21,0.0826052422558,0.100961538462,0.0833333333333,1.00881410256
1,0.1,993,252,208,17,0.0826052422558,0.0817307692308,0.0674603174603,0.816659035409
1,0.1,994,252,208,22,0.0826052422558,0.105769230769,0.0873015873016,1.05685286935
1,0.1,995,252,208,15,0.0826052422558,0.0721153846154,0.0595238095238,0.720581501832
1,0.1,996,252,208,27,0.0826052422558,0.129807692308,0.107142857143,1.2970467033
1,0.1,997,252,208,25,0.0826052422558,0.120192307692,0.0992063492063,1.20096916972
1,0.1,998,252,208,18,0.0826052422558,0.0865384615385,0.0714285714286,0.864697802198
1,0.1,999,252,208,23,0.0826052422558,0.110576923077,0.0912698412698,1.10489163614
1,0.1,1000,252,208,26,0.0826052422558,0.125,0.103174603175,1.24900793651
1,0.2,1,504,208,41,0.0826052422558,0.197115384615,0.0813492063492,0.98479471917
1,0.2,2,504,208,41,0.0826052422558,0.197115384615,0.0813492063492,0.98479471917
1,0.2,3,504,208,44,0.0826052422558,0.211538461538,0.0873015873016,1.05685286935
1,0.2,4,504,208,50,0.0826052422558,0.240384615385,0.0992063492063,1.20096916972
1,0.2,5,504,208,42,0.0826052422558,0.201923076923,0.0833333333333,1.00881410256
1,0.2,6,504,208,49,0.0826052422558,0.235576923077,0.0972222222222,1.17694978632
1,0.2,7,504,208,49,0.0826052422558,0.235576923077,0.0972222222222,1.17694978632
1,0.2,8,504,208,44,0.0826052422558,0.211538461538,0.0873015873016,1.05685286935
1,0.2,9,504,208,42,0.0826052422558,0.201923076923,0.0833333333333,1.00881410256
1,0.2,10,504,208,42,0.0826052422558,0.201923076923,0.0833333333333,1.00881410256
1,0.2,11,504,208,37,0.0826052422558,0.177884615385,0.0734126984127,0.888717185592
1,0.2,12,504,208,42,0.0826052422558,0.201923076923,0.0833333333333,1.00881410256
1,0.2,13,504,208,55,0.0826052422558,0.264423076923,0.109126984127,1.32106608669
1,0.2,14,504,208,34,0.0826052422558,0.163461538462,0.0674603174603,0.816659035409
1,0.2,15,504,208,48,0.0826052422558,0.230769230769,0.0952380952381,1.15293040293
1,0.2,16,504,208,42,0.0826052422558,0.201923076923,0.0833333333333,1.00881410256
1,0.2,17,504,208,30,0.0826052422558,0.144230769231,0.0595238095238,0.720581501832
1,0.2,18,504,208,37,0.0826052422558,0.177884615385,0.0734126984127,0.888717185592
1,0.2,19,504,208,39,0.0826052422558,0.1875,0.077380952381,0.936755952381
1,0.2,20,504,208,38,0.0826052422558,0.182692307692,0.0753968253968,0.912736568987
1,0.2,21,504,208,49,0.0826052422558,0.235576923077,0.0972222222222,1.17694978632
1,0.2,22,504,208,53,0.0826052422558,0.254807692308,0.105158730159,1.2730273199
1,0.2,23,504,208,34,0.0826052422558,0.163461538462,0.0674603174603,0.816659035409
1,0.2,24,504,208,47,0.0826052422558,0.225961538462,0.093253968254,1.12891101954
1,0.2,25,504,208,40,0.0826052422558,0.192307692308,0.0793650793651,0.960775335775
1,0.2,26,504,208,52,0.0826052422558,0.25,0.103174603175,1.24900793651
1,0.2,27,504,208,41,0.0826052422558,0.197115384615,0.0813492063492,0.98479471917
1,0.2,28,504,208,48,0.0826052422558,0.230769230769,0.0952380952381,1.15293040293
1,0.2,29,504,208,44,0.0826052422558,0.211538461538,0.0873015873016,1.05685286935
1,0.2,30,504,208,44,0.0826052422558,0.211538461538,0.0873015873016,1.05685286935
1,0.2,31,504,208,41,0.0826052422558,0.197115384615,0.0813492063492,0.98479471917
1,0.2,32,504,208,35,0.0826052422558,0.168269230769,0.0694444444444,0.840678418803
1,0.2,33,504,208,51,0.0826052422558,0.245192307692,0.10119047619,1.22498855311
1,0.2,34,504,208,40,0.0826052422558,0.192307692308,0.0793650793651,0.960775335775
1,0.2,35,504,208,39,0.0826052422558,0.1875,0.077380952381,0.936755952381
1,0.2,36,504,208,31,0.0826052422558,0.149038461538,0.0615079365079,0.744600885226
1,0.2,37,504,208,35,0.0826052422558,0.168269230769,0.0694444444444,0.840678418803
1,0.2,38,504,208,46,0.0826052422558,0.221153846154,0.0912698412698,1.10489163614
1,0.2,39,504,208,34,0.0826052422558,0.163461538462,0.0674603174603,0.816659035409
1,0.2,40,504,208,39,0.0826052422558,0.1875,0.077380952381,0.936755952381
1,0.2,41,504,208,35,0.0826052422558,0.168269230769,0.0694444444444,0.840678418803
1,0.2,42,504,208,35,0.0826052422558,0.168269230769,0.0694444444444,0.840678418803
1,0.2,43,504,208,41,0.0826052422558,0.197115384615,0.0813492063492,0.98479471917
1,0.2,44,504,208,51,0.0826052422558,0.245192307692,0.10119047619,1.22498855311
1,0.2,45,504,208,38,0.0826052422558,0.182692307692,0.0753968253968,0.912736568987
1,0.2,46,504,208,41,0.0826052422558,0.197115384615,0.0813492063492,0.98479471917
1,0.2,47,504,208,37,0.0826052422558,0.177884615385,0.0734126984127,0.888717185592
1,0.2,48,504,208,47,0.0826052422558,0.225961538462,0.093253968254,1.12891101954
1,0.2,49,504,208,43,0.0826052422558,0.206730769231,0.0853174603175,1.03283348596
1,0.2,50,504,208,45,0.0826052422558,0.216346153846,0.0892857142857,1.08087225275
1,0.2,51,504,208,41,0.0826052422558,0.197115384615,0.0813492063492,0.98479471917
1,0.2,52,504,208,47,0.0826052422558,0.225961538462,0.093253968254,1.12891101954
1,0.2,53,504,208,44,0.0826052422558,0.211538461538,0.0873015873016,1.05685286935
1,0.2,54,504,208,40,0.0826052422558,0.192307692308,0.0793650793651,0.960775335775
1,0.2,55,504,208,42,0.0826052422558,0.201923076923,0.0833333333333,1.00881410256
1,0.2,56,504,208,42,0.0826052422558,0.201923076923,0.0833333333333,1.00881410256
1,0.2,57,504,208,38,0.0826052422558,0.182692307692,0.0753968253968,0.912736568987
1,0.2,58,504,208,39,0.0826052422558,0.1875,0.077380952381,0.936755952381
1,0.2,59,504,208,45,0.0826052422558,0.216346153846,0.0892857142857,1.08087225275
1,0.2,60,504,208,44,0.0826052422558,0.211538461538,0.0873015873016,1.05685286935
1,0.2,61,504,208,43,0.0826052422558,0.206730769231,0.0853174603175,1.03283348596
1,0.2,62,504,208,35,0.0826052422558,0.168269230769,0.0694444444444,0.840678418803
1,0.2,63,504,208,41,0.0826052422558,0.197115384615,0.0813492063492,0.98479471917
1,0.2,64,504,208,37,0.0826052422558,0.177884615385,0.0734126984127,0.888717185592
1,0.2,65,504,208,36,0.0826052422558,0.173076923077,0.0714285714286,0.864697802198
1,0.2,66,504,208,49,0.0826052422558,0.235576923077,0.0972222222222,1.17694978632
1,0.2,67,504,208,47,0.0826052422558,0.225961538462,0.093253968254,1.12891101954
1,0.2,68,504,208,41,0.0826052422558,0.197115384615,0.0813492063492,0.98479471917
1,0.2,69,504,208,43,0.0826052422558,0.206730769231,0.0853174603175,1.03283348596
1,0.2,70,504,208,54,0.0826052422558,0.259615384615,0.107142857143,1.2970467033
1,0.2,71,504,208,34,0.0826052422558,0.163461538462,0.0674603174603,0.816659035409
1,0.2,72,504,208,53,0.0826052422558,0.254807692308,0.105158730159,1.2730273199
1,0.2,73,504,208,44,0.0826052422558,0.211538461538,0.0873015873016,1.05685286935
1,0.2,74,504,208,41,0.0826052422558,0.197115384615,0.0813492063492,0.98479471917
1,0.2,75,504,208,52,0.0826052422558,0.25,0.103174603175,1.24900793651
1,0.2,76,504,208,45,0.0826052422558,0.216346153846,0.0892857142857,1.08087225275
1,0.2,77,504,208,40,0.0826052422558,0.192307692308,0.0793650793651,0.960775335775
1,0.2,78,504,208,48,0.0826052422558,0.230769230769,0.0952380952381,1.15293040293
1,0.2,79,504,208,41,0.0826052422558,0.197115384615,0.0813492063492,0.98479471917
1,0.2,80,504,208,39,0.0826052422558,0.1875,0.077380952381,0.936755952381
1,0.2,81,504,208,44,0.0826052422558,0.211538461538,0.0873015873016,1.05685286935
1,0.2,82,504,208,37,0.0826052422558,0.177884615385,0.0734126984127,0.888717185592
1,0.2,83,504,208,40,0.0826052422558,0.192307692308,0.0793650793651,0.960775335775
1,0.2,84,504,208,39,0.0826052422558,0.1875,0.077380952381,0.936755952381
1,0.2,85,504,208,41,0.0826052422558,0.197115384615,0.0813492063492,0.98479471917
1,0.2,86,504,208,46,0.0826052422558,0.221153846154,0.0912698412698,1.10489163614
1,0.2,87,504,208,42,0.0826052422558,0.201923076923,0.0833333333333,1.00881410256
1,0.2,88,504,208,45,0.0826052422558,0.216346153846,0.0892857142857,1.08087225275
1,0.2,89,504,208,46,0.0826052422558,0.221153846154,0.0912698412698,1.10489163614
1,0.2,90,504,208,45,0.0826052422558,0.216346153846,0.0892857142857,1.08087225275
1,0.2,91,504,208,41,0.0826052422558,0.197115384615,0.0813492063492,0.98479471917
1,0.2,92,504,208,40,0.0826052422558,0.192307692308,0.0793650793651,0.960775335775
1,0.2,93,504,208,36,0.0826052422558,0.173076923077,0.0714285714286,0.864697802198
1,0.2,94,504,208,38,0.0826052422558,0.182692307692,0.0753968253968,0.912736568987
1,0.2,95,504,208,31,0.0826052422558,0.149038461538,0.0615079365079,0.744600885226
1,0.2,96,504,208,39,0.0826052422558,0.1875,0.077380952381,0.936755952381
1,0.2,97,504,208,34,0.0826052422558,0.163461538462,0.0674603174603,0.816659035409
1,0.2,98,504,208,39,0.0826052422558,0.1875,0.077380952381,0.936755952381
1,0.2,99,504,208,46,0.0826052422558,0.221153846154,0.0912698412698,1.10489163614
1,0.2,100,504,208,39,0.0826052422558,0.1875,0.077380952381,0.936755952381
1,0.2,101,504,208,45,0.0826052422558,0.216346153846,0.0892857142857,1.08087225275
1,0.2,102,504,208,36,0.0826052422558,0.173076923077,0.0714285714286,0.864697802198
1,0.2,103,504,208,40,0.0826052422558,0.192307692308,0.0793650793651,0.960775335775
1,0.2,104,504,208,34,0.0826052422558,0.163461538462,0.0674603174603,0.816659035409
1,0.2,105,504,208,40,0.0826052422558,0.192307692308,0.0793650793651,0.960775335775
1,0.2,106,504,208,42,0.0826052422558,0.201923076923,0.0833333333333,1.00881410256
1,0.2,107,504,208,32,0.0826052422558,0.153846153846,0.0634920634921,0.76862026862
1,0.2,108,504,208,37,0.0826052422558,0.177884615385,0.0734126984127,0.888717185592
1,0.2,109,504,208,43,0.0826052422558,0.206730769231,0.0853174603175,1.03283348596
1,0.2,110,504,208,37,0.0826052422558,0.177884615385,0.0734126984127,0.888717185592
1,0.2,111,504,208,40,0.0826052422558,0.192307692308,0.0793650793651,0.960775335775
1,0.2,112,504,208,36,0.0826052422558,0.173076923077,0.0714285714286,0.864697802198
1,0.2,113,504,208,46,0.0826052422558,0.221153846154,0.0912698412698,1.10489163614
1,0.2,114,504,208,34,0.0826052422558,0.163461538462,0.0674603174603,0.816659035409
1,0.2,115,504,208,33,0.0826052422558,0.158653846154,0.0654761904762,0.792639652015
1,0.2,116,504,208,43,0.0826052422558,0.206730769231,0.0853174603175,1.03283348596
1,0.2,117,504,208,40,0.0826052422558,0.192307692308,0.0793650793651,0.960775335775
1,0.2,118,504,208,37,0.0826052422558,0.177884615385,0.0734126984127,0.888717185592
1,0.2,119,504,208,36,0.0826052422558,0.173076923077,0.0714285714286,0.864697802198
1,0.2,120,504,208,30,0.0826052422558,0.144230769231,0.0595238095238,0.720581501832
1,0.2,121,504,208,38,0.0826052422558,0.182692307692,0.0753968253968,0.912736568987
1,0.2,122,504,208,33,0.0826052422558,0.158653846154,0.0654761904762,0.792639652015
1,0.2,123,504,208,36,0.0826052422558,0.173076923077,0.0714285714286,0.864697802198
1,0.2,124,504,208,40,0.0826052422558,0.192307692308,0.0793650793651,0.960775335775
1,0.2,125,504,208,38,0.0826052422558,0.182692307692,0.0753968253968,0.912736568987
1,0.2,126,504,208,53,0.0826052422558,0.254807692308,0.105158730159,1.2730273199
1,0.2,127,504,208,52,0.0826052422558,0.25,0.103174603175,1.24900793651
1,0.2,128,504,208,35,0.0826052422558,0.168269230769,0.0694444444444,0.840678418803
1,0.2,129,504,208,44,0.0826052422558,0.211538461538,0.0873015873016,1.05685286935
1,0.2,130,504,208,36,0.0826052422558,0.173076923077,0.0714285714286,0.864697802198
1,0.2,131,504,208,52,0.0826052422558,0.25,0.103174603175,1.24900793651
1,0.2,132,504,208,37,0.0826052422558,0.177884615385,0.0734126984127,0.888717185592
1,0.2,133,504,208,47,0.0826052422558,0.225961538462,0.093253968254,1.12891101954
1,0.2,134,504,208,43,0.0826052422558,0.206730769231,0.0853174603175,1.03283348596
1,0.2,135,504,208,38,0.0826052422558,0.182692307692,0.0753968253968,0.912736568987
1,0.2,136,504,208,34,0.0826052422558,0.163461538462,0.0674603174603,0.816659035409
1,0.2,137,504,208,36,0.0826052422558,0.173076923077,0.0714285714286,0.864697802198
1,0.2,138,504,208,38,0.0826052422558,0.182692307692,0.0753968253968,0.912736568987
1,0.2,139,504,208,41,0.0826052422558,0.197115384615,0.0813492063492,0.98479471917
1,0.2,140,504,208,49,0.0826052422558,0.235576923077,0.0972222222222,1.17694978632
1,0.2,141,504,208,44,0.0826052422558,0.211538461538,0.0873015873016,1.05685286935
1,0.2,142,504,208,39,0.0826052422558,0.1875,0.077380952381,0.936755952381
1,0.2,143,504,208,38,0.0826052422558,0.182692307692,0.0753968253968,0.912736568987
1,0.2,144,504,208,41,0.0826052422558,0.197115384615,0.0813492063492,0.98479471917
1,0.2,145,504,208,35,0.0826052422558,0.168269230769,0.0694444444444,0.840678418803
1,0.2,146,504,208,43,0.0826052422558,0.206730769231,0.0853174603175,1.03283348596
1,0.2,147,504,208,40,0.0826052422558,0.192307692308,0.0793650793651,0.960775335775
1,0.2,148,504,208,40,0.0826052422558,0.192307692308,0.0793650793651,0.960775335775
1,0.2,149,504,208,42,0.0826052422558,0.201923076923,0.0833333333333,1.00881410256
1,0.2,150,504,208,38,0.0826052422558,0.182692307692,0.0753968253968,0.912736568987
1,0.2,151,504,208,45,0.0826052422558,0.216346153846,0.0892857142857,1.08087225275
1,0.2,152,504,208,41,0.0826052422558,0.197115384615,0.0813492063492,0.98479471917
1,0.2,153,504,208,39,0.0826052422558,0.1875,0.077380952381,0.936755952381
1,0.2,154,504,208,40,0.0826052422558,0.192307692308,0.0793650793651,0.960775335775
1,0.2,155,504,208,45,0.0826052422558,0.216346153846,0.0892857142857,1.08087225275
1,0.2,156,504,208,30,0.0826052422558,0.144230769231,0.0595238095238,0.720581501832
1,0.2,157,504,208,35,0.0826052422558,0.168269230769,0.0694444444444,0.840678418803
1,0.2,158,504,208,45,0.0826052422558,0.216346153846,0.0892857142857,1.08087225275
1,0.2,159,504,208,34,0.0826052422558,0.163461538462,0.0674603174603,0.816659035409
1,0.2,160,504,208,47,0.0826052422558,0.225961538462,0.093253968254,1.12891101954
1,0.2,161,504,208,45,0.0826052422558,0.216346153846,0.0892857142857,1.08087225275
1,0.2,162,504,208,31,0.0826052422558,0.149038461538,0.0615079365079,0.744600885226
1,0.2,163,504,208,49,0.0826052422558,0.235576923077,0.0972222222222,1.17694978632
1,0.2,164,504,208,45,0.0826052422558,0.216346153846,0.0892857142857,1.08087225275
1,0.2,165,504,208,37,0.0826052422558,0.177884615385,0.0734126984127,0.888717185592
1,0.2,166,504,208,47,0.0826052422558,0.225961538462,0.093253968254,1.12891101954
1,0.2,167,504,208,44,0.0826052422558,0.211538461538,0.0873015873016,1.05685286935
1,0.2,168,504,208,48,0.0826052422558,0.230769230769,0.0952380952381,1.15293040293
1,0.2,169,504,208,47,0.0826052422558,0.225961538462,0.093253968254,1.12891101954
1,0.2,170,504,208,37,0.0826052422558,0.177884615385,0.0734126984127,0.888717185592
1,0.2,171,504,208,40,0.0826052422558,0.192307692308,0.0793650793651,0.960775335775
1,0.2,172,504,208,41,0.0826052422558,0.197115384615,0.0813492063492,0.98479471917
1,0.2,173,504,208,42,0.0826052422558,0.201923076923,0.0833333333333,1.00881410256
1,0.2,174,504,208,44,0.0826052422558,0.211538461538,0.0873015873016,1.05685286935
1,0.2,175,504,208,34,0.0826052422558,0.163461538462,0.0674603174603,0.816659035409
1,0.2,176,504,208,50,0.0826052422558,0.240384615385,0.0992063492063,1.20096916972
1,0.2,177,504,208,47,0.0826052422558,0.225961538462,0.093253968254,1.12891101954
1,0.2,178,504,208,43,0.0826052422558,0.206730769231,0.0853174603175,1.03283348596
1,0.2,179,504,208,47,0.0826052422558,0.225961538462,0.093253968254,1.12891101954
1,0.2,180,504,208,38,0.0826052422558,0.182692307692,0.0753968253968,0.912736568987
1,0.2,181,504,208,34,0.0826052422558,0.163461538462,0.0674603174603,0.816659035409
1,0.2,182,504,208,45,0.0826052422558,0.216346153846,0.0892857142857,1.08087225275
1,0.2,183,504,208,33,0.0826052422558,0.158653846154,0.0654761904762,0.792639652015
1,0.2,184,504,208,41,0.0826052422558,0.197115384615,0.0813492063492,0.98479471917
1,0.2,185,504,208,36,0.0826052422558,0.173076923077,0.0714285714286,0.864697802198
1,0.2,186,504,208,35,0.0826052422558,0.168269230769,0.0694444444444,0.840678418803
1,0.2,187,504,208,35,0.0826052422558,0.168269230769,0.0694444444444,0.840678418803
1,0.2,188,504,208,46,0.0826052422558,0.221153846154,0.0912698412698,1.10489163614
1,0.2,189,504,208,42,0.0826052422558,0.201923076923,0.0833333333333,1.00881410256
1,0.2,190,504,208,45,0.0826052422558,0.216346153846,0.0892857142857,1.08087225275
1,0.2,191,504,208,39,0.0826052422558,0.1875,0.077380952381,0.936755952381
1,0.2,192,504,208,48,0.0826052422558,0.230769230769,0.0952380952381,1.15293040293
1,0.2,193,504,208,39,0.0826052422558,0.1875,0.077380952381,0.936755952381
1,0.2,194,504,208,43,0.0826052422558,0.206730769231,0.0853174603175,1.03283348596
1,0.2,195,504,208,36,0.0826052422558,0.173076923077,0.0714285714286,0.864697802198
1,0.2,196,504,208,42,0.0826052422558,0.201923076923,0.0833333333333,1.00881410256
1,0.2,197,504,208,42,0.0826052422558,0.201923076923,0.0833333333333,1.00881410256
1,0.2,198,504,208,39,0.0826052422558,0.1875,0.077380952381,0.936755952381
1,0.2,199,504,208,44,0.0826052422558,0.211538461538,0.0873015873016,1.05685286935
1,0.2,200,504,208,40,0.0826052422558,0.192307692308,0.0793650793651,0.960775335775
1,0.2,201,504,208,37,0.0826052422558,0.177884615385,0.0734126984127,0.888717185592
1,0.2,202,504,208,45,0.0826052422558,0.216346153846,0.0892857142857,1.08087225275
1,0.2,203,504,208,47,0.0826052422558,0.225961538462,0.093253968254,1.12891101954
1,0.2,204,504,208,43,0.0826052422558,0.206730769231,0.0853174603175,1.03283348596
1,0.2,205,504,208,38,0.0826052422558,0.182692307692,0.0753968253968,0.912736568987
1,0.2,206,504,208,35,0.0826052422558,0.168269230769,0.0694444444444,0.840678418803
1,0.2,207,504,208,45,0.0826052422558,0.216346153846,0.0892857142857,1.08087225275
1,0.2,208,504,208,43,0.0826052422558,0.206730769231,0.0853174603175,1.03283348596
1,0.2,209,504,208,41,0.0826052422558,0.197115384615,0.0813492063492,0.98479471917
1,0.2,210,504,208,38,0.0826052422558,0.182692307692,0.0753968253968,0.912736568987
1,0.2,211,504,208,43,0.0826052422558,0.206730769231,0.0853174603175,1.03283348596
1,0.2,212,504,208,33,0.0826052422558,0.158653846154,0.0654761904762,0.792639652015
1,0.2,213,504,208,32,0.0826052422558,0.153846153846,0.0634920634921,0.76862026862
1,0.2,214,504,208,41,0.0826052422558,0.197115384615,0.0813492063492,0.98479471917
1,0.2,215,504,208,44,0.0826052422558,0.211538461538,0.0873015873016,1.05685286935
1,0.2,216,504,208,47,0.0826052422558,0.225961538462,0.093253968254,1.12891101954
1,0.2,217,504,208,36,0.0826052422558,0.173076923077,0.0714285714286,0.864697802198
1,0.2,218,504,208,45,0.0826052422558,0.216346153846,0.0892857142857,1.08087225275
1,0.2,219,504,208,39,0.0826052422558,0.1875,0.077380952381,0.936755952381
1,0.2,220,504,208,34,0.0826052422558,0.163461538462,0.0674603174603,0.816659035409
1,0.2,221,504,208,51,0.0826052422558,0.245192307692,0.10119047619,1.22498855311
1,0.2,222,504,208,44,0.0826052422558,0.211538461538,0.0873015873016,1.05685286935
1,0.2,223,504,208,43,0.0826052422558,0.206730769231,0.0853174603175,1.03283348596
1,0.2,224,504,208,39,0.0826052422558,0.1875,0.077380952381,0.936755952381
1,0.2,225,504,208,45,0.0826052422558,0.216346153846,0.0892857142857,1.08087225275
1,0.2,226,504,208,43,0.0826052422558,0.206730769231,0.0853174603175,1.03283348596
1,0.2,227,504,208,39,0.0826052422558,0.1875,0.077380952381,0.936755952381
1,0.2,228,504,208,38,0.0826052422558,0.182692307692,0.0753968253968,0.912736568987
1,0.2,229,504,208,47,0.0826052422558,0.225961538462,0.093253968254,1.12891101954
1,0.2,230,504,208,38,0.0826052422558,0.182692307692,0.0753968253968,0.912736568987
1,0.2,231,504,208,36,0.0826052422558,0.173076923077,0.0714285714286,0.864697802198
1,0.2,232,504,208,39,0.0826052422558,0.1875,0.077380952381,0.936755952381
1,0.2,233,504,208,41,0.0826052422558,0.197115384615,0.0813492063492,0.98479471917
1,0.2,234,504,208,48,0.0826052422558,0.230769230769,0.0952380952381,1.15293040293
1,0.2,235,504,208,48,0.0826052422558,0.230769230769,0.0952380952381,1.15293040293
1,0.2,236,504,208,39,0.0826052422558,0.1875,0.077380952381,0.936755952381
1,0.2,237,504,208,42,0.0826052422558,0.201923076923,0.0833333333333,1.00881410256
1,0.2,238,504,208,40,0.0826052422558,0.192307692308,0.0793650793651,0.960775335775
1,0.2,239,504,208,46,0.0826052422558,0.221153846154,0.0912698412698,1.10489163614
1,0.2,240,504,208,39,0.0826052422558,0.1875,0.077380952381,0.936755952381
1,0.2,241,504,208,41,0.0826052422558,0.197115384615,0.0813492063492,0.98479471917
1,0.2,242,504,208,37,0.0826052422558,0.177884615385,0.0734126984127,0.888717185592
1,0.2,243,504,208,38,0.0826052422558,0.182692307692,0.0753968253968,0.912736568987
1,0.2,244,504,208,37,0.0826052422558,0.177884615385,0.0734126984127,0.888717185592
1,0.2,245,504,208,49,0.0826052422558,0.235576923077,0.0972222222222,1.17694978632
1,0.2,246,504,208,36,0.0826052422558,0.173076923077,0.0714285714286,0.864697802198
1,0.2,247,504,208,41,0.0826052422558,0.197115384615,0.0813492063492,0.98479471917
1,0.2,248,504,208,45,0.0826052422558,0.216346153846,0.0892857142857,1.08087225275
1,0.2,249,504,208,39,0.0826052422558,0.1875,0.077380952381,0.936755952381
1,0.2,250,504,208,34,0.0826052422558,0.163461538462,0.0674603174603,0.816659035409
1,0.2,251,504,208,48,0.0826052422558,0.230769230769,0.0952380952381,1.15293040293
1,0.2,252,504,208,38,0.0826052422558,0.182692307692,0.0753968253968,0.912736568987
1,0.2,253,504,208,44,0.0826052422558,0.211538461538,0.0873015873016,1.05685286935
1,0.2,254,504,208,41,0.0826052422558,0.197115384615,0.0813492063492,0.98479471917
1,0.2,255,504,208,40,0.0826052422558,0.192307692308,0.0793650793651,0.960775335775
1,0.2,256,504,208,42,0.0826052422558,0.201923076923,0.0833333333333,1.00881410256
1,0.2,257,504,208,47,0.0826052422558,0.225961538462,0.093253968254,1.12891101954
1,0.2,258,504,208,51,0.0826052422558,0.245192307692,0.10119047619,1.22498855311
1,0.2,259,504,208,41,0.0826052422558,0.197115384615,0.0813492063492,0.98479471917
1,0.2,260,504,208,41,0.0826052422558,0.197115384615,0.0813492063492,0.98479471917
1,0.2,261,504,208,43,0.0826052422558,0.206730769231,0.0853174603175,1.03283348596
1,0.2,262,504,208,48,0.0826052422558,0.230769230769,0.0952380952381,1.15293040293
1,0.2,263,504,208,42,0.0826052422558,0.201923076923,0.0833333333333,1.00881410256
1,0.2,264,504,208,44,0.0826052422558,0.211538461538,0.0873015873016,1.05685286935
1,0.2,265,504,208,37,0.0826052422558,0.177884615385,0.0734126984127,0.888717185592
1,0.2,266,504,208,46,0.0826052422558,0.221153846154,0.0912698412698,1.10489163614
1,0.2,267,504,208,35,0.0826052422558,0.168269230769,0.0694444444444,0.840678418803
1,0.2,268,504,208,33,0.0826052422558,0.158653846154,0.0654761904762,0.792639652015
1,0.2,269,504,208,42,0.0826052422558,0.201923076923,0.0833333333333,1.00881410256
1,0.2,270,504,208,39,0.0826052422558,0.1875,0.077380952381,0.936755952381
1,0.2,271,504,208,47,0.0826052422558,0.225961538462,0.093253968254,1.12891101954
1,0.2,272,504,208,36,0.0826052422558,0.173076923077,0.0714285714286,0.864697802198
1,0.2,273,504,208,47,0.0826052422558,0.225961538462,0.093253968254,1.12891101954
1,0.2,274,504,208,34,0.0826052422558,0.163461538462,0.0674603174603,0.816659035409
1,0.2,275,504,208,46,0.0826052422558,0.221153846154,0.0912698412698,1.10489163614
1,0.2,276,504,208,50,0.0826052422558,0.240384615385,0.0992063492063,1.20096916972
1,0.2,277,504,208,30,0.0826052422558,0.144230769231,0.0595238095238,0.720581501832
1,0.2,278,504,208,41,0.0826052422558,0.197115384615,0.0813492063492,0.98479471917
1,0.2,279,504,208,43,0.0826052422558,0.206730769231,0.0853174603175,1.03283348596
1,0.2,280,504,208,46,0.0826052422558,0.221153846154,0.0912698412698,1.10489163614
1,0.2,281,504,208,34,0.0826052422558,0.163461538462,0.0674603174603,0.816659035409
1,0.2,282,504,208,41,0.0826052422558,0.197115384615,0.0813492063492,0.98479471917
1,0.2,283,504,208,42,0.0826052422558,0.201923076923,0.0833333333333,1.00881410256
1,0.2,284,504,208,39,0.0826052422558,0.1875,0.077380952381,0.936755952381
1,0.2,285,504,208,48,0.0826052422558,0.230769230769,0.0952380952381,1.15293040293
1,0.2,286,504,208,33,0.0826052422558,0.158653846154,0.0654761904762,0.792639652015
1,0.2,287,504,208,41,0.0826052422558,0.197115384615,0.0813492063492,0.98479471917
1,0.2,288,504,208,43,0.0826052422558,0.206730769231,0.0853174603175,1.03283348596
1,0.2,289,504,208,43,0.0826052422558,0.206730769231,0.0853174603175,1.03283348596
1,0.2,290,504,208,38,0.0826052422558,0.182692307692,0.0753968253968,0.912736568987
1,0.2,291,504,208,34,0.0826052422558,0.163461538462,0.0674603174603,0.816659035409
1,0.2,292,504,208,46,0.0826052422558,0.221153846154,0.0912698412698,1.10489163614
1,0.2,293,504,208,44,0.0826052422558,0.211538461538,0.0873015873016,1.05685286935
1,0.2,294,504,208,47,0.0826052422558,0.225961538462,0.093253968254,1.12891101954
1,0.2,295,504,208,42,0.0826052422558,0.201923076923,0.0833333333333,1.00881410256
1,0.2,296,504,208,39,0.0826052422558,0.1875,0.077380952381,0.936755952381
1,0.2,297,504,208,32,0.0826052422558,0.153846153846,0.0634920634921,0.76862026862
1,0.2,298,504,208,39,0.0826052422558,0.1875,0.077380952381,0.936755952381
1,0.2,299,504,208,42,0.0826052422558,0.201923076923,0.0833333333333,1.00881410256
1,0.2,300,504,208,43,0.0826052422558,0.206730769231,0.0853174603175,1.03283348596
1,0.2,301,504,208,38,0.0826052422558,0.182692307692,0.0753968253968,0.912736568987
1,0.2,302,504,208,34,0.0826052422558,0.163461538462,0.0674603174603,0.816659035409
1,0.2,303,504,208,42,0.0826052422558,0.201923076923,0.0833333333333,1.00881410256
1,0.2,304,504,208,45,0.0826052422558,0.216346153846,0.0892857142857,1.08087225275
1,0.2,305,504,208,43,0.0826052422558,0.206730769231,0.0853174603175,1.03283348596
1,0.2,306,504,208,41,0.0826052422558,0.197115384615,0.0813492063492,0.98479471917
1,0.2,307,504,208,48,0.0826052422558,0.230769230769,0.0952380952381,1.15293040293
1,0.2,308,504,208,40,0.0826052422558,0.192307692308,0.0793650793651,0.960775335775
1,0.2,309,504,208,36,0.0826052422558,0.173076923077,0.0714285714286,0.864697802198
1,0.2,310,504,208,41,0.0826052422558,0.197115384615,0.0813492063492,0.98479471917
1,0.2,311,504,208,49,0.0826052422558,0.235576923077,0.0972222222222,1.17694978632
1,0.2,312,504,208,36,0.0826052422558,0.173076923077,0.0714285714286,0.864697802198
1,0.2,313,504,208,38,0.0826052422558,0.182692307692,0.0753968253968,0.912736568987
1,0.2,314,504,208,43,0.0826052422558,0.206730769231,0.0853174603175,1.03283348596
1,0.2,315,504,208,31,0.0826052422558,0.149038461538,0.0615079365079,0.744600885226
1,0.2,316,504,208,41,0.0826052422558,0.197115384615,0.0813492063492,0.98479471917
1,0.2,317,504,208,44,0.0826052422558,0.211538461538,0.0873015873016,1.05685286935
1,0.2,318,504,208,33,0.0826052422558,0.158653846154,0.0654761904762,0.792639652015
1,0.2,319,504,208,36,0.0826052422558,0.173076923077,0.0714285714286,0.864697802198
1,0.2,320,504,208,48,0.0826052422558,0.230769230769,0.0952380952381,1.15293040293
1,0.2,321,504,208,38,0.0826052422558,0.182692307692,0.0753968253968,0.912736568987
1,0.2,322,504,208,33,0.0826052422558,0.158653846154,0.0654761904762,0.792639652015
1,0.2,323,504,208,37,0.0826052422558,0.177884615385,0.0734126984127,0.888717185592
1,0.2,324,504,208,53,0.0826052422558,0.254807692308,0.105158730159,1.2730273199
1,0.2,325,504,208,38,0.0826052422558,0.182692307692,0.0753968253968,0.912736568987
1,0.2,326,504,208,38,0.0826052422558,0.182692307692,0.0753968253968,0.912736568987
1,0.2,327,504,208,44,0.0826052422558,0.211538461538,0.0873015873016,1.05685286935
1,0.2,328,504,208,44,0.0826052422558,0.211538461538,0.0873015873016,1.05685286935
1,0.2,329,504,208,42,0.0826052422558,0.201923076923,0.0833333333333,1.00881410256
1,0.2,330,504,208,40,0.0826052422558,0.192307692308,0.0793650793651,0.960775335775
1,0.2,331,504,208,38,0.0826052422558,0.182692307692,0.0753968253968,0.912736568987
1,0.2,332,504,208,35,0.0826052422558,0.168269230769,0.0694444444444,0.840678418803
1,0.2,333,504,208,29,0.0826052422558,0.139423076923,0.0575396825397,0.696562118437
1,0.2,334,504,208,46,0.0826052422558,0.221153846154,0.0912698412698,1.10489163614
1,0.2,335,504,208,37,0.0826052422558,0.177884615385,0.0734126984127,0.888717185592
1,0.2,336,504,208,37,0.0826052422558,0.177884615385,0.0734126984127,0.888717185592
1,0.2,337,504,208,41,0.0826052422558,0.197115384615,0.0813492063492,0.98479471917
1,0.2,338,504,208,47,0.0826052422558,0.225961538462,0.093253968254,1.12891101954
1,0.2,339,504,208,50,0.0826052422558,0.240384615385,0.0992063492063,1.20096916972
1,0.2,340,504,208,45,0.0826052422558,0.216346153846,0.0892857142857,1.08087225275
1,0.2,341,504,208,41,0.0826052422558,0.197115384615,0.0813492063492,0.98479471917
1,0.2,342,504,208,43,0.0826052422558,0.206730769231,0.0853174603175,1.03283348596
1,0.2,343,504,208,49,0.0826052422558,0.235576923077,0.0972222222222,1.17694978632
1,0.2,344,504,208,32,0.0826052422558,0.153846153846,0.0634920634921,0.76862026862
1,0.2,345,504,208,39,0.0826052422558,0.1875,0.077380952381,0.936755952381
1,0.2,346,504,208,32,0.0826052422558,0.153846153846,0.0634920634921,0.76862026862
1,0.2,347,504,208,35,0.0826052422558,0.168269230769,0.0694444444444,0.840678418803
1,0.2,348,504,208,48,0.0826052422558,0.230769230769,0.0952380952381,1.15293040293
1,0.2,349,504,208,42,0.0826052422558,0.201923076923,0.0833333333333,1.00881410256
1,0.2,350,504,208,36,0.0826052422558,0.173076923077,0.0714285714286,0.864697802198
1,0.2,351,504,208,49,0.0826052422558,0.235576923077,0.0972222222222,1.17694978632
1,0.2,352,504,208,47,0.0826052422558,0.225961538462,0.093253968254,1.12891101954
1,0.2,353,504,208,43,0.0826052422558,0.206730769231,0.0853174603175,1.03283348596
1,0.2,354,504,208,43,0.0826052422558,0.206730769231,0.0853174603175,1.03283348596
1,0.2,355,504,208,43,0.0826052422558,0.206730769231,0.0853174603175,1.03283348596
1,0.2,356,504,208,33,0.0826052422558,0.158653846154,0.0654761904762,0.792639652015
1,0.2,357,504,208,37,0.0826052422558,0.177884615385,0.0734126984127,0.888717185592
1,0.2,358,504,208,43,0.0826052422558,0.206730769231,0.0853174603175,1.03283348596
1,0.2,359,504,208,43,0.0826052422558,0.206730769231,0.0853174603175,1.03283348596
1,0.2,360,504,208,56,0.0826052422558,0.269230769231,0.111111111111,1.34508547009
1,0.2,361,504,208,45,0.0826052422558,0.216346153846,0.0892857142857,1.08087225275
1,0.2,362,504,208,43,0.0826052422558,0.206730769231,0.0853174603175,1.03283348596
1,0.2,363,504,208,46,0.0826052422558,0.221153846154,0.0912698412698,1.10489163614
1,0.2,364,504,208,42,0.0826052422558,0.201923076923,0.0833333333333,1.00881410256
1,0.2,365,504,208,38,0.0826052422558,0.182692307692,0.0753968253968,0.912736568987
1,0.2,366,504,208,43,0.0826052422558,0.206730769231,0.0853174603175,1.03283348596
1,0.2,367,504,208,46,0.0826052422558,0.221153846154,0.0912698412698,1.10489163614
1,0.2,368,504,208,46,0.0826052422558,0.221153846154,0.0912698412698,1.10489163614
1,0.2,369,504,208,44,0.0826052422558,0.211538461538,0.0873015873016,1.05685286935
1,0.2,370,504,208,42,0.0826052422558,0.201923076923,0.0833333333333,1.00881410256
1,0.2,371,504,208,46,0.0826052422558,0.221153846154,0.0912698412698,1.10489163614
1,0.2,372,504,208,34,0.0826052422558,0.163461538462,0.0674603174603,0.816659035409
1,0.2,373,504,208,49,0.0826052422558,0.235576923077,0.0972222222222,1.17694978632
1,0.2,374,504,208,42,0.0826052422558,0.201923076923,0.0833333333333,1.00881410256
1,0.2,375,504,208,32,0.0826052422558,0.153846153846,0.0634920634921,0.76862026862
1,0.2,376,504,208,35,0.0826052422558,0.168269230769,0.0694444444444,0.840678418803
1,0.2,377,504,208,31,0.0826052422558,0.149038461538,0.0615079365079,0.744600885226
1,0.2,378,504,208,46,0.0826052422558,0.221153846154,0.0912698412698,1.10489163614
1,0.2,379,504,208,40,0.0826052422558,0.192307692308,0.0793650793651,0.960775335775
1,0.2,380,504,208,32,0.0826052422558,0.153846153846,0.0634920634921,0.76862026862
1,0.2,381,504,208,43,0.0826052422558,0.206730769231,0.0853174603175,1.03283348596
1,0.2,382,504,208,46,0.0826052422558,0.221153846154,0.0912698412698,1.10489163614
1,0.2,383,504,208,37,0.0826052422558,0.177884615385,0.0734126984127,0.888717185592
1,0.2,384,504,208,42,0.0826052422558,0.201923076923,0.0833333333333,1.00881410256
1,0.2,385,504,208,35,0.0826052422558,0.168269230769,0.0694444444444,0.840678418803
1,0.2,386,504,208,45,0.0826052422558,0.216346153846,0.0892857142857,1.08087225275
1,0.2,387,504,208,35,0.0826052422558,0.168269230769,0.0694444444444,0.840678418803
1,0.2,388,504,208,34,0.0826052422558,0.163461538462,0.0674603174603,0.816659035409
1,0.2,389,504,208,31,0.0826052422558,0.149038461538,0.0615079365079,0.744600885226
1,0.2,390,504,208,44,0.0826052422558,0.211538461538,0.0873015873016,1.05685286935
1,0.2,391,504,208,35,0.0826052422558,0.168269230769,0.0694444444444,0.840678418803
1,0.2,392,504,208,46,0.0826052422558,0.221153846154,0.0912698412698,1.10489163614
1,0.2,393,504,208,45,0.0826052422558,0.216346153846,0.0892857142857,1.08087225275
1,0.2,394,504,208,48,0.0826052422558,0.230769230769,0.0952380952381,1.15293040293
1,0.2,395,504,208,41,0.0826052422558,0.197115384615,0.0813492063492,0.98479471917
1,0.2,396,504,208,48,0.0826052422558,0.230769230769,0.0952380952381,1.15293040293
1,0.2,397,504,208,48,0.0826052422558,0.230769230769,0.0952380952381,1.15293040293
1,0.2,398,504,208,49,0.0826052422558,0.235576923077,0.0972222222222,1.17694978632
1,0.2,399,504,208,52,0.0826052422558,0.25,0.103174603175,1.24900793651
1,0.2,400,504,208,27,0.0826052422558,0.129807692308,0.0535714285714,0.648523351648
1,0.2,401,504,208,37,0.0826052422558,0.177884615385,0.0734126984127,0.888717185592
1,0.2,402,504,208,41,0.0826052422558,0.197115384615,0.0813492063492,0.98479471917
1,0.2,403,504,208,49,0.0826052422558,0.235576923077,0.0972222222222,1.17694978632
1,0.2,404,504,208,46,0.0826052422558,0.221153846154,0.0912698412698,1.10489163614
1,0.2,405,504,208,36,0.0826052422558,0.173076923077,0.0714285714286,0.864697802198
1,0.2,406,504,208,38,0.0826052422558,0.182692307692,0.0753968253968,0.912736568987
1,0.2,407,504,208,48,0.0826052422558,0.230769230769,0.0952380952381,1.15293040293
1,0.2,408,504,208,38,0.0826052422558,0.182692307692,0.0753968253968,0.912736568987
1,0.2,409,504,208,47,0.0826052422558,0.225961538462,0.093253968254,1.12891101954
1,0.2,410,504,208,45,0.0826052422558,0.216346153846,0.0892857142857,1.08087225275
1,0.2,411,504,208,38,0.0826052422558,0.182692307692,0.0753968253968,0.912736568987
1,0.2,412,504,208,37,0.0826052422558,0.177884615385,0.0734126984127,0.888717185592
1,0.2,413,504,208,31,0.0826052422558,0.149038461538,0.0615079365079,0.744600885226
1,0.2,414,504,208,49,0.0826052422558,0.235576923077,0.0972222222222,1.17694978632
1,0.2,415,504,208,41,0.0826052422558,0.197115384615,0.0813492063492,0.98479471917
1,0.2,416,504,208,44,0.0826052422558,0.211538461538,0.0873015873016,1.05685286935
1,0.2,417,504,208,38,0.0826052422558,0.182692307692,0.0753968253968,0.912736568987
1,0.2,418,504,208,54,0.0826052422558,0.259615384615,0.107142857143,1.2970467033
1,0.2,419,504,208,41,0.0826052422558,0.197115384615,0.0813492063492,0.98479471917
1,0.2,420,504,208,49,0.0826052422558,0.235576923077,0.0972222222222,1.17694978632
1,0.2,421,504,208,44,0.0826052422558,0.211538461538,0.0873015873016,1.05685286935
1,0.2,422,504,208,45,0.0826052422558,0.216346153846,0.0892857142857,1.08087225275
1,0.2,423,504,208,45,0.0826052422558,0.216346153846,0.0892857142857,1.08087225275
1,0.2,424,504,208,44,0.0826052422558,0.211538461538,0.0873015873016,1.05685286935
1,0.2,425,504,208,42,0.0826052422558,0.201923076923,0.0833333333333,1.00881410256
1,0.2,426,504,208,45,0.0826052422558,0.216346153846,0.0892857142857,1.08087225275
1,0.2,427,504,208,39,0.0826052422558,0.1875,0.077380952381,0.936755952381
1,0.2,428,504,208,40,0.0826052422558,0.192307692308,0.0793650793651,0.960775335775
1,0.2,429,504,208,43,0.0826052422558,0.206730769231,0.0853174603175,1.03283348596
1,0.2,430,504,208,32,0.0826052422558,0.153846153846,0.0634920634921,0.76862026862
1,0.2,431,504,208,28,0.0826052422558,0.134615384615,0.0555555555556,0.672542735043
1,0.2,432,504,208,39,0.0826052422558,0.1875,0.077380952381,0.936755952381
1,0.2,433,504,208,44,0.0826052422558,0.211538461538,0.0873015873016,1.05685286935
1,0.2,434,504,208,40,0.0826052422558,0.192307692308,0.0793650793651,0.960775335775
1,0.2,435,504,208,39,0.0826052422558,0.1875,0.077380952381,0.936755952381
1,0.2,436,504,208,34,0.0826052422558,0.163461538462,0.0674603174603,0.816659035409
1,0.2,437,504,208,32,0.0826052422558,0.153846153846,0.0634920634921,0.76862026862
1,0.2,438,504,208,37,0.0826052422558,0.177884615385,0.0734126984127,0.888717185592
1,0.2,439,504,208,39,0.0826052422558,0.1875,0.077380952381,0.936755952381
1,0.2,440,504,208,60,0.0826052422558,0.288461538462,0.119047619048,1.44116300366
1,0.2,441,504,208,40,0.0826052422558,0.192307692308,0.0793650793651,0.960775335775
1,0.2,442,504,208,37,0.0826052422558,0.177884615385,0.0734126984127,0.888717185592
1,0.2,443,504,208,32,0.0826052422558,0.153846153846,0.0634920634921,0.76862026862
1,0.2,444,504,208,35,0.0826052422558,0.168269230769,0.0694444444444,0.840678418803
1,0.2,445,504,208,36,0.0826052422558,0.173076923077,0.0714285714286,0.864697802198
1,0.2,446,504,208,36,0.0826052422558,0.173076923077,0.0714285714286,0.864697802198
1,0.2,447,504,208,46,0.0826052422558,0.221153846154,0.0912698412698,1.10489163614
1,0.2,448,504,208,44,0.0826052422558,0.211538461538,0.0873015873016,1.05685286935
1,0.2,449,504,208,40,0.0826052422558,0.192307692308,0.0793650793651,0.960775335775
1,0.2,450,504,208,46,0.0826052422558,0.221153846154,0.0912698412698,1.10489163614
1,0.2,451,504,208,42,0.0826052422558,0.201923076923,0.0833333333333,1.00881410256
1,0.2,452,504,208,32,0.0826052422558,0.153846153846,0.0634920634921,0.76862026862
1,0.2,453,504,208,44,0.0826052422558,0.211538461538,0.0873015873016,1.05685286935
1,0.2,454,504,208,48,0.0826052422558,0.230769230769,0.0952380952381,1.15293040293
1,0.2,455,504,208,46,0.0826052422558,0.221153846154,0.0912698412698,1.10489163614
1,0.2,456,504,208,49,0.0826052422558,0.235576923077,0.0972222222222,1.17694978632
1,0.2,457,504,208,42,0.0826052422558,0.201923076923,0.0833333333333,1.00881410256
1,0.2,458,504,208,43,0.0826052422558,0.206730769231,0.0853174603175,1.03283348596
1,0.2,459,504,208,43,0.0826052422558,0.206730769231,0.0853174603175,1.03283348596
1,0.2,460,504,208,39,0.0826052422558,0.1875,0.077380952381,0.936755952381
1,0.2,461,504,208,40,0.0826052422558,0.192307692308,0.0793650793651,0.960775335775
1,0.2,462,504,208,44,0.0826052422558,0.211538461538,0.0873015873016,1.05685286935
1,0.2,463,504,208,44,0.0826052422558,0.211538461538,0.0873015873016,1.05685286935
1,0.2,464,504,208,36,0.0826052422558,0.173076923077,0.0714285714286,0.864697802198
1,0.2,465,504,208,47,0.0826052422558,0.225961538462,0.093253968254,1.12891101954
1,0.2,466,504,208,45,0.0826052422558,0.216346153846,0.0892857142857,1.08087225275
1,0.2,467,504,208,41,0.0826052422558,0.197115384615,0.0813492063492,0.98479471917
1,0.2,468,504,208,44,0.0826052422558,0.211538461538,0.0873015873016,1.05685286935
1,0.2,469,504,208,42,0.0826052422558,0.201923076923,0.0833333333333,1.00881410256
1,0.2,470,504,208,39,0.0826052422558,0.1875,0.077380952381,0.936755952381
1,0.2,471,504,208,42,0.0826052422558,0.201923076923,0.0833333333333,1.00881410256
1,0.2,472,504,208,37,0.0826052422558,0.177884615385,0.0734126984127,0.888717185592
1,0.2,473,504,208,49,0.0826052422558,0.235576923077,0.0972222222222,1.17694978632
1,0.2,474,504,208,33,0.0826052422558,0.158653846154,0.0654761904762,0.792639652015
1,0.2,475,504,208,40,0.0826052422558,0.192307692308,0.0793650793651,0.960775335775
1,0.2,476,504,208,44,0.0826052422558,0.211538461538,0.0873015873016,1.05685286935
1,0.2,477,504,208,37,0.0826052422558,0.177884615385,0.0734126984127,0.888717185592
1,0.2,478,504,208,47,0.0826052422558,0.225961538462,0.093253968254,1.12891101954
1,0.2,479,504,208,29,0.0826052422558,0.139423076923,0.0575396825397,0.696562118437
1,0.2,480,504,208,51,0.0826052422558,0.245192307692,0.10119047619,1.22498855311
1,0.2,481,504,208,45,0.0826052422558,0.216346153846,0.0892857142857,1.08087225275
1,0.2,482,504,208,37,0.0826052422558,0.177884615385,0.0734126984127,0.888717185592
1,0.2,483,504,208,48,0.0826052422558,0.230769230769,0.0952380952381,1.15293040293
1,0.2,484,504,208,41,0.0826052422558,0.197115384615,0.0813492063492,0.98479471917
1,0.2,485,504,208,42,0.0826052422558,0.201923076923,0.0833333333333,1.00881410256
1,0.2,486,504,208,45,0.0826052422558,0.216346153846,0.0892857142857,1.08087225275
1,0.2,487,504,208,37,0.0826052422558,0.177884615385,0.0734126984127,0.888717185592
1,0.2,488,504,208,44,0.0826052422558,0.211538461538,0.0873015873016,1.05685286935
1,0.2,489,504,208,45,0.0826052422558,0.216346153846,0.0892857142857,1.08087225275
1,0.2,490,504,208,41,0.0826052422558,0.197115384615,0.0813492063492,0.98479471917
1,0.2,491,504,208,35,0.0826052422558,0.168269230769,0.0694444444444,0.840678418803
1,0.2,492,504,208,49,0.0826052422558,0.235576923077,0.0972222222222,1.17694978632
1,0.2,493,504,208,38,0.0826052422558,0.182692307692,0.0753968253968,0.912736568987
1,0.2,494,504,208,47,0.0826052422558,0.225961538462,0.093253968254,1.12891101954
1,0.2,495,504,208,46,0.0826052422558,0.221153846154,0.0912698412698,1.10489163614
1,0.2,496,504,208,38,0.0826052422558,0.182692307692,0.0753968253968,0.912736568987
1,0.2,497,504,208,42,0.0826052422558,0.201923076923,0.0833333333333,1.00881410256
1,0.2,498,504,208,43,0.0826052422558,0.206730769231,0.0853174603175,1.03283348596
1,0.2,499,504,208,34,0.0826052422558,0.163461538462,0.0674603174603,0.816659035409
1,0.2,500,504,208,45,0.0826052422558,0.216346153846,0.0892857142857,1.08087225275
1,0.2,501,504,208,46,0.0826052422558,0.221153846154,0.0912698412698,1.10489163614
1,0.2,502,504,208,47,0.0826052422558,0.225961538462,0.093253968254,1.12891101954
1,0.2,503,504,208,36,0.0826052422558,0.173076923077,0.0714285714286,0.864697802198
1,0.2,504,504,208,46,0.0826052422558,0.221153846154,0.0912698412698,1.10489163614
1,0.2,505,504,208,46,0.0826052422558,0.221153846154,0.0912698412698,1.10489163614
1,0.2,506,504,208,42,0.0826052422558,0.201923076923,0.0833333333333,1.00881410256
1,0.2,507,504,208,51,0.0826052422558,0.245192307692,0.10119047619,1.22498855311
1,0.2,508,504,208,45,0.0826052422558,0.216346153846,0.0892857142857,1.08087225275
1,0.2,509,504,208,38,0.0826052422558,0.182692307692,0.0753968253968,0.912736568987
1,0.2,510,504,208,49,0.0826052422558,0.235576923077,0.0972222222222,1.17694978632
1,0.2,511,504,208,43,0.0826052422558,0.206730769231,0.0853174603175,1.03283348596
1,0.2,512,504,208,47,0.0826052422558,0.225961538462,0.093253968254,1.12891101954
1,0.2,513,504,208,36,0.0826052422558,0.173076923077,0.0714285714286,0.864697802198
1,0.2,514,504,208,46,0.0826052422558,0.221153846154,0.0912698412698,1.10489163614
1,0.2,515,504,208,48,0.0826052422558,0.230769230769,0.0952380952381,1.15293040293
1,0.2,516,504,208,40,0.0826052422558,0.192307692308,0.0793650793651,0.960775335775
1,0.2,517,504,208,44,0.0826052422558,0.211538461538,0.0873015873016,1.05685286935
1,0.2,518,504,208,52,0.0826052422558,0.25,0.103174603175,1.24900793651
1,0.2,519,504,208,43,0.0826052422558,0.206730769231,0.0853174603175,1.03283348596
1,0.2,520,504,208,37,0.0826052422558,0.177884615385,0.0734126984127,0.888717185592
1,0.2,521,504,208,36,0.0826052422558,0.173076923077,0.0714285714286,0.864697802198
1,0.2,522,504,208,46,0.0826052422558,0.221153846154,0.0912698412698,1.10489163614
1,0.2,523,504,208,37,0.0826052422558,0.177884615385,0.0734126984127,0.888717185592
1,0.2,524,504,208,43,0.0826052422558,0.206730769231,0.0853174603175,1.03283348596
1,0.2,525,504,208,37,0.0826052422558,0.177884615385,0.0734126984127,0.888717185592
1,0.2,526,504,208,44,0.0826052422558,0.211538461538,0.0873015873016,1.05685286935
1,0.2,527,504,208,53,0.0826052422558,0.254807692308,0.105158730159,1.2730273199
1,0.2,528,504,208,46,0.0826052422558,0.221153846154,0.0912698412698,1.10489163614
1,0.2,529,504,208,45,0.0826052422558,0.216346153846,0.0892857142857,1.08087225275
1,0.2,530,504,208,37,0.0826052422558,0.177884615385,0.0734126984127,0.888717185592
1,0.2,531,504,208,42,0.0826052422558,0.201923076923,0.0833333333333,1.00881410256
1,0.2,532,504,208,47,0.0826052422558,0.225961538462,0.093253968254,1.12891101954
1,0.2,533,504,208,49,0.0826052422558,0.235576923077,0.0972222222222,1.17694978632
1,0.2,534,504,208,31,0.0826052422558,0.149038461538,0.0615079365079,0.744600885226
1,0.2,535,504,208,45,0.0826052422558,0.216346153846,0.0892857142857,1.08087225275
1,0.2,536,504,208,37,0.0826052422558,0.177884615385,0.0734126984127,0.888717185592
1,0.2,537,504,208,38,0.0826052422558,0.182692307692,0.0753968253968,0.912736568987
1,0.2,538,504,208,46,0.0826052422558,0.221153846154,0.0912698412698,1.10489163614
1,0.2,539,504,208,50,0.0826052422558,0.240384615385,0.0992063492063,1.20096916972
1,0.2,540,504,208,37,0.0826052422558,0.177884615385,0.0734126984127,0.888717185592
1,0.2,541,504,208,29,0.0826052422558,0.139423076923,0.0575396825397,0.696562118437
1,0.2,542,504,208,40,0.0826052422558,0.192307692308,0.0793650793651,0.960775335775
1,0.2,543,504,208,40,0.0826052422558,0.192307692308,0.0793650793651,0.960775335775
1,0.2,544,504,208,35,0.0826052422558,0.168269230769,0.0694444444444,0.840678418803
1,0.2,545,504,208,48,0.0826052422558,0.230769230769,0.0952380952381,1.15293040293
1,0.2,546,504,208,34,0.0826052422558,0.163461538462,0.0674603174603,0.816659035409
1,0.2,547,504,208,42,0.0826052422558,0.201923076923,0.0833333333333,1.00881410256
1,0.2,548,504,208,40,0.0826052422558,0.192307692308,0.0793650793651,0.960775335775
1,0.2,549,504,208,42,0.0826052422558,0.201923076923,0.0833333333333,1.00881410256
1,0.2,550,504,208,38,0.0826052422558,0.182692307692,0.0753968253968,0.912736568987
1,0.2,551,504,208,47,0.0826052422558,0.225961538462,0.093253968254,1.12891101954
1,0.2,552,504,208,36,0.0826052422558,0.173076923077,0.0714285714286,0.864697802198
1,0.2,553,504,208,46,0.0826052422558,0.221153846154,0.0912698412698,1.10489163614
1,0.2,554,504,208,44,0.0826052422558,0.211538461538,0.0873015873016,1.05685286935
1,0.2,555,504,208,39,0.0826052422558,0.1875,0.077380952381,0.936755952381
1,0.2,556,504,208,38,0.0826052422558,0.182692307692,0.0753968253968,0.912736568987
1,0.2,557,504,208,47,0.0826052422558,0.225961538462,0.093253968254,1.12891101954
1,0.2,558,504,208,50,0.0826052422558,0.240384615385,0.0992063492063,1.20096916972
1,0.2,559,504,208,37,0.0826052422558,0.177884615385,0.0734126984127,0.888717185592
1,0.2,560,504,208,44,0.0826052422558,0.211538461538,0.0873015873016,1.05685286935
1,0.2,561,504,208,40,0.0826052422558,0.192307692308,0.0793650793651,0.960775335775
1,0.2,562,504,208,42,0.0826052422558,0.201923076923,0.0833333333333,1.00881410256
1,0.2,563,504,208,32,0.0826052422558,0.153846153846,0.0634920634921,0.76862026862
1,0.2,564,504,208,45,0.0826052422558,0.216346153846,0.0892857142857,1.08087225275
1,0.2,565,504,208,35,0.0826052422558,0.168269230769,0.0694444444444,0.840678418803
1,0.2,566,504,208,42,0.0826052422558,0.201923076923,0.0833333333333,1.00881410256
1,0.2,567,504,208,31,0.0826052422558,0.149038461538,0.0615079365079,0.744600885226
1,0.2,568,504,208,45,0.0826052422558,0.216346153846,0.0892857142857,1.08087225275
1,0.2,569,504,208,45,0.0826052422558,0.216346153846,0.0892857142857,1.08087225275
1,0.2,570,504,208,53,0.0826052422558,0.254807692308,0.105158730159,1.2730273199
1,0.2,571,504,208,39,0.0826052422558,0.1875,0.077380952381,0.936755952381
1,0.2,572,504,208,47,0.0826052422558,0.225961538462,0.093253968254,1.12891101954
1,0.2,573,504,208,44,0.0826052422558,0.211538461538,0.0873015873016,1.05685286935
1,0.2,574,504,208,49,0.0826052422558,0.235576923077,0.0972222222222,1.17694978632
1,0.2,575,504,208,49,0.0826052422558,0.235576923077,0.0972222222222,1.17694978632
1,0.2,576,504,208,42,0.0826052422558,0.201923076923,0.0833333333333,1.00881410256
1,0.2,577,504,208,46,0.0826052422558,0.221153846154,0.0912698412698,1.10489163614
1,0.2,578,504,208,41,0.0826052422558,0.197115384615,0.0813492063492,0.98479471917
1,0.2,579,504,208,50,0.0826052422558,0.240384615385,0.0992063492063,1.20096916972
1,0.2,580,504,208,46,0.0826052422558,0.221153846154,0.0912698412698,1.10489163614
1,0.2,581,504,208,39,0.0826052422558,0.1875,0.077380952381,0.936755952381
1,0.2,582,504,208,39,0.0826052422558,0.1875,0.077380952381,0.936755952381
1,0.2,583,504,208,28,0.0826052422558,0.134615384615,0.0555555555556,0.672542735043
1,0.2,584,504,208,37,0.0826052422558,0.177884615385,0.0734126984127,0.888717185592
1,0.2,585,504,208,40,0.0826052422558,0.192307692308,0.0793650793651,0.960775335775
1,0.2,586,504,208,36,0.0826052422558,0.173076923077,0.0714285714286,0.864697802198
1,0.2,587,504,208,55,0.0826052422558,0.264423076923,0.109126984127,1.32106608669
1,0.2,588,504,208,34,0.0826052422558,0.163461538462,0.0674603174603,0.816659035409
1,0.2,589,504,208,36,0.0826052422558,0.173076923077,0.0714285714286,0.864697802198
1,0.2,590,504,208,40,0.0826052422558,0.192307692308,0.0793650793651,0.960775335775
1,0.2,591,504,208,40,0.0826052422558,0.192307692308,0.0793650793651,0.960775335775
1,0.2,592,504,208,36,0.0826052422558,0.173076923077,0.0714285714286,0.864697802198
1,0.2,593,504,208,42,0.0826052422558,0.201923076923,0.0833333333333,1.00881410256
1,0.2,594,504,208,47,0.0826052422558,0.225961538462,0.093253968254,1.12891101954
1,0.2,595,504,208,36,0.0826052422558,0.173076923077,0.0714285714286,0.864697802198
1,0.2,596,504,208,39,0.0826052422558,0.1875,0.077380952381,0.936755952381
1,0.2,597,504,208,43,0.0826052422558,0.206730769231,0.0853174603175,1.03283348596
1,0.2,598,504,208,36,0.0826052422558,0.173076923077,0.0714285714286,0.864697802198
1,0.2,599,504,208,50,0.0826052422558,0.240384615385,0.0992063492063,1.20096916972
1,0.2,600,504,208,37,0.0826052422558,0.177884615385,0.0734126984127,0.888717185592
1,0.2,601,504,208,52,0.0826052422558,0.25,0.103174603175,1.24900793651
1,0.2,602,504,208,35,0.0826052422558,0.168269230769,0.0694444444444,0.840678418803
1,0.2,603,504,208,39,0.0826052422558,0.1875,0.077380952381,0.936755952381
1,0.2,604,504,208,44,0.0826052422558,0.211538461538,0.0873015873016,1.05685286935
1,0.2,605,504,208,34,0.0826052422558,0.163461538462,0.0674603174603,0.816659035409
1,0.2,606,504,208,39,0.0826052422558,0.1875,0.077380952381,0.936755952381
1,0.2,607,504,208,34,0.0826052422558,0.163461538462,0.0674603174603,0.816659035409
1,0.2,608,504,208,32,0.0826052422558,0.153846153846,0.0634920634921,0.76862026862
1,0.2,609,504,208,35,0.0826052422558,0.168269230769,0.0694444444444,0.840678418803
1,0.2,610,504,208,45,0.0826052422558,0.216346153846,0.0892857142857,1.08087225275
1,0.2,611,504,208,46,0.0826052422558,0.221153846154,0.0912698412698,1.10489163614
1,0.2,612,504,208,36,0.0826052422558,0.173076923077,0.0714285714286,0.864697802198
1,0.2,613,504,208,39,0.0826052422558,0.1875,0.077380952381,0.936755952381
1,0.2,614,504,208,37,0.0826052422558,0.177884615385,0.0734126984127,0.888717185592
1,0.2,615,504,208,39,0.0826052422558,0.1875,0.077380952381,0.936755952381
1,0.2,616,504,208,45,0.0826052422558,0.216346153846,0.0892857142857,1.08087225275
1,0.2,617,504,208,39,0.0826052422558,0.1875,0.077380952381,0.936755952381
1,0.2,618,504,208,44,0.0826052422558,0.211538461538,0.0873015873016,1.05685286935
1,0.2,619,504,208,58,0.0826052422558,0.278846153846,0.115079365079,1.39312423687
1,0.2,620,504,208,43,0.0826052422558,0.206730769231,0.0853174603175,1.03283348596
1,0.2,621,504,208,48,0.0826052422558,0.230769230769,0.0952380952381,1.15293040293
1,0.2,622,504,208,40,0.0826052422558,0.192307692308,0.0793650793651,0.960775335775
1,0.2,623,504,208,36,0.0826052422558,0.173076923077,0.0714285714286,0.864697802198
1,0.2,624,504,208,34,0.0826052422558,0.163461538462,0.0674603174603,0.816659035409
1,0.2,625,504,208,35,0.0826052422558,0.168269230769,0.0694444444444,0.840678418803
1,0.2,626,504,208,44,0.0826052422558,0.211538461538,0.0873015873016,1.05685286935
1,0.2,627,504,208,37,0.0826052422558,0.177884615385,0.0734126984127,0.888717185592
1,0.2,628,504,208,45,0.0826052422558,0.216346153846,0.0892857142857,1.08087225275
1,0.2,629,504,208,56,0.0826052422558,0.269230769231,0.111111111111,1.34508547009
1,0.2,630,504,208,45,0.0826052422558,0.216346153846,0.0892857142857,1.08087225275
1,0.2,631,504,208,39,0.0826052422558,0.1875,0.077380952381,0.936755952381
1,0.2,632,504,208,52,0.0826052422558,0.25,0.103174603175,1.24900793651
1,0.2,633,504,208,43,0.0826052422558,0.206730769231,0.0853174603175,1.03283348596
1,0.2,634,504,208,41,0.0826052422558,0.197115384615,0.0813492063492,0.98479471917
1,0.2,635,504,208,54,0.0826052422558,0.259615384615,0.107142857143,1.2970467033
1,0.2,636,504,208,46,0.0826052422558,0.221153846154,0.0912698412698,1.10489163614
1,0.2,637,504,208,44,0.0826052422558,0.211538461538,0.0873015873016,1.05685286935
1,0.2,638,504,208,38,0.0826052422558,0.182692307692,0.0753968253968,0.912736568987
1,0.2,639,504,208,41,0.0826052422558,0.197115384615,0.0813492063492,0.98479471917
1,0.2,640,504,208,32,0.0826052422558,0.153846153846,0.0634920634921,0.76862026862
1,0.2,641,504,208,46,0.0826052422558,0.221153846154,0.0912698412698,1.10489163614
1,0.2,642,504,208,37,0.0826052422558,0.177884615385,0.0734126984127,0.888717185592
1,0.2,643,504,208,44,0.0826052422558,0.211538461538,0.0873015873016,1.05685286935
1,0.2,644,504,208,40,0.0826052422558,0.192307692308,0.0793650793651,0.960775335775
1,0.2,645,504,208,40,0.0826052422558,0.192307692308,0.0793650793651,0.960775335775
1,0.2,646,504,208,36,0.0826052422558,0.173076923077,0.0714285714286,0.864697802198
1,0.2,647,504,208,47,0.0826052422558,0.225961538462,0.093253968254,1.12891101954
1,0.2,648,504,208,43,0.0826052422558,0.206730769231,0.0853174603175,1.03283348596
1,0.2,649,504,208,36,0.0826052422558,0.173076923077,0.0714285714286,0.864697802198
1,0.2,650,504,208,35,0.0826052422558,0.168269230769,0.0694444444444,0.840678418803
1,0.2,651,504,208,45,0.0826052422558,0.216346153846,0.0892857142857,1.08087225275
1,0.2,652,504,208,49,0.0826052422558,0.235576923077,0.0972222222222,1.17694978632
1,0.2,653,504,208,46,0.0826052422558,0.221153846154,0.0912698412698,1.10489163614
1,0.2,654,504,208,42,0.0826052422558,0.201923076923,0.0833333333333,1.00881410256
1,0.2,655,504,208,43,0.0826052422558,0.206730769231,0.0853174603175,1.03283348596
1,0.2,656,504,208,44,0.0826052422558,0.211538461538,0.0873015873016,1.05685286935
1,0.2,657,504,208,44,0.0826052422558,0.211538461538,0.0873015873016,1.05685286935
1,0.2,658,504,208,36,0.0826052422558,0.173076923077,0.0714285714286,0.864697802198
1,0.2,659,504,208,43,0.0826052422558,0.206730769231,0.0853174603175,1.03283348596
1,0.2,660,504,208,43,0.0826052422558,0.206730769231,0.0853174603175,1.03283348596
1,0.2,661,504,208,38,0.0826052422558,0.182692307692,0.0753968253968,0.912736568987
1,0.2,662,504,208,44,0.0826052422558,0.211538461538,0.0873015873016,1.05685286935
1,0.2,663,504,208,41,0.0826052422558,0.197115384615,0.0813492063492,0.98479471917
1,0.2,664,504,208,35,0.0826052422558,0.168269230769,0.0694444444444,0.840678418803
1,0.2,665,504,208,46,0.0826052422558,0.221153846154,0.0912698412698,1.10489163614
1,0.2,666,504,208,35,0.0826052422558,0.168269230769,0.0694444444444,0.840678418803
1,0.2,667,504,208,46,0.0826052422558,0.221153846154,0.0912698412698,1.10489163614
1,0.2,668,504,208,39,0.0826052422558,0.1875,0.077380952381,0.936755952381
1,0.2,669,504,208,40,0.0826052422558,0.192307692308,0.0793650793651,0.960775335775
1,0.2,670,504,208,40,0.0826052422558,0.192307692308,0.0793650793651,0.960775335775
1,0.2,671,504,208,42,0.0826052422558,0.201923076923,0.0833333333333,1.00881410256
1,0.2,672,504,208,38,0.0826052422558,0.182692307692,0.0753968253968,0.912736568987
1,0.2,673,504,208,43,0.0826052422558,0.206730769231,0.0853174603175,1.03283348596
1,0.2,674,504,208,37,0.0826052422558,0.177884615385,0.0734126984127,0.888717185592
1,0.2,675,504,208,38,0.0826052422558,0.182692307692,0.0753968253968,0.912736568987
1,0.2,676,504,208,36,0.0826052422558,0.173076923077,0.0714285714286,0.864697802198
1,0.2,677,504,208,44,0.0826052422558,0.211538461538,0.0873015873016,1.05685286935
1,0.2,678,504,208,38,0.0826052422558,0.182692307692,0.0753968253968,0.912736568987
1,0.2,679,504,208,41,0.0826052422558,0.197115384615,0.0813492063492,0.98479471917
1,0.2,680,504,208,39,0.0826052422558,0.1875,0.077380952381,0.936755952381
1,0.2,681,504,208,43,0.0826052422558,0.206730769231,0.0853174603175,1.03283348596
1,0.2,682,504,208,54,0.0826052422558,0.259615384615,0.107142857143,1.2970467033
1,0.2,683,504,208,48,0.0826052422558,0.230769230769,0.0952380952381,1.15293040293
1,0.2,684,504,208,43,0.0826052422558,0.206730769231,0.0853174603175,1.03283348596
1,0.2,685,504,208,36,0.0826052422558,0.173076923077,0.0714285714286,0.864697802198
1,0.2,686,504,208,38,0.0826052422558,0.182692307692,0.0753968253968,0.912736568987
1,0.2,687,504,208,33,0.0826052422558,0.158653846154,0.0654761904762,0.792639652015
1,0.2,688,504,208,40,0.0826052422558,0.192307692308,0.0793650793651,0.960775335775
1,0.2,689,504,208,33,0.0826052422558,0.158653846154,0.0654761904762,0.792639652015
1,0.2,690,504,208,42,0.0826052422558,0.201923076923,0.0833333333333,1.00881410256
1,0.2,691,504,208,42,0.0826052422558,0.201923076923,0.0833333333333,1.00881410256
1,0.2,692,504,208,38,0.0826052422558,0.182692307692,0.0753968253968,0.912736568987
1,0.2,693,504,208,50,0.0826052422558,0.240384615385,0.0992063492063,1.20096916972
1,0.2,694,504,208,46,0.0826052422558,0.221153846154,0.0912698412698,1.10489163614
1,0.2,695,504,208,45,0.0826052422558,0.216346153846,0.0892857142857,1.08087225275
1,0.2,696,504,208,49,0.0826052422558,0.235576923077,0.0972222222222,1.17694978632
1,0.2,697,504,208,48,0.0826052422558,0.230769230769,0.0952380952381,1.15293040293
1,0.2,698,504,208,43,0.0826052422558,0.206730769231,0.0853174603175,1.03283348596
1,0.2,699,504,208,43,0.0826052422558,0.206730769231,0.0853174603175,1.03283348596
1,0.2,700,504,208,37,0.0826052422558,0.177884615385,0.0734126984127,0.888717185592
1,0.2,701,504,208,43,0.0826052422558,0.206730769231,0.0853174603175,1.03283348596
1,0.2,702,504,208,42,0.0826052422558,0.201923076923,0.0833333333333,1.00881410256
1,0.2,703,504,208,40,0.0826052422558,0.192307692308,0.0793650793651,0.960775335775
1,0.2,704,504,208,40,0.0826052422558,0.192307692308,0.0793650793651,0.960775335775
1,0.2,705,504,208,46,0.0826052422558,0.221153846154,0.0912698412698,1.10489163614
1,0.2,706,504,208,44,0.0826052422558,0.211538461538,0.0873015873016,1.05685286935
1,0.2,707,504,208,39,0.0826052422558,0.1875,0.077380952381,0.936755952381
1,0.2,708,504,208,34,0.0826052422558,0.163461538462,0.0674603174603,0.816659035409
1,0.2,709,504,208,46,0.0826052422558,0.221153846154,0.0912698412698,1.10489163614
1,0.2,710,504,208,53,0.0826052422558,0.254807692308,0.105158730159,1.2730273199
1,0.2,711,504,208,37,0.0826052422558,0.177884615385,0.0734126984127,0.888717185592
1,0.2,712,504,208,43,0.0826052422558,0.206730769231,0.0853174603175,1.03283348596
1,0.2,713,504,208,53,0.0826052422558,0.254807692308,0.105158730159,1.2730273199
1,0.2,714,504,208,41,0.0826052422558,0.197115384615,0.0813492063492,0.98479471917
1,0.2,715,504,208,40,0.0826052422558,0.192307692308,0.0793650793651,0.960775335775
1,0.2,716,504,208,39,0.0826052422558,0.1875,0.077380952381,0.936755952381
1,0.2,717,504,208,41,0.0826052422558,0.197115384615,0.0813492063492,0.98479471917
1,0.2,718,504,208,52,0.0826052422558,0.25,0.103174603175,1.24900793651
1,0.2,719,504,208,45,0.0826052422558,0.216346153846,0.0892857142857,1.08087225275
1,0.2,720,504,208,38,0.0826052422558,0.182692307692,0.0753968253968,0.912736568987
1,0.2,721,504,208,40,0.0826052422558,0.192307692308,0.0793650793651,0.960775335775
1,0.2,722,504,208,47,0.0826052422558,0.225961538462,0.093253968254,1.12891101954
1,0.2,723,504,208,40,0.0826052422558,0.192307692308,0.0793650793651,0.960775335775
1,0.2,724,504,208,35,0.0826052422558,0.168269230769,0.0694444444444,0.840678418803
1,0.2,725,504,208,37,0.0826052422558,0.177884615385,0.0734126984127,0.888717185592
1,0.2,726,504,208,43,0.0826052422558,0.206730769231,0.0853174603175,1.03283348596
1,0.2,727,504,208,40,0.0826052422558,0.192307692308,0.0793650793651,0.960775335775
1,0.2,728,504,208,43,0.0826052422558,0.206730769231,0.0853174603175,1.03283348596
1,0.2,729,504,208,36,0.0826052422558,0.173076923077,0.0714285714286,0.864697802198
1,0.2,730,504,208,49,0.0826052422558,0.235576923077,0.0972222222222,1.17694978632
1,0.2,731,504,208,43,0.0826052422558,0.206730769231,0.0853174603175,1.03283348596
1,0.2,732,504,208,42,0.0826052422558,0.201923076923,0.0833333333333,1.00881410256
1,0.2,733,504,208,47,0.0826052422558,0.225961538462,0.093253968254,1.12891101954
1,0.2,734,504,208,46,0.0826052422558,0.221153846154,0.0912698412698,1.10489163614
1,0.2,735,504,208,37,0.0826052422558,0.177884615385,0.0734126984127,0.888717185592
1,0.2,736,504,208,37,0.0826052422558,0.177884615385,0.0734126984127,0.888717185592
1,0.2,737,504,208,31,0.0826052422558,0.149038461538,0.0615079365079,0.744600885226
1,0.2,738,504,208,40,0.0826052422558,0.192307692308,0.0793650793651,0.960775335775
1,0.2,739,504,208,37,0.0826052422558,0.177884615385,0.0734126984127,0.888717185592
1,0.2,740,504,208,46,0.0826052422558,0.221153846154,0.0912698412698,1.10489163614
1,0.2,741,504,208,46,0.0826052422558,0.221153846154,0.0912698412698,1.10489163614
1,0.2,742,504,208,42,0.0826052422558,0.201923076923,0.0833333333333,1.00881410256
1,0.2,743,504,208,48,0.0826052422558,0.230769230769,0.0952380952381,1.15293040293
1,0.2,744,504,208,39,0.0826052422558,0.1875,0.077380952381,0.936755952381
1,0.2,745,504,208,39,0.0826052422558,0.1875,0.077380952381,0.936755952381
1,0.2,746,504,208,41,0.0826052422558,0.197115384615,0.0813492063492,0.98479471917
1,0.2,747,504,208,36,0.0826052422558,0.173076923077,0.0714285714286,0.864697802198
1,0.2,748,504,208,38,0.0826052422558,0.182692307692,0.0753968253968,0.912736568987
1,0.2,749,504,208,49,0.0826052422558,0.235576923077,0.0972222222222,1.17694978632
1,0.2,750,504,208,38,0.0826052422558,0.182692307692,0.0753968253968,0.912736568987
1,0.2,751,504,208,36,0.0826052422558,0.173076923077,0.0714285714286,0.864697802198
1,0.2,752,504,208,35,0.0826052422558,0.168269230769,0.0694444444444,0.840678418803
1,0.2,753,504,208,47,0.0826052422558,0.225961538462,0.093253968254,1.12891101954
1,0.2,754,504,208,46,0.0826052422558,0.221153846154,0.0912698412698,1.10489163614
1,0.2,755,504,208,37,0.0826052422558,0.177884615385,0.0734126984127,0.888717185592
1,0.2,756,504,208,42,0.0826052422558,0.201923076923,0.0833333333333,1.00881410256
1,0.2,757,504,208,36,0.0826052422558,0.173076923077,0.0714285714286,0.864697802198
1,0.2,758,504,208,43,0.0826052422558,0.206730769231,0.0853174603175,1.03283348596
1,0.2,759,504,208,42,0.0826052422558,0.201923076923,0.0833333333333,1.00881410256
1,0.2,760,504,208,41,0.0826052422558,0.197115384615,0.0813492063492,0.98479471917
1,0.2,761,504,208,37,0.0826052422558,0.177884615385,0.0734126984127,0.888717185592
1,0.2,762,504,208,53,0.0826052422558,0.254807692308,0.105158730159,1.2730273199
1,0.2,763,504,208,50,0.0826052422558,0.240384615385,0.0992063492063,1.20096916972
1,0.2,764,504,208,46,0.0826052422558,0.221153846154,0.0912698412698,1.10489163614
1,0.2,765,504,208,49,0.0826052422558,0.235576923077,0.0972222222222,1.17694978632
1,0.2,766,504,208,45,0.0826052422558,0.216346153846,0.0892857142857,1.08087225275
1,0.2,767,504,208,40,0.0826052422558,0.192307692308,0.0793650793651,0.960775335775
1,0.2,768,504,208,52,0.0826052422558,0.25,0.103174603175,1.24900793651
1,0.2,769,504,208,42,0.0826052422558,0.201923076923,0.0833333333333,1.00881410256
1,0.2,770,504,208,43,0.0826052422558,0.206730769231,0.0853174603175,1.03283348596
1,0.2,771,504,208,43,0.0826052422558,0.206730769231,0.0853174603175,1.03283348596
1,0.2,772,504,208,39,0.0826052422558,0.1875,0.077380952381,0.936755952381
1,0.2,773,504,208,42,0.0826052422558,0.201923076923,0.0833333333333,1.00881410256
1,0.2,774,504,208,43,0.0826052422558,0.206730769231,0.0853174603175,1.03283348596
1,0.2,775,504,208,41,0.0826052422558,0.197115384615,0.0813492063492,0.98479471917
1,0.2,776,504,208,42,0.0826052422558,0.201923076923,0.0833333333333,1.00881410256
1,0.2,777,504,208,41,0.0826052422558,0.197115384615,0.0813492063492,0.98479471917
1,0.2,778,504,208,40,0.0826052422558,0.192307692308,0.0793650793651,0.960775335775
1,0.2,779,504,208,41,0.0826052422558,0.197115384615,0.0813492063492,0.98479471917
1,0.2,780,504,208,35,0.0826052422558,0.168269230769,0.0694444444444,0.840678418803
1,0.2,781,504,208,44,0.0826052422558,0.211538461538,0.0873015873016,1.05685286935
1,0.2,782,504,208,44,0.0826052422558,0.211538461538,0.0873015873016,1.05685286935
1,0.2,783,504,208,32,0.0826052422558,0.153846153846,0.0634920634921,0.76862026862
1,0.2,784,504,208,40,0.0826052422558,0.192307692308,0.0793650793651,0.960775335775
1,0.2,785,504,208,50,0.0826052422558,0.240384615385,0.0992063492063,1.20096916972
1,0.2,786,504,208,35,0.0826052422558,0.168269230769,0.0694444444444,0.840678418803
1,0.2,787,504,208,43,0.0826052422558,0.206730769231,0.0853174603175,1.03283348596
1,0.2,788,504,208,43,0.0826052422558,0.206730769231,0.0853174603175,1.03283348596
1,0.2,789,504,208,42,0.0826052422558,0.201923076923,0.0833333333333,1.00881410256
1,0.2,790,504,208,44,0.0826052422558,0.211538461538,0.0873015873016,1.05685286935
1,0.2,791,504,208,36,0.0826052422558,0.173076923077,0.0714285714286,0.864697802198
1,0.2,792,504,208,40,0.0826052422558,0.192307692308,0.0793650793651,0.960775335775
1,0.2,793,504,208,42,0.0826052422558,0.201923076923,0.0833333333333,1.00881410256
1,0.2,794,504,208,32,0.0826052422558,0.153846153846,0.0634920634921,0.76862026862
1,0.2,795,504,208,41,0.0826052422558,0.197115384615,0.0813492063492,0.98479471917
1,0.2,796,504,208,44,0.0826052422558,0.211538461538,0.0873015873016,1.05685286935
1,0.2,797,504,208,57,0.0826052422558,0.274038461538,0.113095238095,1.36910485348
1,0.2,798,504,208,38,0.0826052422558,0.182692307692,0.0753968253968,0.912736568987
1,0.2,799,504,208,43,0.0826052422558,0.206730769231,0.0853174603175,1.03283348596
1,0.2,800,504,208,35,0.0826052422558,0.168269230769,0.0694444444444,0.840678418803
1,0.2,801,504,208,45,0.0826052422558,0.216346153846,0.0892857142857,1.08087225275
1,0.2,802,504,208,42,0.0826052422558,0.201923076923,0.0833333333333,1.00881410256
1,0.2,803,504,208,34,0.0826052422558,0.163461538462,0.0674603174603,0.816659035409
1,0.2,804,504,208,41,0.0826052422558,0.197115384615,0.0813492063492,0.98479471917
1,0.2,805,504,208,36,0.0826052422558,0.173076923077,0.0714285714286,0.864697802198
1,0.2,806,504,208,44,0.0826052422558,0.211538461538,0.0873015873016,1.05685286935
1,0.2,807,504,208,48,0.0826052422558,0.230769230769,0.0952380952381,1.15293040293
1,0.2,808,504,208,38,0.0826052422558,0.182692307692,0.0753968253968,0.912736568987
1,0.2,809,504,208,37,0.0826052422558,0.177884615385,0.0734126984127,0.888717185592
1,0.2,810,504,208,38,0.0826052422558,0.182692307692,0.0753968253968,0.912736568987
1,0.2,811,504,208,46,0.0826052422558,0.221153846154,0.0912698412698,1.10489163614
1,0.2,812,504,208,48,0.0826052422558,0.230769230769,0.0952380952381,1.15293040293
1,0.2,813,504,208,42,0.0826052422558,0.201923076923,0.0833333333333,1.00881410256
1,0.2,814,504,208,40,0.0826052422558,0.192307692308,0.0793650793651,0.960775335775
1,0.2,815,504,208,49,0.0826052422558,0.235576923077,0.0972222222222,1.17694978632
1,0.2,816,504,208,47,0.0826052422558,0.225961538462,0.093253968254,1.12891101954
1,0.2,817,504,208,42,0.0826052422558,0.201923076923,0.0833333333333,1.00881410256
1,0.2,818,504,208,39,0.0826052422558,0.1875,0.077380952381,0.936755952381
1,0.2,819,504,208,35,0.0826052422558,0.168269230769,0.0694444444444,0.840678418803
1,0.2,820,504,208,43,0.0826052422558,0.206730769231,0.0853174603175,1.03283348596
1,0.2,821,504,208,41,0.0826052422558,0.197115384615,0.0813492063492,0.98479471917
1,0.2,822,504,208,35,0.0826052422558,0.168269230769,0.0694444444444,0.840678418803
1,0.2,823,504,208,54,0.0826052422558,0.259615384615,0.107142857143,1.2970467033
1,0.2,824,504,208,43,0.0826052422558,0.206730769231,0.0853174603175,1.03283348596
1,0.2,825,504,208,38,0.0826052422558,0.182692307692,0.0753968253968,0.912736568987
1,0.2,826,504,208,37,0.0826052422558,0.177884615385,0.0734126984127,0.888717185592
1,0.2,827,504,208,37,0.0826052422558,0.177884615385,0.0734126984127,0.888717185592
1,0.2,828,504,208,39,0.0826052422558,0.1875,0.077380952381,0.936755952381
1,0.2,829,504,208,42,0.0826052422558,0.201923076923,0.0833333333333,1.00881410256
1,0.2,830,504,208,46,0.0826052422558,0.221153846154,0.0912698412698,1.10489163614
1,0.2,831,504,208,43,0.0826052422558,0.206730769231,0.0853174603175,1.03283348596
1,0.2,832,504,208,40,0.0826052422558,0.192307692308,0.0793650793651,0.960775335775
1,0.2,833,504,208,35,0.0826052422558,0.168269230769,0.0694444444444,0.840678418803
1,0.2,834,504,208,46,0.0826052422558,0.221153846154,0.0912698412698,1.10489163614
1,0.2,835,504,208,34,0.0826052422558,0.163461538462,0.0674603174603,0.816659035409
1,0.2,836,504,208,44,0.0826052422558,0.211538461538,0.0873015873016,1.05685286935
1,0.2,837,504,208,42,0.0826052422558,0.201923076923,0.0833333333333,1.00881410256
1,0.2,838,504,208,53,0.0826052422558,0.254807692308,0.105158730159,1.2730273199
1,0.2,839,504,208,35,0.0826052422558,0.168269230769,0.0694444444444,0.840678418803
1,0.2,840,504,208,57,0.0826052422558,0.274038461538,0.113095238095,1.36910485348
1,0.2,841,504,208,38,0.0826052422558,0.182692307692,0.0753968253968,0.912736568987
1,0.2,842,504,208,44,0.0826052422558,0.211538461538,0.0873015873016,1.05685286935
1,0.2,843,504,208,38,0.0826052422558,0.182692307692,0.0753968253968,0.912736568987
1,0.2,844,504,208,37,0.0826052422558,0.177884615385,0.0734126984127,0.888717185592
1,0.2,845,504,208,41,0.0826052422558,0.197115384615,0.0813492063492,0.98479471917
1,0.2,846,504,208,43,0.0826052422558,0.206730769231,0.0853174603175,1.03283348596
1,0.2,847,504,208,44,0.0826052422558,0.211538461538,0.0873015873016,1.05685286935
1,0.2,848,504,208,43,0.0826052422558,0.206730769231,0.0853174603175,1.03283348596
1,0.2,849,504,208,41,0.0826052422558,0.197115384615,0.0813492063492,0.98479471917
1,0.2,850,504,208,49,0.0826052422558,0.235576923077,0.0972222222222,1.17694978632
1,0.2,851,504,208,41,0.0826052422558,0.197115384615,0.0813492063492,0.98479471917
1,0.2,852,504,208,38,0.0826052422558,0.182692307692,0.0753968253968,0.912736568987
1,0.2,853,504,208,42,0.0826052422558,0.201923076923,0.0833333333333,1.00881410256
1,0.2,854,504,208,34,0.0826052422558,0.163461538462,0.0674603174603,0.816659035409
1,0.2,855,504,208,42,0.0826052422558,0.201923076923,0.0833333333333,1.00881410256
1,0.2,856,504,208,38,0.0826052422558,0.182692307692,0.0753968253968,0.912736568987
1,0.2,857,504,208,36,0.0826052422558,0.173076923077,0.0714285714286,0.864697802198
1,0.2,858,504,208,35,0.0826052422558,0.168269230769,0.0694444444444,0.840678418803
1,0.2,859,504,208,46,0.0826052422558,0.221153846154,0.0912698412698,1.10489163614
1,0.2,860,504,208,55,0.0826052422558,0.264423076923,0.109126984127,1.32106608669
1,0.2,861,504,208,36,0.0826052422558,0.173076923077,0.0714285714286,0.864697802198
1,0.2,862,504,208,41,0.0826052422558,0.197115384615,0.0813492063492,0.98479471917
1,0.2,863,504,208,44,0.0826052422558,0.211538461538,0.0873015873016,1.05685286935
1,0.2,864,504,208,42,0.0826052422558,0.201923076923,0.0833333333333,1.00881410256
1,0.2,865,504,208,40,0.0826052422558,0.192307692308,0.0793650793651,0.960775335775
1,0.2,866,504,208,33,0.0826052422558,0.158653846154,0.0654761904762,0.792639652015
1,0.2,867,504,208,47,0.0826052422558,0.225961538462,0.093253968254,1.12891101954
1,0.2,868,504,208,33,0.0826052422558,0.158653846154,0.0654761904762,0.792639652015
1,0.2,869,504,208,40,0.0826052422558,0.192307692308,0.0793650793651,0.960775335775
1,0.2,870,504,208,43,0.0826052422558,0.206730769231,0.0853174603175,1.03283348596
1,0.2,871,504,208,39,0.0826052422558,0.1875,0.077380952381,0.936755952381
1,0.2,872,504,208,42,0.0826052422558,0.201923076923,0.0833333333333,1.00881410256
1,0.2,873,504,208,46,0.0826052422558,0.221153846154,0.0912698412698,1.10489163614
1,0.2,874,504,208,50,0.0826052422558,0.240384615385,0.0992063492063,1.20096916972
1,0.2,875,504,208,41,0.0826052422558,0.197115384615,0.0813492063492,0.98479471917
1,0.2,876,504,208,41,0.0826052422558,0.197115384615,0.0813492063492,0.98479471917
1,0.2,877,504,208,43,0.0826052422558,0.206730769231,0.0853174603175,1.03283348596
1,0.2,878,504,208,50,0.0826052422558,0.240384615385,0.0992063492063,1.20096916972
1,0.2,879,504,208,43,0.0826052422558,0.206730769231,0.0853174603175,1.03283348596
1,0.2,880,504,208,36,0.0826052422558,0.173076923077,0.0714285714286,0.864697802198
1,0.2,881,504,208,43,0.0826052422558,0.206730769231,0.0853174603175,1.03283348596
1,0.2,882,504,208,39,0.0826052422558,0.1875,0.077380952381,0.936755952381
1,0.2,883,504,208,37,0.0826052422558,0.177884615385,0.0734126984127,0.888717185592
1,0.2,884,504,208,35,0.0826052422558,0.168269230769,0.0694444444444,0.840678418803
1,0.2,885,504,208,36,0.0826052422558,0.173076923077,0.0714285714286,0.864697802198
1,0.2,886,504,208,41,0.0826052422558,0.197115384615,0.0813492063492,0.98479471917
1,0.2,887,504,208,42,0.0826052422558,0.201923076923,0.0833333333333,1.00881410256
1,0.2,888,504,208,47,0.0826052422558,0.225961538462,0.093253968254,1.12891101954
1,0.2,889,504,208,41,0.0826052422558,0.197115384615,0.0813492063492,0.98479471917
1,0.2,890,504,208,40,0.0826052422558,0.192307692308,0.0793650793651,0.960775335775
1,0.2,891,504,208,42,0.0826052422558,0.201923076923,0.0833333333333,1.00881410256
1,0.2,892,504,208,38,0.0826052422558,0.182692307692,0.0753968253968,0.912736568987
1,0.2,893,504,208,42,0.0826052422558,0.201923076923,0.0833333333333,1.00881410256
1,0.2,894,504,208,45,0.0826052422558,0.216346153846,0.0892857142857,1.08087225275
1,0.2,895,504,208,35,0.0826052422558,0.168269230769,0.0694444444444,0.840678418803
1,0.2,896,504,208,38,0.0826052422558,0.182692307692,0.0753968253968,0.912736568987
1,0.2,897,504,208,40,0.0826052422558,0.192307692308,0.0793650793651,0.960775335775
1,0.2,898,504,208,38,0.0826052422558,0.182692307692,0.0753968253968,0.912736568987
1,0.2,899,504,208,48,0.0826052422558,0.230769230769,0.0952380952381,1.15293040293
1,0.2,900,504,208,44,0.0826052422558,0.211538461538,0.0873015873016,1.05685286935
1,0.2,901,504,208,46,0.0826052422558,0.221153846154,0.0912698412698,1.10489163614
1,0.2,902,504,208,43,0.0826052422558,0.206730769231,0.0853174603175,1.03283348596
1,0.2,903,504,208,42,0.0826052422558,0.201923076923,0.0833333333333,1.00881410256
1,0.2,904,504,208,44,0.0826052422558,0.211538461538,0.0873015873016,1.05685286935
1,0.2,905,504,208,37,0.0826052422558,0.177884615385,0.0734126984127,0.888717185592
1,0.2,906,504,208,44,0.0826052422558,0.211538461538,0.0873015873016,1.05685286935
1,0.2,907,504,208,40,0.0826052422558,0.192307692308,0.0793650793651,0.960775335775
1,0.2,908,504,208,43,0.0826052422558,0.206730769231,0.0853174603175,1.03283348596
1,0.2,909,504,208,50,0.0826052422558,0.240384615385,0.0992063492063,1.20096916972
1,0.2,910,504,208,49,0.0826052422558,0.235576923077,0.0972222222222,1.17694978632
1,0.2,911,504,208,41,0.0826052422558,0.197115384615,0.0813492063492,0.98479471917
1,0.2,912,504,208,43,0.0826052422558,0.206730769231,0.0853174603175,1.03283348596
1,0.2,913,504,208,40,0.0826052422558,0.192307692308,0.0793650793651,0.960775335775
1,0.2,914,504,208,43,0.0826052422558,0.206730769231,0.0853174603175,1.03283348596
1,0.2,915,504,208,43,0.0826052422558,0.206730769231,0.0853174603175,1.03283348596
1,0.2,916,504,208,49,0.0826052422558,0.235576923077,0.0972222222222,1.17694978632
1,0.2,917,504,208,38,0.0826052422558,0.182692307692,0.0753968253968,0.912736568987
1,0.2,918,504,208,41,0.0826052422558,0.197115384615,0.0813492063492,0.98479471917
1,0.2,919,504,208,38,0.0826052422558,0.182692307692,0.0753968253968,0.912736568987
1,0.2,920,504,208,51,0.0826052422558,0.245192307692,0.10119047619,1.22498855311
1,0.2,921,504,208,35,0.0826052422558,0.168269230769,0.0694444444444,0.840678418803
1,0.2,922,504,208,37,0.0826052422558,0.177884615385,0.0734126984127,0.888717185592
1,0.2,923,504,208,46,0.0826052422558,0.221153846154,0.0912698412698,1.10489163614
1,0.2,924,504,208,42,0.0826052422558,0.201923076923,0.0833333333333,1.00881410256
1,0.2,925,504,208,43,0.0826052422558,0.206730769231,0.0853174603175,1.03283348596
1,0.2,926,504,208,36,0.0826052422558,0.173076923077,0.0714285714286,0.864697802198
1,0.2,927,504,208,48,0.0826052422558,0.230769230769,0.0952380952381,1.15293040293
1,0.2,928,504,208,45,0.0826052422558,0.216346153846,0.0892857142857,1.08087225275
1,0.2,929,504,208,46,0.0826052422558,0.221153846154,0.0912698412698,1.10489163614
1,0.2,930,504,208,40,0.0826052422558,0.192307692308,0.0793650793651,0.960775335775
1,0.2,931,504,208,41,0.0826052422558,0.197115384615,0.0813492063492,0.98479471917
1,0.2,932,504,208,40,0.0826052422558,0.192307692308,0.0793650793651,0.960775335775
1,0.2,933,504,208,43,0.0826052422558,0.206730769231,0.0853174603175,1.03283348596
1,0.2,934,504,208,35,0.0826052422558,0.168269230769,0.0694444444444,0.840678418803
1,0.2,935,504,208,51,0.0826052422558,0.245192307692,0.10119047619,1.22498855311
1,0.2,936,504,208,47,0.0826052422558,0.225961538462,0.093253968254,1.12891101954
1,0.2,937,504,208,42,0.0826052422558,0.201923076923,0.0833333333333,1.00881410256
1,0.2,938,504,208,42,0.0826052422558,0.201923076923,0.0833333333333,1.00881410256
1,0.2,939,504,208,36,0.0826052422558,0.173076923077,0.0714285714286,0.864697802198
1,0.2,940,504,208,41,0.0826052422558,0.197115384615,0.0813492063492,0.98479471917
1,0.2,941,504,208,40,0.0826052422558,0.192307692308,0.0793650793651,0.960775335775
1,0.2,942,504,208,37,0.0826052422558,0.177884615385,0.0734126984127,0.888717185592
1,0.2,943,504,208,46,0.0826052422558,0.221153846154,0.0912698412698,1.10489163614
1,0.2,944,504,208,43,0.0826052422558,0.206730769231,0.0853174603175,1.03283348596
1,0.2,945,504,208,36,0.0826052422558,0.173076923077,0.0714285714286,0.864697802198
1,0.2,946,504,208,35,0.0826052422558,0.168269230769,0.0694444444444,0.840678418803
1,0.2,947,504,208,26,0.0826052422558,0.125,0.0515873015873,0.624503968254
1,0.2,948,504,208,47,0.0826052422558,0.225961538462,0.093253968254,1.12891101954
1,0.2,949,504,208,38,0.0826052422558,0.182692307692,0.0753968253968,0.912736568987
1,0.2,950,504,208,49,0.0826052422558,0.235576923077,0.0972222222222,1.17694978632
1,0.2,951,504,208,42,0.0826052422558,0.201923076923,0.0833333333333,1.00881410256
1,0.2,952,504,208,33,0.0826052422558,0.158653846154,0.0654761904762,0.792639652015
1,0.2,953,504,208,43,0.0826052422558,0.206730769231,0.0853174603175,1.03283348596
1,0.2,954,504,208,39,0.0826052422558,0.1875,0.077380952381,0.936755952381
1,0.2,955,504,208,37,0.0826052422558,0.177884615385,0.0734126984127,0.888717185592
1,0.2,956,504,208,35,0.0826052422558,0.168269230769,0.0694444444444,0.840678418803
1,0.2,957,504,208,42,0.0826052422558,0.201923076923,0.0833333333333,1.00881410256
1,0.2,958,504,208,40,0.0826052422558,0.192307692308,0.0793650793651,0.960775335775
1,0.2,959,504,208,32,0.0826052422558,0.153846153846,0.0634920634921,0.76862026862
1,0.2,960,504,208,47,0.0826052422558,0.225961538462,0.093253968254,1.12891101954
1,0.2,961,504,208,59,0.0826052422558,0.283653846154,0.117063492063,1.41714362027
1,0.2,962,504,208,47,0.0826052422558,0.225961538462,0.093253968254,1.12891101954
1,0.2,963,504,208,45,0.0826052422558,0.216346153846,0.0892857142857,1.08087225275
1,0.2,964,504,208,35,0.0826052422558,0.168269230769,0.0694444444444,0.840678418803
1,0.2,965,504,208,46,0.0826052422558,0.221153846154,0.0912698412698,1.10489163614
1,0.2,966,504,208,39,0.0826052422558,0.1875,0.077380952381,0.936755952381
1,0.2,967,504,208,43,0.0826052422558,0.206730769231,0.0853174603175,1.03283348596
1,0.2,968,504,208,44,0.0826052422558,0.211538461538,0.0873015873016,1.05685286935
1,0.2,969,504,208,42,0.0826052422558,0.201923076923,0.0833333333333,1.00881410256
1,0.2,970,504,208,36,0.0826052422558,0.173076923077,0.0714285714286,0.864697802198
1,0.2,971,504,208,46,0.0826052422558,0.221153846154,0.0912698412698,1.10489163614
1,0.2,972,504,208,35,0.0826052422558,0.168269230769,0.0694444444444,0.840678418803
1,0.2,973,504,208,41,0.0826052422558,0.197115384615,0.0813492063492,0.98479471917
1,0.2,974,504,208,36,0.0826052422558,0.173076923077,0.0714285714286,0.864697802198
1,0.2,975,504,208,34,0.0826052422558,0.163461538462,0.0674603174603,0.816659035409
1,0.2,976,504,208,40,0.0826052422558,0.192307692308,0.0793650793651,0.960775335775
1,0.2,977,504,208,41,0.0826052422558,0.197115384615,0.0813492063492,0.98479471917
1,0.2,978,504,208,40,0.0826052422558,0.192307692308,0.0793650793651,0.960775335775
1,0.2,979,504,208,46,0.0826052422558,0.221153846154,0.0912698412698,1.10489163614
1,0.2,980,504,208,47,0.0826052422558,0.225961538462,0.093253968254,1.12891101954
1,0.2,981,504,208,47,0.0826052422558,0.225961538462,0.093253968254,1.12891101954
1,0.2,982,504,208,31,0.0826052422558,0.149038461538,0.0615079365079,0.744600885226
1,0.2,983,504,208,39,0.0826052422558,0.1875,0.077380952381,0.936755952381
1,0.2,984,504,208,34,0.0826052422558,0.163461538462,0.0674603174603,0.816659035409
1,0.2,985,504,208,49,0.0826052422558,0.235576923077,0.0972222222222,1.17694978632
1,0.2,986,504,208,35,0.0826052422558,0.168269230769,0.0694444444444,0.840678418803
1,0.2,987,504,208,44,0.0826052422558,0.211538461538,0.0873015873016,1.05685286935
1,0.2,988,504,208,47,0.0826052422558,0.225961538462,0.093253968254,1.12891101954
1,0.2,989,504,208,33,0.0826052422558,0.158653846154,0.0654761904762,0.792639652015
1,0.2,990,504,208,39,0.0826052422558,0.1875,0.077380952381,0.936755952381
1,0.2,991,504,208,46,0.0826052422558,0.221153846154,0.0912698412698,1.10489163614
1,0.2,992,504,208,31,0.0826052422558,0.149038461538,0.0615079365079,0.744600885226
1,0.2,993,504,208,49,0.0826052422558,0.235576923077,0.0972222222222,1.17694978632
1,0.2,994,504,208,41,0.0826052422558,0.197115384615,0.0813492063492,0.98479471917
1,0.2,995,504,208,36,0.0826052422558,0.173076923077,0.0714285714286,0.864697802198
1,0.2,996,504,208,37,0.0826052422558,0.177884615385,0.0734126984127,0.888717185592
1,0.2,997,504,208,51,0.0826052422558,0.245192307692,0.10119047619,1.22498855311
1,0.2,998,504,208,35,0.0826052422558,0.168269230769,0.0694444444444,0.840678418803
1,0.2,999,504,208,44,0.0826052422558,0.211538461538,0.0873015873016,1.05685286935
1,0.2,1000,504,208,40,0.0826052422558,0.192307692308,0.0793650793651,0.960775335775
1,0.3,1,756,208,69,0.0826052422558,0.331730769231,0.0912698412698,1.10489163614
1,0.3,2,756,208,60,0.0826052422558,0.288461538462,0.0793650793651,0.960775335775
1,0.3,3,756,208,62,0.0826052422558,0.298076923077,0.0820105820106,0.992801180301
1,0.3,4,756,208,58,0.0826052422558,0.278846153846,0.0767195767196,0.928749491249
1,0.3,5,756,208,74,0.0826052422558,0.355769230769,0.0978835978836,1.18495624746
1,0.3,6,756,208,64,0.0826052422558,0.307692307692,0.0846560846561,1.02482702483
1,0.3,7,756,208,62,0.0826052422558,0.298076923077,0.0820105820106,0.992801180301
1,0.3,8,756,208,59,0.0826052422558,0.283653846154,0.0780423280423,0.944762413512
1,0.3,9,756,208,59,0.0826052422558,0.283653846154,0.0780423280423,0.944762413512
1,0.3,10,756,208,78,0.0826052422558,0.375,0.103174603175,1.24900793651
1,0.3,11,756,208,64,0.0826052422558,0.307692307692,0.0846560846561,1.02482702483
1,0.3,12,756,208,70,0.0826052422558,0.336538461538,0.0925925925926,1.1209045584
1,0.3,13,756,208,54,0.0826052422558,0.259615384615,0.0714285714286,0.864697802198
1,0.3,14,756,208,72,0.0826052422558,0.346153846154,0.0952380952381,1.15293040293
1,0.3,15,756,208,61,0.0826052422558,0.293269230769,0.0806878306878,0.976788258038
1,0.3,16,756,208,62,0.0826052422558,0.298076923077,0.0820105820106,0.992801180301
1,0.3,17,756,208,59,0.0826052422558,0.283653846154,0.0780423280423,0.944762413512
1,0.3,18,756,208,66,0.0826052422558,0.317307692308,0.0873015873016,1.05685286935
1,0.3,19,756,208,48,0.0826052422558,0.230769230769,0.0634920634921,0.76862026862
1,0.3,20,756,208,58,0.0826052422558,0.278846153846,0.0767195767196,0.928749491249
1,0.3,21,756,208,70,0.0826052422558,0.336538461538,0.0925925925926,1.1209045584
1,0.3,22,756,208,54,0.0826052422558,0.259615384615,0.0714285714286,0.864697802198
1,0.3,23,756,208,63,0.0826052422558,0.302884615385,0.0833333333333,1.00881410256
1,0.3,24,756,208,53,0.0826052422558,0.254807692308,0.0701058201058,0.848684879935
1,0.3,25,756,208,64,0.0826052422558,0.307692307692,0.0846560846561,1.02482702483
1,0.3,26,756,208,58,0.0826052422558,0.278846153846,0.0767195767196,0.928749491249
1,0.3,27,756,208,59,0.0826052422558,0.283653846154,0.0780423280423,0.944762413512
1,0.3,28,756,208,59,0.0826052422558,0.283653846154,0.0780423280423,0.944762413512
1,0.3,29,756,208,67,0.0826052422558,0.322115384615,0.0886243386243,1.07286579162
1,0.3,30,756,208,57,0.0826052422558,0.274038461538,0.0753968253968,0.912736568987
1,0.3,31,756,208,65,0.0826052422558,0.3125,0.0859788359788,1.04083994709
1,0.3,32,756,208,76,0.0826052422558,0.365384615385,0.100529100529,1.21698209198
1,0.3,33,756,208,57,0.0826052422558,0.274038461538,0.0753968253968,0.912736568987
1,0.3,34,756,208,59,0.0826052422558,0.283653846154,0.0780423280423,0.944762413512
1,0.3,35,756,208,55,0.0826052422558,0.264423076923,0.0727513227513,0.880710724461
1,0.3,36,756,208,63,0.0826052422558,0.302884615385,0.0833333333333,1.00881410256
1,0.3,37,756,208,62,0.0826052422558,0.298076923077,0.0820105820106,0.992801180301
1,0.3,38,756,208,64,0.0826052422558,0.307692307692,0.0846560846561,1.02482702483
1,0.3,39,756,208,71,0.0826052422558,0.341346153846,0.0939153439153,1.13691748067
1,0.3,40,756,208,64,0.0826052422558,0.307692307692,0.0846560846561,1.02482702483
1,0.3,41,756,208,61,0.0826052422558,0.293269230769,0.0806878306878,0.976788258038
1,0.3,42,756,208,60,0.0826052422558,0.288461538462,0.0793650793651,0.960775335775
1,0.3,43,756,208,68,0.0826052422558,0.326923076923,0.0899470899471,1.08887871388
1,0.3,44,756,208,64,0.0826052422558,0.307692307692,0.0846560846561,1.02482702483
1,0.3,45,756,208,63,0.0826052422558,0.302884615385,0.0833333333333,1.00881410256
1,0.3,46,756,208,69,0.0826052422558,0.331730769231,0.0912698412698,1.10489163614
1,0.3,47,756,208,58,0.0826052422558,0.278846153846,0.0767195767196,0.928749491249
1,0.3,48,756,208,56,0.0826052422558,0.269230769231,0.0740740740741,0.896723646724
1,0.3,49,756,208,59,0.0826052422558,0.283653846154,0.0780423280423,0.944762413512
1,0.3,50,756,208,55,0.0826052422558,0.264423076923,0.0727513227513,0.880710724461
1,0.3,51,756,208,56,0.0826052422558,0.269230769231,0.0740740740741,0.896723646724
1,0.3,52,756,208,74,0.0826052422558,0.355769230769,0.0978835978836,1.18495624746
1,0.3,53,756,208,74,0.0826052422558,0.355769230769,0.0978835978836,1.18495624746
1,0.3,54,756,208,54,0.0826052422558,0.259615384615,0.0714285714286,0.864697802198
1,0.3,55,756,208,65,0.0826052422558,0.3125,0.0859788359788,1.04083994709
1,0.3,56,756,208,59,0.0826052422558,0.283653846154,0.0780423280423,0.944762413512
1,0.3,57,756,208,65,0.0826052422558,0.3125,0.0859788359788,1.04083994709
1,0.3,58,756,208,55,0.0826052422558,0.264423076923,0.0727513227513,0.880710724461
1,0.3,59,756,208,54,0.0826052422558,0.259615384615,0.0714285714286,0.864697802198
1,0.3,60,756,208,61,0.0826052422558,0.293269230769,0.0806878306878,0.976788258038
1,0.3,61,756,208,66,0.0826052422558,0.317307692308,0.0873015873016,1.05685286935
1,0.3,62,756,208,61,0.0826052422558,0.293269230769,0.0806878306878,0.976788258038
1,0.3,63,756,208,61,0.0826052422558,0.293269230769,0.0806878306878,0.976788258038
1,0.3,64,756,208,67,0.0826052422558,0.322115384615,0.0886243386243,1.07286579162
1,0.3,65,756,208,62,0.0826052422558,0.298076923077,0.0820105820106,0.992801180301
1,0.3,66,756,208,69,0.0826052422558,0.331730769231,0.0912698412698,1.10489163614
1,0.3,67,756,208,67,0.0826052422558,0.322115384615,0.0886243386243,1.07286579162
1,0.3,68,756,208,69,0.0826052422558,0.331730769231,0.0912698412698,1.10489163614
1,0.3,69,756,208,64,0.0826052422558,0.307692307692,0.0846560846561,1.02482702483
1,0.3,70,756,208,57,0.0826052422558,0.274038461538,0.0753968253968,0.912736568987
1,0.3,71,756,208,66,0.0826052422558,0.317307692308,0.0873015873016,1.05685286935
1,0.3,72,756,208,51,0.0826052422558,0.245192307692,0.0674603174603,0.816659035409
1,0.3,73,756,208,70,0.0826052422558,0.336538461538,0.0925925925926,1.1209045584
1,0.3,74,756,208,66,0.0826052422558,0.317307692308,0.0873015873016,1.05685286935
1,0.3,75,756,208,68,0.0826052422558,0.326923076923,0.0899470899471,1.08887871388
1,0.3,76,756,208,57,0.0826052422558,0.274038461538,0.0753968253968,0.912736568987
1,0.3,77,756,208,59,0.0826052422558,0.283653846154,0.0780423280423,0.944762413512
1,0.3,78,756,208,57,0.0826052422558,0.274038461538,0.0753968253968,0.912736568987
1,0.3,79,756,208,53,0.0826052422558,0.254807692308,0.0701058201058,0.848684879935
1,0.3,80,756,208,61,0.0826052422558,0.293269230769,0.0806878306878,0.976788258038
1,0.3,81,756,208,54,0.0826052422558,0.259615384615,0.0714285714286,0.864697802198
1,0.3,82,756,208,53,0.0826052422558,0.254807692308,0.0701058201058,0.848684879935
1,0.3,83,756,208,59,0.0826052422558,0.283653846154,0.0780423280423,0.944762413512
1,0.3,84,756,208,66,0.0826052422558,0.317307692308,0.0873015873016,1.05685286935
1,0.3,85,756,208,61,0.0826052422558,0.293269230769,0.0806878306878,0.976788258038
1,0.3,86,756,208,49,0.0826052422558,0.235576923077,0.0648148148148,0.784633190883
1,0.3,87,756,208,49,0.0826052422558,0.235576923077,0.0648148148148,0.784633190883
1,0.3,88,756,208,65,0.0826052422558,0.3125,0.0859788359788,1.04083994709
1,0.3,89,756,208,57,0.0826052422558,0.274038461538,0.0753968253968,0.912736568987
1,0.3,90,756,208,74,0.0826052422558,0.355769230769,0.0978835978836,1.18495624746
1,0.3,91,756,208,69,0.0826052422558,0.331730769231,0.0912698412698,1.10489163614
1,0.3,92,756,208,67,0.0826052422558,0.322115384615,0.0886243386243,1.07286579162
1,0.3,93,756,208,61,0.0826052422558,0.293269230769,0.0806878306878,0.976788258038
1,0.3,94,756,208,62,0.0826052422558,0.298076923077,0.0820105820106,0.992801180301
1,0.3,95,756,208,62,0.0826052422558,0.298076923077,0.0820105820106,0.992801180301
1,0.3,96,756,208,61,0.0826052422558,0.293269230769,0.0806878306878,0.976788258038
1,0.3,97,756,208,62,0.0826052422558,0.298076923077,0.0820105820106,0.992801180301
1,0.3,98,756,208,66,0.0826052422558,0.317307692308,0.0873015873016,1.05685286935
1,0.3,99,756,208,66,0.0826052422558,0.317307692308,0.0873015873016,1.05685286935
1,0.3,100,756,208,56,0.0826052422558,0.269230769231,0.0740740740741,0.896723646724
1,0.3,101,756,208,57,0.0826052422558,0.274038461538,0.0753968253968,0.912736568987
1,0.3,102,756,208,73,0.0826052422558,0.350961538462,0.0965608465608,1.16894332519
1,0.3,103,756,208,59,0.0826052422558,0.283653846154,0.0780423280423,0.944762413512
1,0.3,104,756,208,51,0.0826052422558,0.245192307692,0.0674603174603,0.816659035409
1,0.3,105,756,208,67,0.0826052422558,0.322115384615,0.0886243386243,1.07286579162
1,0.3,106,756,208,52,0.0826052422558,0.25,0.0687830687831,0.832671957672
1,0.3,107,756,208,56,0.0826052422558,0.269230769231,0.0740740740741,0.896723646724
1,0.3,108,756,208,57,0.0826052422558,0.274038461538,0.0753968253968,0.912736568987
1,0.3,109,756,208,66,0.0826052422558,0.317307692308,0.0873015873016,1.05685286935
1,0.3,110,756,208,81,0.0826052422558,0.389423076923,0.107142857143,1.2970467033
1,0.3,111,756,208,67,0.0826052422558,0.322115384615,0.0886243386243,1.07286579162
1,0.3,112,756,208,58,0.0826052422558,0.278846153846,0.0767195767196,0.928749491249
1,0.3,113,756,208,67,0.0826052422558,0.322115384615,0.0886243386243,1.07286579162
1,0.3,114,756,208,68,0.0826052422558,0.326923076923,0.0899470899471,1.08887871388
1,0.3,115,756,208,70,0.0826052422558,0.336538461538,0.0925925925926,1.1209045584
1,0.3,116,756,208,63,0.0826052422558,0.302884615385,0.0833333333333,1.00881410256
1,0.3,117,756,208,68,0.0826052422558,0.326923076923,0.0899470899471,1.08887871388
1,0.3,118,756,208,63,0.0826052422558,0.302884615385,0.0833333333333,1.00881410256
1,0.3,119,756,208,59,0.0826052422558,0.283653846154,0.0780423280423,0.944762413512
1,0.3,120,756,208,57,0.0826052422558,0.274038461538,0.0753968253968,0.912736568987
1,0.3,121,756,208,66,0.0826052422558,0.317307692308,0.0873015873016,1.05685286935
1,0.3,122,756,208,52,0.0826052422558,0.25,0.0687830687831,0.832671957672
1,0.3,123,756,208,66,0.0826052422558,0.317307692308,0.0873015873016,1.05685286935
1,0.3,124,756,208,60,0.0826052422558,0.288461538462,0.0793650793651,0.960775335775
1,0.3,125,756,208,63,0.0826052422558,0.302884615385,0.0833333333333,1.00881410256
1,0.3,126,756,208,60,0.0826052422558,0.288461538462,0.0793650793651,0.960775335775
1,0.3,127,756,208,65,0.0826052422558,0.3125,0.0859788359788,1.04083994709
1,0.3,128,756,208,52,0.0826052422558,0.25,0.0687830687831,0.832671957672
1,0.3,129,756,208,53,0.0826052422558,0.254807692308,0.0701058201058,0.848684879935
1,0.3,130,756,208,65,0.0826052422558,0.3125,0.0859788359788,1.04083994709
1,0.3,131,756,208,58,0.0826052422558,0.278846153846,0.0767195767196,0.928749491249
1,0.3,132,756,208,61,0.0826052422558,0.293269230769,0.0806878306878,0.976788258038
1,0.3,133,756,208,67,0.0826052422558,0.322115384615,0.0886243386243,1.07286579162
1,0.3,134,756,208,67,0.0826052422558,0.322115384615,0.0886243386243,1.07286579162
1,0.3,135,756,208,68,0.0826052422558,0.326923076923,0.0899470899471,1.08887871388
1,0.3,136,756,208,52,0.0826052422558,0.25,0.0687830687831,0.832671957672
1,0.3,137,756,208,66,0.0826052422558,0.317307692308,0.0873015873016,1.05685286935
1,0.3,138,756,208,73,0.0826052422558,0.350961538462,0.0965608465608,1.16894332519
1,0.3,139,756,208,64,0.0826052422558,0.307692307692,0.0846560846561,1.02482702483
1,0.3,140,756,208,71,0.0826052422558,0.341346153846,0.0939153439153,1.13691748067
1,0.3,141,756,208,61,0.0826052422558,0.293269230769,0.0806878306878,0.976788258038
1,0.3,142,756,208,56,0.0826052422558,0.269230769231,0.0740740740741,0.896723646724
1,0.3,143,756,208,70,0.0826052422558,0.336538461538,0.0925925925926,1.1209045584
1,0.3,144,756,208,56,0.0826052422558,0.269230769231,0.0740740740741,0.896723646724
1,0.3,145,756,208,72,0.0826052422558,0.346153846154,0.0952380952381,1.15293040293
1,0.3,146,756,208,64,0.0826052422558,0.307692307692,0.0846560846561,1.02482702483
1,0.3,147,756,208,66,0.0826052422558,0.317307692308,0.0873015873016,1.05685286935
1,0.3,148,756,208,56,0.0826052422558,0.269230769231,0.0740740740741,0.896723646724
1,0.3,149,756,208,75,0.0826052422558,0.360576923077,0.0992063492063,1.20096916972
1,0.3,150,756,208,76,0.0826052422558,0.365384615385,0.100529100529,1.21698209198
1,0.3,151,756,208,54,0.0826052422558,0.259615384615,0.0714285714286,0.864697802198
1,0.3,152,756,208,65,0.0826052422558,0.3125,0.0859788359788,1.04083994709
1,0.3,153,756,208,63,0.0826052422558,0.302884615385,0.0833333333333,1.00881410256
1,0.3,154,756,208,63,0.0826052422558,0.302884615385,0.0833333333333,1.00881410256
1,0.3,155,756,208,80,0.0826052422558,0.384615384615,0.10582010582,1.28103378103
1,0.3,156,756,208,69,0.0826052422558,0.331730769231,0.0912698412698,1.10489163614
1,0.3,157,756,208,72,0.0826052422558,0.346153846154,0.0952380952381,1.15293040293
1,0.3,158,756,208,62,0.0826052422558,0.298076923077,0.0820105820106,0.992801180301
1,0.3,159,756,208,65,0.0826052422558,0.3125,0.0859788359788,1.04083994709
1,0.3,160,756,208,67,0.0826052422558,0.322115384615,0.0886243386243,1.07286579162
1,0.3,161,756,208,58,0.0826052422558,0.278846153846,0.0767195767196,0.928749491249
1,0.3,162,756,208,67,0.0826052422558,0.322115384615,0.0886243386243,1.07286579162
1,0.3,163,756,208,62,0.0826052422558,0.298076923077,0.0820105820106,0.992801180301
1,0.3,164,756,208,56,0.0826052422558,0.269230769231,0.0740740740741,0.896723646724
1,0.3,165,756,208,59,0.0826052422558,0.283653846154,0.0780423280423,0.944762413512
1,0.3,166,756,208,63,0.0826052422558,0.302884615385,0.0833333333333,1.00881410256
1,0.3,167,756,208,60,0.0826052422558,0.288461538462,0.0793650793651,0.960775335775
1,0.3,168,756,208,61,0.0826052422558,0.293269230769,0.0806878306878,0.976788258038
1,0.3,169,756,208,69,0.0826052422558,0.331730769231,0.0912698412698,1.10489163614
1,0.3,170,756,208,63,0.0826052422558,0.302884615385,0.0833333333333,1.00881410256
1,0.3,171,756,208,57,0.0826052422558,0.274038461538,0.0753968253968,0.912736568987
1,0.3,172,756,208,65,0.0826052422558,0.3125,0.0859788359788,1.04083994709
1,0.3,173,756,208,64,0.0826052422558,0.307692307692,0.0846560846561,1.02482702483
1,0.3,174,756,208,58,0.0826052422558,0.278846153846,0.0767195767196,0.928749491249
1,0.3,175,756,208,58,0.0826052422558,0.278846153846,0.0767195767196,0.928749491249
1,0.3,176,756,208,65,0.0826052422558,0.3125,0.0859788359788,1.04083994709
1,0.3,177,756,208,56,0.0826052422558,0.269230769231,0.0740740740741,0.896723646724
1,0.3,178,756,208,65,0.0826052422558,0.3125,0.0859788359788,1.04083994709
1,0.3,179,756,208,56,0.0826052422558,0.269230769231,0.0740740740741,0.896723646724
1,0.3,180,756,208,54,0.0826052422558,0.259615384615,0.0714285714286,0.864697802198
1,0.3,181,756,208,60,0.0826052422558,0.288461538462,0.0793650793651,0.960775335775
1,0.3,182,756,208,66,0.0826052422558,0.317307692308,0.0873015873016,1.05685286935
1,0.3,183,756,208,46,0.0826052422558,0.221153846154,0.0608465608466,0.736594424094
1,0.3,184,756,208,59,0.0826052422558,0.283653846154,0.0780423280423,0.944762413512
1,0.3,185,756,208,70,0.0826052422558,0.336538461538,0.0925925925926,1.1209045584
1,0.3,186,756,208,59,0.0826052422558,0.283653846154,0.0780423280423,0.944762413512
1,0.3,187,756,208,63,0.0826052422558,0.302884615385,0.0833333333333,1.00881410256
1,0.3,188,756,208,54,0.0826052422558,0.259615384615,0.0714285714286,0.864697802198
1,0.3,189,756,208,70,0.0826052422558,0.336538461538,0.0925925925926,1.1209045584
1,0.3,190,756,208,63,0.0826052422558,0.302884615385,0.0833333333333,1.00881410256
1,0.3,191,756,208,66,0.0826052422558,0.317307692308,0.0873015873016,1.05685286935
1,0.3,192,756,208,67,0.0826052422558,0.322115384615,0.0886243386243,1.07286579162
1,0.3,193,756,208,65,0.0826052422558,0.3125,0.0859788359788,1.04083994709
1,0.3,194,756,208,64,0.0826052422558,0.307692307692,0.0846560846561,1.02482702483
1,0.3,195,756,208,64,0.0826052422558,0.307692307692,0.0846560846561,1.02482702483
1,0.3,196,756,208,63,0.0826052422558,0.302884615385,0.0833333333333,1.00881410256
1,0.3,197,756,208,63,0.0826052422558,0.302884615385,0.0833333333333,1.00881410256
1,0.3,198,756,208,52,0.0826052422558,0.25,0.0687830687831,0.832671957672
1,0.3,199,756,208,62,0.0826052422558,0.298076923077,0.0820105820106,0.992801180301
1,0.3,200,756,208,67,0.0826052422558,0.322115384615,0.0886243386243,1.07286579162
1,0.3,201,756,208,60,0.0826052422558,0.288461538462,0.0793650793651,0.960775335775
1,0.3,202,756,208,59,0.0826052422558,0.283653846154,0.0780423280423,0.944762413512
1,0.3,203,756,208,63,0.0826052422558,0.302884615385,0.0833333333333,1.00881410256
1,0.3,204,756,208,68,0.0826052422558,0.326923076923,0.0899470899471,1.08887871388
1,0.3,205,756,208,70,0.0826052422558,0.336538461538,0.0925925925926,1.1209045584
1,0.3,206,756,208,76,0.0826052422558,0.365384615385,0.100529100529,1.21698209198
1,0.3,207,756,208,67,0.0826052422558,0.322115384615,0.0886243386243,1.07286579162
1,0.3,208,756,208,61,0.0826052422558,0.293269230769,0.0806878306878,0.976788258038
1,0.3,209,756,208,68,0.0826052422558,0.326923076923,0.0899470899471,1.08887871388
1,0.3,210,756,208,59,0.0826052422558,0.283653846154,0.0780423280423,0.944762413512
1,0.3,211,756,208,60,0.0826052422558,0.288461538462,0.0793650793651,0.960775335775
1,0.3,212,756,208,59,0.0826052422558,0.283653846154,0.0780423280423,0.944762413512
1,0.3,213,756,208,62,0.0826052422558,0.298076923077,0.0820105820106,0.992801180301
1,0.3,214,756,208,66,0.0826052422558,0.317307692308,0.0873015873016,1.05685286935
1,0.3,215,756,208,53,0.0826052422558,0.254807692308,0.0701058201058,0.848684879935
1,0.3,216,756,208,61,0.0826052422558,0.293269230769,0.0806878306878,0.976788258038
1,0.3,217,756,208,68,0.0826052422558,0.326923076923,0.0899470899471,1.08887871388
1,0.3,218,756,208,71,0.0826052422558,0.341346153846,0.0939153439153,1.13691748067
1,0.3,219,756,208,65,0.0826052422558,0.3125,0.0859788359788,1.04083994709
1,0.3,220,756,208,61,0.0826052422558,0.293269230769,0.0806878306878,0.976788258038
1,0.3,221,756,208,66,0.0826052422558,0.317307692308,0.0873015873016,1.05685286935
1,0.3,222,756,208,72,0.0826052422558,0.346153846154,0.0952380952381,1.15293040293
1,0.3,223,756,208,61,0.0826052422558,0.293269230769,0.0806878306878,0.976788258038
1,0.3,224,756,208,69,0.0826052422558,0.331730769231,0.0912698412698,1.10489163614
1,0.3,225,756,208,52,0.0826052422558,0.25,0.0687830687831,0.832671957672
1,0.3,226,756,208,55,0.0826052422558,0.264423076923,0.0727513227513,0.880710724461
1,0.3,227,756,208,75,0.0826052422558,0.360576923077,0.0992063492063,1.20096916972
1,0.3,228,756,208,72,0.0826052422558,0.346153846154,0.0952380952381,1.15293040293
1,0.3,229,756,208,53,0.0826052422558,0.254807692308,0.0701058201058,0.848684879935
1,0.3,230,756,208,57,0.0826052422558,0.274038461538,0.0753968253968,0.912736568987
1,0.3,231,756,208,65,0.0826052422558,0.3125,0.0859788359788,1.04083994709
1,0.3,232,756,208,67,0.0826052422558,0.322115384615,0.0886243386243,1.07286579162
1,0.3,233,756,208,68,0.0826052422558,0.326923076923,0.0899470899471,1.08887871388
1,0.3,234,756,208,59,0.0826052422558,0.283653846154,0.0780423280423,0.944762413512
1,0.3,235,756,208,67,0.0826052422558,0.322115384615,0.0886243386243,1.07286579162
1,0.3,236,756,208,57,0.0826052422558,0.274038461538,0.0753968253968,0.912736568987
1,0.3,237,756,208,64,0.0826052422558,0.307692307692,0.0846560846561,1.02482702483
1,0.3,238,756,208,69,0.0826052422558,0.331730769231,0.0912698412698,1.10489163614
1,0.3,239,756,208,51,0.0826052422558,0.245192307692,0.0674603174603,0.816659035409
1,0.3,240,756,208,69,0.0826052422558,0.331730769231,0.0912698412698,1.10489163614
1,0.3,241,756,208,53,0.0826052422558,0.254807692308,0.0701058201058,0.848684879935
1,0.3,242,756,208,52,0.0826052422558,0.25,0.0687830687831,0.832671957672
1,0.3,243,756,208,64,0.0826052422558,0.307692307692,0.0846560846561,1.02482702483
1,0.3,244,756,208,59,0.0826052422558,0.283653846154,0.0780423280423,0.944762413512
1,0.3,245,756,208,61,0.0826052422558,0.293269230769,0.0806878306878,0.976788258038
1,0.3,246,756,208,61,0.0826052422558,0.293269230769,0.0806878306878,0.976788258038
1,0.3,247,756,208,72,0.0826052422558,0.346153846154,0.0952380952381,1.15293040293
1,0.3,248,756,208,58,0.0826052422558,0.278846153846,0.0767195767196,0.928749491249
1,0.3,249,756,208,54,0.0826052422558,0.259615384615,0.0714285714286,0.864697802198
1,0.3,250,756,208,72,0.0826052422558,0.346153846154,0.0952380952381,1.15293040293
1,0.3,251,756,208,63,0.0826052422558,0.302884615385,0.0833333333333,1.00881410256
1,0.3,252,756,208,75,0.0826052422558,0.360576923077,0.0992063492063,1.20096916972
1,0.3,253,756,208,59,0.0826052422558,0.283653846154,0.0780423280423,0.944762413512
1,0.3,254,756,208,62,0.0826052422558,0.298076923077,0.0820105820106,0.992801180301
1,0.3,255,756,208,64,0.0826052422558,0.307692307692,0.0846560846561,1.02482702483
1,0.3,256,756,208,60,0.0826052422558,0.288461538462,0.0793650793651,0.960775335775
1,0.3,257,756,208,62,0.0826052422558,0.298076923077,0.0820105820106,0.992801180301
1,0.3,258,756,208,59,0.0826052422558,0.283653846154,0.0780423280423,0.944762413512
1,0.3,259,756,208,72,0.0826052422558,0.346153846154,0.0952380952381,1.15293040293
1,0.3,260,756,208,59,0.0826052422558,0.283653846154,0.0780423280423,0.944762413512
1,0.3,261,756,208,63,0.0826052422558,0.302884615385,0.0833333333333,1.00881410256
1,0.3,262,756,208,59,0.0826052422558,0.283653846154,0.0780423280423,0.944762413512
1,0.3,263,756,208,51,0.0826052422558,0.245192307692,0.0674603174603,0.816659035409
1,0.3,264,756,208,55,0.0826052422558,0.264423076923,0.0727513227513,0.880710724461
1,0.3,265,756,208,66,0.0826052422558,0.317307692308,0.0873015873016,1.05685286935
1,0.3,266,756,208,64,0.0826052422558,0.307692307692,0.0846560846561,1.02482702483
1,0.3,267,756,208,67,0.0826052422558,0.322115384615,0.0886243386243,1.07286579162
1,0.3,268,756,208,64,0.0826052422558,0.307692307692,0.0846560846561,1.02482702483
1,0.3,269,756,208,56,0.0826052422558,0.269230769231,0.0740740740741,0.896723646724
1,0.3,270,756,208,63,0.0826052422558,0.302884615385,0.0833333333333,1.00881410256
1,0.3,271,756,208,69,0.0826052422558,0.331730769231,0.0912698412698,1.10489163614
1,0.3,272,756,208,69,0.0826052422558,0.331730769231,0.0912698412698,1.10489163614
1,0.3,273,756,208,67,0.0826052422558,0.322115384615,0.0886243386243,1.07286579162
1,0.3,274,756,208,66,0.0826052422558,0.317307692308,0.0873015873016,1.05685286935
1,0.3,275,756,208,57,0.0826052422558,0.274038461538,0.0753968253968,0.912736568987
1,0.3,276,756,208,65,0.0826052422558,0.3125,0.0859788359788,1.04083994709
1,0.3,277,756,208,64,0.0826052422558,0.307692307692,0.0846560846561,1.02482702483
1,0.3,278,756,208,53,0.0826052422558,0.254807692308,0.0701058201058,0.848684879935
1,0.3,279,756,208,70,0.0826052422558,0.336538461538,0.0925925925926,1.1209045584
1,0.3,280,756,208,59,0.0826052422558,0.283653846154,0.0780423280423,0.944762413512
1,0.3,281,756,208,51,0.0826052422558,0.245192307692,0.0674603174603,0.816659035409
1,0.3,282,756,208,64,0.0826052422558,0.307692307692,0.0846560846561,1.02482702483
1,0.3,283,756,208,68,0.0826052422558,0.326923076923,0.0899470899471,1.08887871388
1,0.3,284,756,208,68,0.0826052422558,0.326923076923,0.0899470899471,1.08887871388
1,0.3,285,756,208,49,0.0826052422558,0.235576923077,0.0648148148148,0.784633190883
1,0.3,286,756,208,74,0.0826052422558,0.355769230769,0.0978835978836,1.18495624746
1,0.3,287,756,208,62,0.0826052422558,0.298076923077,0.0820105820106,0.992801180301
1,0.3,288,756,208,66,0.0826052422558,0.317307692308,0.0873015873016,1.05685286935
1,0.3,289,756,208,57,0.0826052422558,0.274038461538,0.0753968253968,0.912736568987
1,0.3,290,756,208,64,0.0826052422558,0.307692307692,0.0846560846561,1.02482702483
1,0.3,291,756,208,64,0.0826052422558,0.307692307692,0.0846560846561,1.02482702483
1,0.3,292,756,208,54,0.0826052422558,0.259615384615,0.0714285714286,0.864697802198
1,0.3,293,756,208,63,0.0826052422558,0.302884615385,0.0833333333333,1.00881410256
1,0.3,294,756,208,63,0.0826052422558,0.302884615385,0.0833333333333,1.00881410256
1,0.3,295,756,208,65,0.0826052422558,0.3125,0.0859788359788,1.04083994709
1,0.3,296,756,208,50,0.0826052422558,0.240384615385,0.0661375661376,0.800646113146
1,0.3,297,756,208,73,0.0826052422558,0.350961538462,0.0965608465608,1.16894332519
1,0.3,298,756,208,56,0.0826052422558,0.269230769231,0.0740740740741,0.896723646724
1,0.3,299,756,208,63,0.0826052422558,0.302884615385,0.0833333333333,1.00881410256
1,0.3,300,756,208,62,0.0826052422558,0.298076923077,0.0820105820106,0.992801180301
1,0.3,301,756,208,55,0.0826052422558,0.264423076923,0.0727513227513,0.880710724461
1,0.3,302,756,208,60,0.0826052422558,0.288461538462,0.0793650793651,0.960775335775
1,0.3,303,756,208,59,0.0826052422558,0.283653846154,0.0780423280423,0.944762413512
1,0.3,304,756,208,54,0.0826052422558,0.259615384615,0.0714285714286,0.864697802198
1,0.3,305,756,208,54,0.0826052422558,0.259615384615,0.0714285714286,0.864697802198
1,0.3,306,756,208,65,0.0826052422558,0.3125,0.0859788359788,1.04083994709
1,0.3,307,756,208,65,0.0826052422558,0.3125,0.0859788359788,1.04083994709
1,0.3,308,756,208,58,0.0826052422558,0.278846153846,0.0767195767196,0.928749491249
1,0.3,309,756,208,69,0.0826052422558,0.331730769231,0.0912698412698,1.10489163614
1,0.3,310,756,208,63,0.0826052422558,0.302884615385,0.0833333333333,1.00881410256
1,0.3,311,756,208,67,0.0826052422558,0.322115384615,0.0886243386243,1.07286579162
1,0.3,312,756,208,67,0.0826052422558,0.322115384615,0.0886243386243,1.07286579162
1,0.3,313,756,208,58,0.0826052422558,0.278846153846,0.0767195767196,0.928749491249
1,0.3,314,756,208,66,0.0826052422558,0.317307692308,0.0873015873016,1.05685286935
1,0.3,315,756,208,62,0.0826052422558,0.298076923077,0.0820105820106,0.992801180301
1,0.3,316,756,208,54,0.0826052422558,0.259615384615,0.0714285714286,0.864697802198
1,0.3,317,756,208,70,0.0826052422558,0.336538461538,0.0925925925926,1.1209045584
1,0.3,318,756,208,75,0.0826052422558,0.360576923077,0.0992063492063,1.20096916972
1,0.3,319,756,208,71,0.0826052422558,0.341346153846,0.0939153439153,1.13691748067
1,0.3,320,756,208,61,0.0826052422558,0.293269230769,0.0806878306878,0.976788258038
1,0.3,321,756,208,65,0.0826052422558,0.3125,0.0859788359788,1.04083994709
1,0.3,322,756,208,41,0.0826052422558,0.197115384615,0.0542328042328,0.65652981278
1,0.3,323,756,208,54,0.0826052422558,0.259615384615,0.0714285714286,0.864697802198
1,0.3,324,756,208,70,0.0826052422558,0.336538461538,0.0925925925926,1.1209045584
1,0.3,325,756,208,61,0.0826052422558,0.293269230769,0.0806878306878,0.976788258038
1,0.3,326,756,208,56,0.0826052422558,0.269230769231,0.0740740740741,0.896723646724
1,0.3,327,756,208,68,0.0826052422558,0.326923076923,0.0899470899471,1.08887871388
1,0.3,328,756,208,50,0.0826052422558,0.240384615385,0.0661375661376,0.800646113146
1,0.3,329,756,208,65,0.0826052422558,0.3125,0.0859788359788,1.04083994709
1,0.3,330,756,208,74,0.0826052422558,0.355769230769,0.0978835978836,1.18495624746
1,0.3,331,756,208,58,0.0826052422558,0.278846153846,0.0767195767196,0.928749491249
1,0.3,332,756,208,78,0.0826052422558,0.375,0.103174603175,1.24900793651
1,0.3,333,756,208,67,0.0826052422558,0.322115384615,0.0886243386243,1.07286579162
1,0.3,334,756,208,62,0.0826052422558,0.298076923077,0.0820105820106,0.992801180301
1,0.3,335,756,208,63,0.0826052422558,0.302884615385,0.0833333333333,1.00881410256
1,0.3,336,756,208,59,0.0826052422558,0.283653846154,0.0780423280423,0.944762413512
1,0.3,337,756,208,62,0.0826052422558,0.298076923077,0.0820105820106,0.992801180301
1,0.3,338,756,208,62,0.0826052422558,0.298076923077,0.0820105820106,0.992801180301
1,0.3,339,756,208,63,0.0826052422558,0.302884615385,0.0833333333333,1.00881410256
1,0.3,340,756,208,67,0.0826052422558,0.322115384615,0.0886243386243,1.07286579162
1,0.3,341,756,208,68,0.0826052422558,0.326923076923,0.0899470899471,1.08887871388
1,0.3,342,756,208,62,0.0826052422558,0.298076923077,0.0820105820106,0.992801180301
1,0.3,343,756,208,53,0.0826052422558,0.254807692308,0.0701058201058,0.848684879935
1,0.3,344,756,208,54,0.0826052422558,0.259615384615,0.0714285714286,0.864697802198
1,0.3,345,756,208,60,0.0826052422558,0.288461538462,0.0793650793651,0.960775335775
1,0.3,346,756,208,60,0.0826052422558,0.288461538462,0.0793650793651,0.960775335775
1,0.3,347,756,208,69,0.0826052422558,0.331730769231,0.0912698412698,1.10489163614
1,0.3,348,756,208,58,0.0826052422558,0.278846153846,0.0767195767196,0.928749491249
1,0.3,349,756,208,57,0.0826052422558,0.274038461538,0.0753968253968,0.912736568987
1,0.3,350,756,208,66,0.0826052422558,0.317307692308,0.0873015873016,1.05685286935
1,0.3,351,756,208,64,0.0826052422558,0.307692307692,0.0846560846561,1.02482702483
1,0.3,352,756,208,57,0.0826052422558,0.274038461538,0.0753968253968,0.912736568987
1,0.3,353,756,208,52,0.0826052422558,0.25,0.0687830687831,0.832671957672
1,0.3,354,756,208,59,0.0826052422558,0.283653846154,0.0780423280423,0.944762413512
1,0.3,355,756,208,54,0.0826052422558,0.259615384615,0.0714285714286,0.864697802198
1,0.3,356,756,208,67,0.0826052422558,0.322115384615,0.0886243386243,1.07286579162
1,0.3,357,756,208,67,0.0826052422558,0.322115384615,0.0886243386243,1.07286579162
1,0.3,358,756,208,67,0.0826052422558,0.322115384615,0.0886243386243,1.07286579162
1,0.3,359,756,208,53,0.0826052422558,0.254807692308,0.0701058201058,0.848684879935
1,0.3,360,756,208,62,0.0826052422558,0.298076923077,0.0820105820106,0.992801180301
1,0.3,361,756,208,58,0.0826052422558,0.278846153846,0.0767195767196,0.928749491249
1,0.3,362,756,208,56,0.0826052422558,0.269230769231,0.0740740740741,0.896723646724
1,0.3,363,756,208,64,0.0826052422558,0.307692307692,0.0846560846561,1.02482702483
1,0.3,364,756,208,65,0.0826052422558,0.3125,0.0859788359788,1.04083994709
1,0.3,365,756,208,65,0.0826052422558,0.3125,0.0859788359788,1.04083994709
1,0.3,366,756,208,65,0.0826052422558,0.3125,0.0859788359788,1.04083994709
1,0.3,367,756,208,68,0.0826052422558,0.326923076923,0.0899470899471,1.08887871388
1,0.3,368,756,208,64,0.0826052422558,0.307692307692,0.0846560846561,1.02482702483
1,0.3,369,756,208,64,0.0826052422558,0.307692307692,0.0846560846561,1.02482702483
1,0.3,370,756,208,62,0.0826052422558,0.298076923077,0.0820105820106,0.992801180301
1,0.3,371,756,208,68,0.0826052422558,0.326923076923,0.0899470899471,1.08887871388
1,0.3,372,756,208,71,0.0826052422558,0.341346153846,0.0939153439153,1.13691748067
1,0.3,373,756,208,64,0.0826052422558,0.307692307692,0.0846560846561,1.02482702483
1,0.3,374,756,208,66,0.0826052422558,0.317307692308,0.0873015873016,1.05685286935
1,0.3,375,756,208,57,0.0826052422558,0.274038461538,0.0753968253968,0.912736568987
1,0.3,376,756,208,63,0.0826052422558,0.302884615385,0.0833333333333,1.00881410256
1,0.3,377,756,208,67,0.0826052422558,0.322115384615,0.0886243386243,1.07286579162
1,0.3,378,756,208,50,0.0826052422558,0.240384615385,0.0661375661376,0.800646113146
1,0.3,379,756,208,63,0.0826052422558,0.302884615385,0.0833333333333,1.00881410256
1,0.3,380,756,208,63,0.0826052422558,0.302884615385,0.0833333333333,1.00881410256
1,0.3,381,756,208,72,0.0826052422558,0.346153846154,0.0952380952381,1.15293040293
1,0.3,382,756,208,61,0.0826052422558,0.293269230769,0.0806878306878,0.976788258038
1,0.3,383,756,208,51,0.0826052422558,0.245192307692,0.0674603174603,0.816659035409
1,0.3,384,756,208,69,0.0826052422558,0.331730769231,0.0912698412698,1.10489163614
1,0.3,385,756,208,69,0.0826052422558,0.331730769231,0.0912698412698,1.10489163614
1,0.3,386,756,208,60,0.0826052422558,0.288461538462,0.0793650793651,0.960775335775
1,0.3,387,756,208,56,0.0826052422558,0.269230769231,0.0740740740741,0.896723646724
1,0.3,388,756,208,49,0.0826052422558,0.235576923077,0.0648148148148,0.784633190883
1,0.3,389,756,208,62,0.0826052422558,0.298076923077,0.0820105820106,0.992801180301
1,0.3,390,756,208,56,0.0826052422558,0.269230769231,0.0740740740741,0.896723646724
1,0.3,391,756,208,70,0.0826052422558,0.336538461538,0.0925925925926,1.1209045584
1,0.3,392,756,208,64,0.0826052422558,0.307692307692,0.0846560846561,1.02482702483
1,0.3,393,756,208,68,0.0826052422558,0.326923076923,0.0899470899471,1.08887871388
1,0.3,394,756,208,49,0.0826052422558,0.235576923077,0.0648148148148,0.784633190883
1,0.3,395,756,208,54,0.0826052422558,0.259615384615,0.0714285714286,0.864697802198
1,0.3,396,756,208,60,0.0826052422558,0.288461538462,0.0793650793651,0.960775335775
1,0.3,397,756,208,48,0.0826052422558,0.230769230769,0.0634920634921,0.76862026862
1,0.3,398,756,208,70,0.0826052422558,0.336538461538,0.0925925925926,1.1209045584
1,0.3,399,756,208,62,0.0826052422558,0.298076923077,0.0820105820106,0.992801180301
1,0.3,400,756,208,56,0.0826052422558,0.269230769231,0.0740740740741,0.896723646724
1,0.3,401,756,208,60,0.0826052422558,0.288461538462,0.0793650793651,0.960775335775
1,0.3,402,756,208,59,0.0826052422558,0.283653846154,0.0780423280423,0.944762413512
1,0.3,403,756,208,55,0.0826052422558,0.264423076923,0.0727513227513,0.880710724461
1,0.3,404,756,208,56,0.0826052422558,0.269230769231,0.0740740740741,0.896723646724
1,0.3,405,756,208,64,0.0826052422558,0.307692307692,0.0846560846561,1.02482702483
1,0.3,406,756,208,62,0.0826052422558,0.298076923077,0.0820105820106,0.992801180301
1,0.3,407,756,208,50,0.0826052422558,0.240384615385,0.0661375661376,0.800646113146
1,0.3,408,756,208,62,0.0826052422558,0.298076923077,0.0820105820106,0.992801180301
1,0.3,409,756,208,61,0.0826052422558,0.293269230769,0.0806878306878,0.976788258038
1,0.3,410,756,208,65,0.0826052422558,0.3125,0.0859788359788,1.04083994709
1,0.3,411,756,208,66,0.0826052422558,0.317307692308,0.0873015873016,1.05685286935
1,0.3,412,756,208,79,0.0826052422558,0.379807692308,0.104497354497,1.26502085877
1,0.3,413,756,208,64,0.0826052422558,0.307692307692,0.0846560846561,1.02482702483
1,0.3,414,756,208,63,0.0826052422558,0.302884615385,0.0833333333333,1.00881410256
1,0.3,415,756,208,70,0.0826052422558,0.336538461538,0.0925925925926,1.1209045584
1,0.3,416,756,208,65,0.0826052422558,0.3125,0.0859788359788,1.04083994709
1,0.3,417,756,208,60,0.0826052422558,0.288461538462,0.0793650793651,0.960775335775
1,0.3,418,756,208,50,0.0826052422558,0.240384615385,0.0661375661376,0.800646113146
1,0.3,419,756,208,49,0.0826052422558,0.235576923077,0.0648148148148,0.784633190883
1,0.3,420,756,208,62,0.0826052422558,0.298076923077,0.0820105820106,0.992801180301
1,0.3,421,756,208,62,0.0826052422558,0.298076923077,0.0820105820106,0.992801180301
1,0.3,422,756,208,64,0.0826052422558,0.307692307692,0.0846560846561,1.02482702483
1,0.3,423,756,208,57,0.0826052422558,0.274038461538,0.0753968253968,0.912736568987
1,0.3,424,756,208,57,0.0826052422558,0.274038461538,0.0753968253968,0.912736568987
1,0.3,425,756,208,63,0.0826052422558,0.302884615385,0.0833333333333,1.00881410256
1,0.3,426,756,208,65,0.0826052422558,0.3125,0.0859788359788,1.04083994709
1,0.3,427,756,208,56,0.0826052422558,0.269230769231,0.0740740740741,0.896723646724
1,0.3,428,756,208,67,0.0826052422558,0.322115384615,0.0886243386243,1.07286579162
1,0.3,429,756,208,71,0.0826052422558,0.341346153846,0.0939153439153,1.13691748067
1,0.3,430,756,208,73,0.0826052422558,0.350961538462,0.0965608465608,1.16894332519
1,0.3,431,756,208,67,0.0826052422558,0.322115384615,0.0886243386243,1.07286579162
1,0.3,432,756,208,54,0.0826052422558,0.259615384615,0.0714285714286,0.864697802198
1,0.3,433,756,208,67,0.0826052422558,0.322115384615,0.0886243386243,1.07286579162
1,0.3,434,756,208,63,0.0826052422558,0.302884615385,0.0833333333333,1.00881410256
1,0.3,435,756,208,64,0.0826052422558,0.307692307692,0.0846560846561,1.02482702483
1,0.3,436,756,208,60,0.0826052422558,0.288461538462,0.0793650793651,0.960775335775
1,0.3,437,756,208,60,0.0826052422558,0.288461538462,0.0793650793651,0.960775335775
1,0.3,438,756,208,73,0.0826052422558,0.350961538462,0.0965608465608,1.16894332519
1,0.3,439,756,208,62,0.0826052422558,0.298076923077,0.0820105820106,0.992801180301
1,0.3,440,756,208,54,0.0826052422558,0.259615384615,0.0714285714286,0.864697802198
1,0.3,441,756,208,55,0.0826052422558,0.264423076923,0.0727513227513,0.880710724461
1,0.3,442,756,208,69,0.0826052422558,0.331730769231,0.0912698412698,1.10489163614
1,0.3,443,756,208,53,0.0826052422558,0.254807692308,0.0701058201058,0.848684879935
1,0.3,444,756,208,63,0.0826052422558,0.302884615385,0.0833333333333,1.00881410256
1,0.3,445,756,208,68,0.0826052422558,0.326923076923,0.0899470899471,1.08887871388
1,0.3,446,756,208,70,0.0826052422558,0.336538461538,0.0925925925926,1.1209045584
1,0.3,447,756,208,66,0.0826052422558,0.317307692308,0.0873015873016,1.05685286935
1,0.3,448,756,208,49,0.0826052422558,0.235576923077,0.0648148148148,0.784633190883
1,0.3,449,756,208,54,0.0826052422558,0.259615384615,0.0714285714286,0.864697802198
1,0.3,450,756,208,57,0.0826052422558,0.274038461538,0.0753968253968,0.912736568987
1,0.3,451,756,208,52,0.0826052422558,0.25,0.0687830687831,0.832671957672
1,0.3,452,756,208,55,0.0826052422558,0.264423076923,0.0727513227513,0.880710724461
1,0.3,453,756,208,71,0.0826052422558,0.341346153846,0.0939153439153,1.13691748067
1,0.3,454,756,208,69,0.0826052422558,0.331730769231,0.0912698412698,1.10489163614
1,0.3,455,756,208,56,0.0826052422558,0.269230769231,0.0740740740741,0.896723646724
1,0.3,456,756,208,66,0.0826052422558,0.317307692308,0.0873015873016,1.05685286935
1,0.3,457,756,208,61,0.0826052422558,0.293269230769,0.0806878306878,0.976788258038
1,0.3,458,756,208,62,0.0826052422558,0.298076923077,0.0820105820106,0.992801180301
1,0.3,459,756,208,66,0.0826052422558,0.317307692308,0.0873015873016,1.05685286935
1,0.3,460,756,208,60,0.0826052422558,0.288461538462,0.0793650793651,0.960775335775
1,0.3,461,756,208,69,0.0826052422558,0.331730769231,0.0912698412698,1.10489163614
1,0.3,462,756,208,61,0.0826052422558,0.293269230769,0.0806878306878,0.976788258038
1,0.3,463,756,208,63,0.0826052422558,0.302884615385,0.0833333333333,1.00881410256
1,0.3,464,756,208,72,0.0826052422558,0.346153846154,0.0952380952381,1.15293040293
1,0.3,465,756,208,68,0.0826052422558,0.326923076923,0.0899470899471,1.08887871388
1,0.3,466,756,208,57,0.0826052422558,0.274038461538,0.0753968253968,0.912736568987
1,0.3,467,756,208,58,0.0826052422558,0.278846153846,0.0767195767196,0.928749491249
1,0.3,468,756,208,54,0.0826052422558,0.259615384615,0.0714285714286,0.864697802198
1,0.3,469,756,208,62,0.0826052422558,0.298076923077,0.0820105820106,0.992801180301
1,0.3,470,756,208,66,0.0826052422558,0.317307692308,0.0873015873016,1.05685286935
1,0.3,471,756,208,82,0.0826052422558,0.394230769231,0.108465608466,1.31305962556
1,0.3,472,756,208,59,0.0826052422558,0.283653846154,0.0780423280423,0.944762413512
1,0.3,473,756,208,75,0.0826052422558,0.360576923077,0.0992063492063,1.20096916972
1,0.3,474,756,208,57,0.0826052422558,0.274038461538,0.0753968253968,0.912736568987
1,0.3,475,756,208,66,0.0826052422558,0.317307692308,0.0873015873016,1.05685286935
1,0.3,476,756,208,72,0.0826052422558,0.346153846154,0.0952380952381,1.15293040293
1,0.3,477,756,208,69,0.0826052422558,0.331730769231,0.0912698412698,1.10489163614
1,0.3,478,756,208,55,0.0826052422558,0.264423076923,0.0727513227513,0.880710724461
1,0.3,479,756,208,58,0.0826052422558,0.278846153846,0.0767195767196,0.928749491249
1,0.3,480,756,208,56,0.0826052422558,0.269230769231,0.0740740740741,0.896723646724
1,0.3,481,756,208,56,0.0826052422558,0.269230769231,0.0740740740741,0.896723646724
1,0.3,482,756,208,76,0.0826052422558,0.365384615385,0.100529100529,1.21698209198
1,0.3,483,756,208,66,0.0826052422558,0.317307692308,0.0873015873016,1.05685286935
1,0.3,484,756,208,74,0.0826052422558,0.355769230769,0.0978835978836,1.18495624746
1,0.3,485,756,208,53,0.0826052422558,0.254807692308,0.0701058201058,0.848684879935
1,0.3,486,756,208,43,0.0826052422558,0.206730769231,0.0568783068783,0.688555657306
1,0.3,487,756,208,69,0.0826052422558,0.331730769231,0.0912698412698,1.10489163614
1,0.3,488,756,208,67,0.0826052422558,0.322115384615,0.0886243386243,1.07286579162
1,0.3,489,756,208,72,0.0826052422558,0.346153846154,0.0952380952381,1.15293040293
1,0.3,490,756,208,63,0.0826052422558,0.302884615385,0.0833333333333,1.00881410256
1,0.3,491,756,208,72,0.0826052422558,0.346153846154,0.0952380952381,1.15293040293
1,0.3,492,756,208,59,0.0826052422558,0.283653846154,0.0780423280423,0.944762413512
1,0.3,493,756,208,70,0.0826052422558,0.336538461538,0.0925925925926,1.1209045584
1,0.3,494,756,208,62,0.0826052422558,0.298076923077,0.0820105820106,0.992801180301
1,0.3,495,756,208,70,0.0826052422558,0.336538461538,0.0925925925926,1.1209045584
1,0.3,496,756,208,63,0.0826052422558,0.302884615385,0.0833333333333,1.00881410256
1,0.3,497,756,208,63,0.0826052422558,0.302884615385,0.0833333333333,1.00881410256
1,0.3,498,756,208,64,0.0826052422558,0.307692307692,0.0846560846561,1.02482702483
1,0.3,499,756,208,63,0.0826052422558,0.302884615385,0.0833333333333,1.00881410256
1,0.3,500,756,208,52,0.0826052422558,0.25,0.0687830687831,0.832671957672
1,0.3,501,756,208,70,0.0826052422558,0.336538461538,0.0925925925926,1.1209045584
1,0.3,502,756,208,57,0.0826052422558,0.274038461538,0.0753968253968,0.912736568987
1,0.3,503,756,208,66,0.0826052422558,0.317307692308,0.0873015873016,1.05685286935
1,0.3,504,756,208,60,0.0826052422558,0.288461538462,0.0793650793651,0.960775335775
1,0.3,505,756,208,73,0.0826052422558,0.350961538462,0.0965608465608,1.16894332519
1,0.3,506,756,208,65,0.0826052422558,0.3125,0.0859788359788,1.04083994709
1,0.3,507,756,208,60,0.0826052422558,0.288461538462,0.0793650793651,0.960775335775
1,0.3,508,756,208,62,0.0826052422558,0.298076923077,0.0820105820106,0.992801180301
1,0.3,509,756,208,69,0.0826052422558,0.331730769231,0.0912698412698,1.10489163614
1,0.3,510,756,208,63,0.0826052422558,0.302884615385,0.0833333333333,1.00881410256
1,0.3,511,756,208,62,0.0826052422558,0.298076923077,0.0820105820106,0.992801180301
1,0.3,512,756,208,65,0.0826052422558,0.3125,0.0859788359788,1.04083994709
1,0.3,513,756,208,68,0.0826052422558,0.326923076923,0.0899470899471,1.08887871388
1,0.3,514,756,208,70,0.0826052422558,0.336538461538,0.0925925925926,1.1209045584
1,0.3,515,756,208,69,0.0826052422558,0.331730769231,0.0912698412698,1.10489163614
1,0.3,516,756,208,59,0.0826052422558,0.283653846154,0.0780423280423,0.944762413512
1,0.3,517,756,208,54,0.0826052422558,0.259615384615,0.0714285714286,0.864697802198
1,0.3,518,756,208,57,0.0826052422558,0.274038461538,0.0753968253968,0.912736568987
1,0.3,519,756,208,60,0.0826052422558,0.288461538462,0.0793650793651,0.960775335775
1,0.3,520,756,208,60,0.0826052422558,0.288461538462,0.0793650793651,0.960775335775
1,0.3,521,756,208,69,0.0826052422558,0.331730769231,0.0912698412698,1.10489163614
1,0.3,522,756,208,51,0.0826052422558,0.245192307692,0.0674603174603,0.816659035409
1,0.3,523,756,208,54,0.0826052422558,0.259615384615,0.0714285714286,0.864697802198
1,0.3,524,756,208,64,0.0826052422558,0.307692307692,0.0846560846561,1.02482702483
1,0.3,525,756,208,62,0.0826052422558,0.298076923077,0.0820105820106,0.992801180301
1,0.3,526,756,208,52,0.0826052422558,0.25,0.0687830687831,0.832671957672
1,0.3,527,756,208,61,0.0826052422558,0.293269230769,0.0806878306878,0.976788258038
1,0.3,528,756,208,59,0.0826052422558,0.283653846154,0.0780423280423,0.944762413512
1,0.3,529,756,208,76,0.0826052422558,0.365384615385,0.100529100529,1.21698209198
1,0.3,530,756,208,60,0.0826052422558,0.288461538462,0.0793650793651,0.960775335775
1,0.3,531,756,208,58,0.0826052422558,0.278846153846,0.0767195767196,0.928749491249
1,0.3,532,756,208,64,0.0826052422558,0.307692307692,0.0846560846561,1.02482702483
1,0.3,533,756,208,68,0.0826052422558,0.326923076923,0.0899470899471,1.08887871388
1,0.3,534,756,208,73,0.0826052422558,0.350961538462,0.0965608465608,1.16894332519
1,0.3,535,756,208,55,0.0826052422558,0.264423076923,0.0727513227513,0.880710724461
1,0.3,536,756,208,59,0.0826052422558,0.283653846154,0.0780423280423,0.944762413512
1,0.3,537,756,208,58,0.0826052422558,0.278846153846,0.0767195767196,0.928749491249
1,0.3,538,756,208,68,0.0826052422558,0.326923076923,0.0899470899471,1.08887871388
1,0.3,539,756,208,53,0.0826052422558,0.254807692308,0.0701058201058,0.848684879935
1,0.3,540,756,208,73,0.0826052422558,0.350961538462,0.0965608465608,1.16894332519
1,0.3,541,756,208,69,0.0826052422558,0.331730769231,0.0912698412698,1.10489163614
1,0.3,542,756,208,53,0.0826052422558,0.254807692308,0.0701058201058,0.848684879935
1,0.3,543,756,208,61,0.0826052422558,0.293269230769,0.0806878306878,0.976788258038
1,0.3,544,756,208,48,0.0826052422558,0.230769230769,0.0634920634921,0.76862026862
1,0.3,545,756,208,63,0.0826052422558,0.302884615385,0.0833333333333,1.00881410256
1,0.3,546,756,208,63,0.0826052422558,0.302884615385,0.0833333333333,1.00881410256
1,0.3,547,756,208,75,0.0826052422558,0.360576923077,0.0992063492063,1.20096916972
1,0.3,548,756,208,74,0.0826052422558,0.355769230769,0.0978835978836,1.18495624746
1,0.3,549,756,208,58,0.0826052422558,0.278846153846,0.0767195767196,0.928749491249
1,0.3,550,756,208,54,0.0826052422558,0.259615384615,0.0714285714286,0.864697802198
1,0.3,551,756,208,65,0.0826052422558,0.3125,0.0859788359788,1.04083994709
1,0.3,552,756,208,65,0.0826052422558,0.3125,0.0859788359788,1.04083994709
1,0.3,553,756,208,66,0.0826052422558,0.317307692308,0.0873015873016,1.05685286935
1,0.3,554,756,208,68,0.0826052422558,0.326923076923,0.0899470899471,1.08887871388
1,0.3,555,756,208,76,0.0826052422558,0.365384615385,0.100529100529,1.21698209198
1,0.3,556,756,208,57,0.0826052422558,0.274038461538,0.0753968253968,0.912736568987
1,0.3,557,756,208,63,0.0826052422558,0.302884615385,0.0833333333333,1.00881410256
1,0.3,558,756,208,53,0.0826052422558,0.254807692308,0.0701058201058,0.848684879935
1,0.3,559,756,208,68,0.0826052422558,0.326923076923,0.0899470899471,1.08887871388
1,0.3,560,756,208,67,0.0826052422558,0.322115384615,0.0886243386243,1.07286579162
1,0.3,561,756,208,53,0.0826052422558,0.254807692308,0.0701058201058,0.848684879935
1,0.3,562,756,208,63,0.0826052422558,0.302884615385,0.0833333333333,1.00881410256
1,0.3,563,756,208,65,0.0826052422558,0.3125,0.0859788359788,1.04083994709
1,0.3,564,756,208,56,0.0826052422558,0.269230769231,0.0740740740741,0.896723646724
1,0.3,565,756,208,60,0.0826052422558,0.288461538462,0.0793650793651,0.960775335775
1,0.3,566,756,208,72,0.0826052422558,0.346153846154,0.0952380952381,1.15293040293
1,0.3,567,756,208,65,0.0826052422558,0.3125,0.0859788359788,1.04083994709
1,0.3,568,756,208,69,0.0826052422558,0.331730769231,0.0912698412698,1.10489163614
1,0.3,569,756,208,65,0.0826052422558,0.3125,0.0859788359788,1.04083994709
1,0.3,570,756,208,58,0.0826052422558,0.278846153846,0.0767195767196,0.928749491249
1,0.3,571,756,208,58,0.0826052422558,0.278846153846,0.0767195767196,0.928749491249
1,0.3,572,756,208,77,0.0826052422558,0.370192307692,0.101851851852,1.23299501425
1,0.3,573,756,208,66,0.0826052422558,0.317307692308,0.0873015873016,1.05685286935
1,0.3,574,756,208,65,0.0826052422558,0.3125,0.0859788359788,1.04083994709
1,0.3,575,756,208,61,0.0826052422558,0.293269230769,0.0806878306878,0.976788258038
1,0.3,576,756,208,64,0.0826052422558,0.307692307692,0.0846560846561,1.02482702483
1,0.3,577,756,208,68,0.0826052422558,0.326923076923,0.0899470899471,1.08887871388
1,0.3,578,756,208,71,0.0826052422558,0.341346153846,0.0939153439153,1.13691748067
1,0.3,579,756,208,59,0.0826052422558,0.283653846154,0.0780423280423,0.944762413512
1,0.3,580,756,208,68,0.0826052422558,0.326923076923,0.0899470899471,1.08887871388
1,0.3,581,756,208,72,0.0826052422558,0.346153846154,0.0952380952381,1.15293040293
1,0.3,582,756,208,62,0.0826052422558,0.298076923077,0.0820105820106,0.992801180301
1,0.3,583,756,208,56,0.0826052422558,0.269230769231,0.0740740740741,0.896723646724
1,0.3,584,756,208,51,0.0826052422558,0.245192307692,0.0674603174603,0.816659035409
1,0.3,585,756,208,55,0.0826052422558,0.264423076923,0.0727513227513,0.880710724461
1,0.3,586,756,208,55,0.0826052422558,0.264423076923,0.0727513227513,0.880710724461
1,0.3,587,756,208,64,0.0826052422558,0.307692307692,0.0846560846561,1.02482702483
1,0.3,588,756,208,67,0.0826052422558,0.322115384615,0.0886243386243,1.07286579162
1,0.3,589,756,208,63,0.0826052422558,0.302884615385,0.0833333333333,1.00881410256
1,0.3,590,756,208,65,0.0826052422558,0.3125,0.0859788359788,1.04083994709
1,0.3,591,756,208,61,0.0826052422558,0.293269230769,0.0806878306878,0.976788258038
1,0.3,592,756,208,64,0.0826052422558,0.307692307692,0.0846560846561,1.02482702483
1,0.3,593,756,208,62,0.0826052422558,0.298076923077,0.0820105820106,0.992801180301
1,0.3,594,756,208,69,0.0826052422558,0.331730769231,0.0912698412698,1.10489163614
1,0.3,595,756,208,71,0.0826052422558,0.341346153846,0.0939153439153,1.13691748067
1,0.3,596,756,208,60,0.0826052422558,0.288461538462,0.0793650793651,0.960775335775
1,0.3,597,756,208,71,0.0826052422558,0.341346153846,0.0939153439153,1.13691748067
1,0.3,598,756,208,54,0.0826052422558,0.259615384615,0.0714285714286,0.864697802198
1,0.3,599,756,208,72,0.0826052422558,0.346153846154,0.0952380952381,1.15293040293
1,0.3,600,756,208,56,0.0826052422558,0.269230769231,0.0740740740741,0.896723646724
1,0.3,601,756,208,64,0.0826052422558,0.307692307692,0.0846560846561,1.02482702483
1,0.3,602,756,208,59,0.0826052422558,0.283653846154,0.0780423280423,0.944762413512
1,0.3,603,756,208,75,0.0826052422558,0.360576923077,0.0992063492063,1.20096916972
1,0.3,604,756,208,56,0.0826052422558,0.269230769231,0.0740740740741,0.896723646724
1,0.3,605,756,208,55,0.0826052422558,0.264423076923,0.0727513227513,0.880710724461
1,0.3,606,756,208,66,0.0826052422558,0.317307692308,0.0873015873016,1.05685286935
1,0.3,607,756,208,54,0.0826052422558,0.259615384615,0.0714285714286,0.864697802198
1,0.3,608,756,208,64,0.0826052422558,0.307692307692,0.0846560846561,1.02482702483
1,0.3,609,756,208,64,0.0826052422558,0.307692307692,0.0846560846561,1.02482702483
1,0.3,610,756,208,63,0.0826052422558,0.302884615385,0.0833333333333,1.00881410256
1,0.3,611,756,208,55,0.0826052422558,0.264423076923,0.0727513227513,0.880710724461
1,0.3,612,756,208,64,0.0826052422558,0.307692307692,0.0846560846561,1.02482702483
1,0.3,613,756,208,62,0.0826052422558,0.298076923077,0.0820105820106,0.992801180301
1,0.3,614,756,208,58,0.0826052422558,0.278846153846,0.0767195767196,0.928749491249
1,0.3,615,756,208,64,0.0826052422558,0.307692307692,0.0846560846561,1.02482702483
1,0.3,616,756,208,69,0.0826052422558,0.331730769231,0.0912698412698,1.10489163614
1,0.3,617,756,208,67,0.0826052422558,0.322115384615,0.0886243386243,1.07286579162
1,0.3,618,756,208,70,0.0826052422558,0.336538461538,0.0925925925926,1.1209045584
1,0.3,619,756,208,57,0.0826052422558,0.274038461538,0.0753968253968,0.912736568987
1,0.3,620,756,208,68,0.0826052422558,0.326923076923,0.0899470899471,1.08887871388
1,0.3,621,756,208,59,0.0826052422558,0.283653846154,0.0780423280423,0.944762413512
1,0.3,622,756,208,73,0.0826052422558,0.350961538462,0.0965608465608,1.16894332519
1,0.3,623,756,208,54,0.0826052422558,0.259615384615,0.0714285714286,0.864697802198
1,0.3,624,756,208,54,0.0826052422558,0.259615384615,0.0714285714286,0.864697802198
1,0.3,625,756,208,67,0.0826052422558,0.322115384615,0.0886243386243,1.07286579162
1,0.3,626,756,208,67,0.0826052422558,0.322115384615,0.0886243386243,1.07286579162
1,0.3,627,756,208,54,0.0826052422558,0.259615384615,0.0714285714286,0.864697802198
1,0.3,628,756,208,68,0.0826052422558,0.326923076923,0.0899470899471,1.08887871388
1,0.3,629,756,208,67,0.0826052422558,0.322115384615,0.0886243386243,1.07286579162
1,0.3,630,756,208,65,0.0826052422558,0.3125,0.0859788359788,1.04083994709
1,0.3,631,756,208,76,0.0826052422558,0.365384615385,0.100529100529,1.21698209198
1,0.3,632,756,208,60,0.0826052422558,0.288461538462,0.0793650793651,0.960775335775
1,0.3,633,756,208,69,0.0826052422558,0.331730769231,0.0912698412698,1.10489163614
1,0.3,634,756,208,62,0.0826052422558,0.298076923077,0.0820105820106,0.992801180301
1,0.3,635,756,208,66,0.0826052422558,0.317307692308,0.0873015873016,1.05685286935
1,0.3,636,756,208,56,0.0826052422558,0.269230769231,0.0740740740741,0.896723646724
1,0.3,637,756,208,78,0.0826052422558,0.375,0.103174603175,1.24900793651
1,0.3,638,756,208,61,0.0826052422558,0.293269230769,0.0806878306878,0.976788258038
1,0.3,639,756,208,59,0.0826052422558,0.283653846154,0.0780423280423,0.944762413512
1,0.3,640,756,208,56,0.0826052422558,0.269230769231,0.0740740740741,0.896723646724
1,0.3,641,756,208,70,0.0826052422558,0.336538461538,0.0925925925926,1.1209045584
1,0.3,642,756,208,63,0.0826052422558,0.302884615385,0.0833333333333,1.00881410256
1,0.3,643,756,208,56,0.0826052422558,0.269230769231,0.0740740740741,0.896723646724
1,0.3,644,756,208,54,0.0826052422558,0.259615384615,0.0714285714286,0.864697802198
1,0.3,645,756,208,61,0.0826052422558,0.293269230769,0.0806878306878,0.976788258038
1,0.3,646,756,208,56,0.0826052422558,0.269230769231,0.0740740740741,0.896723646724
1,0.3,647,756,208,69,0.0826052422558,0.331730769231,0.0912698412698,1.10489163614
1,0.3,648,756,208,69,0.0826052422558,0.331730769231,0.0912698412698,1.10489163614
1,0.3,649,756,208,69,0.0826052422558,0.331730769231,0.0912698412698,1.10489163614
1,0.3,650,756,208,67,0.0826052422558,0.322115384615,0.0886243386243,1.07286579162
1,0.3,651,756,208,68,0.0826052422558,0.326923076923,0.0899470899471,1.08887871388
1,0.3,652,756,208,69,0.0826052422558,0.331730769231,0.0912698412698,1.10489163614
1,0.3,653,756,208,65,0.0826052422558,0.3125,0.0859788359788,1.04083994709
1,0.3,654,756,208,68,0.0826052422558,0.326923076923,0.0899470899471,1.08887871388
1,0.3,655,756,208,71,0.0826052422558,0.341346153846,0.0939153439153,1.13691748067
1,0.3,656,756,208,57,0.0826052422558,0.274038461538,0.0753968253968,0.912736568987
1,0.3,657,756,208,70,0.0826052422558,0.336538461538,0.0925925925926,1.1209045584
1,0.3,658,756,208,58,0.0826052422558,0.278846153846,0.0767195767196,0.928749491249
1,0.3,659,756,208,68,0.0826052422558,0.326923076923,0.0899470899471,1.08887871388
1,0.3,660,756,208,62,0.0826052422558,0.298076923077,0.0820105820106,0.992801180301
1,0.3,661,756,208,53,0.0826052422558,0.254807692308,0.0701058201058,0.848684879935
1,0.3,662,756,208,61,0.0826052422558,0.293269230769,0.0806878306878,0.976788258038
1,0.3,663,756,208,61,0.0826052422558,0.293269230769,0.0806878306878,0.976788258038
1,0.3,664,756,208,64,0.0826052422558,0.307692307692,0.0846560846561,1.02482702483
1,0.3,665,756,208,74,0.0826052422558,0.355769230769,0.0978835978836,1.18495624746
1,0.3,666,756,208,60,0.0826052422558,0.288461538462,0.0793650793651,0.960775335775
1,0.3,667,756,208,66,0.0826052422558,0.317307692308,0.0873015873016,1.05685286935
1,0.3,668,756,208,47,0.0826052422558,0.225961538462,0.0621693121693,0.752607346357
1,0.3,669,756,208,62,0.0826052422558,0.298076923077,0.0820105820106,0.992801180301
1,0.3,670,756,208,60,0.0826052422558,0.288461538462,0.0793650793651,0.960775335775
1,0.3,671,756,208,63,0.0826052422558,0.302884615385,0.0833333333333,1.00881410256
1,0.3,672,756,208,59,0.0826052422558,0.283653846154,0.0780423280423,0.944762413512
1,0.3,673,756,208,51,0.0826052422558,0.245192307692,0.0674603174603,0.816659035409
1,0.3,674,756,208,65,0.0826052422558,0.3125,0.0859788359788,1.04083994709
1,0.3,675,756,208,70,0.0826052422558,0.336538461538,0.0925925925926,1.1209045584
1,0.3,676,756,208,73,0.0826052422558,0.350961538462,0.0965608465608,1.16894332519
1,0.3,677,756,208,74,0.0826052422558,0.355769230769,0.0978835978836,1.18495624746
1,0.3,678,756,208,44,0.0826052422558,0.211538461538,0.0582010582011,0.704568579569
1,0.3,679,756,208,52,0.0826052422558,0.25,0.0687830687831,0.832671957672
1,0.3,680,756,208,64,0.0826052422558,0.307692307692,0.0846560846561,1.02482702483
1,0.3,681,756,208,64,0.0826052422558,0.307692307692,0.0846560846561,1.02482702483
1,0.3,682,756,208,66,0.0826052422558,0.317307692308,0.0873015873016,1.05685286935
1,0.3,683,756,208,69,0.0826052422558,0.331730769231,0.0912698412698,1.10489163614
1,0.3,684,756,208,64,0.0826052422558,0.307692307692,0.0846560846561,1.02482702483
1,0.3,685,756,208,56,0.0826052422558,0.269230769231,0.0740740740741,0.896723646724
1,0.3,686,756,208,58,0.0826052422558,0.278846153846,0.0767195767196,0.928749491249
1,0.3,687,756,208,53,0.0826052422558,0.254807692308,0.0701058201058,0.848684879935
1,0.3,688,756,208,55,0.0826052422558,0.264423076923,0.0727513227513,0.880710724461
1,0.3,689,756,208,65,0.0826052422558,0.3125,0.0859788359788,1.04083994709
1,0.3,690,756,208,56,0.0826052422558,0.269230769231,0.0740740740741,0.896723646724
1,0.3,691,756,208,52,0.0826052422558,0.25,0.0687830687831,0.832671957672
1,0.3,692,756,208,55,0.0826052422558,0.264423076923,0.0727513227513,0.880710724461
1,0.3,693,756,208,77,0.0826052422558,0.370192307692,0.101851851852,1.23299501425
1,0.3,694,756,208,50,0.0826052422558,0.240384615385,0.0661375661376,0.800646113146
1,0.3,695,756,208,65,0.0826052422558,0.3125,0.0859788359788,1.04083994709
1,0.3,696,756,208,68,0.0826052422558,0.326923076923,0.0899470899471,1.08887871388
1,0.3,697,756,208,63,0.0826052422558,0.302884615385,0.0833333333333,1.00881410256
1,0.3,698,756,208,68,0.0826052422558,0.326923076923,0.0899470899471,1.08887871388
1,0.3,699,756,208,56,0.0826052422558,0.269230769231,0.0740740740741,0.896723646724
1,0.3,700,756,208,70,0.0826052422558,0.336538461538,0.0925925925926,1.1209045584
1,0.3,701,756,208,63,0.0826052422558,0.302884615385,0.0833333333333,1.00881410256
1,0.3,702,756,208,69,0.0826052422558,0.331730769231,0.0912698412698,1.10489163614
1,0.3,703,756,208,74,0.0826052422558,0.355769230769,0.0978835978836,1.18495624746
1,0.3,704,756,208,65,0.0826052422558,0.3125,0.0859788359788,1.04083994709
1,0.3,705,756,208,67,0.0826052422558,0.322115384615,0.0886243386243,1.07286579162
1,0.3,706,756,208,63,0.0826052422558,0.302884615385,0.0833333333333,1.00881410256
1,0.3,707,756,208,53,0.0826052422558,0.254807692308,0.0701058201058,0.848684879935
1,0.3,708,756,208,63,0.0826052422558,0.302884615385,0.0833333333333,1.00881410256
1,0.3,709,756,208,62,0.0826052422558,0.298076923077,0.0820105820106,0.992801180301
1,0.3,710,756,208,58,0.0826052422558,0.278846153846,0.0767195767196,0.928749491249
1,0.3,711,756,208,68,0.0826052422558,0.326923076923,0.0899470899471,1.08887871388
1,0.3,712,756,208,68,0.0826052422558,0.326923076923,0.0899470899471,1.08887871388
1,0.3,713,756,208,53,0.0826052422558,0.254807692308,0.0701058201058,0.848684879935
1,0.3,714,756,208,65,0.0826052422558,0.3125,0.0859788359788,1.04083994709
1,0.3,715,756,208,64,0.0826052422558,0.307692307692,0.0846560846561,1.02482702483
1,0.3,716,756,208,58,0.0826052422558,0.278846153846,0.0767195767196,0.928749491249
1,0.3,717,756,208,65,0.0826052422558,0.3125,0.0859788359788,1.04083994709
1,0.3,718,756,208,64,0.0826052422558,0.307692307692,0.0846560846561,1.02482702483
1,0.3,719,756,208,72,0.0826052422558,0.346153846154,0.0952380952381,1.15293040293
1,0.3,720,756,208,69,0.0826052422558,0.331730769231,0.0912698412698,1.10489163614
1,0.3,721,756,208,73,0.0826052422558,0.350961538462,0.0965608465608,1.16894332519
1,0.3,722,756,208,64,0.0826052422558,0.307692307692,0.0846560846561,1.02482702483
1,0.3,723,756,208,67,0.0826052422558,0.322115384615,0.0886243386243,1.07286579162
1,0.3,724,756,208,67,0.0826052422558,0.322115384615,0.0886243386243,1.07286579162
1,0.3,725,756,208,62,0.0826052422558,0.298076923077,0.0820105820106,0.992801180301
1,0.3,726,756,208,69,0.0826052422558,0.331730769231,0.0912698412698,1.10489163614
1,0.3,727,756,208,62,0.0826052422558,0.298076923077,0.0820105820106,0.992801180301
1,0.3,728,756,208,51,0.0826052422558,0.245192307692,0.0674603174603,0.816659035409
1,0.3,729,756,208,62,0.0826052422558,0.298076923077,0.0820105820106,0.992801180301
1,0.3,730,756,208,68,0.0826052422558,0.326923076923,0.0899470899471,1.08887871388
1,0.3,731,756,208,68,0.0826052422558,0.326923076923,0.0899470899471,1.08887871388
1,0.3,732,756,208,54,0.0826052422558,0.259615384615,0.0714285714286,0.864697802198
1,0.3,733,756,208,51,0.0826052422558,0.245192307692,0.0674603174603,0.816659035409
1,0.3,734,756,208,64,0.0826052422558,0.307692307692,0.0846560846561,1.02482702483
1,0.3,735,756,208,54,0.0826052422558,0.259615384615,0.0714285714286,0.864697802198
1,0.3,736,756,208,75,0.0826052422558,0.360576923077,0.0992063492063,1.20096916972
1,0.3,737,756,208,45,0.0826052422558,0.216346153846,0.0595238095238,0.720581501832
1,0.3,738,756,208,56,0.0826052422558,0.269230769231,0.0740740740741,0.896723646724
1,0.3,739,756,208,75,0.0826052422558,0.360576923077,0.0992063492063,1.20096916972
1,0.3,740,756,208,60,0.0826052422558,0.288461538462,0.0793650793651,0.960775335775
1,0.3,741,756,208,64,0.0826052422558,0.307692307692,0.0846560846561,1.02482702483
1,0.3,742,756,208,61,0.0826052422558,0.293269230769,0.0806878306878,0.976788258038
1,0.3,743,756,208,72,0.0826052422558,0.346153846154,0.0952380952381,1.15293040293
1,0.3,744,756,208,64,0.0826052422558,0.307692307692,0.0846560846561,1.02482702483
1,0.3,745,756,208,64,0.0826052422558,0.307692307692,0.0846560846561,1.02482702483
1,0.3,746,756,208,53,0.0826052422558,0.254807692308,0.0701058201058,0.848684879935
1,0.3,747,756,208,53,0.0826052422558,0.254807692308,0.0701058201058,0.848684879935
1,0.3,748,756,208,74,0.0826052422558,0.355769230769,0.0978835978836,1.18495624746
1,0.3,749,756,208,58,0.0826052422558,0.278846153846,0.0767195767196,0.928749491249
1,0.3,750,756,208,53,0.0826052422558,0.254807692308,0.0701058201058,0.848684879935
1,0.3,751,756,208,69,0.0826052422558,0.331730769231,0.0912698412698,1.10489163614
1,0.3,752,756,208,63,0.0826052422558,0.302884615385,0.0833333333333,1.00881410256
1,0.3,753,756,208,57,0.0826052422558,0.274038461538,0.0753968253968,0.912736568987
1,0.3,754,756,208,58,0.0826052422558,0.278846153846,0.0767195767196,0.928749491249
1,0.3,755,756,208,51,0.0826052422558,0.245192307692,0.0674603174603,0.816659035409
1,0.3,756,756,208,69,0.0826052422558,0.331730769231,0.0912698412698,1.10489163614
1,0.3,757,756,208,61,0.0826052422558,0.293269230769,0.0806878306878,0.976788258038
1,0.3,758,756,208,65,0.0826052422558,0.3125,0.0859788359788,1.04083994709
1,0.3,759,756,208,66,0.0826052422558,0.317307692308,0.0873015873016,1.05685286935
1,0.3,760,756,208,63,0.0826052422558,0.302884615385,0.0833333333333,1.00881410256
1,0.3,761,756,208,58,0.0826052422558,0.278846153846,0.0767195767196,0.928749491249
1,0.3,762,756,208,54,0.0826052422558,0.259615384615,0.0714285714286,0.864697802198
1,0.3,763,756,208,55,0.0826052422558,0.264423076923,0.0727513227513,0.880710724461
1,0.3,764,756,208,62,0.0826052422558,0.298076923077,0.0820105820106,0.992801180301
1,0.3,765,756,208,65,0.0826052422558,0.3125,0.0859788359788,1.04083994709
1,0.3,766,756,208,54,0.0826052422558,0.259615384615,0.0714285714286,0.864697802198
1,0.3,767,756,208,53,0.0826052422558,0.254807692308,0.0701058201058,0.848684879935
1,0.3,768,756,208,54,0.0826052422558,0.259615384615,0.0714285714286,0.864697802198
1,0.3,769,756,208,60,0.0826052422558,0.288461538462,0.0793650793651,0.960775335775
1,0.3,770,756,208,65,0.0826052422558,0.3125,0.0859788359788,1.04083994709
1,0.3,771,756,208,72,0.0826052422558,0.346153846154,0.0952380952381,1.15293040293
1,0.3,772,756,208,62,0.0826052422558,0.298076923077,0.0820105820106,0.992801180301
1,0.3,773,756,208,54,0.0826052422558,0.259615384615,0.0714285714286,0.864697802198
1,0.3,774,756,208,62,0.0826052422558,0.298076923077,0.0820105820106,0.992801180301
1,0.3,775,756,208,61,0.0826052422558,0.293269230769,0.0806878306878,0.976788258038
1,0.3,776,756,208,60,0.0826052422558,0.288461538462,0.0793650793651,0.960775335775
1,0.3,777,756,208,59,0.0826052422558,0.283653846154,0.0780423280423,0.944762413512
1,0.3,778,756,208,53,0.0826052422558,0.254807692308,0.0701058201058,0.848684879935
1,0.3,779,756,208,54,0.0826052422558,0.259615384615,0.0714285714286,0.864697802198
1,0.3,780,756,208,56,0.0826052422558,0.269230769231,0.0740740740741,0.896723646724
1,0.3,781,756,208,53,0.0826052422558,0.254807692308,0.0701058201058,0.848684879935
1,0.3,782,756,208,59,0.0826052422558,0.283653846154,0.0780423280423,0.944762413512
1,0.3,783,756,208,51,0.0826052422558,0.245192307692,0.0674603174603,0.816659035409
1,0.3,784,756,208,67,0.0826052422558,0.322115384615,0.0886243386243,1.07286579162
1,0.3,785,756,208,61,0.0826052422558,0.293269230769,0.0806878306878,0.976788258038
1,0.3,786,756,208,60,0.0826052422558,0.288461538462,0.0793650793651,0.960775335775
1,0.3,787,756,208,64,0.0826052422558,0.307692307692,0.0846560846561,1.02482702483
1,0.3,788,756,208,62,0.0826052422558,0.298076923077,0.0820105820106,0.992801180301
1,0.3,789,756,208,59,0.0826052422558,0.283653846154,0.0780423280423,0.944762413512
1,0.3,790,756,208,63,0.0826052422558,0.302884615385,0.0833333333333,1.00881410256
1,0.3,791,756,208,70,0.0826052422558,0.336538461538,0.0925925925926,1.1209045584
1,0.3,792,756,208,61,0.0826052422558,0.293269230769,0.0806878306878,0.976788258038
1,0.3,793,756,208,55,0.0826052422558,0.264423076923,0.0727513227513,0.880710724461
1,0.3,794,756,208,68,0.0826052422558,0.326923076923,0.0899470899471,1.08887871388
1,0.3,795,756,208,57,0.0826052422558,0.274038461538,0.0753968253968,0.912736568987
1,0.3,796,756,208,52,0.0826052422558,0.25,0.0687830687831,0.832671957672
1,0.3,797,756,208,61,0.0826052422558,0.293269230769,0.0806878306878,0.976788258038
1,0.3,798,756,208,48,0.0826052422558,0.230769230769,0.0634920634921,0.76862026862
1,0.3,799,756,208,62,0.0826052422558,0.298076923077,0.0820105820106,0.992801180301
1,0.3,800,756,208,61,0.0826052422558,0.293269230769,0.0806878306878,0.976788258038
1,0.3,801,756,208,68,0.0826052422558,0.326923076923,0.0899470899471,1.08887871388
1,0.3,802,756,208,68,0.0826052422558,0.326923076923,0.0899470899471,1.08887871388
1,0.3,803,756,208,65,0.0826052422558,0.3125,0.0859788359788,1.04083994709
1,0.3,804,756,208,69,0.0826052422558,0.331730769231,0.0912698412698,1.10489163614
1,0.3,805,756,208,53,0.0826052422558,0.254807692308,0.0701058201058,0.848684879935
1,0.3,806,756,208,60,0.0826052422558,0.288461538462,0.0793650793651,0.960775335775
1,0.3,807,756,208,54,0.0826052422558,0.259615384615,0.0714285714286,0.864697802198
1,0.3,808,756,208,62,0.0826052422558,0.298076923077,0.0820105820106,0.992801180301
1,0.3,809,756,208,62,0.0826052422558,0.298076923077,0.0820105820106,0.992801180301
1,0.3,810,756,208,69,0.0826052422558,0.331730769231,0.0912698412698,1.10489163614
1,0.3,811,756,208,55,0.0826052422558,0.264423076923,0.0727513227513,0.880710724461
1,0.3,812,756,208,65,0.0826052422558,0.3125,0.0859788359788,1.04083994709
1,0.3,813,756,208,60,0.0826052422558,0.288461538462,0.0793650793651,0.960775335775
1,0.3,814,756,208,66,0.0826052422558,0.317307692308,0.0873015873016,1.05685286935
1,0.3,815,756,208,68,0.0826052422558,0.326923076923,0.0899470899471,1.08887871388
1,0.3,816,756,208,66,0.0826052422558,0.317307692308,0.0873015873016,1.05685286935
1,0.3,817,756,208,56,0.0826052422558,0.269230769231,0.0740740740741,0.896723646724
1,0.3,818,756,208,64,0.0826052422558,0.307692307692,0.0846560846561,1.02482702483
1,0.3,819,756,208,49,0.0826052422558,0.235576923077,0.0648148148148,0.784633190883
1,0.3,820,756,208,67,0.0826052422558,0.322115384615,0.0886243386243,1.07286579162
1,0.3,821,756,208,71,0.0826052422558,0.341346153846,0.0939153439153,1.13691748067
1,0.3,822,756,208,67,0.0826052422558,0.322115384615,0.0886243386243,1.07286579162
1,0.3,823,756,208,63,0.0826052422558,0.302884615385,0.0833333333333,1.00881410256
1,0.3,824,756,208,51,0.0826052422558,0.245192307692,0.0674603174603,0.816659035409
1,0.3,825,756,208,57,0.0826052422558,0.274038461538,0.0753968253968,0.912736568987
1,0.3,826,756,208,61,0.0826052422558,0.293269230769,0.0806878306878,0.976788258038
1,0.3,827,756,208,64,0.0826052422558,0.307692307692,0.0846560846561,1.02482702483
1,0.3,828,756,208,54,0.0826052422558,0.259615384615,0.0714285714286,0.864697802198
1,0.3,829,756,208,58,0.0826052422558,0.278846153846,0.0767195767196,0.928749491249
1,0.3,830,756,208,65,0.0826052422558,0.3125,0.0859788359788,1.04083994709
1,0.3,831,756,208,62,0.0826052422558,0.298076923077,0.0820105820106,0.992801180301
1,0.3,832,756,208,70,0.0826052422558,0.336538461538,0.0925925925926,1.1209045584
1,0.3,833,756,208,67,0.0826052422558,0.322115384615,0.0886243386243,1.07286579162
1,0.3,834,756,208,68,0.0826052422558,0.326923076923,0.0899470899471,1.08887871388
1,0.3,835,756,208,50,0.0826052422558,0.240384615385,0.0661375661376,0.800646113146
1,0.3,836,756,208,68,0.0826052422558,0.326923076923,0.0899470899471,1.08887871388
1,0.3,837,756,208,51,0.0826052422558,0.245192307692,0.0674603174603,0.816659035409
1,0.3,838,756,208,71,0.0826052422558,0.341346153846,0.0939153439153,1.13691748067
1,0.3,839,756,208,57,0.0826052422558,0.274038461538,0.0753968253968,0.912736568987
1,0.3,840,756,208,46,0.0826052422558,0.221153846154,0.0608465608466,0.736594424094
1,0.3,841,756,208,62,0.0826052422558,0.298076923077,0.0820105820106,0.992801180301
1,0.3,842,756,208,55,0.0826052422558,0.264423076923,0.0727513227513,0.880710724461
1,0.3,843,756,208,68,0.0826052422558,0.326923076923,0.0899470899471,1.08887871388
1,0.3,844,756,208,57,0.0826052422558,0.274038461538,0.0753968253968,0.912736568987
1,0.3,845,756,208,63,0.0826052422558,0.302884615385,0.0833333333333,1.00881410256
1,0.3,846,756,208,64,0.0826052422558,0.307692307692,0.0846560846561,1.02482702483
1,0.3,847,756,208,60,0.0826052422558,0.288461538462,0.0793650793651,0.960775335775
1,0.3,848,756,208,71,0.0826052422558,0.341346153846,0.0939153439153,1.13691748067
1,0.3,849,756,208,65,0.0826052422558,0.3125,0.0859788359788,1.04083994709
1,0.3,850,756,208,64,0.0826052422558,0.307692307692,0.0846560846561,1.02482702483
1,0.3,851,756,208,59,0.0826052422558,0.283653846154,0.0780423280423,0.944762413512
1,0.3,852,756,208,59,0.0826052422558,0.283653846154,0.0780423280423,0.944762413512
1,0.3,853,756,208,64,0.0826052422558,0.307692307692,0.0846560846561,1.02482702483
1,0.3,854,756,208,72,0.0826052422558,0.346153846154,0.0952380952381,1.15293040293
1,0.3,855,756,208,58,0.0826052422558,0.278846153846,0.0767195767196,0.928749491249
1,0.3,856,756,208,56,0.0826052422558,0.269230769231,0.0740740740741,0.896723646724
1,0.3,857,756,208,63,0.0826052422558,0.302884615385,0.0833333333333,1.00881410256
1,0.3,858,756,208,58,0.0826052422558,0.278846153846,0.0767195767196,0.928749491249
1,0.3,859,756,208,75,0.0826052422558,0.360576923077,0.0992063492063,1.20096916972
1,0.3,860,756,208,61,0.0826052422558,0.293269230769,0.0806878306878,0.976788258038
1,0.3,861,756,208,72,0.0826052422558,0.346153846154,0.0952380952381,1.15293040293
1,0.3,862,756,208,60,0.0826052422558,0.288461538462,0.0793650793651,0.960775335775
1,0.3,863,756,208,69,0.0826052422558,0.331730769231,0.0912698412698,1.10489163614
1,0.3,864,756,208,68,0.0826052422558,0.326923076923,0.0899470899471,1.08887871388
1,0.3,865,756,208,71,0.0826052422558,0.341346153846,0.0939153439153,1.13691748067
1,0.3,866,756,208,66,0.0826052422558,0.317307692308,0.0873015873016,1.05685286935
1,0.3,867,756,208,55,0.0826052422558,0.264423076923,0.0727513227513,0.880710724461
1,0.3,868,756,208,61,0.0826052422558,0.293269230769,0.0806878306878,0.976788258038
1,0.3,869,756,208,54,0.0826052422558,0.259615384615,0.0714285714286,0.864697802198
1,0.3,870,756,208,64,0.0826052422558,0.307692307692,0.0846560846561,1.02482702483
1,0.3,871,756,208,79,0.0826052422558,0.379807692308,0.104497354497,1.26502085877
1,0.3,872,756,208,63,0.0826052422558,0.302884615385,0.0833333333333,1.00881410256
1,0.3,873,756,208,58,0.0826052422558,0.278846153846,0.0767195767196,0.928749491249
1,0.3,874,756,208,57,0.0826052422558,0.274038461538,0.0753968253968,0.912736568987
1,0.3,875,756,208,60,0.0826052422558,0.288461538462,0.0793650793651,0.960775335775
1,0.3,876,756,208,50,0.0826052422558,0.240384615385,0.0661375661376,0.800646113146
1,0.3,877,756,208,57,0.0826052422558,0.274038461538,0.0753968253968,0.912736568987
1,0.3,878,756,208,59,0.0826052422558,0.283653846154,0.0780423280423,0.944762413512
1,0.3,879,756,208,56,0.0826052422558,0.269230769231,0.0740740740741,0.896723646724
1,0.3,880,756,208,68,0.0826052422558,0.326923076923,0.0899470899471,1.08887871388
1,0.3,881,756,208,74,0.0826052422558,0.355769230769,0.0978835978836,1.18495624746
1,0.3,882,756,208,70,0.0826052422558,0.336538461538,0.0925925925926,1.1209045584
1,0.3,883,756,208,57,0.0826052422558,0.274038461538,0.0753968253968,0.912736568987
1,0.3,884,756,208,67,0.0826052422558,0.322115384615,0.0886243386243,1.07286579162
1,0.3,885,756,208,59,0.0826052422558,0.283653846154,0.0780423280423,0.944762413512
1,0.3,886,756,208,66,0.0826052422558,0.317307692308,0.0873015873016,1.05685286935
1,0.3,887,756,208,54,0.0826052422558,0.259615384615,0.0714285714286,0.864697802198
1,0.3,888,756,208,55,0.0826052422558,0.264423076923,0.0727513227513,0.880710724461
1,0.3,889,756,208,64,0.0826052422558,0.307692307692,0.0846560846561,1.02482702483
1,0.3,890,756,208,59,0.0826052422558,0.283653846154,0.0780423280423,0.944762413512
1,0.3,891,756,208,70,0.0826052422558,0.336538461538,0.0925925925926,1.1209045584
1,0.3,892,756,208,61,0.0826052422558,0.293269230769,0.0806878306878,0.976788258038
1,0.3,893,756,208,64,0.0826052422558,0.307692307692,0.0846560846561,1.02482702483
1,0.3,894,756,208,54,0.0826052422558,0.259615384615,0.0714285714286,0.864697802198
1,0.3,895,756,208,59,0.0826052422558,0.283653846154,0.0780423280423,0.944762413512
1,0.3,896,756,208,52,0.0826052422558,0.25,0.0687830687831,0.832671957672
1,0.3,897,756,208,55,0.0826052422558,0.264423076923,0.0727513227513,0.880710724461
1,0.3,898,756,208,68,0.0826052422558,0.326923076923,0.0899470899471,1.08887871388
1,0.3,899,756,208,70,0.0826052422558,0.336538461538,0.0925925925926,1.1209045584
1,0.3,900,756,208,56,0.0826052422558,0.269230769231,0.0740740740741,0.896723646724
1,0.3,901,756,208,82,0.0826052422558,0.394230769231,0.108465608466,1.31305962556
1,0.3,902,756,208,70,0.0826052422558,0.336538461538,0.0925925925926,1.1209045584
1,0.3,903,756,208,61,0.0826052422558,0.293269230769,0.0806878306878,0.976788258038
1,0.3,904,756,208,62,0.0826052422558,0.298076923077,0.0820105820106,0.992801180301
1,0.3,905,756,208,63,0.0826052422558,0.302884615385,0.0833333333333,1.00881410256
1,0.3,906,756,208,55,0.0826052422558,0.264423076923,0.0727513227513,0.880710724461
1,0.3,907,756,208,68,0.0826052422558,0.326923076923,0.0899470899471,1.08887871388
1,0.3,908,756,208,62,0.0826052422558,0.298076923077,0.0820105820106,0.992801180301
1,0.3,909,756,208,68,0.0826052422558,0.326923076923,0.0899470899471,1.08887871388
1,0.3,910,756,208,61,0.0826052422558,0.293269230769,0.0806878306878,0.976788258038
1,0.3,911,756,208,57,0.0826052422558,0.274038461538,0.0753968253968,0.912736568987
1,0.3,912,756,208,56,0.0826052422558,0.269230769231,0.0740740740741,0.896723646724
1,0.3,913,756,208,67,0.0826052422558,0.322115384615,0.0886243386243,1.07286579162
1,0.3,914,756,208,57,0.0826052422558,0.274038461538,0.0753968253968,0.912736568987
1,0.3,915,756,208,71,0.0826052422558,0.341346153846,0.0939153439153,1.13691748067
1,0.3,916,756,208,71,0.0826052422558,0.341346153846,0.0939153439153,1.13691748067
1,0.3,917,756,208,47,0.0826052422558,0.225961538462,0.0621693121693,0.752607346357
1,0.3,918,756,208,69,0.0826052422558,0.331730769231,0.0912698412698,1.10489163614
1,0.3,919,756,208,71,0.0826052422558,0.341346153846,0.0939153439153,1.13691748067
1,0.3,920,756,208,63,0.0826052422558,0.302884615385,0.0833333333333,1.00881410256
1,0.3,921,756,208,65,0.0826052422558,0.3125,0.0859788359788,1.04083994709
1,0.3,922,756,208,62,0.0826052422558,0.298076923077,0.0820105820106,0.992801180301
1,0.3,923,756,208,63,0.0826052422558,0.302884615385,0.0833333333333,1.00881410256
1,0.3,924,756,208,69,0.0826052422558,0.331730769231,0.0912698412698,1.10489163614
1,0.3,925,756,208,59,0.0826052422558,0.283653846154,0.0780423280423,0.944762413512
1,0.3,926,756,208,52,0.0826052422558,0.25,0.0687830687831,0.832671957672
1,0.3,927,756,208,78,0.0826052422558,0.375,0.103174603175,1.24900793651
1,0.3,928,756,208,65,0.0826052422558,0.3125,0.0859788359788,1.04083994709
1,0.3,929,756,208,57,0.0826052422558,0.274038461538,0.0753968253968,0.912736568987
1,0.3,930,756,208,58,0.0826052422558,0.278846153846,0.0767195767196,0.928749491249
1,0.3,931,756,208,67,0.0826052422558,0.322115384615,0.0886243386243,1.07286579162
1,0.3,932,756,208,66,0.0826052422558,0.317307692308,0.0873015873016,1.05685286935
1,0.3,933,756,208,63,0.0826052422558,0.302884615385,0.0833333333333,1.00881410256
1,0.3,934,756,208,69,0.0826052422558,0.331730769231,0.0912698412698,1.10489163614
1,0.3,935,756,208,59,0.0826052422558,0.283653846154,0.0780423280423,0.944762413512
1,0.3,936,756,208,70,0.0826052422558,0.336538461538,0.0925925925926,1.1209045584
1,0.3,937,756,208,64,0.0826052422558,0.307692307692,0.0846560846561,1.02482702483
1,0.3,938,756,208,66,0.0826052422558,0.317307692308,0.0873015873016,1.05685286935
1,0.3,939,756,208,57,0.0826052422558,0.274038461538,0.0753968253968,0.912736568987
1,0.3,940,756,208,71,0.0826052422558,0.341346153846,0.0939153439153,1.13691748067
1,0.3,941,756,208,66,0.0826052422558,0.317307692308,0.0873015873016,1.05685286935
1,0.3,942,756,208,66,0.0826052422558,0.317307692308,0.0873015873016,1.05685286935
1,0.3,943,756,208,55,0.0826052422558,0.264423076923,0.0727513227513,0.880710724461
1,0.3,944,756,208,62,0.0826052422558,0.298076923077,0.0820105820106,0.992801180301
1,0.3,945,756,208,51,0.0826052422558,0.245192307692,0.0674603174603,0.816659035409
1,0.3,946,756,208,63,0.0826052422558,0.302884615385,0.0833333333333,1.00881410256
1,0.3,947,756,208,59,0.0826052422558,0.283653846154,0.0780423280423,0.944762413512
1,0.3,948,756,208,64,0.0826052422558,0.307692307692,0.0846560846561,1.02482702483
1,0.3,949,756,208,63,0.0826052422558,0.302884615385,0.0833333333333,1.00881410256
1,0.3,950,756,208,73,0.0826052422558,0.350961538462,0.0965608465608,1.16894332519
1,0.3,951,756,208,62,0.0826052422558,0.298076923077,0.0820105820106,0.992801180301
1,0.3,952,756,208,58,0.0826052422558,0.278846153846,0.0767195767196,0.928749491249
1,0.3,953,756,208,56,0.0826052422558,0.269230769231,0.0740740740741,0.896723646724
1,0.3,954,756,208,74,0.0826052422558,0.355769230769,0.0978835978836,1.18495624746
1,0.3,955,756,208,58,0.0826052422558,0.278846153846,0.0767195767196,0.928749491249
1,0.3,956,756,208,72,0.0826052422558,0.346153846154,0.0952380952381,1.15293040293
1,0.3,957,756,208,59,0.0826052422558,0.283653846154,0.0780423280423,0.944762413512
1,0.3,958,756,208,64,0.0826052422558,0.307692307692,0.0846560846561,1.02482702483
1,0.3,959,756,208,58,0.0826052422558,0.278846153846,0.0767195767196,0.928749491249
1,0.3,960,756,208,68,0.0826052422558,0.326923076923,0.0899470899471,1.08887871388
1,0.3,961,756,208,59,0.0826052422558,0.283653846154,0.0780423280423,0.944762413512
1,0.3,962,756,208,56,0.0826052422558,0.269230769231,0.0740740740741,0.896723646724
1,0.3,963,756,208,53,0.0826052422558,0.254807692308,0.0701058201058,0.848684879935
1,0.3,964,756,208,68,0.0826052422558,0.326923076923,0.0899470899471,1.08887871388
1,0.3,965,756,208,65,0.0826052422558,0.3125,0.0859788359788,1.04083994709
1,0.3,966,756,208,53,0.0826052422558,0.254807692308,0.0701058201058,0.848684879935
1,0.3,967,756,208,64,0.0826052422558,0.307692307692,0.0846560846561,1.02482702483
1,0.3,968,756,208,63,0.0826052422558,0.302884615385,0.0833333333333,1.00881410256
1,0.3,969,756,208,69,0.0826052422558,0.331730769231,0.0912698412698,1.10489163614
1,0.3,970,756,208,49,0.0826052422558,0.235576923077,0.0648148148148,0.784633190883
1,0.3,971,756,208,56,0.0826052422558,0.269230769231,0.0740740740741,0.896723646724
1,0.3,972,756,208,74,0.0826052422558,0.355769230769,0.0978835978836,1.18495624746
1,0.3,973,756,208,62,0.0826052422558,0.298076923077,0.0820105820106,0.992801180301
1,0.3,974,756,208,56,0.0826052422558,0.269230769231,0.0740740740741,0.896723646724
1,0.3,975,756,208,56,0.0826052422558,0.269230769231,0.0740740740741,0.896723646724
1,0.3,976,756,208,75,0.0826052422558,0.360576923077,0.0992063492063,1.20096916972
1,0.3,977,756,208,67,0.0826052422558,0.322115384615,0.0886243386243,1.07286579162
1,0.3,978,756,208,58,0.0826052422558,0.278846153846,0.0767195767196,0.928749491249
1,0.3,979,756,208,66,0.0826052422558,0.317307692308,0.0873015873016,1.05685286935
1,0.3,980,756,208,68,0.0826052422558,0.326923076923,0.0899470899471,1.08887871388
1,0.3,981,756,208,59,0.0826052422558,0.283653846154,0.0780423280423,0.944762413512
1,0.3,982,756,208,69,0.0826052422558,0.331730769231,0.0912698412698,1.10489163614
1,0.3,983,756,208,64,0.0826052422558,0.307692307692,0.0846560846561,1.02482702483
1,0.3,984,756,208,63,0.0826052422558,0.302884615385,0.0833333333333,1.00881410256
1,0.3,985,756,208,58,0.0826052422558,0.278846153846,0.0767195767196,0.928749491249
1,0.3,986,756,208,49,0.0826052422558,0.235576923077,0.0648148148148,0.784633190883
1,0.3,987,756,208,73,0.0826052422558,0.350961538462,0.0965608465608,1.16894332519
1,0.3,988,756,208,62,0.0826052422558,0.298076923077,0.0820105820106,0.992801180301
1,0.3,989,756,208,59,0.0826052422558,0.283653846154,0.0780423280423,0.944762413512
1,0.3,990,756,208,60,0.0826052422558,0.288461538462,0.0793650793651,0.960775335775
1,0.3,991,756,208,57,0.0826052422558,0.274038461538,0.0753968253968,0.912736568987
1,0.3,992,756,208,60,0.0826052422558,0.288461538462,0.0793650793651,0.960775335775
1,0.3,993,756,208,72,0.0826052422558,0.346153846154,0.0952380952381,1.15293040293
1,0.3,994,756,208,63,0.0826052422558,0.302884615385,0.0833333333333,1.00881410256
1,0.3,995,756,208,60,0.0826052422558,0.288461538462,0.0793650793651,0.960775335775
1,0.3,996,756,208,71,0.0826052422558,0.341346153846,0.0939153439153,1.13691748067
1,0.3,997,756,208,64,0.0826052422558,0.307692307692,0.0846560846561,1.02482702483
1,0.3,998,756,208,70,0.0826052422558,0.336538461538,0.0925925925926,1.1209045584
1,0.3,999,756,208,61,0.0826052422558,0.293269230769,0.0806878306878,0.976788258038
1,0.3,1000,756,208,64,0.0826052422558,0.307692307692,0.0846560846561,1.02482702483
1.5,0.1,1,252,19,4,0.00754567116759,0.210526315789,0.015873015873,2.10359231412
1.5,0.1,2,252,19,1,0.00754567116759,0.0526315789474,0.00396825396825,0.52589807853
1.5,0.1,3,252,19,3,0.00754567116759,0.157894736842,0.0119047619048,1.57769423559
1.5,0.1,4,252,19,2,0.00754567116759,0.105263157895,0.00793650793651,1.05179615706
1.5,0.1,5,252,19,3,0.00754567116759,0.157894736842,0.0119047619048,1.57769423559
1.5,0.1,6,252,19,3,0.00754567116759,0.157894736842,0.0119047619048,1.57769423559
1.5,0.1,7,252,19,3,0.00754567116759,0.157894736842,0.0119047619048,1.57769423559
1.5,0.1,8,252,19,1,0.00754567116759,0.0526315789474,0.00396825396825,0.52589807853
1.5,0.1,9,252,19,0,0.00754567116759,0,0,0
1.5,0.1,10,252,19,0,0.00754567116759,0,0,0
1.5,0.1,11,252,19,4,0.00754567116759,0.210526315789,0.015873015873,2.10359231412
1.5,0.1,12,252,19,4,0.00754567116759,0.210526315789,0.015873015873,2.10359231412
1.5,0.1,13,252,19,2,0.00754567116759,0.105263157895,0.00793650793651,1.05179615706
1.5,0.1,14,252,19,3,0.00754567116759,0.157894736842,0.0119047619048,1.57769423559
1.5,0.1,15,252,19,1,0.00754567116759,0.0526315789474,0.00396825396825,0.52589807853
1.5,0.1,16,252,19,2,0.00754567116759,0.105263157895,0.00793650793651,1.05179615706
1.5,0.1,17,252,19,1,0.00754567116759,0.0526315789474,0.00396825396825,0.52589807853
1.5,0.1,18,252,19,0,0.00754567116759,0,0,0
1.5,0.1,19,252,19,2,0.00754567116759,0.105263157895,0.00793650793651,1.05179615706
1.5,0.1,20,252,19,2,0.00754567116759,0.105263157895,0.00793650793651,1.05179615706
1.5,0.1,21,252,19,0,0.00754567116759,0,0,0
1.5,0.1,22,252,19,1,0.00754567116759,0.0526315789474,0.00396825396825,0.52589807853
1.5,0.1,23,252,19,0,0.00754567116759,0,0,0
1.5,0.1,24,252,19,1,0.00754567116759,0.0526315789474,0.00396825396825,0.52589807853
1.5,0.1,25,252,19,4,0.00754567116759,0.210526315789,0.015873015873,2.10359231412
1.5,0.1,26,252,19,2,0.00754567116759,0.105263157895,0.00793650793651,1.05179615706
1.5,0.1,27,252,19,2,0.00754567116759,0.105263157895,0.00793650793651,1.05179615706
1.5,0.1,28,252,19,1,0.00754567116759,0.0526315789474,0.00396825396825,0.52589807853
1.5,0.1,29,252,19,2,0.00754567116759,0.105263157895,0.00793650793651,1.05179615706
1.5,0.1,30,252,19,2,0.00754567116759,0.105263157895,0.00793650793651,1.05179615706
1.5,0.1,31,252,19,4,0.00754567116759,0.210526315789,0.015873015873,2.10359231412
1.5,0.1,32,252,19,3,0.00754567116759,0.157894736842,0.0119047619048,1.57769423559
1.5,0.1,33,252,19,4,0.00754567116759,0.210526315789,0.015873015873,2.10359231412
1.5,0.1,34,252,19,2,0.00754567116759,0.105263157895,0.00793650793651,1.05179615706
1.5,0.1,35,252,19,4,0.00754567116759,0.210526315789,0.015873015873,2.10359231412
1.5,0.1,36,252,19,1,0.00754567116759,0.0526315789474,0.00396825396825,0.52589807853
1.5,0.1,37,252,19,2,0.00754567116759,0.105263157895,0.00793650793651,1.05179615706
1.5,0.1,38,252,19,2,0.00754567116759,0.105263157895,0.00793650793651,1.05179615706
1.5,0.1,39,252,19,3,0.00754567116759,0.157894736842,0.0119047619048,1.57769423559
1.5,0.1,40,252,19,3,0.00754567116759,0.157894736842,0.0119047619048,1.57769423559
1.5,0.1,41,252,19,1,0.00754567116759,0.0526315789474,0.00396825396825,0.52589807853
1.5,0.1,42,252,19,1,0.00754567116759,0.0526315789474,0.00396825396825,0.52589807853
1.5,0.1,43,252,19,1,0.00754567116759,0.0526315789474,0.00396825396825,0.52589807853
1.5,0.1,44,252,19,1,0.00754567116759,0.0526315789474,0.00396825396825,0.52589807853
1.5,0.1,45,252,19,5,0.00754567116759,0.263157894737,0.0198412698413,2.62949039265
1.5,0.1,46,252,19,3,0.00754567116759,0.157894736842,0.0119047619048,1.57769423559
1.5,0.1,47,252,19,0,0.00754567116759,0,0,0
1.5,0.1,48,252,19,3,0.00754567116759,0.157894736842,0.0119047619048,1.57769423559
1.5,0.1,49,252,19,0,0.00754567116759,0,0,0
1.5,0.1,50,252,19,3,0.00754567116759,0.157894736842,0.0119047619048,1.57769423559
1.5,0.1,51,252,19,1,0.00754567116759,0.0526315789474,0.00396825396825,0.52589807853
1.5,0.1,52,252,19,0,0.00754567116759,0,0,0
1.5,0.1,53,252,19,2,0.00754567116759,0.105263157895,0.00793650793651,1.05179615706
1.5,0.1,54,252,19,4,0.00754567116759,0.210526315789,0.015873015873,2.10359231412
1.5,0.1,55,252,19,1,0.00754567116759,0.0526315789474,0.00396825396825,0.52589807853
1.5,0.1,56,252,19,4,0.00754567116759,0.210526315789,0.015873015873,2.10359231412
1.5,0.1,57,252,19,1,0.00754567116759,0.0526315789474,0.00396825396825,0.52589807853
1.5,0.1,58,252,19,4,0.00754567116759,0.210526315789,0.015873015873,2.10359231412
1.5,0.1,59,252,19,2,0.00754567116759,0.105263157895,0.00793650793651,1.05179615706
1.5,0.1,60,252,19,3,0.00754567116759,0.157894736842,0.0119047619048,1.57769423559
1.5,0.1,61,252,19,0,0.00754567116759,0,0,0
1.5,0.1,62,252,19,1,0.00754567116759,0.0526315789474,0.00396825396825,0.52589807853
1.5,0.1,63,252,19,1,0.00754567116759,0.0526315789474,0.00396825396825,0.52589807853
1.5,0.1,64,252,19,4,0.00754567116759,0.210526315789,0.015873015873,2.10359231412
1.5,0.1,65,252,19,3,0.00754567116759,0.157894736842,0.0119047619048,1.57769423559
1.5,0.1,66,252,19,2,0.00754567116759,0.105263157895,0.00793650793651,1.05179615706
1.5,0.1,67,252,19,1,0.00754567116759,0.0526315789474,0.00396825396825,0.52589807853
1.5,0.1,68,252,19,1,0.00754567116759,0.0526315789474,0.00396825396825,0.52589807853
1.5,0.1,69,252,19,1,0.00754567116759,0.0526315789474,0.00396825396825,0.52589807853
1.5,0.1,70,252,19,2,0.00754567116759,0.105263157895,0.00793650793651,1.05179615706
1.5,0.1,71,252,19,2,0.00754567116759,0.105263157895,0.00793650793651,1.05179615706
1.5,0.1,72,252,19,0,0.00754567116759,0,0,0
1.5,0.1,73,252,19,3,0.00754567116759,0.157894736842,0.0119047619048,1.57769423559
1.5,0.1,74,252,19,1,0.00754567116759,0.0526315789474,0.00396825396825,0.52589807853
1.5,0.1,75,252,19,2,0.00754567116759,0.105263157895,0.00793650793651,1.05179615706
1.5,0.1,76,252,19,1,0.00754567116759,0.0526315789474,0.00396825396825,0.52589807853
1.5,0.1,77,252,19,2,0.00754567116759,0.105263157895,0.00793650793651,1.05179615706
1.5,0.1,78,252,19,1,0.00754567116759,0.0526315789474,0.00396825396825,0.52589807853
1.5,0.1,79,252,19,0,0.00754567116759,0,0,0
1.5,0.1,80,252,19,4,0.00754567116759,0.210526315789,0.015873015873,2.10359231412
1.5,0.1,81,252,19,2,0.00754567116759,0.105263157895,0.00793650793651,1.05179615706
1.5,0.1,82,252,19,2,0.00754567116759,0.105263157895,0.00793650793651,1.05179615706
1.5,0.1,83,252,19,3,0.00754567116759,0.157894736842,0.0119047619048,1.57769423559
1.5,0.1,84,252,19,4,0.00754567116759,0.210526315789,0.015873015873,2.10359231412
1.5,0.1,85,252,19,3,0.00754567116759,0.157894736842,0.0119047619048,1.57769423559
1.5,0.1,86,252,19,3,0.00754567116759,0.157894736842,0.0119047619048,1.57769423559
1.5,0.1,87,252,19,1,0.00754567116759,0.0526315789474,0.00396825396825,0.52589807853
1.5,0.1,88,252,19,3,0.00754567116759,0.157894736842,0.0119047619048,1.57769423559
1.5,0.1,89,252,19,2,0.00754567116759,0.105263157895,0.00793650793651,1.05179615706
1.5,0.1,90,252,19,2,0.00754567116759,0.105263157895,0.00793650793651,1.05179615706
1.5,0.1,91,252,19,0,0.00754567116759,0,0,0
1.5,0.1,92,252,19,0,0.00754567116759,0,0,0
1.5,0.1,93,252,19,1,0.00754567116759,0.0526315789474,0.00396825396825,0.52589807853
1.5,0.1,94,252,19,3,0.00754567116759,0.157894736842,0.0119047619048,1.57769423559
1.5,0.1,95,252,19,5,0.00754567116759,0.263157894737,0.0198412698413,2.62949039265
1.5,0.1,96,252,19,1,0.00754567116759,0.0526315789474,0.00396825396825,0.52589807853
1.5,0.1,97,252,19,2,0.00754567116759,0.105263157895,0.00793650793651,1.05179615706
1.5,0.1,98,252,19,2,0.00754567116759,0.105263157895,0.00793650793651,1.05179615706
1.5,0.1,99,252,19,2,0.00754567116759,0.105263157895,0.00793650793651,1.05179615706
1.5,0.1,100,252,19,3,0.00754567116759,0.157894736842,0.0119047619048,1.57769423559
1.5,0.1,101,252,19,4,0.00754567116759,0.210526315789,0.015873015873,2.10359231412
1.5,0.1,102,252,19,1,0.00754567116759,0.0526315789474,0.00396825396825,0.52589807853
1.5,0.1,103,252,19,1,0.00754567116759,0.0526315789474,0.00396825396825,0.52589807853
1.5,0.1,104,252,19,4,0.00754567116759,0.210526315789,0.015873015873,2.10359231412
1.5,0.1,105,252,19,1,0.00754567116759,0.0526315789474,0.00396825396825,0.52589807853
1.5,0.1,106,252,19,3,0.00754567116759,0.157894736842,0.0119047619048,1.57769423559
1.5,0.1,107,252,19,2,0.00754567116759,0.105263157895,0.00793650793651,1.05179615706
1.5,0.1,108,252,19,3,0.00754567116759,0.157894736842,0.0119047619048,1.57769423559
1.5,0.1,109,252,19,3,0.00754567116759,0.157894736842,0.0119047619048,1.57769423559
1.5,0.1,110,252,19,0,0.00754567116759,0,0,0
1.5,0.1,111,252,19,5,0.00754567116759,0.263157894737,0.0198412698413,2.62949039265
1.5,0.1,112,252,19,2,0.00754567116759,0.105263157895,0.00793650793651,1.05179615706
1.5,0.1,113,252,19,3,0.00754567116759,0.157894736842,0.0119047619048,1.57769423559
1.5,0.1,114,252,19,2,0.00754567116759,0.105263157895,0.00793650793651,1.05179615706
1.5,0.1,115,252,19,2,0.00754567116759,0.105263157895,0.00793650793651,1.05179615706
1.5,0.1,116,252,19,1,0.00754567116759,0.0526315789474,0.00396825396825,0.52589807853
1.5,0.1,117,252,19,1,0.00754567116759,0.0526315789474,0.00396825396825,0.52589807853
1.5,0.1,118,252,19,0,0.00754567116759,0,0,0
1.5,0.1,119,252,19,3,0.00754567116759,0.157894736842,0.0119047619048,1.57769423559
1.5,0.1,120,252,19,3,0.00754567116759,0.157894736842,0.0119047619048,1.57769423559
1.5,0.1,121,252,19,4,0.00754567116759,0.210526315789,0.015873015873,2.10359231412
1.5,0.1,122,252,19,4,0.00754567116759,0.210526315789,0.015873015873,2.10359231412
1.5,0.1,123,252,19,0,0.00754567116759,0,0,0
1.5,0.1,124,252,19,2,0.00754567116759,0.105263157895,0.00793650793651,1.05179615706
1.5,0.1,125,252,19,2,0.00754567116759,0.105263157895,0.00793650793651,1.05179615706
1.5,0.1,126,252,19,4,0.00754567116759,0.210526315789,0.015873015873,2.10359231412
1.5,0.1,127,252,19,1,0.00754567116759,0.0526315789474,0.00396825396825,0.52589807853
1.5,0.1,128,252,19,2,0.00754567116759,0.105263157895,0.00793650793651,1.05179615706
1.5,0.1,129,252,19,3,0.00754567116759,0.157894736842,0.0119047619048,1.57769423559
1.5,0.1,130,252,19,1,0.00754567116759,0.0526315789474,0.00396825396825,0.52589807853
1.5,0.1,131,252,19,0,0.00754567116759,0,0,0
1.5,0.1,132,252,19,4,0.00754567116759,0.210526315789,0.015873015873,2.10359231412
1.5,0.1,133,252,19,5,0.00754567116759,0.263157894737,0.0198412698413,2.62949039265
1.5,0.1,134,252,19,2,0.00754567116759,0.105263157895,0.00793650793651,1.05179615706
1.5,0.1,135,252,19,1,0.00754567116759,0.0526315789474,0.00396825396825,0.52589807853
1.5,0.1,136,252,19,1,0.00754567116759,0.0526315789474,0.00396825396825,0.52589807853
1.5,0.1,137,252,19,1,0.00754567116759,0.0526315789474,0.00396825396825,0.52589807853
1.5,0.1,138,252,19,1,0.00754567116759,0.0526315789474,0.00396825396825,0.52589807853
1.5,0.1,139,252,19,0,0.00754567116759,0,0,0
1.5,0.1,140,252,19,3,0.00754567116759,0.157894736842,0.0119047619048,1.57769423559
1.5,0.1,141,252,19,2,0.00754567116759,0.105263157895,0.00793650793651,1.05179615706
1.5,0.1,142,252,19,1,0.00754567116759,0.0526315789474,0.00396825396825,0.52589807853
1.5,0.1,143,252,19,2,0.00754567116759,0.105263157895,0.00793650793651,1.05179615706
1.5,0.1,144,252,19,3,0.00754567116759,0.157894736842,0.0119047619048,1.57769423559
1.5,0.1,145,252,19,0,0.00754567116759,0,0,0
1.5,0.1,146,252,19,4,0.00754567116759,0.210526315789,0.015873015873,2.10359231412
1.5,0.1,147,252,19,2,0.00754567116759,0.105263157895,0.00793650793651,1.05179615706
1.5,0.1,148,252,19,4,0.00754567116759,0.210526315789,0.015873015873,2.10359231412
1.5,0.1,149,252,19,2,0.00754567116759,0.105263157895,0.00793650793651,1.05179615706
1.5,0.1,150,252,19,2,0.00754567116759,0.105263157895,0.00793650793651,1.05179615706
1.5,0.1,151,252,19,2,0.00754567116759,0.105263157895,0.00793650793651,1.05179615706
1.5,0.1,152,252,19,1,0.00754567116759,0.0526315789474,0.00396825396825,0.52589807853
1.5,0.1,153,252,19,2,0.00754567116759,0.105263157895,0.00793650793651,1.05179615706
1.5,0.1,154,252,19,2,0.00754567116759,0.105263157895,0.00793650793651,1.05179615706
1.5,0.1,155,252,19,2,0.00754567116759,0.105263157895,0.00793650793651,1.05179615706
1.5,0.1,156,252,19,1,0.00754567116759,0.0526315789474,0.00396825396825,0.52589807853
1.5,0.1,157,252,19,2,0.00754567116759,0.105263157895,0.00793650793651,1.05179615706
1.5,0.1,158,252,19,5,0.00754567116759,0.263157894737,0.0198412698413,2.62949039265
1.5,0.1,159,252,19,2,0.00754567116759,0.105263157895,0.00793650793651,1.05179615706
1.5,0.1,160,252,19,2,0.00754567116759,0.105263157895,0.00793650793651,1.05179615706
1.5,0.1,161,252,19,1,0.00754567116759,0.0526315789474,0.00396825396825,0.52589807853
1.5,0.1,162,252,19,4,0.00754567116759,0.210526315789,0.015873015873,2.10359231412
1.5,0.1,163,252,19,1,0.00754567116759,0.0526315789474,0.00396825396825,0.52589807853
1.5,0.1,164,252,19,0,0.00754567116759,0,0,0
1.5,0.1,165,252,19,3,0.00754567116759,0.157894736842,0.0119047619048,1.57769423559
1.5,0.1,166,252,19,1,0.00754567116759,0.0526315789474,0.00396825396825,0.52589807853
1.5,0.1,167,252,19,3,0.00754567116759,0.157894736842,0.0119047619048,1.57769423559
1.5,0.1,168,252,19,1,0.00754567116759,0.0526315789474,0.00396825396825,0.52589807853
1.5,0.1,169,252,19,2,0.00754567116759,0.105263157895,0.00793650793651,1.05179615706
1.5,0.1,170,252,19,1,0.00754567116759,0.0526315789474,0.00396825396825,0.52589807853
1.5,0.1,171,252,19,0,0.00754567116759,0,0,0
1.5,0.1,172,252,19,2,0.00754567116759,0.105263157895,0.00793650793651,1.05179615706
1.5,0.1,173,252,19,3,0.00754567116759,0.157894736842,0.0119047619048,1.57769423559
1.5,0.1,174,252,19,4,0.00754567116759,0.210526315789,0.015873015873,2.10359231412
1.5,0.1,175,252,19,0,0.00754567116759,0,0,0
1.5,0.1,176,252,19,0,0.00754567116759,0,0,0
1.5,0.1,177,252,19,1,0.00754567116759,0.0526315789474,0.00396825396825,0.52589807853
1.5,0.1,178,252,19,1,0.00754567116759,0.0526315789474,0.00396825396825,0.52589807853
1.5,0.1,179,252,19,0,0.00754567116759,0,0,0
1.5,0.1,180,252,19,2,0.00754567116759,0.105263157895,0.00793650793651,1.05179615706
1.5,0.1,181,252,19,2,0.00754567116759,0.105263157895,0.00793650793651,1.05179615706
1.5,0.1,182,252,19,1,0.00754567116759,0.0526315789474,0.00396825396825,0.52589807853
1.5,0.1,183,252,19,1,0.00754567116759,0.0526315789474,0.00396825396825,0.52589807853
1.5,0.1,184,252,19,3,0.00754567116759,0.157894736842,0.0119047619048,1.57769423559
1.5,0.1,185,252,19,1,0.00754567116759,0.0526315789474,0.00396825396825,0.52589807853
1.5,0.1,186,252,19,2,0.00754567116759,0.105263157895,0.00793650793651,1.05179615706
1.5,0.1,187,252,19,0,0.00754567116759,0,0,0
1.5,0.1,188,252,19,2,0.00754567116759,0.105263157895,0.00793650793651,1.05179615706
1.5,0.1,189,252,19,1,0.00754567116759,0.0526315789474,0.00396825396825,0.52589807853
1.5,0.1,190,252,19,4,0.00754567116759,0.210526315789,0.015873015873,2.10359231412
1.5,0.1,191,252,19,1,0.00754567116759,0.0526315789474,0.00396825396825,0.52589807853
1.5,0.1,192,252,19,3,0.00754567116759,0.157894736842,0.0119047619048,1.57769423559
1.5,0.1,193,252,19,1,0.00754567116759,0.0526315789474,0.00396825396825,0.52589807853
1.5,0.1,194,252,19,2,0.00754567116759,0.105263157895,0.00793650793651,1.05179615706
1.5,0.1,195,252,19,2,0.00754567116759,0.105263157895,0.00793650793651,1.05179615706
1.5,0.1,196,252,19,2,0.00754567116759,0.105263157895,0.00793650793651,1.05179615706
1.5,0.1,197,252,19,0,0.00754567116759,0,0,0
1.5,0.1,198,252,19,2,0.00754567116759,0.105263157895,0.00793650793651,1.05179615706
1.5,0.1,199,252,19,0,0.00754567116759,0,0,0
1.5,0.1,200,252,19,1,0.00754567116759,0.0526315789474,0.00396825396825,0.52589807853
1.5,0.1,201,252,19,2,0.00754567116759,0.105263157895,0.00793650793651,1.05179615706
1.5,0.1,202,252,19,4,0.00754567116759,0.210526315789,0.015873015873,2.10359231412
1.5,0.1,203,252,19,3,0.00754567116759,0.157894736842,0.0119047619048,1.57769423559
1.5,0.1,204,252,19,1,0.00754567116759,0.0526315789474,0.00396825396825,0.52589807853
1.5,0.1,205,252,19,1,0.00754567116759,0.0526315789474,0.00396825396825,0.52589807853
1.5,0.1,206,252,19,3,0.00754567116759,0.157894736842,0.0119047619048,1.57769423559
1.5,0.1,207,252,19,1,0.00754567116759,0.0526315789474,0.00396825396825,0.52589807853
1.5,0.1,208,252,19,4,0.00754567116759,0.210526315789,0.015873015873,2.10359231412
1.5,0.1,209,252,19,1,0.00754567116759,0.0526315789474,0.00396825396825,0.52589807853
1.5,0.1,210,252,19,0,0.00754567116759,0,0,0
1.5,0.1,211,252,19,1,0.00754567116759,0.0526315789474,0.00396825396825,0.52589807853
1.5,0.1,212,252,19,6,0.00754567116759,0.315789473684,0.0238095238095,3.15538847118
1.5,0.1,213,252,19,2,0.00754567116759,0.105263157895,0.00793650793651,1.05179615706
1.5,0.1,214,252,19,1,0.00754567116759,0.0526315789474,0.00396825396825,0.52589807853
1.5,0.1,215,252,19,2,0.00754567116759,0.105263157895,0.00793650793651,1.05179615706
1.5,0.1,216,252,19,2,0.00754567116759,0.105263157895,0.00793650793651,1.05179615706
1.5,0.1,217,252,19,2,0.00754567116759,0.105263157895,0.00793650793651,1.05179615706
1.5,0.1,218,252,19,5,0.00754567116759,0.263157894737,0.0198412698413,2.62949039265
1.5,0.1,219,252,19,0,0.00754567116759,0,0,0
1.5,0.1,220,252,19,2,0.00754567116759,0.105263157895,0.00793650793651,1.05179615706
1.5,0.1,221,252,19,3,0.00754567116759,0.157894736842,0.0119047619048,1.57769423559
1.5,0.1,222,252,19,1,0.00754567116759,0.0526315789474,0.00396825396825,0.52589807853
1.5,0.1,223,252,19,5,0.00754567116759,0.263157894737,0.0198412698413,2.62949039265
1.5,0.1,224,252,19,1,0.00754567116759,0.0526315789474,0.00396825396825,0.52589807853
1.5,0.1,225,252,19,0,0.00754567116759,0,0,0
1.5,0.1,226,252,19,0,0.00754567116759,0,0,0
1.5,0.1,227,252,19,2,0.00754567116759,0.105263157895,0.00793650793651,1.05179615706
1.5,0.1,228,252,19,4,0.00754567116759,0.210526315789,0.015873015873,2.10359231412
1.5,0.1,229,252,19,2,0.00754567116759,0.105263157895,0.00793650793651,1.05179615706
1.5,0.1,230,252,19,1,0.00754567116759,0.0526315789474,0.00396825396825,0.52589807853
1.5,0.1,231,252,19,1,0.00754567116759,0.0526315789474,0.00396825396825,0.52589807853
1.5,0.1,232,252,19,1,0.00754567116759,0.0526315789474,0.00396825396825,0.52589807853
1.5,0.1,233,252,19,4,0.00754567116759,0.210526315789,0.015873015873,2.10359231412
1.5,0.1,234,252,19,1,0.00754567116759,0.0526315789474,0.00396825396825,0.52589807853
1.5,0.1,235,252,19,2,0.00754567116759,0.105263157895,0.00793650793651,1.05179615706
1.5,0.1,236,252,19,2,0.00754567116759,0.105263157895,0.00793650793651,1.05179615706
1.5,0.1,237,252,19,1,0.00754567116759,0.0526315789474,0.00396825396825,0.52589807853
1.5,0.1,238,252,19,5,0.00754567116759,0.263157894737,0.0198412698413,2.62949039265
1.5,0.1,239,252,19,1,0.00754567116759,0.0526315789474,0.00396825396825,0.52589807853
1.5,0.1,240,252,19,2,0.00754567116759,0.105263157895,0.00793650793651,1.05179615706
1.5,0.1,241,252,19,3,0.00754567116759,0.157894736842,0.0119047619048,1.57769423559
1.5,0.1,242,252,19,1,0.00754567116759,0.0526315789474,0.00396825396825,0.52589807853
1.5,0.1,243,252,19,1,0.00754567116759,0.0526315789474,0.00396825396825,0.52589807853
1.5,0.1,244,252,19,4,0.00754567116759,0.210526315789,0.015873015873,2.10359231412
1.5,0.1,245,252,19,1,0.00754567116759,0.0526315789474,0.00396825396825,0.52589807853
1.5,0.1,246,252,19,0,0.00754567116759,0,0,0
1.5,0.1,247,252,19,5,0.00754567116759,0.263157894737,0.0198412698413,2.62949039265
1.5,0.1,248,252,19,1,0.00754567116759,0.0526315789474,0.00396825396825,0.52589807853
1.5,0.1,249,252,19,1,0.00754567116759,0.0526315789474,0.00396825396825,0.52589807853
1.5,0.1,250,252,19,3,0.00754567116759,0.157894736842,0.0119047619048,1.57769423559
1.5,0.1,251,252,19,4,0.00754567116759,0.210526315789,0.015873015873,2.10359231412
1.5,0.1,252,252,19,2,0.00754567116759,0.105263157895,0.00793650793651,1.05179615706
1.5,0.1,253,252,19,1,0.00754567116759,0.0526315789474,0.00396825396825,0.52589807853
1.5,0.1,254,252,19,3,0.00754567116759,0.157894736842,0.0119047619048,1.57769423559
1.5,0.1,255,252,19,3,0.00754567116759,0.157894736842,0.0119047619048,1.57769423559
1.5,0.1,256,252,19,2,0.00754567116759,0.105263157895,0.00793650793651,1.05179615706
1.5,0.1,257,252,19,3,0.00754567116759,0.157894736842,0.0119047619048,1.57769423559
1.5,0.1,258,252,19,2,0.00754567116759,0.105263157895,0.00793650793651,1.05179615706
1.5,0.1,259,252,19,3,0.00754567116759,0.157894736842,0.0119047619048,1.57769423559
1.5,0.1,260,252,19,2,0.00754567116759,0.105263157895,0.00793650793651,1.05179615706
1.5,0.1,261,252,19,3,0.00754567116759,0.157894736842,0.0119047619048,1.57769423559
1.5,0.1,262,252,19,1,0.00754567116759,0.0526315789474,0.00396825396825,0.52589807853
1.5,0.1,263,252,19,2,0.00754567116759,0.105263157895,0.00793650793651,1.05179615706
1.5,0.1,264,252,19,5,0.00754567116759,0.263157894737,0.0198412698413,2.62949039265
1.5,0.1,265,252,19,1,0.00754567116759,0.0526315789474,0.00396825396825,0.52589807853
1.5,0.1,266,252,19,1,0.00754567116759,0.0526315789474,0.00396825396825,0.52589807853
1.5,0.1,267,252,19,2,0.00754567116759,0.105263157895,0.00793650793651,1.05179615706
1.5,0.1,268,252,19,0,0.00754567116759,0,0,0
1.5,0.1,269,252,19,3,0.00754567116759,0.157894736842,0.0119047619048,1.57769423559
1.5,0.1,270,252,19,3,0.00754567116759,0.157894736842,0.0119047619048,1.57769423559
1.5,0.1,271,252,19,2,0.00754567116759,0.105263157895,0.00793650793651,1.05179615706
1.5,0.1,272,252,19,1,0.00754567116759,0.0526315789474,0.00396825396825,0.52589807853
1.5,0.1,273,252,19,2,0.00754567116759,0.105263157895,0.00793650793651,1.05179615706
1.5,0.1,274,252,19,2,0.00754567116759,0.105263157895,0.00793650793651,1.05179615706
1.5,0.1,275,252,19,2,0.00754567116759,0.105263157895,0.00793650793651,1.05179615706
1.5,0.1,276,252,19,4,0.00754567116759,0.210526315789,0.015873015873,2.10359231412
1.5,0.1,277,252,19,3,0.00754567116759,0.157894736842,0.0119047619048,1.57769423559
1.5,0.1,278,252,19,2,0.00754567116759,0.105263157895,0.00793650793651,1.05179615706
1.5,0.1,279,252,19,1,0.00754567116759,0.0526315789474,0.00396825396825,0.52589807853
1.5,0.1,280,252,19,1,0.00754567116759,0.0526315789474,0.00396825396825,0.52589807853
1.5,0.1,281,252,19,1,0.00754567116759,0.0526315789474,0.00396825396825,0.52589807853
1.5,0.1,282,252,19,2,0.00754567116759,0.105263157895,0.00793650793651,1.05179615706
1.5,0.1,283,252,19,2,0.00754567116759,0.105263157895,0.00793650793651,1.05179615706
1.5,0.1,284,252,19,1,0.00754567116759,0.0526315789474,0.00396825396825,0.52589807853
1.5,0.1,285,252,19,2,0.00754567116759,0.105263157895,0.00793650793651,1.05179615706
1.5,0.1,286,252,19,1,0.00754567116759,0.0526315789474,0.00396825396825,0.52589807853
1.5,0.1,287,252,19,4,0.00754567116759,0.210526315789,0.015873015873,2.10359231412
1.5,0.1,288,252,19,1,0.00754567116759,0.0526315789474,0.00396825396825,0.52589807853
1.5,0.1,289,252,19,2,0.00754567116759,0.105263157895,0.00793650793651,1.05179615706
1.5,0.1,290,252,19,0,0.00754567116759,0,0,0
1.5,0.1,291,252,19,2,0.00754567116759,0.105263157895,0.00793650793651,1.05179615706
1.5,0.1,292,252,19,3,0.00754567116759,0.157894736842,0.0119047619048,1.57769423559
1.5,0.1,293,252,19,1,0.00754567116759,0.0526315789474,0.00396825396825,0.52589807853
1.5,0.1,294,252,19,3,0.00754567116759,0.157894736842,0.0119047619048,1.57769423559
1.5,0.1,295,252,19,0,0.00754567116759,0,0,0
1.5,0.1,296,252,19,1,0.00754567116759,0.0526315789474,0.00396825396825,0.52589807853
1.5,0.1,297,252,19,1,0.00754567116759,0.0526315789474,0.00396825396825,0.52589807853
1.5,0.1,298,252,19,3,0.00754567116759,0.157894736842,0.0119047619048,1.57769423559
1.5,0.1,299,252,19,3,0.00754567116759,0.157894736842,0.0119047619048,1.57769423559
1.5,0.1,300,252,19,1,0.00754567116759,0.0526315789474,0.00396825396825,0.52589807853
1.5,0.1,301,252,19,0,0.00754567116759,0,0,0
1.5,0.1,302,252,19,5,0.00754567116759,0.263157894737,0.0198412698413,2.62949039265
1.5,0.1,303,252,19,1,0.00754567116759,0.0526315789474,0.00396825396825,0.52589807853
1.5,0.1,304,252,19,2,0.00754567116759,0.105263157895,0.00793650793651,1.05179615706
1.5,0.1,305,252,19,1,0.00754567116759,0.0526315789474,0.00396825396825,0.52589807853
1.5,0.1,306,252,19,0,0.00754567116759,0,0,0
1.5,0.1,307,252,19,1,0.00754567116759,0.0526315789474,0.00396825396825,0.52589807853
1.5,0.1,308,252,19,4,0.00754567116759,0.210526315789,0.015873015873,2.10359231412
1.5,0.1,309,252,19,1,0.00754567116759,0.0526315789474,0.00396825396825,0.52589807853
1.5,0.1,310,252,19,1,0.00754567116759,0.0526315789474,0.00396825396825,0.52589807853
1.5,0.1,311,252,19,0,0.00754567116759,0,0,0
1.5,0.1,312,252,19,0,0.00754567116759,0,0,0
1.5,0.1,313,252,19,1,0.00754567116759,0.0526315789474,0.00396825396825,0.52589807853
1.5,0.1,314,252,19,3,0.00754567116759,0.157894736842,0.0119047619048,1.57769423559
1.5,0.1,315,252,19,2,0.00754567116759,0.105263157895,0.00793650793651,1.05179615706
1.5,0.1,316,252,19,3,0.00754567116759,0.157894736842,0.0119047619048,1.57769423559
1.5,0.1,317,252,19,0,0.00754567116759,0,0,0
1.5,0.1,318,252,19,1,0.00754567116759,0.0526315789474,0.00396825396825,0.52589807853
1.5,0.1,319,252,19,1,0.00754567116759,0.0526315789474,0.00396825396825,0.52589807853
1.5,0.1,320,252,19,1,0.00754567116759,0.0526315789474,0.00396825396825,0.52589807853
1.5,0.1,321,252,19,1,0.00754567116759,0.0526315789474,0.00396825396825,0.52589807853
1.5,0.1,322,252,19,1,0.00754567116759,0.0526315789474,0.00396825396825,0.52589807853
1.5,0.1,323,252,19,2,0.00754567116759,0.105263157895,0.00793650793651,1.05179615706
1.5,0.1,324,252,19,4,0.00754567116759,0.210526315789,0.015873015873,2.10359231412
1.5,0.1,325,252,19,1,0.00754567116759,0.0526315789474,0.00396825396825,0.52589807853
1.5,0.1,326,252,19,1,0.00754567116759,0.0526315789474,0.00396825396825,0.52589807853
1.5,0.1,327,252,19,2,0.00754567116759,0.105263157895,0.00793650793651,1.05179615706
1.5,0.1,328,252,19,2,0.00754567116759,0.105263157895,0.00793650793651,1.05179615706
1.5,0.1,329,252,19,1,0.00754567116759,0.0526315789474,0.00396825396825,0.52589807853
1.5,0.1,330,252,19,2,0.00754567116759,0.105263157895,0.00793650793651,1.05179615706
1.5,0.1,331,252,19,0,0.00754567116759,0,0,0
1.5,0.1,332,252,19,1,0.00754567116759,0.0526315789474,0.00396825396825,0.52589807853
1.5,0.1,333,252,19,2,0.00754567116759,0.105263157895,0.00793650793651,1.05179615706
1.5,0.1,334,252,19,2,0.00754567116759,0.105263157895,0.00793650793651,1.05179615706
1.5,0.1,335,252,19,3,0.00754567116759,0.157894736842,0.0119047619048,1.57769423559
1.5,0.1,336,252,19,2,0.00754567116759,0.105263157895,0.00793650793651,1.05179615706
1.5,0.1,337,252,19,1,0.00754567116759,0.0526315789474,0.00396825396825,0.52589807853
1.5,0.1,338,252,19,1,0.00754567116759,0.0526315789474,0.00396825396825,0.52589807853
1.5,0.1,339,252,19,3,0.00754567116759,0.157894736842,0.0119047619048,1.57769423559
1.5,0.1,340,252,19,3,0.00754567116759,0.157894736842,0.0119047619048,1.57769423559
1.5,0.1,341,252,19,3,0.00754567116759,0.157894736842,0.0119047619048,1.57769423559
1.5,0.1,342,252,19,3,0.00754567116759,0.157894736842,0.0119047619048,1.57769423559
1.5,0.1,343,252,19,1,0.00754567116759,0.0526315789474,0.00396825396825,0.52589807853
1.5,0.1,344,252,19,2,0.00754567116759,0.105263157895,0.00793650793651,1.05179615706
1.5,0.1,345,252,19,1,0.00754567116759,0.0526315789474,0.00396825396825,0.52589807853
1.5,0.1,346,252,19,1,0.00754567116759,0.0526315789474,0.00396825396825,0.52589807853
1.5,0.1,347,252,19,1,0.00754567116759,0.0526315789474,0.00396825396825,0.52589807853
1.5,0.1,348,252,19,1,0.00754567116759,0.0526315789474,0.00396825396825,0.52589807853
1.5,0.1,349,252,19,0,0.00754567116759,0,0,0
1.5,0.1,350,252,19,4,0.00754567116759,0.210526315789,0.015873015873,2.10359231412
1.5,0.1,351,252,19,0,0.00754567116759,0,0,0
1.5,0.1,352,252,19,1,0.00754567116759,0.0526315789474,0.00396825396825,0.52589807853
1.5,0.1,353,252,19,1,0.00754567116759,0.0526315789474,0.00396825396825,0.52589807853
1.5,0.1,354,252,19,5,0.00754567116759,0.263157894737,0.0198412698413,2.62949039265
1.5,0.1,355,252,19,2,0.00754567116759,0.105263157895,0.00793650793651,1.05179615706
1.5,0.1,356,252,19,1,0.00754567116759,0.0526315789474,0.00396825396825,0.52589807853
1.5,0.1,357,252,19,4,0.00754567116759,0.210526315789,0.015873015873,2.10359231412
1.5,0.1,358,252,19,3,0.00754567116759,0.157894736842,0.0119047619048,1.57769423559
1.5,0.1,359,252,19,5,0.00754567116759,0.263157894737,0.0198412698413,2.62949039265
1.5,0.1,360,252,19,3,0.00754567116759,0.157894736842,0.0119047619048,1.57769423559
1.5,0.1,361,252,19,2,0.00754567116759,0.105263157895,0.00793650793651,1.05179615706
1.5,0.1,362,252,19,4,0.00754567116759,0.210526315789,0.015873015873,2.10359231412
1.5,0.1,363,252,19,1,0.00754567116759,0.0526315789474,0.00396825396825,0.52589807853
1.5,0.1,364,252,19,1,0.00754567116759,0.0526315789474,0.00396825396825,0.52589807853
1.5,0.1,365,252,19,0,0.00754567116759,0,0,0
1.5,0.1,366,252,19,3,0.00754567116759,0.157894736842,0.0119047619048,1.57769423559
1.5,0.1,367,252,19,2,0.00754567116759,0.105263157895,0.00793650793651,1.05179615706
1.5,0.1,368,252,19,0,0.00754567116759,0,0,0
1.5,0.1,369,252,19,0,0.00754567116759,0,0,0
1.5,0.1,370,252,19,0,0.00754567116759,0,0,0
1.5,0.1,371,252,19,1,0.00754567116759,0.0526315789474,0.00396825396825,0.52589807853
1.5,0.1,372,252,19,5,0.00754567116759,0.263157894737,0.0198412698413,2.62949039265
1.5,0.1,373,252,19,2,0.00754567116759,0.105263157895,0.00793650793651,1.05179615706
1.5,0.1,374,252,19,3,0.00754567116759,0.157894736842,0.0119047619048,1.57769423559
1.5,0.1,375,252,19,3,0.00754567116759,0.157894736842,0.0119047619048,1.57769423559
1.5,0.1,376,252,19,4,0.00754567116759,0.210526315789,0.015873015873,2.10359231412
1.5,0.1,377,252,19,0,0.00754567116759,0,0,0
1.5,0.1,378,252,19,5,0.00754567116759,0.263157894737,0.0198412698413,2.62949039265
1.5,0.1,379,252,19,2,0.00754567116759,0.105263157895,0.00793650793651,1.05179615706
1.5,0.1,380,252,19,2,0.00754567116759,0.105263157895,0.00793650793651,1.05179615706
1.5,0.1,381,252,19,1,0.00754567116759,0.0526315789474,0.00396825396825,0.52589807853
1.5,0.1,382,252,19,0,0.00754567116759,0,0,0
1.5,0.1,383,252,19,2,0.00754567116759,0.105263157895,0.00793650793651,1.05179615706
1.5,0.1,384,252,19,0,0.00754567116759,0,0,0
1.5,0.1,385,252,19,4,0.00754567116759,0.210526315789,0.015873015873,2.10359231412
1.5,0.1,386,252,19,1,0.00754567116759,0.0526315789474,0.00396825396825,0.52589807853
1.5,0.1,387,252,19,2,0.00754567116759,0.105263157895,0.00793650793651,1.05179615706
1.5,0.1,388,252,19,1,0.00754567116759,0.0526315789474,0.00396825396825,0.52589807853
1.5,0.1,389,252,19,3,0.00754567116759,0.157894736842,0.0119047619048,1.57769423559
1.5,0.1,390,252,19,1,0.00754567116759,0.0526315789474,0.00396825396825,0.52589807853
1.5,0.1,391,252,19,2,0.00754567116759,0.105263157895,0.00793650793651,1.05179615706
1.5,0.1,392,252,19,3,0.00754567116759,0.157894736842,0.0119047619048,1.57769423559
1.5,0.1,393,252,19,1,0.00754567116759,0.0526315789474,0.00396825396825,0.52589807853
1.5,0.1,394,252,19,0,0.00754567116759,0,0,0
1.5,0.1,395,252,19,1,0.00754567116759,0.0526315789474,0.00396825396825,0.52589807853
1.5,0.1,396,252,19,0,0.00754567116759,0,0,0
1.5,0.1,397,252,19,1,0.00754567116759,0.0526315789474,0.00396825396825,0.52589807853
1.5,0.1,398,252,19,2,0.00754567116759,0.105263157895,0.00793650793651,1.05179615706
1.5,0.1,399,252,19,3,0.00754567116759,0.157894736842,0.0119047619048,1.57769423559
1.5,0.1,400,252,19,2,0.00754567116759,0.105263157895,0.00793650793651,1.05179615706
1.5,0.1,401,252,19,3,0.00754567116759,0.157894736842,0.0119047619048,1.57769423559
1.5,0.1,402,252,19,4,0.00754567116759,0.210526315789,0.015873015873,2.10359231412
1.5,0.1,403,252,19,2,0.00754567116759,0.105263157895,0.00793650793651,1.05179615706
1.5,0.1,404,252,19,3,0.00754567116759,0.157894736842,0.0119047619048,1.57769423559
1.5,0.1,405,252,19,3,0.00754567116759,0.157894736842,0.0119047619048,1.57769423559
1.5,0.1,406,252,19,2,0.00754567116759,0.105263157895,0.00793650793651,1.05179615706
1.5,0.1,407,252,19,1,0.00754567116759,0.0526315789474,0.00396825396825,0.52589807853
1.5,0.1,408,252,19,1,0.00754567116759,0.0526315789474,0.00396825396825,0.52589807853
1.5,0.1,409,252,19,0,0.00754567116759,0,0,0
1.5,0.1,410,252,19,0,0.00754567116759,0,0,0
1.5,0.1,411,252,19,4,0.00754567116759,0.210526315789,0.015873015873,2.10359231412
1.5,0.1,412,252,19,3,0.00754567116759,0.157894736842,0.0119047619048,1.57769423559
1.5,0.1,413,252,19,4,0.00754567116759,0.210526315789,0.015873015873,2.10359231412
1.5,0.1,414,252,19,3,0.00754567116759,0.157894736842,0.0119047619048,1.57769423559
1.5,0.1,415,252,19,3,0.00754567116759,0.157894736842,0.0119047619048,1.57769423559
1.5,0.1,416,252,19,1,0.00754567116759,0.0526315789474,0.00396825396825,0.52589807853
1.5,0.1,417,252,19,3,0.00754567116759,0.157894736842,0.0119047619048,1.57769423559
1.5,0.1,418,252,19,1,0.00754567116759,0.0526315789474,0.00396825396825,0.52589807853
1.5,0.1,419,252,19,1,0.00754567116759,0.0526315789474,0.00396825396825,0.52589807853
1.5,0.1,420,252,19,0,0.00754567116759,0,0,0
1.5,0.1,421,252,19,3,0.00754567116759,0.157894736842,0.0119047619048,1.57769423559
1.5,0.1,422,252,19,1,0.00754567116759,0.0526315789474,0.00396825396825,0.52589807853
1.5,0.1,423,252,19,0,0.00754567116759,0,0,0
1.5,0.1,424,252,19,2,0.00754567116759,0.105263157895,0.00793650793651,1.05179615706
1.5,0.1,425,252,19,4,0.00754567116759,0.210526315789,0.015873015873,2.10359231412
1.5,0.1,426,252,19,2,0.00754567116759,0.105263157895,0.00793650793651,1.05179615706
1.5,0.1,427,252,19,1,0.00754567116759,0.0526315789474,0.00396825396825,0.52589807853
1.5,0.1,428,252,19,1,0.00754567116759,0.0526315789474,0.00396825396825,0.52589807853
1.5,0.1,429,252,19,1,0.00754567116759,0.0526315789474,0.00396825396825,0.52589807853
1.5,0.1,430,252,19,3,0.00754567116759,0.157894736842,0.0119047619048,1.57769423559
1.5,0.1,431,252,19,2,0.00754567116759,0.105263157895,0.00793650793651,1.05179615706
1.5,0.1,432,252,19,1,0.00754567116759,0.0526315789474,0.00396825396825,0.52589807853
1.5,0.1,433,252,19,0,0.00754567116759,0,0,0
1.5,0.1,434,252,19,2,0.00754567116759,0.105263157895,0.00793650793651,1.05179615706
1.5,0.1,435,252,19,3,0.00754567116759,0.157894736842,0.0119047619048,1.57769423559
1.5,0.1,436,252,19,0,0.00754567116759,0,0,0
1.5,0.1,437,252,19,2,0.00754567116759,0.105263157895,0.00793650793651,1.05179615706
1.5,0.1,438,252,19,3,0.00754567116759,0.157894736842,0.0119047619048,1.57769423559
1.5,0.1,439,252,19,3,0.00754567116759,0.157894736842,0.0119047619048,1.57769423559
1.5,0.1,440,252,19,3,0.00754567116759,0.157894736842,0.0119047619048,1.57769423559
1.5,0.1,441,252,19,1,0.00754567116759,0.0526315789474,0.00396825396825,0.52589807853
1.5,0.1,442,252,19,2,0.00754567116759,0.105263157895,0.00793650793651,1.05179615706
1.5,0.1,443,252,19,0,0.00754567116759,0,0,0
1.5,0.1,444,252,19,1,0.00754567116759,0.0526315789474,0.00396825396825,0.52589807853
1.5,0.1,445,252,19,1,0.00754567116759,0.0526315789474,0.00396825396825,0.52589807853
1.5,0.1,446,252,19,4,0.00754567116759,0.210526315789,0.015873015873,2.10359231412
1.5,0.1,447,252,19,1,0.00754567116759,0.0526315789474,0.00396825396825,0.52589807853
1.5,0.1,448,252,19,3,0.00754567116759,0.157894736842,0.0119047619048,1.57769423559
1.5,0.1,449,252,19,4,0.00754567116759,0.210526315789,0.015873015873,2.10359231412
1.5,0.1,450,252,19,3,0.00754567116759,0.157894736842,0.0119047619048,1.57769423559
1.5,0.1,451,252,19,1,0.00754567116759,0.0526315789474,0.00396825396825,0.52589807853
1.5,0.1,452,252,19,2,0.00754567116759,0.105263157895,0.00793650793651,1.05179615706
1.5,0.1,453,252,19,2,0.00754567116759,0.105263157895,0.00793650793651,1.05179615706
1.5,0.1,454,252,19,1,0.00754567116759,0.0526315789474,0.00396825396825,0.52589807853
1.5,0.1,455,252,19,1,0.00754567116759,0.0526315789474,0.00396825396825,0.52589807853
1.5,0.1,456,252,19,3,0.00754567116759,0.157894736842,0.0119047619048,1.57769423559
1.5,0.1,457,252,19,5,0.00754567116759,0.263157894737,0.0198412698413,2.62949039265
1.5,0.1,458,252,19,2,0.00754567116759,0.105263157895,0.00793650793651,1.05179615706
1.5,0.1,459,252,19,1,0.00754567116759,0.0526315789474,0.00396825396825,0.52589807853
1.5,0.1,460,252,19,0,0.00754567116759,0,0,0
1.5,0.1,461,252,19,2,0.00754567116759,0.105263157895,0.00793650793651,1.05179615706
1.5,0.1,462,252,19,2,0.00754567116759,0.105263157895,0.00793650793651,1.05179615706
1.5,0.1,463,252,19,0,0.00754567116759,0,0,0
1.5,0.1,464,252,19,2,0.00754567116759,0.105263157895,0.00793650793651,1.05179615706
1.5,0.1,465,252,19,2,0.00754567116759,0.105263157895,0.00793650793651,1.05179615706
1.5,0.1,466,252,19,2,0.00754567116759,0.105263157895,0.00793650793651,1.05179615706
1.5,0.1,467,252,19,3,0.00754567116759,0.157894736842,0.0119047619048,1.57769423559
1.5,0.1,468,252,19,2,0.00754567116759,0.105263157895,0.00793650793651,1.05179615706
1.5,0.1,469,252,19,2,0.00754567116759,0.105263157895,0.00793650793651,1.05179615706
1.5,0.1,470,252,19,3,0.00754567116759,0.157894736842,0.0119047619048,1.57769423559
1.5,0.1,471,252,19,5,0.00754567116759,0.263157894737,0.0198412698413,2.62949039265
1.5,0.1,472,252,19,3,0.00754567116759,0.157894736842,0.0119047619048,1.57769423559
1.5,0.1,473,252,19,3,0.00754567116759,0.157894736842,0.0119047619048,1.57769423559
1.5,0.1,474,252,19,4,0.00754567116759,0.210526315789,0.015873015873,2.10359231412
1.5,0.1,475,252,19,0,0.00754567116759,0,0,0
1.5,0.1,476,252,19,3,0.00754567116759,0.157894736842,0.0119047619048,1.57769423559
1.5,0.1,477,252,19,3,0.00754567116759,0.157894736842,0.0119047619048,1.57769423559
1.5,0.1,478,252,19,2,0.00754567116759,0.105263157895,0.00793650793651,1.05179615706
1.5,0.1,479,252,19,0,0.00754567116759,0,0,0
1.5,0.1,480,252,19,3,0.00754567116759,0.157894736842,0.0119047619048,1.57769423559
1.5,0.1,481,252,19,2,0.00754567116759,0.105263157895,0.00793650793651,1.05179615706
1.5,0.1,482,252,19,0,0.00754567116759,0,0,0
1.5,0.1,483,252,19,3,0.00754567116759,0.157894736842,0.0119047619048,1.57769423559
1.5,0.1,484,252,19,3,0.00754567116759,0.157894736842,0.0119047619048,1.57769423559
1.5,0.1,485,252,19,4,0.00754567116759,0.210526315789,0.015873015873,2.10359231412
1.5,0.1,486,252,19,1,0.00754567116759,0.0526315789474,0.00396825396825,0.52589807853
1.5,0.1,487,252,19,0,0.00754567116759,0,0,0
1.5,0.1,488,252,19,4,0.00754567116759,0.210526315789,0.015873015873,2.10359231412
1.5,0.1,489,252,19,2,0.00754567116759,0.105263157895,0.00793650793651,1.05179615706
1.5,0.1,490,252,19,4,0.00754567116759,0.210526315789,0.015873015873,2.10359231412
1.5,0.1,491,252,19,2,0.00754567116759,0.105263157895,0.00793650793651,1.05179615706
1.5,0.1,492,252,19,2,0.00754567116759,0.105263157895,0.00793650793651,1.05179615706
1.5,0.1,493,252,19,1,0.00754567116759,0.0526315789474,0.00396825396825,0.52589807853
1.5,0.1,494,252,19,0,0.00754567116759,0,0,0
1.5,0.1,495,252,19,1,0.00754567116759,0.0526315789474,0.00396825396825,0.52589807853
1.5,0.1,496,252,19,3,0.00754567116759,0.157894736842,0.0119047619048,1.57769423559
1.5,0.1,497,252,19,3,0.00754567116759,0.157894736842,0.0119047619048,1.57769423559
1.5,0.1,498,252,19,3,0.00754567116759,0.157894736842,0.0119047619048,1.57769423559
1.5,0.1,499,252,19,1,0.00754567116759,0.0526315789474,0.00396825396825,0.52589807853
1.5,0.1,500,252,19,3,0.00754567116759,0.157894736842,0.0119047619048,1.57769423559
1.5,0.1,501,252,19,2,0.00754567116759,0.105263157895,0.00793650793651,1.05179615706
1.5,0.1,502,252,19,2,0.00754567116759,0.105263157895,0.00793650793651,1.05179615706
1.5,0.1,503,252,19,1,0.00754567116759,0.0526315789474,0.00396825396825,0.52589807853
1.5,0.1,504,252,19,4,0.00754567116759,0.210526315789,0.015873015873,2.10359231412
1.5,0.1,505,252,19,4,0.00754567116759,0.210526315789,0.015873015873,2.10359231412
1.5,0.1,506,252,19,2,0.00754567116759,0.105263157895,0.00793650793651,1.05179615706
1.5,0.1,507,252,19,0,0.00754567116759,0,0,0
1.5,0.1,508,252,19,1,0.00754567116759,0.0526315789474,0.00396825396825,0.52589807853
1.5,0.1,509,252,19,1,0.00754567116759,0.0526315789474,0.00396825396825,0.52589807853
1.5,0.1,510,252,19,1,0.00754567116759,0.0526315789474,0.00396825396825,0.52589807853
1.5,0.1,511,252,19,1,0.00754567116759,0.0526315789474,0.00396825396825,0.52589807853
1.5,0.1,512,252,19,1,0.00754567116759,0.0526315789474,0.00396825396825,0.52589807853
1.5,0.1,513,252,19,2,0.00754567116759,0.105263157895,0.00793650793651,1.05179615706
1.5,0.1,514,252,19,4,0.00754567116759,0.210526315789,0.015873015873,2.10359231412
1.5,0.1,515,252,19,1,0.00754567116759,0.0526315789474,0.00396825396825,0.52589807853
1.5,0.1,516,252,19,0,0.00754567116759,0,0,0
1.5,0.1,517,252,19,0,0.00754567116759,0,0,0
1.5,0.1,518,252,19,2,0.00754567116759,0.105263157895,0.00793650793651,1.05179615706
1.5,0.1,519,252,19,2,0.00754567116759,0.105263157895,0.00793650793651,1.05179615706
1.5,0.1,520,252,19,1,0.00754567116759,0.0526315789474,0.00396825396825,0.52589807853
1.5,0.1,521,252,19,4,0.00754567116759,0.210526315789,0.015873015873,2.10359231412
1.5,0.1,522,252,19,1,0.00754567116759,0.0526315789474,0.00396825396825,0.52589807853
1.5,0.1,523,252,19,2,0.00754567116759,0.105263157895,0.00793650793651,1.05179615706
1.5,0.1,524,252,19,3,0.00754567116759,0.157894736842,0.0119047619048,1.57769423559
1.5,0.1,525,252,19,1,0.00754567116759,0.0526315789474,0.00396825396825,0.52589807853
1.5,0.1,526,252,19,2,0.00754567116759,0.105263157895,0.00793650793651,1.05179615706
1.5,0.1,527,252,19,1,0.00754567116759,0.0526315789474,0.00396825396825,0.52589807853
1.5,0.1,528,252,19,2,0.00754567116759,0.105263157895,0.00793650793651,1.05179615706
1.5,0.1,529,252,19,3,0.00754567116759,0.157894736842,0.0119047619048,1.57769423559
1.5,0.1,530,252,19,2,0.00754567116759,0.105263157895,0.00793650793651,1.05179615706
1.5,0.1,531,252,19,3,0.00754567116759,0.157894736842,0.0119047619048,1.57769423559
1.5,0.1,532,252,19,0,0.00754567116759,0,0,0
1.5,0.1,533,252,19,4,0.00754567116759,0.210526315789,0.015873015873,2.10359231412
1.5,0.1,534,252,19,0,0.00754567116759,0,0,0
1.5,0.1,535,252,19,1,0.00754567116759,0.0526315789474,0.00396825396825,0.52589807853
1.5,0.1,536,252,19,1,0.00754567116759,0.0526315789474,0.00396825396825,0.52589807853
1.5,0.1,537,252,19,2,0.00754567116759,0.105263157895,0.00793650793651,1.05179615706
1.5,0.1,538,252,19,3,0.00754567116759,0.157894736842,0.0119047619048,1.57769423559
1.5,0.1,539,252,19,2,0.00754567116759,0.105263157895,0.00793650793651,1.05179615706
1.5,0.1,540,252,19,5,0.00754567116759,0.263157894737,0.0198412698413,2.62949039265
1.5,0.1,541,252,19,1,0.00754567116759,0.0526315789474,0.00396825396825,0.52589807853
1.5,0.1,542,252,19,2,0.00754567116759,0.105263157895,0.00793650793651,1.05179615706
1.5,0.1,543,252,19,2,0.00754567116759,0.105263157895,0.00793650793651,1.05179615706
1.5,0.1,544,252,19,5,0.00754567116759,0.263157894737,0.0198412698413,2.62949039265
1.5,0.1,545,252,19,2,0.00754567116759,0.105263157895,0.00793650793651,1.05179615706
1.5,0.1,546,252,19,2,0.00754567116759,0.105263157895,0.00793650793651,1.05179615706
1.5,0.1,547,252,19,2,0.00754567116759,0.105263157895,0.00793650793651,1.05179615706
1.5,0.1,548,252,19,3,0.00754567116759,0.157894736842,0.0119047619048,1.57769423559
1.5,0.1,549,252,19,0,0.00754567116759,0,0,0
1.5,0.1,550,252,19,4,0.00754567116759,0.210526315789,0.015873015873,2.10359231412
1.5,0.1,551,252,19,2,0.00754567116759,0.105263157895,0.00793650793651,1.05179615706
1.5,0.1,552,252,19,3,0.00754567116759,0.157894736842,0.0119047619048,1.57769423559
1.5,0.1,553,252,19,3,0.00754567116759,0.157894736842,0.0119047619048,1.57769423559
1.5,0.1,554,252,19,4,0.00754567116759,0.210526315789,0.015873015873,2.10359231412
1.5,0.1,555,252,19,2,0.00754567116759,0.105263157895,0.00793650793651,1.05179615706
1.5,0.1,556,252,19,1,0.00754567116759,0.0526315789474,0.00396825396825,0.52589807853
1.5,0.1,557,252,19,4,0.00754567116759,0.210526315789,0.015873015873,2.10359231412
1.5,0.1,558,252,19,0,0.00754567116759,0,0,0
1.5,0.1,559,252,19,5,0.00754567116759,0.263157894737,0.0198412698413,2.62949039265
1.5,0.1,560,252,19,4,0.00754567116759,0.210526315789,0.015873015873,2.10359231412
1.5,0.1,561,252,19,1,0.00754567116759,0.0526315789474,0.00396825396825,0.52589807853
1.5,0.1,562,252,19,1,0.00754567116759,0.0526315789474,0.00396825396825,0.52589807853
1.5,0.1,563,252,19,2,0.00754567116759,0.105263157895,0.00793650793651,1.05179615706
1.5,0.1,564,252,19,1,0.00754567116759,0.0526315789474,0.00396825396825,0.52589807853
1.5,0.1,565,252,19,2,0.00754567116759,0.105263157895,0.00793650793651,1.05179615706
1.5,0.1,566,252,19,2,0.00754567116759,0.105263157895,0.00793650793651,1.05179615706
1.5,0.1,567,252,19,0,0.00754567116759,0,0,0
1.5,0.1,568,252,19,1,0.00754567116759,0.0526315789474,0.00396825396825,0.52589807853
1.5,0.1,569,252,19,2,0.00754567116759,0.105263157895,0.00793650793651,1.05179615706
1.5,0.1,570,252,19,2,0.00754567116759,0.105263157895,0.00793650793651,1.05179615706
1.5,0.1,571,252,19,4,0.00754567116759,0.210526315789,0.015873015873,2.10359231412
1.5,0.1,572,252,19,6,0.00754567116759,0.315789473684,0.0238095238095,3.15538847118
1.5,0.1,573,252,19,0,0.00754567116759,0,0,0
1.5,0.1,574,252,19,2,0.00754567116759,0.105263157895,0.00793650793651,1.05179615706
1.5,0.1,575,252,19,0,0.00754567116759,0,0,0
1.5,0.1,576,252,19,5,0.00754567116759,0.263157894737,0.0198412698413,2.62949039265
1.5,0.1,577,252,19,1,0.00754567116759,0.0526315789474,0.00396825396825,0.52589807853
1.5,0.1,578,252,19,2,0.00754567116759,0.105263157895,0.00793650793651,1.05179615706
1.5,0.1,579,252,19,1,0.00754567116759,0.0526315789474,0.00396825396825,0.52589807853
1.5,0.1,580,252,19,3,0.00754567116759,0.157894736842,0.0119047619048,1.57769423559
1.5,0.1,581,252,19,0,0.00754567116759,0,0,0
1.5,0.1,582,252,19,1,0.00754567116759,0.0526315789474,0.00396825396825,0.52589807853
1.5,0.1,583,252,19,3,0.00754567116759,0.157894736842,0.0119047619048,1.57769423559
1.5,0.1,584,252,19,0,0.00754567116759,0,0,0
1.5,0.1,585,252,19,1,0.00754567116759,0.0526315789474,0.00396825396825,0.52589807853
1.5,0.1,586,252,19,1,0.00754567116759,0.0526315789474,0.00396825396825,0.52589807853
1.5,0.1,587,252,19,1,0.00754567116759,0.0526315789474,0.00396825396825,0.52589807853
1.5,0.1,588,252,19,1,0.00754567116759,0.0526315789474,0.00396825396825,0.52589807853
1.5,0.1,589,252,19,2,0.00754567116759,0.105263157895,0.00793650793651,1.05179615706
1.5,0.1,590,252,19,2,0.00754567116759,0.105263157895,0.00793650793651,1.05179615706
1.5,0.1,591,252,19,2,0.00754567116759,0.105263157895,0.00793650793651,1.05179615706
1.5,0.1,592,252,19,4,0.00754567116759,0.210526315789,0.015873015873,2.10359231412
1.5,0.1,593,252,19,4,0.00754567116759,0.210526315789,0.015873015873,2.10359231412
1.5,0.1,594,252,19,3,0.00754567116759,0.157894736842,0.0119047619048,1.57769423559
1.5,0.1,595,252,19,0,0.00754567116759,0,0,0
1.5,0.1,596,252,19,1,0.00754567116759,0.0526315789474,0.00396825396825,0.52589807853
1.5,0.1,597,252,19,5,0.00754567116759,0.263157894737,0.0198412698413,2.62949039265
1.5,0.1,598,252,19,0,0.00754567116759,0,0,0
1.5,0.1,599,252,19,2,0.00754567116759,0.105263157895,0.00793650793651,1.05179615706
1.5,0.1,600,252,19,0,0.00754567116759,0,0,0
1.5,0.1,601,252,19,1,0.00754567116759,0.0526315789474,0.00396825396825,0.52589807853
1.5,0.1,602,252,19,1,0.00754567116759,0.0526315789474,0.00396825396825,0.52589807853
1.5,0.1,603,252,19,4,0.00754567116759,0.210526315789,0.015873015873,2.10359231412
1.5,0.1,604,252,19,4,0.00754567116759,0.210526315789,0.015873015873,2.10359231412
1.5,0.1,605,252,19,1,0.00754567116759,0.0526315789474,0.00396825396825,0.52589807853
1.5,0.1,606,252,19,1,0.00754567116759,0.0526315789474,0.00396825396825,0.52589807853
1.5,0.1,607,252,19,1,0.00754567116759,0.0526315789474,0.00396825396825,0.52589807853
1.5,0.1,608,252,19,1,0.00754567116759,0.0526315789474,0.00396825396825,0.52589807853
1.5,0.1,609,252,19,0,0.00754567116759,0,0,0
1.5,0.1,610,252,19,1,0.00754567116759,0.0526315789474,0.00396825396825,0.52589807853
1.5,0.1,611,252,19,0,0.00754567116759,0,0,0
1.5,0.1,612,252,19,2,0.00754567116759,0.105263157895,0.00793650793651,1.05179615706
1.5,0.1,613,252,19,3,0.00754567116759,0.157894736842,0.0119047619048,1.57769423559
1.5,0.1,614,252,19,1,0.00754567116759,0.0526315789474,0.00396825396825,0.52589807853
1.5,0.1,615,252,19,0,0.00754567116759,0,0,0
1.5,0.1,616,252,19,1,0.00754567116759,0.0526315789474,0.00396825396825,0.52589807853
1.5,0.1,617,252,19,2,0.00754567116759,0.105263157895,0.00793650793651,1.05179615706
1.5,0.1,618,252,19,3,0.00754567116759,0.157894736842,0.0119047619048,1.57769423559
1.5,0.1,619,252,19,1,0.00754567116759,0.0526315789474,0.00396825396825,0.52589807853
1.5,0.1,620,252,19,2,0.00754567116759,0.105263157895,0.00793650793651,1.05179615706
1.5,0.1,621,252,19,2,0.00754567116759,0.105263157895,0.00793650793651,1.05179615706
1.5,0.1,622,252,19,2,0.00754567116759,0.105263157895,0.00793650793651,1.05179615706
1.5,0.1,623,252,19,3,0.00754567116759,0.157894736842,0.0119047619048,1.57769423559
1.5,0.1,624,252,19,5,0.00754567116759,0.263157894737,0.0198412698413,2.62949039265
1.5,0.1,625,252,19,1,0.00754567116759,0.0526315789474,0.00396825396825,0.52589807853
1.5,0.1,626,252,19,2,0.00754567116759,0.105263157895,0.00793650793651,1.05179615706
1.5,0.1,627,252,19,3,0.00754567116759,0.157894736842,0.0119047619048,1.57769423559
1.5,0.1,628,252,19,2,0.00754567116759,0.105263157895,0.00793650793651,1.05179615706
1.5,0.1,629,252,19,1,0.00754567116759,0.0526315789474,0.00396825396825,0.52589807853
1.5,0.1,630,252,19,2,0.00754567116759,0.105263157895,0.00793650793651,1.05179615706
1.5,0.1,631,252,19,2,0.00754567116759,0.105263157895,0.00793650793651,1.05179615706
1.5,0.1,632,252,19,2,0.00754567116759,0.105263157895,0.00793650793651,1.05179615706
1.5,0.1,633,252,19,1,0.00754567116759,0.0526315789474,0.00396825396825,0.52589807853
1.5,0.1,634,252,19,6,0.00754567116759,0.315789473684,0.0238095238095,3.15538847118
1.5,0.1,635,252,19,1,0.00754567116759,0.0526315789474,0.00396825396825,0.52589807853
1.5,0.1,636,252,19,5,0.00754567116759,0.263157894737,0.0198412698413,2.62949039265
1.5,0.1,637,252,19,1,0.00754567116759,0.0526315789474,0.00396825396825,0.52589807853
1.5,0.1,638,252,19,5,0.00754567116759,0.263157894737,0.0198412698413,2.62949039265
1.5,0.1,639,252,19,1,0.00754567116759,0.0526315789474,0.00396825396825,0.52589807853
1.5,0.1,640,252,19,1,0.00754567116759,0.0526315789474,0.00396825396825,0.52589807853
1.5,0.1,641,252,19,1,0.00754567116759,0.0526315789474,0.00396825396825,0.52589807853
1.5,0.1,642,252,19,0,0.00754567116759,0,0,0
1.5,0.1,643,252,19,2,0.00754567116759,0.105263157895,0.00793650793651,1.05179615706
1.5,0.1,644,252,19,5,0.00754567116759,0.263157894737,0.0198412698413,2.62949039265
1.5,0.1,645,252,19,0,0.00754567116759,0,0,0
1.5,0.1,646,252,19,1,0.00754567116759,0.0526315789474,0.00396825396825,0.52589807853
1.5,0.1,647,252,19,2,0.00754567116759,0.105263157895,0.00793650793651,1.05179615706
1.5,0.1,648,252,19,2,0.00754567116759,0.105263157895,0.00793650793651,1.05179615706
1.5,0.1,649,252,19,1,0.00754567116759,0.0526315789474,0.00396825396825,0.52589807853
1.5,0.1,650,252,19,1,0.00754567116759,0.0526315789474,0.00396825396825,0.52589807853
1.5,0.1,651,252,19,2,0.00754567116759,0.105263157895,0.00793650793651,1.05179615706
1.5,0.1,652,252,19,6,0.00754567116759,0.315789473684,0.0238095238095,3.15538847118
1.5,0.1,653,252,19,3,0.00754567116759,0.157894736842,0.0119047619048,1.57769423559
1.5,0.1,654,252,19,3,0.00754567116759,0.157894736842,0.0119047619048,1.57769423559
1.5,0.1,655,252,19,0,0.00754567116759,0,0,0
1.5,0.1,656,252,19,1,0.00754567116759,0.0526315789474,0.00396825396825,0.52589807853
1.5,0.1,657,252,19,0,0.00754567116759,0,0,0
1.5,0.1,658,252,19,1,0.00754567116759,0.0526315789474,0.00396825396825,0.52589807853
1.5,0.1,659,252,19,2,0.00754567116759,0.105263157895,0.00793650793651,1.05179615706
1.5,0.1,660,252,19,0,0.00754567116759,0,0,0
1.5,0.1,661,252,19,3,0.00754567116759,0.157894736842,0.0119047619048,1.57769423559
1.5,0.1,662,252,19,0,0.00754567116759,0,0,0
1.5,0.1,663,252,19,4,0.00754567116759,0.210526315789,0.015873015873,2.10359231412
1.5,0.1,664,252,19,2,0.00754567116759,0.105263157895,0.00793650793651,1.05179615706
1.5,0.1,665,252,19,1,0.00754567116759,0.0526315789474,0.00396825396825,0.52589807853
1.5,0.1,666,252,19,0,0.00754567116759,0,0,0
1.5,0.1,667,252,19,2,0.00754567116759,0.105263157895,0.00793650793651,1.05179615706
1.5,0.1,668,252,19,2,0.00754567116759,0.105263157895,0.00793650793651,1.05179615706
1.5,0.1,669,252,19,4,0.00754567116759,0.210526315789,0.015873015873,2.10359231412
1.5,0.1,670,252,19,2,0.00754567116759,0.105263157895,0.00793650793651,1.05179615706
1.5,0.1,671,252,19,3,0.00754567116759,0.157894736842,0.0119047619048,1.57769423559
1.5,0.1,672,252,19,2,0.00754567116759,0.105263157895,0.00793650793651,1.05179615706
1.5,0.1,673,252,19,2,0.00754567116759,0.105263157895,0.00793650793651,1.05179615706
1.5,0.1,674,252,19,1,0.00754567116759,0.0526315789474,0.00396825396825,0.52589807853
1.5,0.1,675,252,19,2,0.00754567116759,0.105263157895,0.00793650793651,1.05179615706
1.5,0.1,676,252,19,2,0.00754567116759,0.105263157895,0.00793650793651,1.05179615706
1.5,0.1,677,252,19,3,0.00754567116759,0.157894736842,0.0119047619048,1.57769423559
1.5,0.1,678,252,19,0,0.00754567116759,0,0,0
1.5,0.1,679,252,19,3,0.00754567116759,0.157894736842,0.0119047619048,1.57769423559
1.5,0.1,680,252,19,3,0.00754567116759,0.157894736842,0.0119047619048,1.57769423559
1.5,0.1,681,252,19,3,0.00754567116759,0.157894736842,0.0119047619048,1.57769423559
1.5,0.1,682,252,19,2,0.00754567116759,0.105263157895,0.00793650793651,1.05179615706
1.5,0.1,683,252,19,1,0.00754567116759,0.0526315789474,0.00396825396825,0.52589807853
1.5,0.1,684,252,19,1,0.00754567116759,0.0526315789474,0.00396825396825,0.52589807853
1.5,0.1,685,252,19,3,0.00754567116759,0.157894736842,0.0119047619048,1.57769423559
1.5,0.1,686,252,19,2,0.00754567116759,0.105263157895,0.00793650793651,1.05179615706
1.5,0.1,687,252,19,1,0.00754567116759,0.0526315789474,0.00396825396825,0.52589807853
1.5,0.1,688,252,19,5,0.00754567116759,0.263157894737,0.0198412698413,2.62949039265
1.5,0.1,689,252,19,1,0.00754567116759,0.0526315789474,0.00396825396825,0.52589807853
1.5,0.1,690,252,19,1,0.00754567116759,0.0526315789474,0.00396825396825,0.52589807853
1.5,0.1,691,252,19,5,0.00754567116759,0.263157894737,0.0198412698413,2.62949039265
1.5,0.1,692,252,19,2,0.00754567116759,0.105263157895,0.00793650793651,1.05179615706
1.5,0.1,693,252,19,0,0.00754567116759,0,0,0
1.5,0.1,694,252,19,0,0.00754567116759,0,0,0
1.5,0.1,695,252,19,2,0.00754567116759,0.105263157895,0.00793650793651,1.05179615706
1.5,0.1,696,252,19,1,0.00754567116759,0.0526315789474,0.00396825396825,0.52589807853
1.5,0.1,697,252,19,3,0.00754567116759,0.157894736842,0.0119047619048,1.57769423559
1.5,0.1,698,252,19,3,0.00754567116759,0.157894736842,0.0119047619048,1.57769423559
1.5,0.1,699,252,19,3,0.00754567116759,0.157894736842,0.0119047619048,1.57769423559
1.5,0.1,700,252,19,5,0.00754567116759,0.263157894737,0.0198412698413,2.62949039265
1.5,0.1,701,252,19,1,0.00754567116759,0.0526315789474,0.00396825396825,0.52589807853
1.5,0.1,702,252,19,0,0.00754567116759,0,0,0
1.5,0.1,703,252,19,3,0.00754567116759,0.157894736842,0.0119047619048,1.57769423559
1.5,0.1,704,252,19,2,0.00754567116759,0.105263157895,0.00793650793651,1.05179615706
1.5,0.1,705,252,19,2,0.00754567116759,0.105263157895,0.00793650793651,1.05179615706
1.5,0.1,706,252,19,5,0.00754567116759,0.263157894737,0.0198412698413,2.62949039265
1.5,0.1,707,252,19,4,0.00754567116759,0.210526315789,0.015873015873,2.10359231412
1.5,0.1,708,252,19,3,0.00754567116759,0.157894736842,0.0119047619048,1.57769423559
1.5,0.1,709,252,19,4,0.00754567116759,0.210526315789,0.015873015873,2.10359231412
1.5,0.1,710,252,19,1,0.00754567116759,0.0526315789474,0.00396825396825,0.52589807853
1.5,0.1,711,252,19,5,0.00754567116759,0.263157894737,0.0198412698413,2.62949039265
1.5,0.1,712,252,19,3,0.00754567116759,0.157894736842,0.0119047619048,1.57769423559
1.5,0.1,713,252,19,1,0.00754567116759,0.0526315789474,0.00396825396825,0.52589807853
1.5,0.1,714,252,19,1,0.00754567116759,0.0526315789474,0.00396825396825,0.52589807853
1.5,0.1,715,252,19,2,0.00754567116759,0.105263157895,0.00793650793651,1.05179615706
1.5,0.1,716,252,19,4,0.00754567116759,0.210526315789,0.015873015873,2.10359231412
1.5,0.1,717,252,19,3,0.00754567116759,0.157894736842,0.0119047619048,1.57769423559
1.5,0.1,718,252,19,2,0.00754567116759,0.105263157895,0.00793650793651,1.05179615706
1.5,0.1,719,252,19,2,0.00754567116759,0.105263157895,0.00793650793651,1.05179615706
1.5,0.1,720,252,19,3,0.00754567116759,0.157894736842,0.0119047619048,1.57769423559
1.5,0.1,721,252,19,3,0.00754567116759,0.157894736842,0.0119047619048,1.57769423559
1.5,0.1,722,252,19,3,0.00754567116759,0.157894736842,0.0119047619048,1.57769423559
1.5,0.1,723,252,19,1,0.00754567116759,0.0526315789474,0.00396825396825,0.52589807853
1.5,0.1,724,252,19,3,0.00754567116759,0.157894736842,0.0119047619048,1.57769423559
1.5,0.1,725,252,19,4,0.00754567116759,0.210526315789,0.015873015873,2.10359231412
1.5,0.1,726,252,19,5,0.00754567116759,0.263157894737,0.0198412698413,2.62949039265
1.5,0.1,727,252,19,1,0.00754567116759,0.0526315789474,0.00396825396825,0.52589807853
1.5,0.1,728,252,19,1,0.00754567116759,0.0526315789474,0.00396825396825,0.52589807853
1.5,0.1,729,252,19,1,0.00754567116759,0.0526315789474,0.00396825396825,0.52589807853
1.5,0.1,730,252,19,1,0.00754567116759,0.0526315789474,0.00396825396825,0.52589807853
1.5,0.1,731,252,19,1,0.00754567116759,0.0526315789474,0.00396825396825,0.52589807853
1.5,0.1,732,252,19,3,0.00754567116759,0.157894736842,0.0119047619048,1.57769423559
1.5,0.1,733,252,19,4,0.00754567116759,0.210526315789,0.015873015873,2.10359231412
1.5,0.1,734,252,19,0,0.00754567116759,0,0,0
1.5,0.1,735,252,19,1,0.00754567116759,0.0526315789474,0.00396825396825,0.52589807853
1.5,0.1,736,252,19,1,0.00754567116759,0.0526315789474,0.00396825396825,0.52589807853
1.5,0.1,737,252,19,1,0.00754567116759,0.0526315789474,0.00396825396825,0.52589807853
1.5,0.1,738,252,19,4,0.00754567116759,0.210526315789,0.015873015873,2.10359231412
1.5,0.1,739,252,19,4,0.00754567116759,0.210526315789,0.015873015873,2.10359231412
1.5,0.1,740,252,19,1,0.00754567116759,0.0526315789474,0.00396825396825,0.52589807853
1.5,0.1,741,252,19,2,0.00754567116759,0.105263157895,0.00793650793651,1.05179615706
1.5,0.1,742,252,19,4,0.00754567116759,0.210526315789,0.015873015873,2.10359231412
1.5,0.1,743,252,19,4,0.00754567116759,0.210526315789,0.015873015873,2.10359231412
1.5,0.1,744,252,19,3,0.00754567116759,0.157894736842,0.0119047619048,1.57769423559
1.5,0.1,745,252,19,1,0.00754567116759,0.0526315789474,0.00396825396825,0.52589807853
1.5,0.1,746,252,19,3,0.00754567116759,0.157894736842,0.0119047619048,1.57769423559
1.5,0.1,747,252,19,0,0.00754567116759,0,0,0
1.5,0.1,748,252,19,3,0.00754567116759,0.157894736842,0.0119047619048,1.57769423559
1.5,0.1,749,252,19,2,0.00754567116759,0.105263157895,0.00793650793651,1.05179615706
1.5,0.1,750,252,19,2,0.00754567116759,0.105263157895,0.00793650793651,1.05179615706
1.5,0.1,751,252,19,5,0.00754567116759,0.263157894737,0.0198412698413,2.62949039265
1.5,0.1,752,252,19,0,0.00754567116759,0,0,0
1.5,0.1,753,252,19,4,0.00754567116759,0.210526315789,0.015873015873,2.10359231412
1.5,0.1,754,252,19,0,0.00754567116759,0,0,0
1.5,0.1,755,252,19,1,0.00754567116759,0.0526315789474,0.00396825396825,0.52589807853
1.5,0.1,756,252,19,2,0.00754567116759,0.105263157895,0.00793650793651,1.05179615706
1.5,0.1,757,252,19,5,0.00754567116759,0.263157894737,0.0198412698413,2.62949039265
1.5,0.1,758,252,19,1,0.00754567116759,0.0526315789474,0.00396825396825,0.52589807853
1.5,0.1,759,252,19,1,0.00754567116759,0.0526315789474,0.00396825396825,0.52589807853
1.5,0.1,760,252,19,3,0.00754567116759,0.157894736842,0.0119047619048,1.57769423559
1.5,0.1,761,252,19,1,0.00754567116759,0.0526315789474,0.00396825396825,0.52589807853
1.5,0.1,762,252,19,2,0.00754567116759,0.105263157895,0.00793650793651,1.05179615706
1.5,0.1,763,252,19,1,0.00754567116759,0.0526315789474,0.00396825396825,0.52589807853
1.5,0.1,764,252,19,1,0.00754567116759,0.0526315789474,0.00396825396825,0.52589807853
1.5,0.1,765,252,19,0,0.00754567116759,0,0,0
1.5,0.1,766,252,19,1,0.00754567116759,0.0526315789474,0.00396825396825,0.52589807853
1.5,0.1,767,252,19,3,0.00754567116759,0.157894736842,0.0119047619048,1.57769423559
1.5,0.1,768,252,19,2,0.00754567116759,0.105263157895,0.00793650793651,1.05179615706
1.5,0.1,769,252,19,5,0.00754567116759,0.263157894737,0.0198412698413,2.62949039265
1.5,0.1,770,252,19,1,0.00754567116759,0.0526315789474,0.00396825396825,0.52589807853
1.5,0.1,771,252,19,2,0.00754567116759,0.105263157895,0.00793650793651,1.05179615706
1.5,0.1,772,252,19,3,0.00754567116759,0.157894736842,0.0119047619048,1.57769423559
1.5,0.1,773,252,19,2,0.00754567116759,0.105263157895,0.00793650793651,1.05179615706
1.5,0.1,774,252,19,2,0.00754567116759,0.105263157895,0.00793650793651,1.05179615706
1.5,0.1,775,252,19,2,0.00754567116759,0.105263157895,0.00793650793651,1.05179615706
1.5,0.1,776,252,19,2,0.00754567116759,0.105263157895,0.00793650793651,1.05179615706
1.5,0.1,777,252,19,1,0.00754567116759,0.0526315789474,0.00396825396825,0.52589807853
1.5,0.1,778,252,19,3,0.00754567116759,0.157894736842,0.0119047619048,1.57769423559
1.5,0.1,779,252,19,1,0.00754567116759,0.0526315789474,0.00396825396825,0.52589807853
1.5,0.1,780,252,19,3,0.00754567116759,0.157894736842,0.0119047619048,1.57769423559
1.5,0.1,781,252,19,2,0.00754567116759,0.105263157895,0.00793650793651,1.05179615706
1.5,0.1,782,252,19,0,0.00754567116759,0,0,0
1.5,0.1,783,252,19,1,0.00754567116759,0.0526315789474,0.00396825396825,0.52589807853
1.5,0.1,784,252,19,0,0.00754567116759,0,0,0
1.5,0.1,785,252,19,2,0.00754567116759,0.105263157895,0.00793650793651,1.05179615706
1.5,0.1,786,252,19,3,0.00754567116759,0.157894736842,0.0119047619048,1.57769423559
1.5,0.1,787,252,19,1,0.00754567116759,0.0526315789474,0.00396825396825,0.52589807853
1.5,0.1,788,252,19,0,0.00754567116759,0,0,0
1.5,0.1,789,252,19,1,0.00754567116759,0.0526315789474,0.00396825396825,0.52589807853
1.5,0.1,790,252,19,2,0.00754567116759,0.105263157895,0.00793650793651,1.05179615706
1.5,0.1,791,252,19,4,0.00754567116759,0.210526315789,0.015873015873,2.10359231412
1.5,0.1,792,252,19,4,0.00754567116759,0.210526315789,0.015873015873,2.10359231412
1.5,0.1,793,252,19,4,0.00754567116759,0.210526315789,0.015873015873,2.10359231412
1.5,0.1,794,252,19,0,0.00754567116759,0,0,0
1.5,0.1,795,252,19,4,0.00754567116759,0.210526315789,0.015873015873,2.10359231412
1.5,0.1,796,252,19,2,0.00754567116759,0.105263157895,0.00793650793651,1.05179615706
1.5,0.1,797,252,19,1,0.00754567116759,0.0526315789474,0.00396825396825,0.52589807853
1.5,0.1,798,252,19,1,0.00754567116759,0.0526315789474,0.00396825396825,0.52589807853
1.5,0.1,799,252,19,2,0.00754567116759,0.105263157895,0.00793650793651,1.05179615706
1.5,0.1,800,252,19,1,0.00754567116759,0.0526315789474,0.00396825396825,0.52589807853
1.5,0.1,801,252,19,1,0.00754567116759,0.0526315789474,0.00396825396825,0.52589807853
1.5,0.1,802,252,19,4,0.00754567116759,0.210526315789,0.015873015873,2.10359231412
1.5,0.1,803,252,19,1,0.00754567116759,0.0526315789474,0.00396825396825,0.52589807853
1.5,0.1,804,252,19,4,0.00754567116759,0.210526315789,0.015873015873,2.10359231412
1.5,0.1,805,252,19,2,0.00754567116759,0.105263157895,0.00793650793651,1.05179615706
1.5,0.1,806,252,19,1,0.00754567116759,0.0526315789474,0.00396825396825,0.52589807853
1.5,0.1,807,252,19,2,0.00754567116759,0.105263157895,0.00793650793651,1.05179615706
1.5,0.1,808,252,19,1,0.00754567116759,0.0526315789474,0.00396825396825,0.52589807853
1.5,0.1,809,252,19,5,0.00754567116759,0.263157894737,0.0198412698413,2.62949039265
1.5,0.1,810,252,19,1,0.00754567116759,0.0526315789474,0.00396825396825,0.52589807853
1.5,0.1,811,252,19,3,0.00754567116759,0.157894736842,0.0119047619048,1.57769423559
1.5,0.1,812,252,19,3,0.00754567116759,0.157894736842,0.0119047619048,1.57769423559
1.5,0.1,813,252,19,1,0.00754567116759,0.0526315789474,0.00396825396825,0.52589807853
1.5,0.1,814,252,19,3,0.00754567116759,0.157894736842,0.0119047619048,1.57769423559
1.5,0.1,815,252,19,4,0.00754567116759,0.210526315789,0.015873015873,2.10359231412
1.5,0.1,816,252,19,3,0.00754567116759,0.157894736842,0.0119047619048,1.57769423559
1.5,0.1,817,252,19,2,0.00754567116759,0.105263157895,0.00793650793651,1.05179615706
1.5,0.1,818,252,19,2,0.00754567116759,0.105263157895,0.00793650793651,1.05179615706
1.5,0.1,819,252,19,2,0.00754567116759,0.105263157895,0.00793650793651,1.05179615706
1.5,0.1,820,252,19,1,0.00754567116759,0.0526315789474,0.00396825396825,0.52589807853
1.5,0.1,821,252,19,2,0.00754567116759,0.105263157895,0.00793650793651,1.05179615706
1.5,0.1,822,252,19,2,0.00754567116759,0.105263157895,0.00793650793651,1.05179615706
1.5,0.1,823,252,19,1,0.00754567116759,0.0526315789474,0.00396825396825,0.52589807853
1.5,0.1,824,252,19,3,0.00754567116759,0.157894736842,0.0119047619048,1.57769423559
1.5,0.1,825,252,19,2,0.00754567116759,0.105263157895,0.00793650793651,1.05179615706
1.5,0.1,826,252,19,3,0.00754567116759,0.157894736842,0.0119047619048,1.57769423559
1.5,0.1,827,252,19,3,0.00754567116759,0.157894736842,0.0119047619048,1.57769423559
1.5,0.1,828,252,19,1,0.00754567116759,0.0526315789474,0.00396825396825,0.52589807853
1.5,0.1,829,252,19,3,0.00754567116759,0.157894736842,0.0119047619048,1.57769423559
1.5,0.1,830,252,19,1,0.00754567116759,0.0526315789474,0.00396825396825,0.52589807853
1.5,0.1,831,252,19,1,0.00754567116759,0.0526315789474,0.00396825396825,0.52589807853
1.5,0.1,832,252,19,2,0.00754567116759,0.105263157895,0.00793650793651,1.05179615706
1.5,0.1,833,252,19,5,0.00754567116759,0.263157894737,0.0198412698413,2.62949039265
1.5,0.1,834,252,19,5,0.00754567116759,0.263157894737,0.0198412698413,2.62949039265
1.5,0.1,835,252,19,2,0.00754567116759,0.105263157895,0.00793650793651,1.05179615706
1.5,0.1,836,252,19,3,0.00754567116759,0.157894736842,0.0119047619048,1.57769423559
1.5,0.1,837,252,19,4,0.00754567116759,0.210526315789,0.015873015873,2.10359231412
1.5,0.1,838,252,19,1,0.00754567116759,0.0526315789474,0.00396825396825,0.52589807853
1.5,0.1,839,252,19,3,0.00754567116759,0.157894736842,0.0119047619048,1.57769423559
1.5,0.1,840,252,19,2,0.00754567116759,0.105263157895,0.00793650793651,1.05179615706
1.5,0.1,841,252,19,1,0.00754567116759,0.0526315789474,0.00396825396825,0.52589807853
1.5,0.1,842,252,19,0,0.00754567116759,0,0,0
1.5,0.1,843,252,19,2,0.00754567116759,0.105263157895,0.00793650793651,1.05179615706
1.5,0.1,844,252,19,4,0.00754567116759,0.210526315789,0.015873015873,2.10359231412
1.5,0.1,845,252,19,0,0.00754567116759,0,0,0
1.5,0.1,846,252,19,1,0.00754567116759,0.0526315789474,0.00396825396825,0.52589807853
1.5,0.1,847,252,19,4,0.00754567116759,0.210526315789,0.015873015873,2.10359231412
1.5,0.1,848,252,19,5,0.00754567116759,0.263157894737,0.0198412698413,2.62949039265
1.5,0.1,849,252,19,2,0.00754567116759,0.105263157895,0.00793650793651,1.05179615706
1.5,0.1,850,252,19,3,0.00754567116759,0.157894736842,0.0119047619048,1.57769423559
1.5,0.1,851,252,19,3,0.00754567116759,0.157894736842,0.0119047619048,1.57769423559
1.5,0.1,852,252,19,3,0.00754567116759,0.157894736842,0.0119047619048,1.57769423559
1.5,0.1,853,252,19,2,0.00754567116759,0.105263157895,0.00793650793651,1.05179615706
1.5,0.1,854,252,19,1,0.00754567116759,0.0526315789474,0.00396825396825,0.52589807853
1.5,0.1,855,252,19,3,0.00754567116759,0.157894736842,0.0119047619048,1.57769423559
1.5,0.1,856,252,19,5,0.00754567116759,0.263157894737,0.0198412698413,2.62949039265
1.5,0.1,857,252,19,3,0.00754567116759,0.157894736842,0.0119047619048,1.57769423559
1.5,0.1,858,252,19,3,0.00754567116759,0.157894736842,0.0119047619048,1.57769423559
1.5,0.1,859,252,19,2,0.00754567116759,0.105263157895,0.00793650793651,1.05179615706
1.5,0.1,860,252,19,1,0.00754567116759,0.0526315789474,0.00396825396825,0.52589807853
1.5,0.1,861,252,19,2,0.00754567116759,0.105263157895,0.00793650793651,1.05179615706
1.5,0.1,862,252,19,2,0.00754567116759,0.105263157895,0.00793650793651,1.05179615706
1.5,0.1,863,252,19,5,0.00754567116759,0.263157894737,0.0198412698413,2.62949039265
1.5,0.1,864,252,19,0,0.00754567116759,0,0,0
1.5,0.1,865,252,19,0,0.00754567116759,0,0,0
1.5,0.1,866,252,19,2,0.00754567116759,0.105263157895,0.00793650793651,1.05179615706
1.5,0.1,867,252,19,1,0.00754567116759,0.0526315789474,0.00396825396825,0.52589807853
1.5,0.1,868,252,19,3,0.00754567116759,0.157894736842,0.0119047619048,1.57769423559
1.5,0.1,869,252,19,1,0.00754567116759,0.0526315789474,0.00396825396825,0.52589807853
1.5,0.1,870,252,19,1,0.00754567116759,0.0526315789474,0.00396825396825,0.52589807853
1.5,0.1,871,252,19,2,0.00754567116759,0.105263157895,0.00793650793651,1.05179615706
1.5,0.1,872,252,19,2,0.00754567116759,0.105263157895,0.00793650793651,1.05179615706
1.5,0.1,873,252,19,1,0.00754567116759,0.0526315789474,0.00396825396825,0.52589807853
1.5,0.1,874,252,19,2,0.00754567116759,0.105263157895,0.00793650793651,1.05179615706
1.5,0.1,875,252,19,2,0.00754567116759,0.105263157895,0.00793650793651,1.05179615706
1.5,0.1,876,252,19,1,0.00754567116759,0.0526315789474,0.00396825396825,0.52589807853
1.5,0.1,877,252,19,0,0.00754567116759,0,0,0
1.5,0.1,878,252,19,1,0.00754567116759,0.0526315789474,0.00396825396825,0.52589807853
1.5,0.1,879,252,19,2,0.00754567116759,0.105263157895,0.00793650793651,1.05179615706
1.5,0.1,880,252,19,3,0.00754567116759,0.157894736842,0.0119047619048,1.57769423559
1.5,0.1,881,252,19,3,0.00754567116759,0.157894736842,0.0119047619048,1.57769423559
1.5,0.1,882,252,19,1,0.00754567116759,0.0526315789474,0.00396825396825,0.52589807853
1.5,0.1,883,252,19,2,0.00754567116759,0.105263157895,0.00793650793651,1.05179615706
1.5,0.1,884,252,19,1,0.00754567116759,0.0526315789474,0.00396825396825,0.52589807853
1.5,0.1,885,252,19,2,0.00754567116759,0.105263157895,0.00793650793651,1.05179615706
1.5,0.1,886,252,19,7,0.00754567116759,0.368421052632,0.0277777777778,3.68128654971
1.5,0.1,887,252,19,1,0.00754567116759,0.0526315789474,0.00396825396825,0.52589807853
1.5,0.1,888,252,19,1,0.00754567116759,0.0526315789474,0.00396825396825,0.52589807853
1.5,0.1,889,252,19,2,0.00754567116759,0.105263157895,0.00793650793651,1.05179615706
1.5,0.1,890,252,19,4,0.00754567116759,0.210526315789,0.015873015873,2.10359231412
1.5,0.1,891,252,19,1,0.00754567116759,0.0526315789474,0.00396825396825,0.52589807853
1.5,0.1,892,252,19,2,0.00754567116759,0.105263157895,0.00793650793651,1.05179615706
1.5,0.1,893,252,19,1,0.00754567116759,0.0526315789474,0.00396825396825,0.52589807853
1.5,0.1,894,252,19,1,0.00754567116759,0.0526315789474,0.00396825396825,0.52589807853
1.5,0.1,895,252,19,0,0.00754567116759,0,0,0
1.5,0.1,896,252,19,3,0.00754567116759,0.157894736842,0.0119047619048,1.57769423559
1.5,0.1,897,252,19,1,0.00754567116759,0.0526315789474,0.00396825396825,0.52589807853
1.5,0.1,898,252,19,1,0.00754567116759,0.0526315789474,0.00396825396825,0.52589807853
1.5,0.1,899,252,19,1,0.00754567116759,0.0526315789474,0.00396825396825,0.52589807853
1.5,0.1,900,252,19,4,0.00754567116759,0.210526315789,0.015873015873,2.10359231412
1.5,0.1,901,252,19,1,0.00754567116759,0.0526315789474,0.00396825396825,0.52589807853
1.5,0.1,902,252,19,2,0.00754567116759,0.105263157895,0.00793650793651,1.05179615706
1.5,0.1,903,252,19,1,0.00754567116759,0.0526315789474,0.00396825396825,0.52589807853
1.5,0.1,904,252,19,2,0.00754567116759,0.105263157895,0.00793650793651,1.05179615706
1.5,0.1,905,252,19,2,0.00754567116759,0.105263157895,0.00793650793651,1.05179615706
1.5,0.1,906,252,19,2,0.00754567116759,0.105263157895,0.00793650793651,1.05179615706
1.5,0.1,907,252,19,1,0.00754567116759,0.0526315789474,0.00396825396825,0.52589807853
1.5,0.1,908,252,19,1,0.00754567116759,0.0526315789474,0.00396825396825,0.52589807853
1.5,0.1,909,252,19,1,0.00754567116759,0.0526315789474,0.00396825396825,0.52589807853
1.5,0.1,910,252,19,2,0.00754567116759,0.105263157895,0.00793650793651,1.05179615706
1.5,0.1,911,252,19,2,0.00754567116759,0.105263157895,0.00793650793651,1.05179615706
1.5,0.1,912,252,19,0,0.00754567116759,0,0,0
1.5,0.1,913,252,19,1,0.00754567116759,0.0526315789474,0.00396825396825,0.52589807853
1.5,0.1,914,252,19,4,0.00754567116759,0.210526315789,0.015873015873,2.10359231412
1.5,0.1,915,252,19,2,0.00754567116759,0.105263157895,0.00793650793651,1.05179615706
1.5,0.1,916,252,19,3,0.00754567116759,0.157894736842,0.0119047619048,1.57769423559
1.5,0.1,917,252,19,0,0.00754567116759,0,0,0
1.5,0.1,918,252,19,2,0.00754567116759,0.105263157895,0.00793650793651,1.05179615706
1.5,0.1,919,252,19,1,0.00754567116759,0.0526315789474,0.00396825396825,0.52589807853
1.5,0.1,920,252,19,1,0.00754567116759,0.0526315789474,0.00396825396825,0.52589807853
1.5,0.1,921,252,19,2,0.00754567116759,0.105263157895,0.00793650793651,1.05179615706
1.5,0.1,922,252,19,1,0.00754567116759,0.0526315789474,0.00396825396825,0.52589807853
1.5,0.1,923,252,19,1,0.00754567116759,0.0526315789474,0.00396825396825,0.52589807853
1.5,0.1,924,252,19,1,0.00754567116759,0.0526315789474,0.00396825396825,0.52589807853
1.5,0.1,925,252,19,4,0.00754567116759,0.210526315789,0.015873015873,2.10359231412
1.5,0.1,926,252,19,5,0.00754567116759,0.263157894737,0.0198412698413,2.62949039265
1.5,0.1,927,252,19,3,0.00754567116759,0.157894736842,0.0119047619048,1.57769423559
1.5,0.1,928,252,19,1,0.00754567116759,0.0526315789474,0.00396825396825,0.52589807853
1.5,0.1,929,252,19,6,0.00754567116759,0.315789473684,0.0238095238095,3.15538847118
1.5,0.1,930,252,19,1,0.00754567116759,0.0526315789474,0.00396825396825,0.52589807853
1.5,0.1,931,252,19,4,0.00754567116759,0.210526315789,0.015873015873,2.10359231412
1.5,0.1,932,252,19,2,0.00754567116759,0.105263157895,0.00793650793651,1.05179615706
1.5,0.1,933,252,19,0,0.00754567116759,0,0,0
1.5,0.1,934,252,19,6,0.00754567116759,0.315789473684,0.0238095238095,3.15538847118
1.5,0.1,935,252,19,3,0.00754567116759,0.157894736842,0.0119047619048,1.57769423559
1.5,0.1,936,252,19,3,0.00754567116759,0.157894736842,0.0119047619048,1.57769423559
1.5,0.1,937,252,19,2,0.00754567116759,0.105263157895,0.00793650793651,1.05179615706
1.5,0.1,938,252,19,1,0.00754567116759,0.0526315789474,0.00396825396825,0.52589807853
1.5,0.1,939,252,19,3,0.00754567116759,0.157894736842,0.0119047619048,1.57769423559
1.5,0.1,940,252,19,2,0.00754567116759,0.105263157895,0.00793650793651,1.05179615706
1.5,0.1,941,252,19,2,0.00754567116759,0.105263157895,0.00793650793651,1.05179615706
1.5,0.1,942,252,19,1,0.00754567116759,0.0526315789474,0.00396825396825,0.52589807853
1.5,0.1,943,252,19,0,0.00754567116759,0,0,0
1.5,0.1,944,252,19,3,0.00754567116759,0.157894736842,0.0119047619048,1.57769423559
1.5,0.1,945,252,19,2,0.00754567116759,0.105263157895,0.00793650793651,1.05179615706
1.5,0.1,946,252,19,0,0.00754567116759,0,0,0
1.5,0.1,947,252,19,3,0.00754567116759,0.157894736842,0.0119047619048,1.57769423559
1.5,0.1,948,252,19,3,0.00754567116759,0.157894736842,0.0119047619048,1.57769423559
1.5,0.1,949,252,19,4,0.00754567116759,0.210526315789,0.015873015873,2.10359231412
1.5,0.1,950,252,19,0,0.00754567116759,0,0,0
1.5,0.1,951,252,19,1,0.00754567116759,0.0526315789474,0.00396825396825,0.52589807853
1.5,0.1,952,252,19,2,0.00754567116759,0.105263157895,0.00793650793651,1.05179615706
1.5,0.1,953,252,19,1,0.00754567116759,0.0526315789474,0.00396825396825,0.52589807853
1.5,0.1,954,252,19,2,0.00754567116759,0.105263157895,0.00793650793651,1.05179615706
1.5,0.1,955,252,19,2,0.00754567116759,0.105263157895,0.00793650793651,1.05179615706
1.5,0.1,956,252,19,4,0.00754567116759,0.210526315789,0.015873015873,2.10359231412
1.5,0.1,957,252,19,2,0.00754567116759,0.105263157895,0.00793650793651,1.05179615706
1.5,0.1,958,252,19,0,0.00754567116759,0,0,0
1.5,0.1,959,252,19,2,0.00754567116759,0.105263157895,0.00793650793651,1.05179615706
1.5,0.1,960,252,19,1,0.00754567116759,0.0526315789474,0.00396825396825,0.52589807853
1.5,0.1,961,252,19,4,0.00754567116759,0.210526315789,0.015873015873,2.10359231412
1.5,0.1,962,252,19,3,0.00754567116759,0.157894736842,0.0119047619048,1.57769423559
1.5,0.1,963,252,19,7,0.00754567116759,0.368421052632,0.0277777777778,3.68128654971
1.5,0.1,964,252,19,1,0.00754567116759,0.0526315789474,0.00396825396825,0.52589807853
1.5,0.1,965,252,19,1,0.00754567116759,0.0526315789474,0.00396825396825,0.52589807853
1.5,0.1,966,252,19,2,0.00754567116759,0.105263157895,0.00793650793651,1.05179615706
1.5,0.1,967,252,19,3,0.00754567116759,0.157894736842,0.0119047619048,1.57769423559
1.5,0.1,968,252,19,6,0.00754567116759,0.315789473684,0.0238095238095,3.15538847118
1.5,0.1,969,252,19,3,0.00754567116759,0.157894736842,0.0119047619048,1.57769423559
1.5,0.1,970,252,19,0,0.00754567116759,0,0,0
1.5,0.1,971,252,19,0,0.00754567116759,0,0,0
1.5,0.1,972,252,19,3,0.00754567116759,0.157894736842,0.0119047619048,1.57769423559
1.5,0.1,973,252,19,3,0.00754567116759,0.157894736842,0.0119047619048,1.57769423559
1.5,0.1,974,252,19,1,0.00754567116759,0.0526315789474,0.00396825396825,0.52589807853
1.5,0.1,975,252,19,0,0.00754567116759,0,0,0
1.5,0.1,976,252,19,1,0.00754567116759,0.0526315789474,0.00396825396825,0.52589807853
1.5,0.1,977,252,19,1,0.00754567116759,0.0526315789474,0.00396825396825,0.52589807853
1.5,0.1,978,252,19,2,0.00754567116759,0.105263157895,0.00793650793651,1.05179615706
1.5,0.1,979,252,19,0,0.00754567116759,0,0,0
1.5,0.1,980,252,19,0,0.00754567116759,0,0,0
1.5,0.1,981,252,19,1,0.00754567116759,0.0526315789474,0.00396825396825,0.52589807853
1.5,0.1,982,252,19,2,0.00754567116759,0.105263157895,0.00793650793651,1.05179615706
1.5,0.1,983,252,19,0,0.00754567116759,0,0,0
1.5,0.1,984,252,19,3,0.00754567116759,0.157894736842,0.0119047619048,1.57769423559
1.5,0.1,985,252,19,2,0.00754567116759,0.105263157895,0.00793650793651,1.05179615706
1.5,0.1,986,252,19,1,0.00754567116759,0.0526315789474,0.00396825396825,0.52589807853
1.5,0.1,987,252,19,2,0.00754567116759,0.105263157895,0.00793650793651,1.05179615706
1.5,0.1,988,252,19,0,0.00754567116759,0,0,0
1.5,0.1,989,252,19,1,0.00754567116759,0.0526315789474,0.00396825396825,0.52589807853
1.5,0.1,990,252,19,1,0.00754567116759,0.0526315789474,0.00396825396825,0.52589807853
1.5,0.1,991,252,19,2,0.00754567116759,0.105263157895,0.00793650793651,1.05179615706
1.5,0.1,992,252,19,2,0.00754567116759,0.105263157895,0.00793650793651,1.05179615706
1.5,0.1,993,252,19,2,0.00754567116759,0.105263157895,0.00793650793651,1.05179615706
1.5,0.1,994,252,19,2,0.00754567116759,0.105263157895,0.00793650793651,1.05179615706
1.5,0.1,995,252,19,3,0.00754567116759,0.157894736842,0.0119047619048,1.57769423559
1.5,0.1,996,252,19,2,0.00754567116759,0.105263157895,0.00793650793651,1.05179615706
1.5,0.1,997,252,19,2,0.00754567116759,0.105263157895,0.00793650793651,1.05179615706
1.5,0.1,998,252,19,2,0.00754567116759,0.105263157895,0.00793650793651,1.05179615706
1.5,0.1,999,252,19,2,0.00754567116759,0.105263157895,0.00793650793651,1.05179615706
1.5,0.1,1000,252,19,2,0.00754567116759,0.105263157895,0.00793650793651,1.05179615706
1.5,0.2,1,504,19,0,0.00754567116759,0,0,0
1.5,0.2,2,504,19,2,0.00754567116759,0.105263157895,0.00396825396825,0.52589807853
1.5,0.2,3,504,19,5,0.00754567116759,0.263157894737,0.00992063492063,1.31474519632
1.5,0.2,4,504,19,5,0.00754567116759,0.263157894737,0.00992063492063,1.31474519632
1.5,0.2,5,504,19,5,0.00754567116759,0.263157894737,0.00992063492063,1.31474519632
1.5,0.2,6,504,19,7,0.00754567116759,0.368421052632,0.0138888888889,1.84064327485
1.5,0.2,7,504,19,6,0.00754567116759,0.315789473684,0.0119047619048,1.57769423559
1.5,0.2,8,504,19,6,0.00754567116759,0.315789473684,0.0119047619048,1.57769423559
1.5,0.2,9,504,19,5,0.00754567116759,0.263157894737,0.00992063492063,1.31474519632
1.5,0.2,10,504,19,2,0.00754567116759,0.105263157895,0.00396825396825,0.52589807853
1.5,0.2,11,504,19,7,0.00754567116759,0.368421052632,0.0138888888889,1.84064327485
1.5,0.2,12,504,19,3,0.00754567116759,0.157894736842,0.00595238095238,0.788847117794
1.5,0.2,13,504,19,4,0.00754567116759,0.210526315789,0.00793650793651,1.05179615706
1.5,0.2,14,504,19,5,0.00754567116759,0.263157894737,0.00992063492063,1.31474519632
1.5,0.2,15,504,19,3,0.00754567116759,0.157894736842,0.00595238095238,0.788847117794
1.5,0.2,16,504,19,4,0.00754567116759,0.210526315789,0.00793650793651,1.05179615706
1.5,0.2,17,504,19,2,0.00754567116759,0.105263157895,0.00396825396825,0.52589807853
1.5,0.2,18,504,19,2,0.00754567116759,0.105263157895,0.00396825396825,0.52589807853
1.5,0.2,19,504,19,3,0.00754567116759,0.157894736842,0.00595238095238,0.788847117794
1.5,0.2,20,504,19,1,0.00754567116759,0.0526315789474,0.00198412698413,0.262949039265
1.5,0.2,21,504,19,4,0.00754567116759,0.210526315789,0.00793650793651,1.05179615706
1.5,0.2,22,504,19,7,0.00754567116759,0.368421052632,0.0138888888889,1.84064327485
1.5,0.2,23,504,19,2,0.00754567116759,0.105263157895,0.00396825396825,0.52589807853
1.5,0.2,24,504,19,2,0.00754567116759,0.105263157895,0.00396825396825,0.52589807853
1.5,0.2,25,504,19,5,0.00754567116759,0.263157894737,0.00992063492063,1.31474519632
1.5,0.2,26,504,19,4,0.00754567116759,0.210526315789,0.00793650793651,1.05179615706
1.5,0.2,27,504,19,4,0.00754567116759,0.210526315789,0.00793650793651,1.05179615706
1.5,0.2,28,504,19,5,0.00754567116759,0.263157894737,0.00992063492063,1.31474519632
1.5,0.2,29,504,19,4,0.00754567116759,0.210526315789,0.00793650793651,1.05179615706
1.5,0.2,30,504,19,4,0.00754567116759,0.210526315789,0.00793650793651,1.05179615706
1.5,0.2,31,504,19,2,0.00754567116759,0.105263157895,0.00396825396825,0.52589807853
1.5,0.2,32,504,19,2,0.00754567116759,0.105263157895,0.00396825396825,0.52589807853
1.5,0.2,33,504,19,4,0.00754567116759,0.210526315789,0.00793650793651,1.05179615706
1.5,0.2,34,504,19,4,0.00754567116759,0.210526315789,0.00793650793651,1.05179615706
1.5,0.2,35,504,19,6,0.00754567116759,0.315789473684,0.0119047619048,1.57769423559
1.5,0.2,36,504,19,2,0.00754567116759,0.105263157895,0.00396825396825,0.52589807853
1.5,0.2,37,504,19,4,0.00754567116759,0.210526315789,0.00793650793651,1.05179615706
1.5,0.2,38,504,19,5,0.00754567116759,0.263157894737,0.00992063492063,1.31474519632
1.5,0.2,39,504,19,4,0.00754567116759,0.210526315789,0.00793650793651,1.05179615706
1.5,0.2,40,504,19,1,0.00754567116759,0.0526315789474,0.00198412698413,0.262949039265
1.5,0.2,41,504,19,2,0.00754567116759,0.105263157895,0.00396825396825,0.52589807853
1.5,0.2,42,504,19,5,0.00754567116759,0.263157894737,0.00992063492063,1.31474519632
1.5,0.2,43,504,19,5,0.00754567116759,0.263157894737,0.00992063492063,1.31474519632
1.5,0.2,44,504,19,5,0.00754567116759,0.263157894737,0.00992063492063,1.31474519632
1.5,0.2,45,504,19,4,0.00754567116759,0.210526315789,0.00793650793651,1.05179615706
1.5,0.2,46,504,19,6,0.00754567116759,0.315789473684,0.0119047619048,1.57769423559
1.5,0.2,47,504,19,2,0.00754567116759,0.105263157895,0.00396825396825,0.52589807853
1.5,0.2,48,504,19,5,0.00754567116759,0.263157894737,0.00992063492063,1.31474519632
1.5,0.2,49,504,19,3,0.00754567116759,0.157894736842,0.00595238095238,0.788847117794
1.5,0.2,50,504,19,5,0.00754567116759,0.263157894737,0.00992063492063,1.31474519632
1.5,0.2,51,504,19,3,0.00754567116759,0.157894736842,0.00595238095238,0.788847117794
1.5,0.2,52,504,19,7,0.00754567116759,0.368421052632,0.0138888888889,1.84064327485
1.5,0.2,53,504,19,4,0.00754567116759,0.210526315789,0.00793650793651,1.05179615706
1.5,0.2,54,504,19,3,0.00754567116759,0.157894736842,0.00595238095238,0.788847117794
1.5,0.2,55,504,19,2,0.00754567116759,0.105263157895,0.00396825396825,0.52589807853
1.5,0.2,56,504,19,5,0.00754567116759,0.263157894737,0.00992063492063,1.31474519632
1.5,0.2,57,504,19,1,0.00754567116759,0.0526315789474,0.00198412698413,0.262949039265
1.5,0.2,58,504,19,3,0.00754567116759,0.157894736842,0.00595238095238,0.788847117794
1.5,0.2,59,504,19,4,0.00754567116759,0.210526315789,0.00793650793651,1.05179615706
1.5,0.2,60,504,19,4,0.00754567116759,0.210526315789,0.00793650793651,1.05179615706
1.5,0.2,61,504,19,5,0.00754567116759,0.263157894737,0.00992063492063,1.31474519632
1.5,0.2,62,504,19,3,0.00754567116759,0.157894736842,0.00595238095238,0.788847117794
1.5,0.2,63,504,19,5,0.00754567116759,0.263157894737,0.00992063492063,1.31474519632
1.5,0.2,64,504,19,3,0.00754567116759,0.157894736842,0.00595238095238,0.788847117794
1.5,0.2,65,504,19,5,0.00754567116759,0.263157894737,0.00992063492063,1.31474519632
1.5,0.2,66,504,19,5,0.00754567116759,0.263157894737,0.00992063492063,1.31474519632
1.5,0.2,67,504,19,0,0.00754567116759,0,0,0
1.5,0.2,68,504,19,2,0.00754567116759,0.105263157895,0.00396825396825,0.52589807853
1.5,0.2,69,504,19,4,0.00754567116759,0.210526315789,0.00793650793651,1.05179615706
1.5,0.2,70,504,19,4,0.00754567116759,0.210526315789,0.00793650793651,1.05179615706
1.5,0.2,71,504,19,5,0.00754567116759,0.263157894737,0.00992063492063,1.31474519632
1.5,0.2,72,504,19,4,0.00754567116759,0.210526315789,0.00793650793651,1.05179615706
1.5,0.2,73,504,19,4,0.00754567116759,0.210526315789,0.00793650793651,1.05179615706
1.5,0.2,74,504,19,5,0.00754567116759,0.263157894737,0.00992063492063,1.31474519632
1.5,0.2,75,504,19,3,0.00754567116759,0.157894736842,0.00595238095238,0.788847117794
1.5,0.2,76,504,19,5,0.00754567116759,0.263157894737,0.00992063492063,1.31474519632
1.5,0.2,77,504,19,6,0.00754567116759,0.315789473684,0.0119047619048,1.57769423559
1.5,0.2,78,504,19,4,0.00754567116759,0.210526315789,0.00793650793651,1.05179615706
1.5,0.2,79,504,19,3,0.00754567116759,0.157894736842,0.00595238095238,0.788847117794
1.5,0.2,80,504,19,7,0.00754567116759,0.368421052632,0.0138888888889,1.84064327485
1.5,0.2,81,504,19,4,0.00754567116759,0.210526315789,0.00793650793651,1.05179615706
1.5,0.2,82,504,19,2,0.00754567116759,0.105263157895,0.00396825396825,0.52589807853
1.5,0.2,83,504,19,2,0.00754567116759,0.105263157895,0.00396825396825,0.52589807853
1.5,0.2,84,504,19,7,0.00754567116759,0.368421052632,0.0138888888889,1.84064327485
1.5,0.2,85,504,19,4,0.00754567116759,0.210526315789,0.00793650793651,1.05179615706
1.5,0.2,86,504,19,4,0.00754567116759,0.210526315789,0.00793650793651,1.05179615706
1.5,0.2,87,504,19,4,0.00754567116759,0.210526315789,0.00793650793651,1.05179615706
1.5,0.2,88,504,19,2,0.00754567116759,0.105263157895,0.00396825396825,0.52589807853
1.5,0.2,89,504,19,5,0.00754567116759,0.263157894737,0.00992063492063,1.31474519632
1.5,0.2,90,504,19,3,0.00754567116759,0.157894736842,0.00595238095238,0.788847117794
1.5,0.2,91,504,19,6,0.00754567116759,0.315789473684,0.0119047619048,1.57769423559
1.5,0.2,92,504,19,6,0.00754567116759,0.315789473684,0.0119047619048,1.57769423559
1.5,0.2,93,504,19,2,0.00754567116759,0.105263157895,0.00396825396825,0.52589807853
1.5,0.2,94,504,19,5,0.00754567116759,0.263157894737,0.00992063492063,1.31474519632
1.5,0.2,95,504,19,1,0.00754567116759,0.0526315789474,0.00198412698413,0.262949039265
1.5,0.2,96,504,19,6,0.00754567116759,0.315789473684,0.0119047619048,1.57769423559
1.5,0.2,97,504,19,5,0.00754567116759,0.263157894737,0.00992063492063,1.31474519632
1.5,0.2,98,504,19,4,0.00754567116759,0.210526315789,0.00793650793651,1.05179615706
1.5,0.2,99,504,19,5,0.00754567116759,0.263157894737,0.00992063492063,1.31474519632
1.5,0.2,100,504,19,5,0.00754567116759,0.263157894737,0.00992063492063,1.31474519632
1.5,0.2,101,504,19,3,0.00754567116759,0.157894736842,0.00595238095238,0.788847117794
1.5,0.2,102,504,19,2,0.00754567116759,0.105263157895,0.00396825396825,0.52589807853
1.5,0.2,103,504,19,5,0.00754567116759,0.263157894737,0.00992063492063,1.31474519632
1.5,0.2,104,504,19,4,0.00754567116759,0.210526315789,0.00793650793651,1.05179615706
1.5,0.2,105,504,19,6,0.00754567116759,0.315789473684,0.0119047619048,1.57769423559
1.5,0.2,106,504,19,7,0.00754567116759,0.368421052632,0.0138888888889,1.84064327485
1.5,0.2,107,504,19,4,0.00754567116759,0.210526315789,0.00793650793651,1.05179615706
1.5,0.2,108,504,19,6,0.00754567116759,0.315789473684,0.0119047619048,1.57769423559
1.5,0.2,109,504,19,5,0.00754567116759,0.263157894737,0.00992063492063,1.31474519632
1.5,0.2,110,504,19,0,0.00754567116759,0,0,0
1.5,0.2,111,504,19,4,0.00754567116759,0.210526315789,0.00793650793651,1.05179615706
1.5,0.2,112,504,19,5,0.00754567116759,0.263157894737,0.00992063492063,1.31474519632
1.5,0.2,113,504,19,6,0.00754567116759,0.315789473684,0.0119047619048,1.57769423559
1.5,0.2,114,504,19,5,0.00754567116759,0.263157894737,0.00992063492063,1.31474519632
1.5,0.2,115,504,19,6,0.00754567116759,0.315789473684,0.0119047619048,1.57769423559
1.5,0.2,116,504,19,1,0.00754567116759,0.0526315789474,0.00198412698413,0.262949039265
1.5,0.2,117,504,19,4,0.00754567116759,0.210526315789,0.00793650793651,1.05179615706
1.5,0.2,118,504,19,2,0.00754567116759,0.105263157895,0.00396825396825,0.52589807853
1.5,0.2,119,504,19,1,0.00754567116759,0.0526315789474,0.00198412698413,0.262949039265
1.5,0.2,120,504,19,1,0.00754567116759,0.0526315789474,0.00198412698413,0.262949039265
1.5,0.2,121,504,19,3,0.00754567116759,0.157894736842,0.00595238095238,0.788847117794
1.5,0.2,122,504,19,3,0.00754567116759,0.157894736842,0.00595238095238,0.788847117794
1.5,0.2,123,504,19,2,0.00754567116759,0.105263157895,0.00396825396825,0.52589807853
1.5,0.2,124,504,19,3,0.00754567116759,0.157894736842,0.00595238095238,0.788847117794
1.5,0.2,125,504,19,0,0.00754567116759,0,0,0
1.5,0.2,126,504,19,3,0.00754567116759,0.157894736842,0.00595238095238,0.788847117794
1.5,0.2,127,504,19,3,0.00754567116759,0.157894736842,0.00595238095238,0.788847117794
1.5,0.2,128,504,19,3,0.00754567116759,0.157894736842,0.00595238095238,0.788847117794
1.5,0.2,129,504,19,6,0.00754567116759,0.315789473684,0.0119047619048,1.57769423559
1.5,0.2,130,504,19,3,0.00754567116759,0.157894736842,0.00595238095238,0.788847117794
1.5,0.2,131,504,19,5,0.00754567116759,0.263157894737,0.00992063492063,1.31474519632
1.5,0.2,132,504,19,3,0.00754567116759,0.157894736842,0.00595238095238,0.788847117794
1.5,0.2,133,504,19,6,0.00754567116759,0.315789473684,0.0119047619048,1.57769423559
1.5,0.2,134,504,19,5,0.00754567116759,0.263157894737,0.00992063492063,1.31474519632
1.5,0.2,135,504,19,6,0.00754567116759,0.315789473684,0.0119047619048,1.57769423559
1.5,0.2,136,504,19,2,0.00754567116759,0.105263157895,0.00396825396825,0.52589807853
1.5,0.2,137,504,19,1,0.00754567116759,0.0526315789474,0.00198412698413,0.262949039265
1.5,0.2,138,504,19,5,0.00754567116759,0.263157894737,0.00992063492063,1.31474519632
1.5,0.2,139,504,19,5,0.00754567116759,0.263157894737,0.00992063492063,1.31474519632
1.5,0.2,140,504,19,7,0.00754567116759,0.368421052632,0.0138888888889,1.84064327485
1.5,0.2,141,504,19,4,0.00754567116759,0.210526315789,0.00793650793651,1.05179615706
1.5,0.2,142,504,19,6,0.00754567116759,0.315789473684,0.0119047619048,1.57769423559
1.5,0.2,143,504,19,6,0.00754567116759,0.315789473684,0.0119047619048,1.57769423559
1.5,0.2,144,504,19,3,0.00754567116759,0.157894736842,0.00595238095238,0.788847117794
1.5,0.2,145,504,19,4,0.00754567116759,0.210526315789,0.00793650793651,1.05179615706
1.5,0.2,146,504,19,7,0.00754567116759,0.368421052632,0.0138888888889,1.84064327485
1.5,0.2,147,504,19,2,0.00754567116759,0.105263157895,0.00396825396825,0.52589807853
1.5,0.2,148,504,19,3,0.00754567116759,0.157894736842,0.00595238095238,0.788847117794
1.5,0.2,149,504,19,3,0.00754567116759,0.157894736842,0.00595238095238,0.788847117794
1.5,0.2,150,504,19,5,0.00754567116759,0.263157894737,0.00992063492063,1.31474519632
1.5,0.2,151,504,19,5,0.00754567116759,0.263157894737,0.00992063492063,1.31474519632
1.5,0.2,152,504,19,7,0.00754567116759,0.368421052632,0.0138888888889,1.84064327485
1.5,0.2,153,504,19,4,0.00754567116759,0.210526315789,0.00793650793651,1.05179615706
1.5,0.2,154,504,19,4,0.00754567116759,0.210526315789,0.00793650793651,1.05179615706
1.5,0.2,155,504,19,3,0.00754567116759,0.157894736842,0.00595238095238,0.788847117794
1.5,0.2,156,504,19,3,0.00754567116759,0.157894736842,0.00595238095238,0.788847117794
1.5,0.2,157,504,19,4,0.00754567116759,0.210526315789,0.00793650793651,1.05179615706
1.5,0.2,158,504,19,3,0.00754567116759,0.157894736842,0.00595238095238,0.788847117794
1.5,0.2,159,504,19,3,0.00754567116759,0.157894736842,0.00595238095238,0.788847117794
1.5,0.2,160,504,19,3,0.00754567116759,0.157894736842,0.00595238095238,0.788847117794
1.5,0.2,161,504,19,4,0.00754567116759,0.210526315789,0.00793650793651,1.05179615706
1.5,0.2,162,504,19,0,0.00754567116759,0,0,0
1.5,0.2,163,504,19,5,0.00754567116759,0.263157894737,0.00992063492063,1.31474519632
1.5,0.2,164,504,19,7,0.00754567116759,0.368421052632,0.0138888888889,1.84064327485
1.5,0.2,165,504,19,5,0.00754567116759,0.263157894737,0.00992063492063,1.31474519632
1.5,0.2,166,504,19,2,0.00754567116759,0.105263157895,0.00396825396825,0.52589807853
1.5,0.2,167,504,19,3,0.00754567116759,0.157894736842,0.00595238095238,0.788847117794
1.5,0.2,168,504,19,4,0.00754567116759,0.210526315789,0.00793650793651,1.05179615706
1.5,0.2,169,504,19,4,0.00754567116759,0.210526315789,0.00793650793651,1.05179615706
1.5,0.2,170,504,19,4,0.00754567116759,0.210526315789,0.00793650793651,1.05179615706
1.5,0.2,171,504,19,1,0.00754567116759,0.0526315789474,0.00198412698413,0.262949039265
1.5,0.2,172,504,19,3,0.00754567116759,0.157894736842,0.00595238095238,0.788847117794
1.5,0.2,173,504,19,5,0.00754567116759,0.263157894737,0.00992063492063,1.31474519632
1.5,0.2,174,504,19,6,0.00754567116759,0.315789473684,0.0119047619048,1.57769423559
1.5,0.2,175,504,19,1,0.00754567116759,0.0526315789474,0.00198412698413,0.262949039265
1.5,0.2,176,504,19,5,0.00754567116759,0.263157894737,0.00992063492063,1.31474519632
1.5,0.2,177,504,19,4,0.00754567116759,0.210526315789,0.00793650793651,1.05179615706
1.5,0.2,178,504,19,2,0.00754567116759,0.105263157895,0.00396825396825,0.52589807853
1.5,0.2,179,504,19,5,0.00754567116759,0.263157894737,0.00992063492063,1.31474519632
1.5,0.2,180,504,19,2,0.00754567116759,0.105263157895,0.00396825396825,0.52589807853
1.5,0.2,181,504,19,4,0.00754567116759,0.210526315789,0.00793650793651,1.05179615706
1.5,0.2,182,504,19,6,0.00754567116759,0.315789473684,0.0119047619048,1.57769423559
1.5,0.2,183,504,19,1,0.00754567116759,0.0526315789474,0.00198412698413,0.262949039265
1.5,0.2,184,504,19,3,0.00754567116759,0.157894736842,0.00595238095238,0.788847117794
1.5,0.2,185,504,19,2,0.00754567116759,0.105263157895,0.00396825396825,0.52589807853
1.5,0.2,186,504,19,3,0.00754567116759,0.157894736842,0.00595238095238,0.788847117794
1.5,0.2,187,504,19,5,0.00754567116759,0.263157894737,0.00992063492063,1.31474519632
1.5,0.2,188,504,19,4,0.00754567116759,0.210526315789,0.00793650793651,1.05179615706
1.5,0.2,189,504,19,4,0.00754567116759,0.210526315789,0.00793650793651,1.05179615706
1.5,0.2,190,504,19,3,0.00754567116759,0.157894736842,0.00595238095238,0.788847117794
1.5,0.2,191,504,19,4,0.00754567116759,0.210526315789,0.00793650793651,1.05179615706
1.5,0.2,192,504,19,2,0.00754567116759,0.105263157895,0.00396825396825,0.52589807853
1.5,0.2,193,504,19,1,0.00754567116759,0.0526315789474,0.00198412698413,0.262949039265
1.5,0.2,194,504,19,4,0.00754567116759,0.210526315789,0.00793650793651,1.05179615706
1.5,0.2,195,504,19,1,0.00754567116759,0.0526315789474,0.00198412698413,0.262949039265
1.5,0.2,196,504,19,3,0.00754567116759,0.157894736842,0.00595238095238,0.788847117794
1.5,0.2,197,504,19,1,0.00754567116759,0.0526315789474,0.00198412698413,0.262949039265
1.5,0.2,198,504,19,2,0.00754567116759,0.105263157895,0.00396825396825,0.52589807853
1.5,0.2,199,504,19,3,0.00754567116759,0.157894736842,0.00595238095238,0.788847117794
1.5,0.2,200,504,19,4,0.00754567116759,0.210526315789,0.00793650793651,1.05179615706
1.5,0.2,201,504,19,5,0.00754567116759,0.263157894737,0.00992063492063,1.31474519632
1.5,0.2,202,504,19,1,0.00754567116759,0.0526315789474,0.00198412698413,0.262949039265
1.5,0.2,203,504,19,3,0.00754567116759,0.157894736842,0.00595238095238,0.788847117794
1.5,0.2,204,504,19,4,0.00754567116759,0.210526315789,0.00793650793651,1.05179615706
1.5,0.2,205,504,19,3,0.00754567116759,0.157894736842,0.00595238095238,0.788847117794
1.5,0.2,206,504,19,3,0.00754567116759,0.157894736842,0.00595238095238,0.788847117794
1.5,0.2,207,504,19,9,0.00754567116759,0.473684210526,0.0178571428571,2.36654135338
1.5,0.2,208,504,19,7,0.00754567116759,0.368421052632,0.0138888888889,1.84064327485
1.5,0.2,209,504,19,3,0.00754567116759,0.157894736842,0.00595238095238,0.788847117794
1.5,0.2,210,504,19,5,0.00754567116759,0.263157894737,0.00992063492063,1.31474519632
1.5,0.2,211,504,19,6,0.00754567116759,0.315789473684,0.0119047619048,1.57769423559
1.5,0.2,212,504,19,5,0.00754567116759,0.263157894737,0.00992063492063,1.31474519632
1.5,0.2,213,504,19,3,0.00754567116759,0.157894736842,0.00595238095238,0.788847117794
1.5,0.2,214,504,19,3,0.00754567116759,0.157894736842,0.00595238095238,0.788847117794
1.5,0.2,215,504,19,6,0.00754567116759,0.315789473684,0.0119047619048,1.57769423559
1.5,0.2,216,504,19,4,0.00754567116759,0.210526315789,0.00793650793651,1.05179615706
1.5,0.2,217,504,19,3,0.00754567116759,0.157894736842,0.00595238095238,0.788847117794
1.5,0.2,218,504,19,2,0.00754567116759,0.105263157895,0.00396825396825,0.52589807853
1.5,0.2,219,504,19,4,0.00754567116759,0.210526315789,0.00793650793651,1.05179615706
1.5,0.2,220,504,19,3,0.00754567116759,0.157894736842,0.00595238095238,0.788847117794
1.5,0.2,221,504,19,3,0.00754567116759,0.157894736842,0.00595238095238,0.788847117794
1.5,0.2,222,504,19,3,0.00754567116759,0.157894736842,0.00595238095238,0.788847117794
1.5,0.2,223,504,19,6,0.00754567116759,0.315789473684,0.0119047619048,1.57769423559
1.5,0.2,224,504,19,1,0.00754567116759,0.0526315789474,0.00198412698413,0.262949039265
1.5,0.2,225,504,19,4,0.00754567116759,0.210526315789,0.00793650793651,1.05179615706
1.5,0.2,226,504,19,4,0.00754567116759,0.210526315789,0.00793650793651,1.05179615706
1.5,0.2,227,504,19,3,0.00754567116759,0.157894736842,0.00595238095238,0.788847117794
1.5,0.2,228,504,19,6,0.00754567116759,0.315789473684,0.0119047619048,1.57769423559
1.5,0.2,229,504,19,6,0.00754567116759,0.315789473684,0.0119047619048,1.57769423559
1.5,0.2,230,504,19,6,0.00754567116759,0.315789473684,0.0119047619048,1.57769423559
1.5,0.2,231,504,19,1,0.00754567116759,0.0526315789474,0.00198412698413,0.262949039265
1.5,0.2,232,504,19,2,0.00754567116759,0.105263157895,0.00396825396825,0.52589807853
1.5,0.2,233,504,19,3,0.00754567116759,0.157894736842,0.00595238095238,0.788847117794
1.5,0.2,234,504,19,5,0.00754567116759,0.263157894737,0.00992063492063,1.31474519632
1.5,0.2,235,504,19,2,0.00754567116759,0.105263157895,0.00396825396825,0.52589807853
1.5,0.2,236,504,19,7,0.00754567116759,0.368421052632,0.0138888888889,1.84064327485
1.5,0.2,237,504,19,2,0.00754567116759,0.105263157895,0.00396825396825,0.52589807853
1.5,0.2,238,504,19,1,0.00754567116759,0.0526315789474,0.00198412698413,0.262949039265
1.5,0.2,239,504,19,7,0.00754567116759,0.368421052632,0.0138888888889,1.84064327485
1.5,0.2,240,504,19,4,0.00754567116759,0.210526315789,0.00793650793651,1.05179615706
1.5,0.2,241,504,19,4,0.00754567116759,0.210526315789,0.00793650793651,1.05179615706
1.5,0.2,242,504,19,5,0.00754567116759,0.263157894737,0.00992063492063,1.31474519632
1.5,0.2,243,504,19,3,0.00754567116759,0.157894736842,0.00595238095238,0.788847117794
1.5,0.2,244,504,19,3,0.00754567116759,0.157894736842,0.00595238095238,0.788847117794
1.5,0.2,245,504,19,8,0.00754567116759,0.421052631579,0.015873015873,2.10359231412
1.5,0.2,246,504,19,4,0.00754567116759,0.210526315789,0.00793650793651,1.05179615706
1.5,0.2,247,504,19,3,0.00754567116759,0.157894736842,0.00595238095238,0.788847117794
1.5,0.2,248,504,19,2,0.00754567116759,0.105263157895,0.00396825396825,0.52589807853
1.5,0.2,249,504,19,2,0.00754567116759,0.105263157895,0.00396825396825,0.52589807853
1.5,0.2,250,504,19,7,0.00754567116759,0.368421052632,0.0138888888889,1.84064327485
1.5,0.2,251,504,19,4,0.00754567116759,0.210526315789,0.00793650793651,1.05179615706
1.5,0.2,252,504,19,5,0.00754567116759,0.263157894737,0.00992063492063,1.31474519632
1.5,0.2,253,504,19,5,0.00754567116759,0.263157894737,0.00992063492063,1.31474519632
1.5,0.2,254,504,19,4,0.00754567116759,0.210526315789,0.00793650793651,1.05179615706
1.5,0.2,255,504,19,7,0.00754567116759,0.368421052632,0.0138888888889,1.84064327485
1.5,0.2,256,504,19,3,0.00754567116759,0.157894736842,0.00595238095238,0.788847117794
1.5,0.2,257,504,19,5,0.00754567116759,0.263157894737,0.00992063492063,1.31474519632
1.5,0.2,258,504,19,1,0.00754567116759,0.0526315789474,0.00198412698413,0.262949039265
1.5,0.2,259,504,19,6,0.00754567116759,0.315789473684,0.0119047619048,1.57769423559
1.5,0.2,260,504,19,4,0.00754567116759,0.210526315789,0.00793650793651,1.05179615706
1.5,0.2,261,504,19,3,0.00754567116759,0.157894736842,0.00595238095238,0.788847117794
1.5,0.2,262,504,19,4,0.00754567116759,0.210526315789,0.00793650793651,1.05179615706
1.5,0.2,263,504,19,6,0.00754567116759,0.315789473684,0.0119047619048,1.57769423559
1.5,0.2,264,504,19,5,0.00754567116759,0.263157894737,0.00992063492063,1.31474519632
1.5,0.2,265,504,19,6,0.00754567116759,0.315789473684,0.0119047619048,1.57769423559
1.5,0.2,266,504,19,6,0.00754567116759,0.315789473684,0.0119047619048,1.57769423559
1.5,0.2,267,504,19,2,0.00754567116759,0.105263157895,0.00396825396825,0.52589807853
1.5,0.2,268,504,19,6,0.00754567116759,0.315789473684,0.0119047619048,1.57769423559
1.5,0.2,269,504,19,2,0.00754567116759,0.105263157895,0.00396825396825,0.52589807853
1.5,0.2,270,504,19,2,0.00754567116759,0.105263157895,0.00396825396825,0.52589807853
1.5,0.2,271,504,19,4,0.00754567116759,0.210526315789,0.00793650793651,1.05179615706
1.5,0.2,272,504,19,3,0.00754567116759,0.157894736842,0.00595238095238,0.788847117794
1.5,0.2,273,504,19,5,0.00754567116759,0.263157894737,0.00992063492063,1.31474519632
1.5,0.2,274,504,19,2,0.00754567116759,0.105263157895,0.00396825396825,0.52589807853
1.5,0.2,275,504,19,3,0.00754567116759,0.157894736842,0.00595238095238,0.788847117794
1.5,0.2,276,504,19,6,0.00754567116759,0.315789473684,0.0119047619048,1.57769423559
1.5,0.2,277,504,19,5,0.00754567116759,0.263157894737,0.00992063492063,1.31474519632
1.5,0.2,278,504,19,6,0.00754567116759,0.315789473684,0.0119047619048,1.57769423559
1.5,0.2,279,504,19,4,0.00754567116759,0.210526315789,0.00793650793651,1.05179615706
1.5,0.2,280,504,19,2,0.00754567116759,0.105263157895,0.00396825396825,0.52589807853
1.5,0.2,281,504,19,1,0.00754567116759,0.0526315789474,0.00198412698413,0.262949039265
1.5,0.2,282,504,19,5,0.00754567116759,0.263157894737,0.00992063492063,1.31474519632
1.5,0.2,283,504,19,2,0.00754567116759,0.105263157895,0.00396825396825,0.52589807853
1.5,0.2,284,504,19,6,0.00754567116759,0.315789473684,0.0119047619048,1.57769423559
1.5,0.2,285,504,19,4,0.00754567116759,0.210526315789,0.00793650793651,1.05179615706
1.5,0.2,286,504,19,5,0.00754567116759,0.263157894737,0.00992063492063,1.31474519632
1.5,0.2,287,504,19,5,0.00754567116759,0.263157894737,0.00992063492063,1.31474519632
1.5,0.2,288,504,19,2,0.00754567116759,0.105263157895,0.00396825396825,0.52589807853
1.5,0.2,289,504,19,8,0.00754567116759,0.421052631579,0.015873015873,2.10359231412
1.5,0.2,290,504,19,3,0.00754567116759,0.157894736842,0.00595238095238,0.788847117794
1.5,0.2,291,504,19,0,0.00754567116759,0,0,0
1.5,0.2,292,504,19,5,0.00754567116759,0.263157894737,0.00992063492063,1.31474519632
1.5,0.2,293,504,19,1,0.00754567116759,0.0526315789474,0.00198412698413,0.262949039265
1.5,0.2,294,504,19,4,0.00754567116759,0.210526315789,0.00793650793651,1.05179615706
1.5,0.2,295,504,19,5,0.00754567116759,0.263157894737,0.00992063492063,1.31474519632
1.5,0.2,296,504,19,5,0.00754567116759,0.263157894737,0.00992063492063,1.31474519632
1.5,0.2,297,504,19,2,0.00754567116759,0.105263157895,0.00396825396825,0.52589807853
1.5,0.2,298,504,19,3,0.00754567116759,0.157894736842,0.00595238095238,0.788847117794
1.5,0.2,299,504,19,4,0.00754567116759,0.210526315789,0.00793650793651,1.05179615706
1.5,0.2,300,504,19,4,0.00754567116759,0.210526315789,0.00793650793651,1.05179615706
1.5,0.2,301,504,19,2,0.00754567116759,0.105263157895,0.00396825396825,0.52589807853
1.5,0.2,302,504,19,3,0.00754567116759,0.157894736842,0.00595238095238,0.788847117794
1.5,0.2,303,504,19,4,0.00754567116759,0.210526315789,0.00793650793651,1.05179615706
1.5,0.2,304,504,19,6,0.00754567116759,0.315789473684,0.0119047619048,1.57769423559
1.5,0.2,305,504,19,3,0.00754567116759,0.157894736842,0.00595238095238,0.788847117794
1.5,0.2,306,504,19,3,0.00754567116759,0.157894736842,0.00595238095238,0.788847117794
1.5,0.2,307,504,19,4,0.00754567116759,0.210526315789,0.00793650793651,1.05179615706
1.5,0.2,308,504,19,2,0.00754567116759,0.105263157895,0.00396825396825,0.52589807853
1.5,0.2,309,504,19,2,0.00754567116759,0.105263157895,0.00396825396825,0.52589807853
1.5,0.2,310,504,19,3,0.00754567116759,0.157894736842,0.00595238095238,0.788847117794
1.5,0.2,311,504,19,0,0.00754567116759,0,0,0
1.5,0.2,312,504,19,3,0.00754567116759,0.157894736842,0.00595238095238,0.788847117794
1.5,0.2,313,504,19,3,0.00754567116759,0.157894736842,0.00595238095238,0.788847117794
1.5,0.2,314,504,19,4,0.00754567116759,0.210526315789,0.00793650793651,1.05179615706
1.5,0.2,315,504,19,0,0.00754567116759,0,0,0
1.5,0.2,316,504,19,3,0.00754567116759,0.157894736842,0.00595238095238,0.788847117794
1.5,0.2,317,504,19,3,0.00754567116759,0.157894736842,0.00595238095238,0.788847117794
1.5,0.2,318,504,19,5,0.00754567116759,0.263157894737,0.00992063492063,1.31474519632
1.5,0.2,319,504,19,4,0.00754567116759,0.210526315789,0.00793650793651,1.05179615706
1.5,0.2,320,504,19,4,0.00754567116759,0.210526315789,0.00793650793651,1.05179615706
1.5,0.2,321,504,19,4,0.00754567116759,0.210526315789,0.00793650793651,1.05179615706
1.5,0.2,322,504,19,2,0.00754567116759,0.105263157895,0.00396825396825,0.52589807853
1.5,0.2,323,504,19,4,0.00754567116759,0.210526315789,0.00793650793651,1.05179615706
1.5,0.2,324,504,19,4,0.00754567116759,0.210526315789,0.00793650793651,1.05179615706
1.5,0.2,325,504,19,5,0.00754567116759,0.263157894737,0.00992063492063,1.31474519632
1.5,0.2,326,504,19,4,0.00754567116759,0.210526315789,0.00793650793651,1.05179615706
1.5,0.2,327,504,19,1,0.00754567116759,0.0526315789474,0.00198412698413,0.262949039265
1.5,0.2,328,504,19,2,0.00754567116759,0.105263157895,0.00396825396825,0.52589807853
1.5,0.2,329,504,19,3,0.00754567116759,0.157894736842,0.00595238095238,0.788847117794
1.5,0.2,330,504,19,4,0.00754567116759,0.210526315789,0.00793650793651,1.05179615706
1.5,0.2,331,504,19,1,0.00754567116759,0.0526315789474,0.00198412698413,0.262949039265
1.5,0.2,332,504,19,4,0.00754567116759,0.210526315789,0.00793650793651,1.05179615706
1.5,0.2,333,504,19,3,0.00754567116759,0.157894736842,0.00595238095238,0.788847117794
1.5,0.2,334,504,19,5,0.00754567116759,0.263157894737,0.00992063492063,1.31474519632
1.5,0.2,335,504,19,1,0.00754567116759,0.0526315789474,0.00198412698413,0.262949039265
1.5,0.2,336,504,19,3,0.00754567116759,0.157894736842,0.00595238095238,0.788847117794
1.5,0.2,337,504,19,5,0.00754567116759,0.263157894737,0.00992063492063,1.31474519632
1.5,0.2,338,504,19,2,0.00754567116759,0.105263157895,0.00396825396825,0.52589807853
1.5,0.2,339,504,19,7,0.00754567116759,0.368421052632,0.0138888888889,1.84064327485
1.5,0.2,340,504,19,6,0.00754567116759,0.315789473684,0.0119047619048,1.57769423559
1.5,0.2,341,504,19,6,0.00754567116759,0.315789473684,0.0119047619048,1.57769423559
1.5,0.2,342,504,19,8,0.00754567116759,0.421052631579,0.015873015873,2.10359231412
1.5,0.2,343,504,19,3,0.00754567116759,0.157894736842,0.00595238095238,0.788847117794
1.5,0.2,344,504,19,2,0.00754567116759,0.105263157895,0.00396825396825,0.52589807853
1.5,0.2,345,504,19,4,0.00754567116759,0.210526315789,0.00793650793651,1.05179615706
1.5,0.2,346,504,19,3,0.00754567116759,0.157894736842,0.00595238095238,0.788847117794
1.5,0.2,347,504,19,3,0.00754567116759,0.157894736842,0.00595238095238,0.788847117794
1.5,0.2,348,504,19,10,0.00754567116759,0.526315789474,0.0198412698413,2.62949039265
1.5,0.2,349,504,19,0,0.00754567116759,0,0,0
1.5,0.2,350,504,19,3,0.00754567116759,0.157894736842,0.00595238095238,0.788847117794
1.5,0.2,351,504,19,5,0.00754567116759,0.263157894737,0.00992063492063,1.31474519632
1.5,0.2,352,504,19,6,0.00754567116759,0.315789473684,0.0119047619048,1.57769423559
1.5,0.2,353,504,19,4,0.00754567116759,0.210526315789,0.00793650793651,1.05179615706
1.5,0.2,354,504,19,3,0.00754567116759,0.157894736842,0.00595238095238,0.788847117794
1.5,0.2,355,504,19,3,0.00754567116759,0.157894736842,0.00595238095238,0.788847117794
1.5,0.2,356,504,19,4,0.00754567116759,0.210526315789,0.00793650793651,1.05179615706
1.5,0.2,357,504,19,5,0.00754567116759,0.263157894737,0.00992063492063,1.31474519632
1.5,0.2,358,504,19,6,0.00754567116759,0.315789473684,0.0119047619048,1.57769423559
1.5,0.2,359,504,19,3,0.00754567116759,0.157894736842,0.00595238095238,0.788847117794
1.5,0.2,360,504,19,3,0.00754567116759,0.157894736842,0.00595238095238,0.788847117794
1.5,0.2,361,504,19,3,0.00754567116759,0.157894736842,0.00595238095238,0.788847117794
1.5,0.2,362,504,19,3,0.00754567116759,0.157894736842,0.00595238095238,0.788847117794
1.5,0.2,363,504,19,1,0.00754567116759,0.0526315789474,0.00198412698413,0.262949039265
1.5,0.2,364,504,19,7,0.00754567116759,0.368421052632,0.0138888888889,1.84064327485
1.5,0.2,365,504,19,3,0.00754567116759,0.157894736842,0.00595238095238,0.788847117794
1.5,0.2,366,504,19,1,0.00754567116759,0.0526315789474,0.00198412698413,0.262949039265
1.5,0.2,367,504,19,5,0.00754567116759,0.263157894737,0.00992063492063,1.31474519632
1.5,0.2,368,504,19,4,0.00754567116759,0.210526315789,0.00793650793651,1.05179615706
1.5,0.2,369,504,19,6,0.00754567116759,0.315789473684,0.0119047619048,1.57769423559
1.5,0.2,370,504,19,5,0.00754567116759,0.263157894737,0.00992063492063,1.31474519632
1.5,0.2,371,504,19,4,0.00754567116759,0.210526315789,0.00793650793651,1.05179615706
1.5,0.2,372,504,19,4,0.00754567116759,0.210526315789,0.00793650793651,1.05179615706
1.5,0.2,373,504,19,7,0.00754567116759,0.368421052632,0.0138888888889,1.84064327485
1.5,0.2,374,504,19,6,0.00754567116759,0.315789473684,0.0119047619048,1.57769423559
1.5,0.2,375,504,19,1,0.00754567116759,0.0526315789474,0.00198412698413,0.262949039265
1.5,0.2,376,504,19,1,0.00754567116759,0.0526315789474,0.00198412698413,0.262949039265
1.5,0.2,377,504,19,3,0.00754567116759,0.157894736842,0.00595238095238,0.788847117794
1.5,0.2,378,504,19,8,0.00754567116759,0.421052631579,0.015873015873,2.10359231412
1.5,0.2,379,504,19,4,0.00754567116759,0.210526315789,0.00793650793651,1.05179615706
1.5,0.2,380,504,19,1,0.00754567116759,0.0526315789474,0.00198412698413,0.262949039265
1.5,0.2,381,504,19,5,0.00754567116759,0.263157894737,0.00992063492063,1.31474519632
1.5,0.2,382,504,19,5,0.00754567116759,0.263157894737,0.00992063492063,1.31474519632
1.5,0.2,383,504,19,2,0.00754567116759,0.105263157895,0.00396825396825,0.52589807853
1.5,0.2,384,504,19,4,0.00754567116759,0.210526315789,0.00793650793651,1.05179615706
1.5,0.2,385,504,19,2,0.00754567116759,0.105263157895,0.00396825396825,0.52589807853
1.5,0.2,386,504,19,2,0.00754567116759,0.105263157895,0.00396825396825,0.52589807853
1.5,0.2,387,504,19,2,0.00754567116759,0.105263157895,0.00396825396825,0.52589807853
1.5,0.2,388,504,19,3,0.00754567116759,0.157894736842,0.00595238095238,0.788847117794
1.5,0.2,389,504,19,4,0.00754567116759,0.210526315789,0.00793650793651,1.05179615706
1.5,0.2,390,504,19,4,0.00754567116759,0.210526315789,0.00793650793651,1.05179615706
1.5,0.2,391,504,19,6,0.00754567116759,0.315789473684,0.0119047619048,1.57769423559
1.5,0.2,392,504,19,5,0.00754567116759,0.263157894737,0.00992063492063,1.31474519632
1.5,0.2,393,504,19,4,0.00754567116759,0.210526315789,0.00793650793651,1.05179615706
1.5,0.2,394,504,19,7,0.00754567116759,0.368421052632,0.0138888888889,1.84064327485
1.5,0.2,395,504,19,4,0.00754567116759,0.210526315789,0.00793650793651,1.05179615706
1.5,0.2,396,504,19,7,0.00754567116759,0.368421052632,0.0138888888889,1.84064327485
1.5,0.2,397,504,19,5,0.00754567116759,0.263157894737,0.00992063492063,1.31474519632
1.5,0.2,398,504,19,3,0.00754567116759,0.157894736842,0.00595238095238,0.788847117794
1.5,0.2,399,504,19,7,0.00754567116759,0.368421052632,0.0138888888889,1.84064327485
1.5,0.2,400,504,19,1,0.00754567116759,0.0526315789474,0.00198412698413,0.262949039265
1.5,0.2,401,504,19,3,0.00754567116759,0.157894736842,0.00595238095238,0.788847117794
1.5,0.2,402,504,19,2,0.00754567116759,0.105263157895,0.00396825396825,0.52589807853
1.5,0.2,403,504,19,2,0.00754567116759,0.105263157895,0.00396825396825,0.52589807853
1.5,0.2,404,504,19,3,0.00754567116759,0.157894736842,0.00595238095238,0.788847117794
1.5,0.2,405,504,19,5,0.00754567116759,0.263157894737,0.00992063492063,1.31474519632
1.5,0.2,406,504,19,6,0.00754567116759,0.315789473684,0.0119047619048,1.57769423559
1.5,0.2,407,504,19,4,0.00754567116759,0.210526315789,0.00793650793651,1.05179615706
1.5,0.2,408,504,19,5,0.00754567116759,0.263157894737,0.00992063492063,1.31474519632
1.5,0.2,409,504,19,6,0.00754567116759,0.315789473684,0.0119047619048,1.57769423559
1.5,0.2,410,504,19,4,0.00754567116759,0.210526315789,0.00793650793651,1.05179615706
1.5,0.2,411,504,19,7,0.00754567116759,0.368421052632,0.0138888888889,1.84064327485
1.5,0.2,412,504,19,1,0.00754567116759,0.0526315789474,0.00198412698413,0.262949039265
1.5,0.2,413,504,19,2,0.00754567116759,0.105263157895,0.00396825396825,0.52589807853
1.5,0.2,414,504,19,4,0.00754567116759,0.210526315789,0.00793650793651,1.05179615706
1.5,0.2,415,504,19,3,0.00754567116759,0.157894736842,0.00595238095238,0.788847117794
1.5,0.2,416,504,19,4,0.00754567116759,0.210526315789,0.00793650793651,1.05179615706
1.5,0.2,417,504,19,2,0.00754567116759,0.105263157895,0.00396825396825,0.52589807853
1.5,0.2,418,504,19,4,0.00754567116759,0.210526315789,0.00793650793651,1.05179615706
1.5,0.2,419,504,19,3,0.00754567116759,0.157894736842,0.00595238095238,0.788847117794
1.5,0.2,420,504,19,2,0.00754567116759,0.105263157895,0.00396825396825,0.52589807853
1.5,0.2,421,504,19,4,0.00754567116759,0.210526315789,0.00793650793651,1.05179615706
1.5,0.2,422,504,19,3,0.00754567116759,0.157894736842,0.00595238095238,0.788847117794
1.5,0.2,423,504,19,3,0.00754567116759,0.157894736842,0.00595238095238,0.788847117794
1.5,0.2,424,504,19,5,0.00754567116759,0.263157894737,0.00992063492063,1.31474519632
1.5,0.2,425,504,19,3,0.00754567116759,0.157894736842,0.00595238095238,0.788847117794
1.5,0.2,426,504,19,1,0.00754567116759,0.0526315789474,0.00198412698413,0.262949039265
1.5,0.2,427,504,19,6,0.00754567116759,0.315789473684,0.0119047619048,1.57769423559
1.5,0.2,428,504,19,2,0.00754567116759,0.105263157895,0.00396825396825,0.52589807853
1.5,0.2,429,504,19,5,0.00754567116759,0.263157894737,0.00992063492063,1.31474519632
1.5,0.2,430,504,19,2,0.00754567116759,0.105263157895,0.00396825396825,0.52589807853
1.5,0.2,431,504,19,2,0.00754567116759,0.105263157895,0.00396825396825,0.52589807853
1.5,0.2,432,504,19,4,0.00754567116759,0.210526315789,0.00793650793651,1.05179615706
1.5,0.2,433,504,19,3,0.00754567116759,0.157894736842,0.00595238095238,0.788847117794
1.5,0.2,434,504,19,2,0.00754567116759,0.105263157895,0.00396825396825,0.52589807853
1.5,0.2,435,504,19,6,0.00754567116759,0.315789473684,0.0119047619048,1.57769423559
1.5,0.2,436,504,19,3,0.00754567116759,0.157894736842,0.00595238095238,0.788847117794
1.5,0.2,437,504,19,4,0.00754567116759,0.210526315789,0.00793650793651,1.05179615706
1.5,0.2,438,504,19,3,0.00754567116759,0.157894736842,0.00595238095238,0.788847117794
1.5,0.2,439,504,19,2,0.00754567116759,0.105263157895,0.00396825396825,0.52589807853
1.5,0.2,440,504,19,5,0.00754567116759,0.263157894737,0.00992063492063,1.31474519632
1.5,0.2,441,504,19,5,0.00754567116759,0.263157894737,0.00992063492063,1.31474519632
1.5,0.2,442,504,19,3,0.00754567116759,0.157894736842,0.00595238095238,0.788847117794
1.5,0.2,443,504,19,3,0.00754567116759,0.157894736842,0.00595238095238,0.788847117794
1.5,0.2,444,504,19,8,0.00754567116759,0.421052631579,0.015873015873,2.10359231412
1.5,0.2,445,504,19,7,0.00754567116759,0.368421052632,0.0138888888889,1.84064327485
1.5,0.2,446,504,19,3,0.00754567116759,0.157894736842,0.00595238095238,0.788847117794
1.5,0.2,447,504,19,5,0.00754567116759,0.263157894737,0.00992063492063,1.31474519632
1.5,0.2,448,504,19,6,0.00754567116759,0.315789473684,0.0119047619048,1.57769423559
1.5,0.2,449,504,19,2,0.00754567116759,0.105263157895,0.00396825396825,0.52589807853
1.5,0.2,450,504,19,2,0.00754567116759,0.105263157895,0.00396825396825,0.52589807853
1.5,0.2,451,504,19,7,0.00754567116759,0.368421052632,0.0138888888889,1.84064327485
1.5,0.2,452,504,19,2,0.00754567116759,0.105263157895,0.00396825396825,0.52589807853
1.5,0.2,453,504,19,2,0.00754567116759,0.105263157895,0.00396825396825,0.52589807853
1.5,0.2,454,504,19,3,0.00754567116759,0.157894736842,0.00595238095238,0.788847117794
1.5,0.2,455,504,19,5,0.00754567116759,0.263157894737,0.00992063492063,1.31474519632
1.5,0.2,456,504,19,9,0.00754567116759,0.473684210526,0.0178571428571,2.36654135338
1.5,0.2,457,504,19,3,0.00754567116759,0.157894736842,0.00595238095238,0.788847117794
1.5,0.2,458,504,19,8,0.00754567116759,0.421052631579,0.015873015873,2.10359231412
1.5,0.2,459,504,19,1,0.00754567116759,0.0526315789474,0.00198412698413,0.262949039265
1.5,0.2,460,504,19,4,0.00754567116759,0.210526315789,0.00793650793651,1.05179615706
1.5,0.2,461,504,19,2,0.00754567116759,0.105263157895,0.00396825396825,0.52589807853
1.5,0.2,462,504,19,3,0.00754567116759,0.157894736842,0.00595238095238,0.788847117794
1.5,0.2,463,504,19,3,0.00754567116759,0.157894736842,0.00595238095238,0.788847117794
1.5,0.2,464,504,19,2,0.00754567116759,0.105263157895,0.00396825396825,0.52589807853
1.5,0.2,465,504,19,5,0.00754567116759,0.263157894737,0.00992063492063,1.31474519632
1.5,0.2,466,504,19,5,0.00754567116759,0.263157894737,0.00992063492063,1.31474519632
1.5,0.2,467,504,19,4,0.00754567116759,0.210526315789,0.00793650793651,1.05179615706
1.5,0.2,468,504,19,4,0.00754567116759,0.210526315789,0.00793650793651,1.05179615706
1.5,0.2,469,504,19,2,0.00754567116759,0.105263157895,0.00396825396825,0.52589807853
1.5,0.2,470,504,19,1,0.00754567116759,0.0526315789474,0.00198412698413,0.262949039265
1.5,0.2,471,504,19,4,0.00754567116759,0.210526315789,0.00793650793651,1.05179615706
1.5,0.2,472,504,19,6,0.00754567116759,0.315789473684,0.0119047619048,1.57769423559
1.5,0.2,473,504,19,7,0.00754567116759,0.368421052632,0.0138888888889,1.84064327485
1.5,0.2,474,504,19,3,0.00754567116759,0.157894736842,0.00595238095238,0.788847117794
1.5,0.2,475,504,19,3,0.00754567116759,0.157894736842,0.00595238095238,0.788847117794
1.5,0.2,476,504,19,8,0.00754567116759,0.421052631579,0.015873015873,2.10359231412
1.5,0.2,477,504,19,2,0.00754567116759,0.105263157895,0.00396825396825,0.52589807853
1.5,0.2,478,504,19,7,0.00754567116759,0.368421052632,0.0138888888889,1.84064327485
1.5,0.2,479,504,19,3,0.00754567116759,0.157894736842,0.00595238095238,0.788847117794
1.5,0.2,480,504,19,1,0.00754567116759,0.0526315789474,0.00198412698413,0.262949039265
1.5,0.2,481,504,19,3,0.00754567116759,0.157894736842,0.00595238095238,0.788847117794
1.5,0.2,482,504,19,3,0.00754567116759,0.157894736842,0.00595238095238,0.788847117794
1.5,0.2,483,504,19,3,0.00754567116759,0.157894736842,0.00595238095238,0.788847117794
1.5,0.2,484,504,19,2,0.00754567116759,0.105263157895,0.00396825396825,0.52589807853
1.5,0.2,485,504,19,5,0.00754567116759,0.263157894737,0.00992063492063,1.31474519632
1.5,0.2,486,504,19,5,0.00754567116759,0.263157894737,0.00992063492063,1.31474519632
1.5,0.2,487,504,19,4,0.00754567116759,0.210526315789,0.00793650793651,1.05179615706
1.5,0.2,488,504,19,2,0.00754567116759,0.105263157895,0.00396825396825,0.52589807853
1.5,0.2,489,504,19,4,0.00754567116759,0.210526315789,0.00793650793651,1.05179615706
1.5,0.2,490,504,19,4,0.00754567116759,0.210526315789,0.00793650793651,1.05179615706
1.5,0.2,491,504,19,3,0.00754567116759,0.157894736842,0.00595238095238,0.788847117794
1.5,0.2,492,504,19,4,0.00754567116759,0.210526315789,0.00793650793651,1.05179615706
1.5,0.2,493,504,19,3,0.00754567116759,0.157894736842,0.00595238095238,0.788847117794
1.5,0.2,494,504,19,4,0.00754567116759,0.210526315789,0.00793650793651,1.05179615706
1.5,0.2,495,504,19,5,0.00754567116759,0.263157894737,0.00992063492063,1.31474519632
1.5,0.2,496,504,19,4,0.00754567116759,0.210526315789,0.00793650793651,1.05179615706
1.5,0.2,497,504,19,5,0.00754567116759,0.263157894737,0.00992063492063,1.31474519632
1.5,0.2,498,504,19,6,0.00754567116759,0.315789473684,0.0119047619048,1.57769423559
1.5,0.2,499,504,19,1,0.00754567116759,0.0526315789474,0.00198412698413,0.262949039265
1.5,0.2,500,504,19,3,0.00754567116759,0.157894736842,0.00595238095238,0.788847117794
1.5,0.2,501,504,19,3,0.00754567116759,0.157894736842,0.00595238095238,0.788847117794
1.5,0.2,502,504,19,2,0.00754567116759,0.105263157895,0.00396825396825,0.52589807853
1.5,0.2,503,504,19,4,0.00754567116759,0.210526315789,0.00793650793651,1.05179615706
1.5,0.2,504,504,19,5,0.00754567116759,0.263157894737,0.00992063492063,1.31474519632
1.5,0.2,505,504,19,4,0.00754567116759,0.210526315789,0.00793650793651,1.05179615706
1.5,0.2,506,504,19,5,0.00754567116759,0.263157894737,0.00992063492063,1.31474519632
1.5,0.2,507,504,19,7,0.00754567116759,0.368421052632,0.0138888888889,1.84064327485
1.5,0.2,508,504,19,5,0.00754567116759,0.263157894737,0.00992063492063,1.31474519632
1.5,0.2,509,504,19,2,0.00754567116759,0.105263157895,0.00396825396825,0.52589807853
1.5,0.2,510,504,19,4,0.00754567116759,0.210526315789,0.00793650793651,1.05179615706
1.5,0.2,511,504,19,5,0.00754567116759,0.263157894737,0.00992063492063,1.31474519632
1.5,0.2,512,504,19,1,0.00754567116759,0.0526315789474,0.00198412698413,0.262949039265
1.5,0.2,513,504,19,4,0.00754567116759,0.210526315789,0.00793650793651,1.05179615706
1.5,0.2,514,504,19,4,0.00754567116759,0.210526315789,0.00793650793651,1.05179615706
1.5,0.2,515,504,19,7,0.00754567116759,0.368421052632,0.0138888888889,1.84064327485
1.5,0.2,516,504,19,4,0.00754567116759,0.210526315789,0.00793650793651,1.05179615706
1.5,0.2,517,504,19,7,0.00754567116759,0.368421052632,0.0138888888889,1.84064327485
1.5,0.2,518,504,19,5,0.00754567116759,0.263157894737,0.00992063492063,1.31474519632
1.5,0.2,519,504,19,4,0.00754567116759,0.210526315789,0.00793650793651,1.05179615706
1.5,0.2,520,504,19,0,0.00754567116759,0,0,0
1.5,0.2,521,504,19,2,0.00754567116759,0.105263157895,0.00396825396825,0.52589807853
1.5,0.2,522,504,19,5,0.00754567116759,0.263157894737,0.00992063492063,1.31474519632
1.5,0.2,523,504,19,3,0.00754567116759,0.157894736842,0.00595238095238,0.788847117794
1.5,0.2,524,504,19,7,0.00754567116759,0.368421052632,0.0138888888889,1.84064327485
1.5,0.2,525,504,19,4,0.00754567116759,0.210526315789,0.00793650793651,1.05179615706
1.5,0.2,526,504,19,7,0.00754567116759,0.368421052632,0.0138888888889,1.84064327485
1.5,0.2,527,504,19,4,0.00754567116759,0.210526315789,0.00793650793651,1.05179615706
1.5,0.2,528,504,19,3,0.00754567116759,0.157894736842,0.00595238095238,0.788847117794
1.5,0.2,529,504,19,7,0.00754567116759,0.368421052632,0.0138888888889,1.84064327485
1.5,0.2,530,504,19,3,0.00754567116759,0.157894736842,0.00595238095238,0.788847117794
1.5,0.2,531,504,19,3,0.00754567116759,0.157894736842,0.00595238095238,0.788847117794
1.5,0.2,532,504,19,6,0.00754567116759,0.315789473684,0.0119047619048,1.57769423559
1.5,0.2,533,504,19,2,0.00754567116759,0.105263157895,0.00396825396825,0.52589807853
1.5,0.2,534,504,19,1,0.00754567116759,0.0526315789474,0.00198412698413,0.262949039265
1.5,0.2,535,504,19,6,0.00754567116759,0.315789473684,0.0119047619048,1.57769423559
1.5,0.2,536,504,19,4,0.00754567116759,0.210526315789,0.00793650793651,1.05179615706
1.5,0.2,537,504,19,1,0.00754567116759,0.0526315789474,0.00198412698413,0.262949039265
1.5,0.2,538,504,19,3,0.00754567116759,0.157894736842,0.00595238095238,0.788847117794
1.5,0.2,539,504,19,4,0.00754567116759,0.210526315789,0.00793650793651,1.05179615706
1.5,0.2,540,504,19,5,0.00754567116759,0.263157894737,0.00992063492063,1.31474519632
1.5,0.2,541,504,19,4,0.00754567116759,0.210526315789,0.00793650793651,1.05179615706
1.5,0.2,542,504,19,2,0.00754567116759,0.105263157895,0.00396825396825,0.52589807853
1.5,0.2,543,504,19,4,0.00754567116759,0.210526315789,0.00793650793651,1.05179615706
1.5,0.2,544,504,19,4,0.00754567116759,0.210526315789,0.00793650793651,1.05179615706
1.5,0.2,545,504,19,5,0.00754567116759,0.263157894737,0.00992063492063,1.31474519632
1.5,0.2,546,504,19,2,0.00754567116759,0.105263157895,0.00396825396825,0.52589807853
1.5,0.2,547,504,19,3,0.00754567116759,0.157894736842,0.00595238095238,0.788847117794
1.5,0.2,548,504,19,3,0.00754567116759,0.157894736842,0.00595238095238,0.788847117794
1.5,0.2,549,504,19,1,0.00754567116759,0.0526315789474,0.00198412698413,0.262949039265
1.5,0.2,550,504,19,5,0.00754567116759,0.263157894737,0.00992063492063,1.31474519632
1.5,0.2,551,504,19,4,0.00754567116759,0.210526315789,0.00793650793651,1.05179615706
1.5,0.2,552,504,19,5,0.00754567116759,0.263157894737,0.00992063492063,1.31474519632
1.5,0.2,553,504,19,2,0.00754567116759,0.105263157895,0.00396825396825,0.52589807853
1.5,0.2,554,504,19,5,0.00754567116759,0.263157894737,0.00992063492063,1.31474519632
1.5,0.2,555,504,19,3,0.00754567116759,0.157894736842,0.00595238095238,0.788847117794
1.5,0.2,556,504,19,3,0.00754567116759,0.157894736842,0.00595238095238,0.788847117794
1.5,0.2,557,504,19,3,0.00754567116759,0.157894736842,0.00595238095238,0.788847117794
1.5,0.2,558,504,19,5,0.00754567116759,0.263157894737,0.00992063492063,1.31474519632
1.5,0.2,559,504,19,1,0.00754567116759,0.0526315789474,0.00198412698413,0.262949039265
1.5,0.2,560,504,19,5,0.00754567116759,0.263157894737,0.00992063492063,1.31474519632
1.5,0.2,561,504,19,2,0.00754567116759,0.105263157895,0.00396825396825,0.52589807853
1.5,0.2,562,504,19,3,0.00754567116759,0.157894736842,0.00595238095238,0.788847117794
1.5,0.2,563,504,19,1,0.00754567116759,0.0526315789474,0.00198412698413,0.262949039265
1.5,0.2,564,504,19,5,0.00754567116759,0.263157894737,0.00992063492063,1.31474519632
1.5,0.2,565,504,19,3,0.00754567116759,0.157894736842,0.00595238095238,0.788847117794
1.5,0.2,566,504,19,3,0.00754567116759,0.157894736842,0.00595238095238,0.788847117794
1.5,0.2,567,504,19,2,0.00754567116759,0.105263157895,0.00396825396825,0.52589807853
1.5,0.2,568,504,19,3,0.00754567116759,0.157894736842,0.00595238095238,0.788847117794
1.5,0.2,569,504,19,2,0.00754567116759,0.105263157895,0.00396825396825,0.52589807853
1.5,0.2,570,504,19,2,0.00754567116759,0.105263157895,0.00396825396825,0.52589807853
1.5,0.2,571,504,19,3,0.00754567116759,0.157894736842,0.00595238095238,0.788847117794
1.5,0.2,572,504,19,4,0.00754567116759,0.210526315789,0.00793650793651,1.05179615706
1.5,0.2,573,504,19,4,0.00754567116759,0.210526315789,0.00793650793651,1.05179615706
1.5,0.2,574,504,19,3,0.00754567116759,0.157894736842,0.00595238095238,0.788847117794
1.5,0.2,575,504,19,4,0.00754567116759,0.210526315789,0.00793650793651,1.05179615706
1.5,0.2,576,504,19,4,0.00754567116759,0.210526315789,0.00793650793651,1.05179615706
1.5,0.2,577,504,19,2,0.00754567116759,0.105263157895,0.00396825396825,0.52589807853
1.5,0.2,578,504,19,2,0.00754567116759,0.105263157895,0.00396825396825,0.52589807853
1.5,0.2,579,504,19,3,0.00754567116759,0.157894736842,0.00595238095238,0.788847117794
1.5,0.2,580,504,19,5,0.00754567116759,0.263157894737,0.00992063492063,1.31474519632
1.5,0.2,581,504,19,4,0.00754567116759,0.210526315789,0.00793650793651,1.05179615706
1.5,0.2,582,504,19,3,0.00754567116759,0.157894736842,0.00595238095238,0.788847117794
1.5,0.2,583,504,19,2,0.00754567116759,0.105263157895,0.00396825396825,0.52589807853
1.5,0.2,584,504,19,3,0.00754567116759,0.157894736842,0.00595238095238,0.788847117794
1.5,0.2,585,504,19,2,0.00754567116759,0.105263157895,0.00396825396825,0.52589807853
1.5,0.2,586,504,19,1,0.00754567116759,0.0526315789474,0.00198412698413,0.262949039265
1.5,0.2,587,504,19,2,0.00754567116759,0.105263157895,0.00396825396825,0.52589807853
1.5,0.2,588,504,19,2,0.00754567116759,0.105263157895,0.00396825396825,0.52589807853
1.5,0.2,589,504,19,5,0.00754567116759,0.263157894737,0.00992063492063,1.31474519632
1.5,0.2,590,504,19,4,0.00754567116759,0.210526315789,0.00793650793651,1.05179615706
1.5,0.2,591,504,19,3,0.00754567116759,0.157894736842,0.00595238095238,0.788847117794
1.5,0.2,592,504,19,1,0.00754567116759,0.0526315789474,0.00198412698413,0.262949039265
1.5,0.2,593,504,19,2,0.00754567116759,0.105263157895,0.00396825396825,0.52589807853
1.5,0.2,594,504,19,5,0.00754567116759,0.263157894737,0.00992063492063,1.31474519632
1.5,0.2,595,504,19,5,0.00754567116759,0.263157894737,0.00992063492063,1.31474519632
1.5,0.2,596,504,19,1,0.00754567116759,0.0526315789474,0.00198412698413,0.262949039265
1.5,0.2,597,504,19,4,0.00754567116759,0.210526315789,0.00793650793651,1.05179615706
1.5,0.2,598,504,19,2,0.00754567116759,0.105263157895,0.00396825396825,0.52589807853
1.5,0.2,599,504,19,4,0.00754567116759,0.210526315789,0.00793650793651,1.05179615706
1.5,0.2,600,504,19,3,0.00754567116759,0.157894736842,0.00595238095238,0.788847117794
1.5,0.2,601,504,19,4,0.00754567116759,0.210526315789,0.00793650793651,1.05179615706
1.5,0.2,602,504,19,2,0.00754567116759,0.105263157895,0.00396825396825,0.52589807853
1.5,0.2,603,504,19,6,0.00754567116759,0.315789473684,0.0119047619048,1.57769423559
1.5,0.2,604,504,19,5,0.00754567116759,0.263157894737,0.00992063492063,1.31474519632
1.5,0.2,605,504,19,2,0.00754567116759,0.105263157895,0.00396825396825,0.52589807853
1.5,0.2,606,504,19,5,0.00754567116759,0.263157894737,0.00992063492063,1.31474519632
1.5,0.2,607,504,19,2,0.00754567116759,0.105263157895,0.00396825396825,0.52589807853
1.5,0.2,608,504,19,6,0.00754567116759,0.315789473684,0.0119047619048,1.57769423559
1.5,0.2,609,504,19,3,0.00754567116759,0.157894736842,0.00595238095238,0.788847117794
1.5,0.2,610,504,19,3,0.00754567116759,0.157894736842,0.00595238095238,0.788847117794
1.5,0.2,611,504,19,4,0.00754567116759,0.210526315789,0.00793650793651,1.05179615706
1.5,0.2,612,504,19,3,0.00754567116759,0.157894736842,0.00595238095238,0.788847117794
1.5,0.2,613,504,19,3,0.00754567116759,0.157894736842,0.00595238095238,0.788847117794
1.5,0.2,614,504,19,3,0.00754567116759,0.157894736842,0.00595238095238,0.788847117794
1.5,0.2,615,504,19,5,0.00754567116759,0.263157894737,0.00992063492063,1.31474519632
1.5,0.2,616,504,19,6,0.00754567116759,0.315789473684,0.0119047619048,1.57769423559
1.5,0.2,617,504,19,3,0.00754567116759,0.157894736842,0.00595238095238,0.788847117794
1.5,0.2,618,504,19,5,0.00754567116759,0.263157894737,0.00992063492063,1.31474519632
1.5,0.2,619,504,19,8,0.00754567116759,0.421052631579,0.015873015873,2.10359231412
1.5,0.2,620,504,19,6,0.00754567116759,0.315789473684,0.0119047619048,1.57769423559
1.5,0.2,621,504,19,3,0.00754567116759,0.157894736842,0.00595238095238,0.788847117794
1.5,0.2,622,504,19,4,0.00754567116759,0.210526315789,0.00793650793651,1.05179615706
1.5,0.2,623,504,19,2,0.00754567116759,0.105263157895,0.00396825396825,0.52589807853
1.5,0.2,624,504,19,1,0.00754567116759,0.0526315789474,0.00198412698413,0.262949039265
1.5,0.2,625,504,19,1,0.00754567116759,0.0526315789474,0.00198412698413,0.262949039265
1.5,0.2,626,504,19,7,0.00754567116759,0.368421052632,0.0138888888889,1.84064327485
1.5,0.2,627,504,19,3,0.00754567116759,0.157894736842,0.00595238095238,0.788847117794
1.5,0.2,628,504,19,4,0.00754567116759,0.210526315789,0.00793650793651,1.05179615706
1.5,0.2,629,504,19,3,0.00754567116759,0.157894736842,0.00595238095238,0.788847117794
1.5,0.2,630,504,19,3,0.00754567116759,0.157894736842,0.00595238095238,0.788847117794
1.5,0.2,631,504,19,0,0.00754567116759,0,0,0
1.5,0.2,632,504,19,5,0.00754567116759,0.263157894737,0.00992063492063,1.31474519632
1.5,0.2,633,504,19,2,0.00754567116759,0.105263157895,0.00396825396825,0.52589807853
1.5,0.2,634,504,19,1,0.00754567116759,0.0526315789474,0.00198412698413,0.262949039265
1.5,0.2,635,504,19,1,0.00754567116759,0.0526315789474,0.00198412698413,0.262949039265
1.5,0.2,636,504,19,1,0.00754567116759,0.0526315789474,0.00198412698413,0.262949039265
1.5,0.2,637,504,19,3,0.00754567116759,0.157894736842,0.00595238095238,0.788847117794
1.5,0.2,638,504,19,4,0.00754567116759,0.210526315789,0.00793650793651,1.05179615706
1.5,0.2,639,504,19,4,0.00754567116759,0.210526315789,0.00793650793651,1.05179615706
1.5,0.2,640,504,19,2,0.00754567116759,0.105263157895,0.00396825396825,0.52589807853
1.5,0.2,641,504,19,2,0.00754567116759,0.105263157895,0.00396825396825,0.52589807853
1.5,0.2,642,504,19,3,0.00754567116759,0.157894736842,0.00595238095238,0.788847117794
1.5,0.2,643,504,19,8,0.00754567116759,0.421052631579,0.015873015873,2.10359231412
1.5,0.2,644,504,19,7,0.00754567116759,0.368421052632,0.0138888888889,1.84064327485
1.5,0.2,645,504,19,3,0.00754567116759,0.157894736842,0.00595238095238,0.788847117794
1.5,0.2,646,504,19,4,0.00754567116759,0.210526315789,0.00793650793651,1.05179615706
1.5,0.2,647,504,19,2,0.00754567116759,0.105263157895,0.00396825396825,0.52589807853
1.5,0.2,648,504,19,3,0.00754567116759,0.157894736842,0.00595238095238,0.788847117794
1.5,0.2,649,504,19,4,0.00754567116759,0.210526315789,0.00793650793651,1.05179615706
1.5,0.2,650,504,19,4,0.00754567116759,0.210526315789,0.00793650793651,1.05179615706
1.5,0.2,651,504,19,5,0.00754567116759,0.263157894737,0.00992063492063,1.31474519632
1.5,0.2,652,504,19,7,0.00754567116759,0.368421052632,0.0138888888889,1.84064327485
1.5,0.2,653,504,19,3,0.00754567116759,0.157894736842,0.00595238095238,0.788847117794
1.5,0.2,654,504,19,7,0.00754567116759,0.368421052632,0.0138888888889,1.84064327485
1.5,0.2,655,504,19,3,0.00754567116759,0.157894736842,0.00595238095238,0.788847117794
1.5,0.2,656,504,19,3,0.00754567116759,0.157894736842,0.00595238095238,0.788847117794
1.5,0.2,657,504,19,3,0.00754567116759,0.157894736842,0.00595238095238,0.788847117794
1.5,0.2,658,504,19,6,0.00754567116759,0.315789473684,0.0119047619048,1.57769423559
1.5,0.2,659,504,19,6,0.00754567116759,0.315789473684,0.0119047619048,1.57769423559
1.5,0.2,660,504,19,3,0.00754567116759,0.157894736842,0.00595238095238,0.788847117794
1.5,0.2,661,504,19,2,0.00754567116759,0.105263157895,0.00396825396825,0.52589807853
1.5,0.2,662,504,19,3,0.00754567116759,0.157894736842,0.00595238095238,0.788847117794
1.5,0.2,663,504,19,7,0.00754567116759,0.368421052632,0.0138888888889,1.84064327485
1.5,0.2,664,504,19,1,0.00754567116759,0.0526315789474,0.00198412698413,0.262949039265
1.5,0.2,665,504,19,5,0.00754567116759,0.263157894737,0.00992063492063,1.31474519632
1.5,0.2,666,504,19,3,0.00754567116759,0.157894736842,0.00595238095238,0.788847117794
1.5,0.2,667,504,19,4,0.00754567116759,0.210526315789,0.00793650793651,1.05179615706
1.5,0.2,668,504,19,5,0.00754567116759,0.263157894737,0.00992063492063,1.31474519632
1.5,0.2,669,504,19,2,0.00754567116759,0.105263157895,0.00396825396825,0.52589807853
1.5,0.2,670,504,19,2,0.00754567116759,0.105263157895,0.00396825396825,0.52589807853
1.5,0.2,671,504,19,3,0.00754567116759,0.157894736842,0.00595238095238,0.788847117794
1.5,0.2,672,504,19,3,0.00754567116759,0.157894736842,0.00595238095238,0.788847117794
1.5,0.2,673,504,19,6,0.00754567116759,0.315789473684,0.0119047619048,1.57769423559
1.5,0.2,674,504,19,6,0.00754567116759,0.315789473684,0.0119047619048,1.57769423559
1.5,0.2,675,504,19,7,0.00754567116759,0.368421052632,0.0138888888889,1.84064327485
1.5,0.2,676,504,19,5,0.00754567116759,0.263157894737,0.00992063492063,1.31474519632
1.5,0.2,677,504,19,3,0.00754567116759,0.157894736842,0.00595238095238,0.788847117794
1.5,0.2,678,504,19,6,0.00754567116759,0.315789473684,0.0119047619048,1.57769423559
1.5,0.2,679,504,19,3,0.00754567116759,0.157894736842,0.00595238095238,0.788847117794
1.5,0.2,680,504,19,1,0.00754567116759,0.0526315789474,0.00198412698413,0.262949039265
1.5,0.2,681,504,19,4,0.00754567116759,0.210526315789,0.00793650793651,1.05179615706
1.5,0.2,682,504,19,4,0.00754567116759,0.210526315789,0.00793650793651,1.05179615706
1.5,0.2,683,504,19,4,0.00754567116759,0.210526315789,0.00793650793651,1.05179615706
1.5,0.2,684,504,19,4,0.00754567116759,0.210526315789,0.00793650793651,1.05179615706
1.5,0.2,685,504,19,0,0.00754567116759,0,0,0
1.5,0.2,686,504,19,2,0.00754567116759,0.105263157895,0.00396825396825,0.52589807853
1.5,0.2,687,504,19,3,0.00754567116759,0.157894736842,0.00595238095238,0.788847117794
1.5,0.2,688,504,19,3,0.00754567116759,0.157894736842,0.00595238095238,0.788847117794
1.5,0.2,689,504,19,3,0.00754567116759,0.157894736842,0.00595238095238,0.788847117794
1.5,0.2,690,504,19,3,0.00754567116759,0.157894736842,0.00595238095238,0.788847117794
1.5,0.2,691,504,19,2,0.00754567116759,0.105263157895,0.00396825396825,0.52589807853
1.5,0.2,692,504,19,3,0.00754567116759,0.157894736842,0.00595238095238,0.788847117794
1.5,0.2,693,504,19,3,0.00754567116759,0.157894736842,0.00595238095238,0.788847117794
1.5,0.2,694,504,19,2,0.00754567116759,0.105263157895,0.00396825396825,0.52589807853
1.5,0.2,695,504,19,2,0.00754567116759,0.105263157895,0.00396825396825,0.52589807853
1.5,0.2,696,504,19,3,0.00754567116759,0.157894736842,0.00595238095238,0.788847117794
1.5,0.2,697,504,19,4,0.00754567116759,0.210526315789,0.00793650793651,1.05179615706
1.5,0.2,698,504,19,3,0.00754567116759,0.157894736842,0.00595238095238,0.788847117794
1.5,0.2,699,504,19,7,0.00754567116759,0.368421052632,0.0138888888889,1.84064327485
1.5,0.2,700,504,19,4,0.00754567116759,0.210526315789,0.00793650793651,1.05179615706
1.5,0.2,701,504,19,6,0.00754567116759,0.315789473684,0.0119047619048,1.57769423559
1.5,0.2,702,504,19,5,0.00754567116759,0.263157894737,0.00992063492063,1.31474519632
1.5,0.2,703,504,19,6,0.00754567116759,0.315789473684,0.0119047619048,1.57769423559
1.5,0.2,704,504,19,2,0.00754567116759,0.105263157895,0.00396825396825,0.52589807853
1.5,0.2,705,504,19,6,0.00754567116759,0.315789473684,0.0119047619048,1.57769423559
1.5,0.2,706,504,19,5,0.00754567116759,0.263157894737,0.00992063492063,1.31474519632
1.5,0.2,707,504,19,4,0.00754567116759,0.210526315789,0.00793650793651,1.05179615706
1.5,0.2,708,504,19,0,0.00754567116759,0,0,0
1.5,0.2,709,504,19,3,0.00754567116759,0.157894736842,0.00595238095238,0.788847117794
1.5,0.2,710,504,19,4,0.00754567116759,0.210526315789,0.00793650793651,1.05179615706
1.5,0.2,711,504,19,6,0.00754567116759,0.315789473684,0.0119047619048,1.57769423559
1.5,0.2,712,504,19,6,0.00754567116759,0.315789473684,0.0119047619048,1.57769423559
1.5,0.2,713,504,19,7,0.00754567116759,0.368421052632,0.0138888888889,1.84064327485
1.5,0.2,714,504,19,4,0.00754567116759,0.210526315789,0.00793650793651,1.05179615706
1.5,0.2,715,504,19,4,0.00754567116759,0.210526315789,0.00793650793651,1.05179615706
1.5,0.2,716,504,19,4,0.00754567116759,0.210526315789,0.00793650793651,1.05179615706
1.5,0.2,717,504,19,2,0.00754567116759,0.105263157895,0.00396825396825,0.52589807853
1.5,0.2,718,504,19,3,0.00754567116759,0.157894736842,0.00595238095238,0.788847117794
1.5,0.2,719,504,19,2,0.00754567116759,0.105263157895,0.00396825396825,0.52589807853
1.5,0.2,720,504,19,5,0.00754567116759,0.263157894737,0.00992063492063,1.31474519632
1.5,0.2,721,504,19,1,0.00754567116759,0.0526315789474,0.00198412698413,0.262949039265
1.5,0.2,722,504,19,3,0.00754567116759,0.157894736842,0.00595238095238,0.788847117794
1.5,0.2,723,504,19,4,0.00754567116759,0.210526315789,0.00793650793651,1.05179615706
1.5,0.2,724,504,19,2,0.00754567116759,0.105263157895,0.00396825396825,0.52589807853
1.5,0.2,725,504,19,1,0.00754567116759,0.0526315789474,0.00198412698413,0.262949039265
1.5,0.2,726,504,19,0,0.00754567116759,0,0,0
1.5,0.2,727,504,19,2,0.00754567116759,0.105263157895,0.00396825396825,0.52589807853
1.5,0.2,728,504,19,4,0.00754567116759,0.210526315789,0.00793650793651,1.05179615706
1.5,0.2,729,504,19,2,0.00754567116759,0.105263157895,0.00396825396825,0.52589807853
1.5,0.2,730,504,19,6,0.00754567116759,0.315789473684,0.0119047619048,1.57769423559
1.5,0.2,731,504,19,6,0.00754567116759,0.315789473684,0.0119047619048,1.57769423559
1.5,0.2,732,504,19,5,0.00754567116759,0.263157894737,0.00992063492063,1.31474519632
1.5,0.2,733,504,19,4,0.00754567116759,0.210526315789,0.00793650793651,1.05179615706
1.5,0.2,734,504,19,4,0.00754567116759,0.210526315789,0.00793650793651,1.05179615706
1.5,0.2,735,504,19,3,0.00754567116759,0.157894736842,0.00595238095238,0.788847117794
1.5,0.2,736,504,19,4,0.00754567116759,0.210526315789,0.00793650793651,1.05179615706
1.5,0.2,737,504,19,4,0.00754567116759,0.210526315789,0.00793650793651,1.05179615706
1.5,0.2,738,504,19,4,0.00754567116759,0.210526315789,0.00793650793651,1.05179615706
1.5,0.2,739,504,19,1,0.00754567116759,0.0526315789474,0.00198412698413,0.262949039265
1.5,0.2,740,504,19,4,0.00754567116759,0.210526315789,0.00793650793651,1.05179615706
1.5,0.2,741,504,19,4,0.00754567116759,0.210526315789,0.00793650793651,1.05179615706
1.5,0.2,742,504,19,5,0.00754567116759,0.263157894737,0.00992063492063,1.31474519632
1.5,0.2,743,504,19,7,0.00754567116759,0.368421052632,0.0138888888889,1.84064327485
1.5,0.2,744,504,19,3,0.00754567116759,0.157894736842,0.00595238095238,0.788847117794
1.5,0.2,745,504,19,5,0.00754567116759,0.263157894737,0.00992063492063,1.31474519632
1.5,0.2,746,504,19,5,0.00754567116759,0.263157894737,0.00992063492063,1.31474519632
1.5,0.2,747,504,19,2,0.00754567116759,0.105263157895,0.00396825396825,0.52589807853
1.5,0.2,748,504,19,7,0.00754567116759,0.368421052632,0.0138888888889,1.84064327485
1.5,0.2,749,504,19,6,0.00754567116759,0.315789473684,0.0119047619048,1.57769423559
1.5,0.2,750,504,19,4,0.00754567116759,0.210526315789,0.00793650793651,1.05179615706
1.5,0.2,751,504,19,2,0.00754567116759,0.105263157895,0.00396825396825,0.52589807853
1.5,0.2,752,504,19,1,0.00754567116759,0.0526315789474,0.00198412698413,0.262949039265
1.5,0.2,753,504,19,4,0.00754567116759,0.210526315789,0.00793650793651,1.05179615706
1.5,0.2,754,504,19,4,0.00754567116759,0.210526315789,0.00793650793651,1.05179615706
1.5,0.2,755,504,19,4,0.00754567116759,0.210526315789,0.00793650793651,1.05179615706
1.5,0.2,756,504,19,4,0.00754567116759,0.210526315789,0.00793650793651,1.05179615706
1.5,0.2,757,504,19,6,0.00754567116759,0.315789473684,0.0119047619048,1.57769423559
1.5,0.2,758,504,19,2,0.00754567116759,0.105263157895,0.00396825396825,0.52589807853
1.5,0.2,759,504,19,3,0.00754567116759,0.157894736842,0.00595238095238,0.788847117794
1.5,0.2,760,504,19,3,0.00754567116759,0.157894736842,0.00595238095238,0.788847117794
1.5,0.2,761,504,19,3,0.00754567116759,0.157894736842,0.00595238095238,0.788847117794
1.5,0.2,762,504,19,4,0.00754567116759,0.210526315789,0.00793650793651,1.05179615706
1.5,0.2,763,504,19,7,0.00754567116759,0.368421052632,0.0138888888889,1.84064327485
1.5,0.2,764,504,19,4,0.00754567116759,0.210526315789,0.00793650793651,1.05179615706
1.5,0.2,765,504,19,5,0.00754567116759,0.263157894737,0.00992063492063,1.31474519632
1.5,0.2,766,504,19,4,0.00754567116759,0.210526315789,0.00793650793651,1.05179615706
1.5,0.2,767,504,19,3,0.00754567116759,0.157894736842,0.00595238095238,0.788847117794
1.5,0.2,768,504,19,5,0.00754567116759,0.263157894737,0.00992063492063,1.31474519632
1.5,0.2,769,504,19,2,0.00754567116759,0.105263157895,0.00396825396825,0.52589807853
1.5,0.2,770,504,19,5,0.00754567116759,0.263157894737,0.00992063492063,1.31474519632
1.5,0.2,771,504,19,5,0.00754567116759,0.263157894737,0.00992063492063,1.31474519632
1.5,0.2,772,504,19,7,0.00754567116759,0.368421052632,0.0138888888889,1.84064327485
1.5,0.2,773,504,19,2,0.00754567116759,0.105263157895,0.00396825396825,0.52589807853
1.5,0.2,774,504,19,3,0.00754567116759,0.157894736842,0.00595238095238,0.788847117794
1.5,0.2,775,504,19,5,0.00754567116759,0.263157894737,0.00992063492063,1.31474519632
1.5,0.2,776,504,19,5,0.00754567116759,0.263157894737,0.00992063492063,1.31474519632
1.5,0.2,777,504,19,6,0.00754567116759,0.315789473684,0.0119047619048,1.57769423559
1.5,0.2,778,504,19,4,0.00754567116759,0.210526315789,0.00793650793651,1.05179615706
1.5,0.2,779,504,19,5,0.00754567116759,0.263157894737,0.00992063492063,1.31474519632
1.5,0.2,780,504,19,2,0.00754567116759,0.105263157895,0.00396825396825,0.52589807853
1.5,0.2,781,504,19,7,0.00754567116759,0.368421052632,0.0138888888889,1.84064327485
1.5,0.2,782,504,19,6,0.00754567116759,0.315789473684,0.0119047619048,1.57769423559
1.5,0.2,783,504,19,2,0.00754567116759,0.105263157895,0.00396825396825,0.52589807853
1.5,0.2,784,504,19,7,0.00754567116759,0.368421052632,0.0138888888889,1.84064327485
1.5,0.2,785,504,19,4,0.00754567116759,0.210526315789,0.00793650793651,1.05179615706
1.5,0.2,786,504,19,4,0.00754567116759,0.210526315789,0.00793650793651,1.05179615706
1.5,0.2,787,504,19,3,0.00754567116759,0.157894736842,0.00595238095238,0.788847117794
1.5,0.2,788,504,19,4,0.00754567116759,0.210526315789,0.00793650793651,1.05179615706
1.5,0.2,789,504,19,3,0.00754567116759,0.157894736842,0.00595238095238,0.788847117794
1.5,0.2,790,504,19,5,0.00754567116759,0.263157894737,0.00992063492063,1.31474519632
1.5,0.2,791,504,19,5,0.00754567116759,0.263157894737,0.00992063492063,1.31474519632
1.5,0.2,792,504,19,9,0.00754567116759,0.473684210526,0.0178571428571,2.36654135338
1.5,0.2,793,504,19,5,0.00754567116759,0.263157894737,0.00992063492063,1.31474519632
1.5,0.2,794,504,19,3,0.00754567116759,0.157894736842,0.00595238095238,0.788847117794
1.5,0.2,795,504,19,4,0.00754567116759,0.210526315789,0.00793650793651,1.05179615706
1.5,0.2,796,504,19,2,0.00754567116759,0.105263157895,0.00396825396825,0.52589807853
1.5,0.2,797,504,19,4,0.00754567116759,0.210526315789,0.00793650793651,1.05179615706
1.5,0.2,798,504,19,2,0.00754567116759,0.105263157895,0.00396825396825,0.52589807853
1.5,0.2,799,504,19,5,0.00754567116759,0.263157894737,0.00992063492063,1.31474519632
1.5,0.2,800,504,19,3,0.00754567116759,0.157894736842,0.00595238095238,0.788847117794
1.5,0.2,801,504,19,4,0.00754567116759,0.210526315789,0.00793650793651,1.05179615706
1.5,0.2,802,504,19,1,0.00754567116759,0.0526315789474,0.00198412698413,0.262949039265
1.5,0.2,803,504,19,6,0.00754567116759,0.315789473684,0.0119047619048,1.57769423559
1.5,0.2,804,504,19,5,0.00754567116759,0.263157894737,0.00992063492063,1.31474519632
1.5,0.2,805,504,19,1,0.00754567116759,0.0526315789474,0.00198412698413,0.262949039265
1.5,0.2,806,504,19,1,0.00754567116759,0.0526315789474,0.00198412698413,0.262949039265
1.5,0.2,807,504,19,5,0.00754567116759,0.263157894737,0.00992063492063,1.31474519632
1.5,0.2,808,504,19,4,0.00754567116759,0.210526315789,0.00793650793651,1.05179615706
1.5,0.2,809,504,19,2,0.00754567116759,0.105263157895,0.00396825396825,0.52589807853
1.5,0.2,810,504,19,3,0.00754567116759,0.157894736842,0.00595238095238,0.788847117794
1.5,0.2,811,504,19,3,0.00754567116759,0.157894736842,0.00595238095238,0.788847117794
1.5,0.2,812,504,19,2,0.00754567116759,0.105263157895,0.00396825396825,0.52589807853
1.5,0.2,813,504,19,3,0.00754567116759,0.157894736842,0.00595238095238,0.788847117794
1.5,0.2,814,504,19,4,0.00754567116759,0.210526315789,0.00793650793651,1.05179615706
1.5,0.2,815,504,19,5,0.00754567116759,0.263157894737,0.00992063492063,1.31474519632
1.5,0.2,816,504,19,2,0.00754567116759,0.105263157895,0.00396825396825,0.52589807853
1.5,0.2,817,504,19,4,0.00754567116759,0.210526315789,0.00793650793651,1.05179615706
1.5,0.2,818,504,19,1,0.00754567116759,0.0526315789474,0.00198412698413,0.262949039265
1.5,0.2,819,504,19,2,0.00754567116759,0.105263157895,0.00396825396825,0.52589807853
1.5,0.2,820,504,19,5,0.00754567116759,0.263157894737,0.00992063492063,1.31474519632
1.5,0.2,821,504,19,6,0.00754567116759,0.315789473684,0.0119047619048,1.57769423559
1.5,0.2,822,504,19,1,0.00754567116759,0.0526315789474,0.00198412698413,0.262949039265
1.5,0.2,823,504,19,6,0.00754567116759,0.315789473684,0.0119047619048,1.57769423559
1.5,0.2,824,504,19,4,0.00754567116759,0.210526315789,0.00793650793651,1.05179615706
1.5,0.2,825,504,19,4,0.00754567116759,0.210526315789,0.00793650793651,1.05179615706
1.5,0.2,826,504,19,0,0.00754567116759,0,0,0
1.5,0.2,827,504,19,3,0.00754567116759,0.157894736842,0.00595238095238,0.788847117794
1.5,0.2,828,504,19,2,0.00754567116759,0.105263157895,0.00396825396825,0.52589807853
1.5,0.2,829,504,19,4,0.00754567116759,0.210526315789,0.00793650793651,1.05179615706
1.5,0.2,830,504,19,8,0.00754567116759,0.421052631579,0.015873015873,2.10359231412
1.5,0.2,831,504,19,5,0.00754567116759,0.263157894737,0.00992063492063,1.31474519632
1.5,0.2,832,504,19,4,0.00754567116759,0.210526315789,0.00793650793651,1.05179615706
1.5,0.2,833,504,19,5,0.00754567116759,0.263157894737,0.00992063492063,1.31474519632
1.5,0.2,834,504,19,5,0.00754567116759,0.263157894737,0.00992063492063,1.31474519632
1.5,0.2,835,504,19,6,0.00754567116759,0.315789473684,0.0119047619048,1.57769423559
1.5,0.2,836,504,19,3,0.00754567116759,0.157894736842,0.00595238095238,0.788847117794
1.5,0.2,837,504,19,5,0.00754567116759,0.263157894737,0.00992063492063,1.31474519632
1.5,0.2,838,504,19,4,0.00754567116759,0.210526315789,0.00793650793651,1.05179615706
1.5,0.2,839,504,19,3,0.00754567116759,0.157894736842,0.00595238095238,0.788847117794
1.5,0.2,840,504,19,5,0.00754567116759,0.263157894737,0.00992063492063,1.31474519632
1.5,0.2,841,504,19,2,0.00754567116759,0.105263157895,0.00396825396825,0.52589807853
1.5,0.2,842,504,19,4,0.00754567116759,0.210526315789,0.00793650793651,1.05179615706
1.5,0.2,843,504,19,4,0.00754567116759,0.210526315789,0.00793650793651,1.05179615706
1.5,0.2,844,504,19,2,0.00754567116759,0.105263157895,0.00396825396825,0.52589807853
1.5,0.2,845,504,19,1,0.00754567116759,0.0526315789474,0.00198412698413,0.262949039265
1.5,0.2,846,504,19,3,0.00754567116759,0.157894736842,0.00595238095238,0.788847117794
1.5,0.2,847,504,19,4,0.00754567116759,0.210526315789,0.00793650793651,1.05179615706
1.5,0.2,848,504,19,6,0.00754567116759,0.315789473684,0.0119047619048,1.57769423559
1.5,0.2,849,504,19,2,0.00754567116759,0.105263157895,0.00396825396825,0.52589807853
1.5,0.2,850,504,19,4,0.00754567116759,0.210526315789,0.00793650793651,1.05179615706
1.5,0.2,851,504,19,3,0.00754567116759,0.157894736842,0.00595238095238,0.788847117794
1.5,0.2,852,504,19,4,0.00754567116759,0.210526315789,0.00793650793651,1.05179615706
1.5,0.2,853,504,19,0,0.00754567116759,0,0,0
1.5,0.2,854,504,19,2,0.00754567116759,0.105263157895,0.00396825396825,0.52589807853
1.5,0.2,855,504,19,2,0.00754567116759,0.105263157895,0.00396825396825,0.52589807853
1.5,0.2,856,504,19,3,0.00754567116759,0.157894736842,0.00595238095238,0.788847117794
1.5,0.2,857,504,19,3,0.00754567116759,0.157894736842,0.00595238095238,0.788847117794
1.5,0.2,858,504,19,3,0.00754567116759,0.157894736842,0.00595238095238,0.788847117794
1.5,0.2,859,504,19,2,0.00754567116759,0.105263157895,0.00396825396825,0.52589807853
1.5,0.2,860,504,19,4,0.00754567116759,0.210526315789,0.00793650793651,1.05179615706
1.5,0.2,861,504,19,1,0.00754567116759,0.0526315789474,0.00198412698413,0.262949039265
1.5,0.2,862,504,19,2,0.00754567116759,0.105263157895,0.00396825396825,0.52589807853
1.5,0.2,863,504,19,4,0.00754567116759,0.210526315789,0.00793650793651,1.05179615706
1.5,0.2,864,504,19,3,0.00754567116759,0.157894736842,0.00595238095238,0.788847117794
1.5,0.2,865,504,19,8,0.00754567116759,0.421052631579,0.015873015873,2.10359231412
1.5,0.2,866,504,19,3,0.00754567116759,0.157894736842,0.00595238095238,0.788847117794
1.5,0.2,867,504,19,2,0.00754567116759,0.105263157895,0.00396825396825,0.52589807853
1.5,0.2,868,504,19,5,0.00754567116759,0.263157894737,0.00992063492063,1.31474519632
1.5,0.2,869,504,19,4,0.00754567116759,0.210526315789,0.00793650793651,1.05179615706
1.5,0.2,870,504,19,5,0.00754567116759,0.263157894737,0.00992063492063,1.31474519632
1.5,0.2,871,504,19,8,0.00754567116759,0.421052631579,0.015873015873,2.10359231412
1.5,0.2,872,504,19,3,0.00754567116759,0.157894736842,0.00595238095238,0.788847117794
1.5,0.2,873,504,19,5,0.00754567116759,0.263157894737,0.00992063492063,1.31474519632
1.5,0.2,874,504,19,1,0.00754567116759,0.0526315789474,0.00198412698413,0.262949039265
1.5,0.2,875,504,19,3,0.00754567116759,0.157894736842,0.00595238095238,0.788847117794
1.5,0.2,876,504,19,5,0.00754567116759,0.263157894737,0.00992063492063,1.31474519632
1.5,0.2,877,504,19,7,0.00754567116759,0.368421052632,0.0138888888889,1.84064327485
1.5,0.2,878,504,19,3,0.00754567116759,0.157894736842,0.00595238095238,0.788847117794
1.5,0.2,879,504,19,3,0.00754567116759,0.157894736842,0.00595238095238,0.788847117794
1.5,0.2,880,504,19,3,0.00754567116759,0.157894736842,0.00595238095238,0.788847117794
1.5,0.2,881,504,19,5,0.00754567116759,0.263157894737,0.00992063492063,1.31474519632
1.5,0.2,882,504,19,2,0.00754567116759,0.105263157895,0.00396825396825,0.52589807853
1.5,0.2,883,504,19,4,0.00754567116759,0.210526315789,0.00793650793651,1.05179615706
1.5,0.2,884,504,19,2,0.00754567116759,0.105263157895,0.00396825396825,0.52589807853
1.5,0.2,885,504,19,4,0.00754567116759,0.210526315789,0.00793650793651,1.05179615706
1.5,0.2,886,504,19,6,0.00754567116759,0.315789473684,0.0119047619048,1.57769423559
1.5,0.2,887,504,19,5,0.00754567116759,0.263157894737,0.00992063492063,1.31474519632
1.5,0.2,888,504,19,6,0.00754567116759,0.315789473684,0.0119047619048,1.57769423559
1.5,0.2,889,504,19,2,0.00754567116759,0.105263157895,0.00396825396825,0.52589807853
1.5,0.2,890,504,19,6,0.00754567116759,0.315789473684,0.0119047619048,1.57769423559
1.5,0.2,891,504,19,0,0.00754567116759,0,0,0
1.5,0.2,892,504,19,4,0.00754567116759,0.210526315789,0.00793650793651,1.05179615706
1.5,0.2,893,504,19,5,0.00754567116759,0.263157894737,0.00992063492063,1.31474519632
1.5,0.2,894,504,19,5,0.00754567116759,0.263157894737,0.00992063492063,1.31474519632
1.5,0.2,895,504,19,4,0.00754567116759,0.210526315789,0.00793650793651,1.05179615706
1.5,0.2,896,504,19,2,0.00754567116759,0.105263157895,0.00396825396825,0.52589807853
1.5,0.2,897,504,19,5,0.00754567116759,0.263157894737,0.00992063492063,1.31474519632
1.5,0.2,898,504,19,3,0.00754567116759,0.157894736842,0.00595238095238,0.788847117794
1.5,0.2,899,504,19,1,0.00754567116759,0.0526315789474,0.00198412698413,0.262949039265
1.5,0.2,900,504,19,6,0.00754567116759,0.315789473684,0.0119047619048,1.57769423559
1.5,0.2,901,504,19,4,0.00754567116759,0.210526315789,0.00793650793651,1.05179615706
1.5,0.2,902,504,19,3,0.00754567116759,0.157894736842,0.00595238095238,0.788847117794
1.5,0.2,903,504,19,3,0.00754567116759,0.157894736842,0.00595238095238,0.788847117794
1.5,0.2,904,504,19,3,0.00754567116759,0.157894736842,0.00595238095238,0.788847117794
1.5,0.2,905,504,19,3,0.00754567116759,0.157894736842,0.00595238095238,0.788847117794
1.5,0.2,906,504,19,2,0.00754567116759,0.105263157895,0.00396825396825,0.52589807853
1.5,0.2,907,504,19,4,0.00754567116759,0.210526315789,0.00793650793651,1.05179615706
1.5,0.2,908,504,19,4,0.00754567116759,0.210526315789,0.00793650793651,1.05179615706
1.5,0.2,909,504,19,5,0.00754567116759,0.263157894737,0.00992063492063,1.31474519632
1.5,0.2,910,504,19,6,0.00754567116759,0.315789473684,0.0119047619048,1.57769423559
1.5,0.2,911,504,19,6,0.00754567116759,0.315789473684,0.0119047619048,1.57769423559
1.5,0.2,912,504,19,3,0.00754567116759,0.157894736842,0.00595238095238,0.788847117794
1.5,0.2,913,504,19,4,0.00754567116759,0.210526315789,0.00793650793651,1.05179615706
1.5,0.2,914,504,19,4,0.00754567116759,0.210526315789,0.00793650793651,1.05179615706
1.5,0.2,915,504,19,5,0.00754567116759,0.263157894737,0.00992063492063,1.31474519632
1.5,0.2,916,504,19,4,0.00754567116759,0.210526315789,0.00793650793651,1.05179615706
1.5,0.2,917,504,19,3,0.00754567116759,0.157894736842,0.00595238095238,0.788847117794
1.5,0.2,918,504,19,3,0.00754567116759,0.157894736842,0.00595238095238,0.788847117794
1.5,0.2,919,504,19,4,0.00754567116759,0.210526315789,0.00793650793651,1.05179615706
1.5,0.2,920,504,19,6,0.00754567116759,0.315789473684,0.0119047619048,1.57769423559
1.5,0.2,921,504,19,2,0.00754567116759,0.105263157895,0.00396825396825,0.52589807853
1.5,0.2,922,504,19,3,0.00754567116759,0.157894736842,0.00595238095238,0.788847117794
1.5,0.2,923,504,19,2,0.00754567116759,0.105263157895,0.00396825396825,0.52589807853
1.5,0.2,924,504,19,3,0.00754567116759,0.157894736842,0.00595238095238,0.788847117794
1.5,0.2,925,504,19,3,0.00754567116759,0.157894736842,0.00595238095238,0.788847117794
1.5,0.2,926,504,19,3,0.00754567116759,0.157894736842,0.00595238095238,0.788847117794
1.5,0.2,927,504,19,4,0.00754567116759,0.210526315789,0.00793650793651,1.05179615706
1.5,0.2,928,504,19,0,0.00754567116759,0,0,0
1.5,0.2,929,504,19,8,0.00754567116759,0.421052631579,0.015873015873,2.10359231412
1.5,0.2,930,504,19,3,0.00754567116759,0.157894736842,0.00595238095238,0.788847117794
1.5,0.2,931,504,19,5,0.00754567116759,0.263157894737,0.00992063492063,1.31474519632
1.5,0.2,932,504,19,3,0.00754567116759,0.157894736842,0.00595238095238,0.788847117794
1.5,0.2,933,504,19,7,0.00754567116759,0.368421052632,0.0138888888889,1.84064327485
1.5,0.2,934,504,19,4,0.00754567116759,0.210526315789,0.00793650793651,1.05179615706
1.5,0.2,935,504,19,7,0.00754567116759,0.368421052632,0.0138888888889,1.84064327485
1.5,0.2,936,504,19,5,0.00754567116759,0.263157894737,0.00992063492063,1.31474519632
1.5,0.2,937,504,19,4,0.00754567116759,0.210526315789,0.00793650793651,1.05179615706
1.5,0.2,938,504,19,6,0.00754567116759,0.315789473684,0.0119047619048,1.57769423559
1.5,0.2,939,504,19,1,0.00754567116759,0.0526315789474,0.00198412698413,0.262949039265
1.5,0.2,940,504,19,4,0.00754567116759,0.210526315789,0.00793650793651,1.05179615706
1.5,0.2,941,504,19,1,0.00754567116759,0.0526315789474,0.00198412698413,0.262949039265
1.5,0.2,942,504,19,4,0.00754567116759,0.210526315789,0.00793650793651,1.05179615706
1.5,0.2,943,504,19,2,0.00754567116759,0.105263157895,0.00396825396825,0.52589807853
1.5,0.2,944,504,19,5,0.00754567116759,0.263157894737,0.00992063492063,1.31474519632
1.5,0.2,945,504,19,5,0.00754567116759,0.263157894737,0.00992063492063,1.31474519632
1.5,0.2,946,504,19,8,0.00754567116759,0.421052631579,0.015873015873,2.10359231412
1.5,0.2,947,504,19,1,0.00754567116759,0.0526315789474,0.00198412698413,0.262949039265
1.5,0.2,948,504,19,6,0.00754567116759,0.315789473684,0.0119047619048,1.57769423559
1.5,0.2,949,504,19,3,0.00754567116759,0.157894736842,0.00595238095238,0.788847117794
1.5,0.2,950,504,19,4,0.00754567116759,0.210526315789,0.00793650793651,1.05179615706
1.5,0.2,951,504,19,1,0.00754567116759,0.0526315789474,0.00198412698413,0.262949039265
1.5,0.2,952,504,19,0,0.00754567116759,0,0,0
1.5,0.2,953,504,19,2,0.00754567116759,0.105263157895,0.00396825396825,0.52589807853
1.5,0.2,954,504,19,3,0.00754567116759,0.157894736842,0.00595238095238,0.788847117794
1.5,0.2,955,504,19,1,0.00754567116759,0.0526315789474,0.00198412698413,0.262949039265
1.5,0.2,956,504,19,3,0.00754567116759,0.157894736842,0.00595238095238,0.788847117794
1.5,0.2,957,504,19,0,0.00754567116759,0,0,0
1.5,0.2,958,504,19,3,0.00754567116759,0.157894736842,0.00595238095238,0.788847117794
1.5,0.2,959,504,19,1,0.00754567116759,0.0526315789474,0.00198412698413,0.262949039265
1.5,0.2,960,504,19,3,0.00754567116759,0.157894736842,0.00595238095238,0.788847117794
1.5,0.2,961,504,19,4,0.00754567116759,0.210526315789,0.00793650793651,1.05179615706
1.5,0.2,962,504,19,4,0.00754567116759,0.210526315789,0.00793650793651,1.05179615706
1.5,0.2,963,504,19,2,0.00754567116759,0.105263157895,0.00396825396825,0.52589807853
1.5,0.2,964,504,19,2,0.00754567116759,0.105263157895,0.00396825396825,0.52589807853
1.5,0.2,965,504,19,4,0.00754567116759,0.210526315789,0.00793650793651,1.05179615706
1.5,0.2,966,504,19,5,0.00754567116759,0.263157894737,0.00992063492063,1.31474519632
1.5,0.2,967,504,19,2,0.00754567116759,0.105263157895,0.00396825396825,0.52589807853
1.5,0.2,968,504,19,7,0.00754567116759,0.368421052632,0.0138888888889,1.84064327485
1.5,0.2,969,504,19,3,0.00754567116759,0.157894736842,0.00595238095238,0.788847117794
1.5,0.2,970,504,19,5,0.00754567116759,0.263157894737,0.00992063492063,1.31474519632
1.5,0.2,971,504,19,4,0.00754567116759,0.210526315789,0.00793650793651,1.05179615706
1.5,0.2,972,504,19,6,0.00754567116759,0.315789473684,0.0119047619048,1.57769423559
1.5,0.2,973,504,19,2,0.00754567116759,0.105263157895,0.00396825396825,0.52589807853
1.5,0.2,974,504,19,2,0.00754567116759,0.105263157895,0.00396825396825,0.52589807853
1.5,0.2,975,504,19,5,0.00754567116759,0.263157894737,0.00992063492063,1.31474519632
1.5,0.2,976,504,19,1,0.00754567116759,0.0526315789474,0.00198412698413,0.262949039265
1.5,0.2,977,504,19,5,0.00754567116759,0.263157894737,0.00992063492063,1.31474519632
1.5,0.2,978,504,19,3,0.00754567116759,0.157894736842,0.00595238095238,0.788847117794
1.5,0.2,979,504,19,5,0.00754567116759,0.263157894737,0.00992063492063,1.31474519632
1.5,0.2,980,504,19,5,0.00754567116759,0.263157894737,0.00992063492063,1.31474519632
1.5,0.2,981,504,19,4,0.00754567116759,0.210526315789,0.00793650793651,1.05179615706
1.5,0.2,982,504,19,2,0.00754567116759,0.105263157895,0.00396825396825,0.52589807853
1.5,0.2,983,504,19,3,0.00754567116759,0.157894736842,0.00595238095238,0.788847117794
1.5,0.2,984,504,19,6,0.00754567116759,0.315789473684,0.0119047619048,1.57769423559
1.5,0.2,985,504,19,6,0.00754567116759,0.315789473684,0.0119047619048,1.57769423559
1.5,0.2,986,504,19,4,0.00754567116759,0.210526315789,0.00793650793651,1.05179615706
1.5,0.2,987,504,19,5,0.00754567116759,0.263157894737,0.00992063492063,1.31474519632
1.5,0.2,988,504,19,5,0.00754567116759,0.263157894737,0.00992063492063,1.31474519632
1.5,0.2,989,504,19,2,0.00754567116759,0.105263157895,0.00396825396825,0.52589807853
1.5,0.2,990,504,19,2,0.00754567116759,0.105263157895,0.00396825396825,0.52589807853
1.5,0.2,991,504,19,3,0.00754567116759,0.157894736842,0.00595238095238,0.788847117794
1.5,0.2,992,504,19,3,0.00754567116759,0.157894736842,0.00595238095238,0.788847117794
1.5,0.2,993,504,19,3,0.00754567116759,0.157894736842,0.00595238095238,0.788847117794
1.5,0.2,994,504,19,5,0.00754567116759,0.263157894737,0.00992063492063,1.31474519632
1.5,0.2,995,504,19,4,0.00754567116759,0.210526315789,0.00793650793651,1.05179615706
1.5,0.2,996,504,19,2,0.00754567116759,0.105263157895,0.00396825396825,0.52589807853
1.5,0.2,997,504,19,4,0.00754567116759,0.210526315789,0.00793650793651,1.05179615706
1.5,0.2,998,504,19,1,0.00754567116759,0.0526315789474,0.00198412698413,0.262949039265
1.5,0.2,999,504,19,5,0.00754567116759,0.263157894737,0.00992063492063,1.31474519632
1.5,0.2,1000,504,19,5,0.00754567116759,0.263157894737,0.00992063492063,1.31474519632
1.5,0.3,1,756,19,7,0.00754567116759,0.368421052632,0.00925925925926,1.22709551657
1.5,0.3,2,756,19,7,0.00754567116759,0.368421052632,0.00925925925926,1.22709551657
1.5,0.3,3,756,19,5,0.00754567116759,0.263157894737,0.00661375661376,0.876496797549
1.5,0.3,4,756,19,3,0.00754567116759,0.157894736842,0.00396825396825,0.52589807853
1.5,0.3,5,756,19,4,0.00754567116759,0.210526315789,0.00529100529101,0.70119743804
1.5,0.3,6,756,19,6,0.00754567116759,0.315789473684,0.00793650793651,1.05179615706
1.5,0.3,7,756,19,5,0.00754567116759,0.263157894737,0.00661375661376,0.876496797549
1.5,0.3,8,756,19,3,0.00754567116759,0.157894736842,0.00396825396825,0.52589807853
1.5,0.3,9,756,19,1,0.00754567116759,0.0526315789474,0.00132275132275,0.17529935951
1.5,0.3,10,756,19,6,0.00754567116759,0.315789473684,0.00793650793651,1.05179615706
1.5,0.3,11,756,19,5,0.00754567116759,0.263157894737,0.00661375661376,0.876496797549
1.5,0.3,12,756,19,4,0.00754567116759,0.210526315789,0.00529100529101,0.70119743804
1.5,0.3,13,756,19,2,0.00754567116759,0.105263157895,0.0026455026455,0.35059871902
1.5,0.3,14,756,19,4,0.00754567116759,0.210526315789,0.00529100529101,0.70119743804
1.5,0.3,15,756,19,8,0.00754567116759,0.421052631579,0.010582010582,1.40239487608
1.5,0.3,16,756,19,9,0.00754567116759,0.473684210526,0.0119047619048,1.57769423559
1.5,0.3,17,756,19,7,0.00754567116759,0.368421052632,0.00925925925926,1.22709551657
1.5,0.3,18,756,19,5,0.00754567116759,0.263157894737,0.00661375661376,0.876496797549
1.5,0.3,19,756,19,4,0.00754567116759,0.210526315789,0.00529100529101,0.70119743804
1.5,0.3,20,756,19,6,0.00754567116759,0.315789473684,0.00793650793651,1.05179615706
1.5,0.3,21,756,19,6,0.00754567116759,0.315789473684,0.00793650793651,1.05179615706
1.5,0.3,22,756,19,5,0.00754567116759,0.263157894737,0.00661375661376,0.876496797549
1.5,0.3,23,756,19,9,0.00754567116759,0.473684210526,0.0119047619048,1.57769423559
1.5,0.3,24,756,19,4,0.00754567116759,0.210526315789,0.00529100529101,0.70119743804
1.5,0.3,25,756,19,8,0.00754567116759,0.421052631579,0.010582010582,1.40239487608
1.5,0.3,26,756,19,2,0.00754567116759,0.105263157895,0.0026455026455,0.35059871902
1.5,0.3,27,756,19,4,0.00754567116759,0.210526315789,0.00529100529101,0.70119743804
1.5,0.3,28,756,19,5,0.00754567116759,0.263157894737,0.00661375661376,0.876496797549
1.5,0.3,29,756,19,7,0.00754567116759,0.368421052632,0.00925925925926,1.22709551657
1.5,0.3,30,756,19,6,0.00754567116759,0.315789473684,0.00793650793651,1.05179615706
1.5,0.3,31,756,19,2,0.00754567116759,0.105263157895,0.0026455026455,0.35059871902
1.5,0.3,32,756,19,9,0.00754567116759,0.473684210526,0.0119047619048,1.57769423559
1.5,0.3,33,756,19,6,0.00754567116759,0.315789473684,0.00793650793651,1.05179615706
1.5,0.3,34,756,19,10,0.00754567116759,0.526315789474,0.0132275132275,1.7529935951
1.5,0.3,35,756,19,8,0.00754567116759,0.421052631579,0.010582010582,1.40239487608
1.5,0.3,36,756,19,4,0.00754567116759,0.210526315789,0.00529100529101,0.70119743804
1.5,0.3,37,756,19,3,0.00754567116759,0.157894736842,0.00396825396825,0.52589807853
1.5,0.3,38,756,19,8,0.00754567116759,0.421052631579,0.010582010582,1.40239487608
1.5,0.3,39,756,19,8,0.00754567116759,0.421052631579,0.010582010582,1.40239487608
1.5,0.3,40,756,19,5,0.00754567116759,0.263157894737,0.00661375661376,0.876496797549
1.5,0.3,41,756,19,8,0.00754567116759,0.421052631579,0.010582010582,1.40239487608
1.5,0.3,42,756,19,6,0.00754567116759,0.315789473684,0.00793650793651,1.05179615706
1.5,0.3,43,756,19,7,0.00754567116759,0.368421052632,0.00925925925926,1.22709551657
1.5,0.3,44,756,19,6,0.00754567116759,0.315789473684,0.00793650793651,1.05179615706
1.5,0.3,45,756,19,4,0.00754567116759,0.210526315789,0.00529100529101,0.70119743804
1.5,0.3,46,756,19,7,0.00754567116759,0.368421052632,0.00925925925926,1.22709551657
1.5,0.3,47,756,19,7,0.00754567116759,0.368421052632,0.00925925925926,1.22709551657
1.5,0.3,48,756,19,6,0.00754567116759,0.315789473684,0.00793650793651,1.05179615706
1.5,0.3,49,756,19,8,0.00754567116759,0.421052631579,0.010582010582,1.40239487608
1.5,0.3,50,756,19,9,0.00754567116759,0.473684210526,0.0119047619048,1.57769423559
1.5,0.3,51,756,19,6,0.00754567116759,0.315789473684,0.00793650793651,1.05179615706
1.5,0.3,52,756,19,6,0.00754567116759,0.315789473684,0.00793650793651,1.05179615706
1.5,0.3,53,756,19,6,0.00754567116759,0.315789473684,0.00793650793651,1.05179615706
1.5,0.3,54,756,19,5,0.00754567116759,0.263157894737,0.00661375661376,0.876496797549
1.5,0.3,55,756,19,6,0.00754567116759,0.315789473684,0.00793650793651,1.05179615706
1.5,0.3,56,756,19,7,0.00754567116759,0.368421052632,0.00925925925926,1.22709551657
1.5,0.3,57,756,19,6,0.00754567116759,0.315789473684,0.00793650793651,1.05179615706
1.5,0.3,58,756,19,3,0.00754567116759,0.157894736842,0.00396825396825,0.52589807853
1.5,0.3,59,756,19,5,0.00754567116759,0.263157894737,0.00661375661376,0.876496797549
1.5,0.3,60,756,19,6,0.00754567116759,0.315789473684,0.00793650793651,1.05179615706
1.5,0.3,61,756,19,5,0.00754567116759,0.263157894737,0.00661375661376,0.876496797549
1.5,0.3,62,756,19,1,0.00754567116759,0.0526315789474,0.00132275132275,0.17529935951
1.5,0.3,63,756,19,7,0.00754567116759,0.368421052632,0.00925925925926,1.22709551657
1.5,0.3,64,756,19,7,0.00754567116759,0.368421052632,0.00925925925926,1.22709551657
1.5,0.3,65,756,19,2,0.00754567116759,0.105263157895,0.0026455026455,0.35059871902
1.5,0.3,66,756,19,7,0.00754567116759,0.368421052632,0.00925925925926,1.22709551657
1.5,0.3,67,756,19,7,0.00754567116759,0.368421052632,0.00925925925926,1.22709551657
1.5,0.3,68,756,19,9,0.00754567116759,0.473684210526,0.0119047619048,1.57769423559
1.5,0.3,69,756,19,6,0.00754567116759,0.315789473684,0.00793650793651,1.05179615706
1.5,0.3,70,756,19,6,0.00754567116759,0.315789473684,0.00793650793651,1.05179615706
1.5,0.3,71,756,19,3,0.00754567116759,0.157894736842,0.00396825396825,0.52589807853
1.5,0.3,72,756,19,6,0.00754567116759,0.315789473684,0.00793650793651,1.05179615706
1.5,0.3,73,756,19,6,0.00754567116759,0.315789473684,0.00793650793651,1.05179615706
1.5,0.3,74,756,19,3,0.00754567116759,0.157894736842,0.00396825396825,0.52589807853
1.5,0.3,75,756,19,6,0.00754567116759,0.315789473684,0.00793650793651,1.05179615706
1.5,0.3,76,756,19,4,0.00754567116759,0.210526315789,0.00529100529101,0.70119743804
1.5,0.3,77,756,19,5,0.00754567116759,0.263157894737,0.00661375661376,0.876496797549
1.5,0.3,78,756,19,4,0.00754567116759,0.210526315789,0.00529100529101,0.70119743804
1.5,0.3,79,756,19,3,0.00754567116759,0.157894736842,0.00396825396825,0.52589807853
1.5,0.3,80,756,19,5,0.00754567116759,0.263157894737,0.00661375661376,0.876496797549
1.5,0.3,81,756,19,6,0.00754567116759,0.315789473684,0.00793650793651,1.05179615706
1.5,0.3,82,756,19,7,0.00754567116759,0.368421052632,0.00925925925926,1.22709551657
1.5,0.3,83,756,19,3,0.00754567116759,0.157894736842,0.00396825396825,0.52589807853
1.5,0.3,84,756,19,6,0.00754567116759,0.315789473684,0.00793650793651,1.05179615706
1.5,0.3,85,756,19,3,0.00754567116759,0.157894736842,0.00396825396825,0.52589807853
1.5,0.3,86,756,19,1,0.00754567116759,0.0526315789474,0.00132275132275,0.17529935951
1.5,0.3,87,756,19,4,0.00754567116759,0.210526315789,0.00529100529101,0.70119743804
1.5,0.3,88,756,19,4,0.00754567116759,0.210526315789,0.00529100529101,0.70119743804
1.5,0.3,89,756,19,5,0.00754567116759,0.263157894737,0.00661375661376,0.876496797549
1.5,0.3,90,756,19,8,0.00754567116759,0.421052631579,0.010582010582,1.40239487608
1.5,0.3,91,756,19,6,0.00754567116759,0.315789473684,0.00793650793651,1.05179615706
1.5,0.3,92,756,19,6,0.00754567116759,0.315789473684,0.00793650793651,1.05179615706
1.5,0.3,93,756,19,6,0.00754567116759,0.315789473684,0.00793650793651,1.05179615706
1.5,0.3,94,756,19,5,0.00754567116759,0.263157894737,0.00661375661376,0.876496797549
1.5,0.3,95,756,19,5,0.00754567116759,0.263157894737,0.00661375661376,0.876496797549
1.5,0.3,96,756,19,3,0.00754567116759,0.157894736842,0.00396825396825,0.52589807853
1.5,0.3,97,756,19,5,0.00754567116759,0.263157894737,0.00661375661376,0.876496797549
1.5,0.3,98,756,19,7,0.00754567116759,0.368421052632,0.00925925925926,1.22709551657
1.5,0.3,99,756,19,8,0.00754567116759,0.421052631579,0.010582010582,1.40239487608
1.5,0.3,100,756,19,4,0.00754567116759,0.210526315789,0.00529100529101,0.70119743804
1.5,0.3,101,756,19,9,0.00754567116759,0.473684210526,0.0119047619048,1.57769423559
1.5,0.3,102,756,19,7,0.00754567116759,0.368421052632,0.00925925925926,1.22709551657
1.5,0.3,103,756,19,7,0.00754567116759,0.368421052632,0.00925925925926,1.22709551657
1.5,0.3,104,756,19,3,0.00754567116759,0.157894736842,0.00396825396825,0.52589807853
1.5,0.3,105,756,19,5,0.00754567116759,0.263157894737,0.00661375661376,0.876496797549
1.5,0.3,106,756,19,8,0.00754567116759,0.421052631579,0.010582010582,1.40239487608
1.5,0.3,107,756,19,6,0.00754567116759,0.315789473684,0.00793650793651,1.05179615706
1.5,0.3,108,756,19,6,0.00754567116759,0.315789473684,0.00793650793651,1.05179615706
1.5,0.3,109,756,19,6,0.00754567116759,0.315789473684,0.00793650793651,1.05179615706
1.5,0.3,110,756,19,7,0.00754567116759,0.368421052632,0.00925925925926,1.22709551657
1.5,0.3,111,756,19,4,0.00754567116759,0.210526315789,0.00529100529101,0.70119743804
1.5,0.3,112,756,19,6,0.00754567116759,0.315789473684,0.00793650793651,1.05179615706
1.5,0.3,113,756,19,6,0.00754567116759,0.315789473684,0.00793650793651,1.05179615706
1.5,0.3,114,756,19,6,0.00754567116759,0.315789473684,0.00793650793651,1.05179615706
1.5,0.3,115,756,19,9,0.00754567116759,0.473684210526,0.0119047619048,1.57769423559
1.5,0.3,116,756,19,6,0.00754567116759,0.315789473684,0.00793650793651,1.05179615706
1.5,0.3,117,756,19,5,0.00754567116759,0.263157894737,0.00661375661376,0.876496797549
1.5,0.3,118,756,19,5,0.00754567116759,0.263157894737,0.00661375661376,0.876496797549
1.5,0.3,119,756,19,6,0.00754567116759,0.315789473684,0.00793650793651,1.05179615706
1.5,0.3,120,756,19,7,0.00754567116759,0.368421052632,0.00925925925926,1.22709551657
1.5,0.3,121,756,19,6,0.00754567116759,0.315789473684,0.00793650793651,1.05179615706
1.5,0.3,122,756,19,4,0.00754567116759,0.210526315789,0.00529100529101,0.70119743804
1.5,0.3,123,756,19,5,0.00754567116759,0.263157894737,0.00661375661376,0.876496797549
1.5,0.3,124,756,19,2,0.00754567116759,0.105263157895,0.0026455026455,0.35059871902
1.5,0.3,125,756,19,2,0.00754567116759,0.105263157895,0.0026455026455,0.35059871902
1.5,0.3,126,756,19,7,0.00754567116759,0.368421052632,0.00925925925926,1.22709551657
1.5,0.3,127,756,19,6,0.00754567116759,0.315789473684,0.00793650793651,1.05179615706
1.5,0.3,128,756,19,1,0.00754567116759,0.0526315789474,0.00132275132275,0.17529935951
1.5,0.3,129,756,19,9,0.00754567116759,0.473684210526,0.0119047619048,1.57769423559
1.5,0.3,130,756,19,9,0.00754567116759,0.473684210526,0.0119047619048,1.57769423559
1.5,0.3,131,756,19,4,0.00754567116759,0.210526315789,0.00529100529101,0.70119743804
1.5,0.3,132,756,19,7,0.00754567116759,0.368421052632,0.00925925925926,1.22709551657
1.5,0.3,133,756,19,5,0.00754567116759,0.263157894737,0.00661375661376,0.876496797549
1.5,0.3,134,756,19,7,0.00754567116759,0.368421052632,0.00925925925926,1.22709551657
1.5,0.3,135,756,19,5,0.00754567116759,0.263157894737,0.00661375661376,0.876496797549
1.5,0.3,136,756,19,5,0.00754567116759,0.263157894737,0.00661375661376,0.876496797549
1.5,0.3,137,756,19,6,0.00754567116759,0.315789473684,0.00793650793651,1.05179615706
1.5,0.3,138,756,19,8,0.00754567116759,0.421052631579,0.010582010582,1.40239487608
1.5,0.3,139,756,19,4,0.00754567116759,0.210526315789,0.00529100529101,0.70119743804
1.5,0.3,140,756,19,7,0.00754567116759,0.368421052632,0.00925925925926,1.22709551657
1.5,0.3,141,756,19,6,0.00754567116759,0.315789473684,0.00793650793651,1.05179615706
1.5,0.3,142,756,19,4,0.00754567116759,0.210526315789,0.00529100529101,0.70119743804
1.5,0.3,143,756,19,4,0.00754567116759,0.210526315789,0.00529100529101,0.70119743804
1.5,0.3,144,756,19,4,0.00754567116759,0.210526315789,0.00529100529101,0.70119743804
1.5,0.3,145,756,19,3,0.00754567116759,0.157894736842,0.00396825396825,0.52589807853
1.5,0.3,146,756,19,7,0.00754567116759,0.368421052632,0.00925925925926,1.22709551657
1.5,0.3,147,756,19,4,0.00754567116759,0.210526315789,0.00529100529101,0.70119743804
1.5,0.3,148,756,19,5,0.00754567116759,0.263157894737,0.00661375661376,0.876496797549
1.5,0.3,149,756,19,6,0.00754567116759,0.315789473684,0.00793650793651,1.05179615706
1.5,0.3,150,756,19,4,0.00754567116759,0.210526315789,0.00529100529101,0.70119743804
1.5,0.3,151,756,19,1,0.00754567116759,0.0526315789474,0.00132275132275,0.17529935951
1.5,0.3,152,756,19,6,0.00754567116759,0.315789473684,0.00793650793651,1.05179615706
1.5,0.3,153,756,19,6,0.00754567116759,0.315789473684,0.00793650793651,1.05179615706
1.5,0.3,154,756,19,5,0.00754567116759,0.263157894737,0.00661375661376,0.876496797549
1.5,0.3,155,756,19,9,0.00754567116759,0.473684210526,0.0119047619048,1.57769423559
1.5,0.3,156,756,19,7,0.00754567116759,0.368421052632,0.00925925925926,1.22709551657
1.5,0.3,157,756,19,5,0.00754567116759,0.263157894737,0.00661375661376,0.876496797549
1.5,0.3,158,756,19,8,0.00754567116759,0.421052631579,0.010582010582,1.40239487608
1.5,0.3,159,756,19,6,0.00754567116759,0.315789473684,0.00793650793651,1.05179615706
1.5,0.3,160,756,19,8,0.00754567116759,0.421052631579,0.010582010582,1.40239487608
1.5,0.3,161,756,19,6,0.00754567116759,0.315789473684,0.00793650793651,1.05179615706
1.5,0.3,162,756,19,11,0.00754567116759,0.578947368421,0.0145502645503,1.92829295461
1.5,0.3,163,756,19,7,0.00754567116759,0.368421052632,0.00925925925926,1.22709551657
1.5,0.3,164,756,19,5,0.00754567116759,0.263157894737,0.00661375661376,0.876496797549
1.5,0.3,165,756,19,5,0.00754567116759,0.263157894737,0.00661375661376,0.876496797549
1.5,0.3,166,756,19,5,0.00754567116759,0.263157894737,0.00661375661376,0.876496797549
1.5,0.3,167,756,19,8,0.00754567116759,0.421052631579,0.010582010582,1.40239487608
1.5,0.3,168,756,19,5,0.00754567116759,0.263157894737,0.00661375661376,0.876496797549
1.5,0.3,169,756,19,4,0.00754567116759,0.210526315789,0.00529100529101,0.70119743804
1.5,0.3,170,756,19,5,0.00754567116759,0.263157894737,0.00661375661376,0.876496797549
1.5,0.3,171,756,19,2,0.00754567116759,0.105263157895,0.0026455026455,0.35059871902
1.5,0.3,172,756,19,4,0.00754567116759,0.210526315789,0.00529100529101,0.70119743804
1.5,0.3,173,756,19,6,0.00754567116759,0.315789473684,0.00793650793651,1.05179615706
1.5,0.3,174,756,19,8,0.00754567116759,0.421052631579,0.010582010582,1.40239487608
1.5,0.3,175,756,19,2,0.00754567116759,0.105263157895,0.0026455026455,0.35059871902
1.5,0.3,176,756,19,7,0.00754567116759,0.368421052632,0.00925925925926,1.22709551657
1.5,0.3,177,756,19,7,0.00754567116759,0.368421052632,0.00925925925926,1.22709551657
1.5,0.3,178,756,19,5,0.00754567116759,0.263157894737,0.00661375661376,0.876496797549
1.5,0.3,179,756,19,5,0.00754567116759,0.263157894737,0.00661375661376,0.876496797549
1.5,0.3,180,756,19,4,0.00754567116759,0.210526315789,0.00529100529101,0.70119743804
1.5,0.3,181,756,19,6,0.00754567116759,0.315789473684,0.00793650793651,1.05179615706
1.5,0.3,182,756,19,2,0.00754567116759,0.105263157895,0.0026455026455,0.35059871902
1.5,0.3,183,756,19,3,0.00754567116759,0.157894736842,0.00396825396825,0.52589807853
1.5,0.3,184,756,19,5,0.00754567116759,0.263157894737,0.00661375661376,0.876496797549
1.5,0.3,185,756,19,8,0.00754567116759,0.421052631579,0.010582010582,1.40239487608
1.5,0.3,186,756,19,6,0.00754567116759,0.315789473684,0.00793650793651,1.05179615706
1.5,0.3,187,756,19,6,0.00754567116759,0.315789473684,0.00793650793651,1.05179615706
1.5,0.3,188,756,19,4,0.00754567116759,0.210526315789,0.00529100529101,0.70119743804
1.5,0.3,189,756,19,4,0.00754567116759,0.210526315789,0.00529100529101,0.70119743804
1.5,0.3,190,756,19,7,0.00754567116759,0.368421052632,0.00925925925926,1.22709551657
1.5,0.3,191,756,19,10,0.00754567116759,0.526315789474,0.0132275132275,1.7529935951
1.5,0.3,192,756,19,5,0.00754567116759,0.263157894737,0.00661375661376,0.876496797549
1.5,0.3,193,756,19,7,0.00754567116759,0.368421052632,0.00925925925926,1.22709551657
1.5,0.3,194,756,19,3,0.00754567116759,0.157894736842,0.00396825396825,0.52589807853
1.5,0.3,195,756,19,3,0.00754567116759,0.157894736842,0.00396825396825,0.52589807853
1.5,0.3,196,756,19,1,0.00754567116759,0.0526315789474,0.00132275132275,0.17529935951
1.5,0.3,197,756,19,5,0.00754567116759,0.263157894737,0.00661375661376,0.876496797549
1.5,0.3,198,756,19,6,0.00754567116759,0.315789473684,0.00793650793651,1.05179615706
1.5,0.3,199,756,19,7,0.00754567116759,0.368421052632,0.00925925925926,1.22709551657
1.5,0.3,200,756,19,7,0.00754567116759,0.368421052632,0.00925925925926,1.22709551657
1.5,0.3,201,756,19,4,0.00754567116759,0.210526315789,0.00529100529101,0.70119743804
1.5,0.3,202,756,19,6,0.00754567116759,0.315789473684,0.00793650793651,1.05179615706
1.5,0.3,203,756,19,8,0.00754567116759,0.421052631579,0.010582010582,1.40239487608
1.5,0.3,204,756,19,6,0.00754567116759,0.315789473684,0.00793650793651,1.05179615706
1.5,0.3,205,756,19,4,0.00754567116759,0.210526315789,0.00529100529101,0.70119743804
1.5,0.3,206,756,19,7,0.00754567116759,0.368421052632,0.00925925925926,1.22709551657
1.5,0.3,207,756,19,7,0.00754567116759,0.368421052632,0.00925925925926,1.22709551657
1.5,0.3,208,756,19,5,0.00754567116759,0.263157894737,0.00661375661376,0.876496797549
1.5,0.3,209,756,19,4,0.00754567116759,0.210526315789,0.00529100529101,0.70119743804
1.5,0.3,210,756,19,3,0.00754567116759,0.157894736842,0.00396825396825,0.52589807853
1.5,0.3,211,756,19,4,0.00754567116759,0.210526315789,0.00529100529101,0.70119743804
1.5,0.3,212,756,19,4,0.00754567116759,0.210526315789,0.00529100529101,0.70119743804
1.5,0.3,213,756,19,4,0.00754567116759,0.210526315789,0.00529100529101,0.70119743804
1.5,0.3,214,756,19,6,0.00754567116759,0.315789473684,0.00793650793651,1.05179615706
1.5,0.3,215,756,19,4,0.00754567116759,0.210526315789,0.00529100529101,0.70119743804
1.5,0.3,216,756,19,5,0.00754567116759,0.263157894737,0.00661375661376,0.876496797549
1.5,0.3,217,756,19,7,0.00754567116759,0.368421052632,0.00925925925926,1.22709551657
1.5,0.3,218,756,19,9,0.00754567116759,0.473684210526,0.0119047619048,1.57769423559
1.5,0.3,219,756,19,3,0.00754567116759,0.157894736842,0.00396825396825,0.52589807853
1.5,0.3,220,756,19,10,0.00754567116759,0.526315789474,0.0132275132275,1.7529935951
1.5,0.3,221,756,19,8,0.00754567116759,0.421052631579,0.010582010582,1.40239487608
1.5,0.3,222,756,19,9,0.00754567116759,0.473684210526,0.0119047619048,1.57769423559
1.5,0.3,223,756,19,5,0.00754567116759,0.263157894737,0.00661375661376,0.876496797549
1.5,0.3,224,756,19,7,0.00754567116759,0.368421052632,0.00925925925926,1.22709551657
1.5,0.3,225,756,19,6,0.00754567116759,0.315789473684,0.00793650793651,1.05179615706
1.5,0.3,226,756,19,3,0.00754567116759,0.157894736842,0.00396825396825,0.52589807853
1.5,0.3,227,756,19,10,0.00754567116759,0.526315789474,0.0132275132275,1.7529935951
1.5,0.3,228,756,19,8,0.00754567116759,0.421052631579,0.010582010582,1.40239487608
1.5,0.3,229,756,19,5,0.00754567116759,0.263157894737,0.00661375661376,0.876496797549
1.5,0.3,230,756,19,4,0.00754567116759,0.210526315789,0.00529100529101,0.70119743804
1.5,0.3,231,756,19,6,0.00754567116759,0.315789473684,0.00793650793651,1.05179615706
1.5,0.3,232,756,19,5,0.00754567116759,0.263157894737,0.00661375661376,0.876496797549
1.5,0.3,233,756,19,11,0.00754567116759,0.578947368421,0.0145502645503,1.92829295461
1.5,0.3,234,756,19,10,0.00754567116759,0.526315789474,0.0132275132275,1.7529935951
1.5,0.3,235,756,19,7,0.00754567116759,0.368421052632,0.00925925925926,1.22709551657
1.5,0.3,236,756,19,3,0.00754567116759,0.157894736842,0.00396825396825,0.52589807853
1.5,0.3,237,756,19,5,0.00754567116759,0.263157894737,0.00661375661376,0.876496797549
1.5,0.3,238,756,19,9,0.00754567116759,0.473684210526,0.0119047619048,1.57769423559
1.5,0.3,239,756,19,4,0.00754567116759,0.210526315789,0.00529100529101,0.70119743804
1.5,0.3,240,756,19,11,0.00754567116759,0.578947368421,0.0145502645503,1.92829295461
1.5,0.3,241,756,19,3,0.00754567116759,0.157894736842,0.00396825396825,0.52589807853
1.5,0.3,242,756,19,4,0.00754567116759,0.210526315789,0.00529100529101,0.70119743804
1.5,0.3,243,756,19,8,0.00754567116759,0.421052631579,0.010582010582,1.40239487608
1.5,0.3,244,756,19,6,0.00754567116759,0.315789473684,0.00793650793651,1.05179615706
1.5,0.3,245,756,19,4,0.00754567116759,0.210526315789,0.00529100529101,0.70119743804
1.5,0.3,246,756,19,5,0.00754567116759,0.263157894737,0.00661375661376,0.876496797549
1.5,0.3,247,756,19,5,0.00754567116759,0.263157894737,0.00661375661376,0.876496797549
1.5,0.3,248,756,19,6,0.00754567116759,0.315789473684,0.00793650793651,1.05179615706
1.5,0.3,249,756,19,6,0.00754567116759,0.315789473684,0.00793650793651,1.05179615706
1.5,0.3,250,756,19,8,0.00754567116759,0.421052631579,0.010582010582,1.40239487608
1.5,0.3,251,756,19,7,0.00754567116759,0.368421052632,0.00925925925926,1.22709551657
1.5,0.3,252,756,19,8,0.00754567116759,0.421052631579,0.010582010582,1.40239487608
1.5,0.3,253,756,19,4,0.00754567116759,0.210526315789,0.00529100529101,0.70119743804
1.5,0.3,254,756,19,7,0.00754567116759,0.368421052632,0.00925925925926,1.22709551657
1.5,0.3,255,756,19,9,0.00754567116759,0.473684210526,0.0119047619048,1.57769423559
1.5,0.3,256,756,19,4,0.00754567116759,0.210526315789,0.00529100529101,0.70119743804
1.5,0.3,257,756,19,5,0.00754567116759,0.263157894737,0.00661375661376,0.876496797549
1.5,0.3,258,756,19,6,0.00754567116759,0.315789473684,0.00793650793651,1.05179615706
1.5,0.3,259,756,19,8,0.00754567116759,0.421052631579,0.010582010582,1.40239487608
1.5,0.3,260,756,19,8,0.00754567116759,0.421052631579,0.010582010582,1.40239487608
1.5,0.3,261,756,19,10,0.00754567116759,0.526315789474,0.0132275132275,1.7529935951
1.5,0.3,262,756,19,5,0.00754567116759,0.263157894737,0.00661375661376,0.876496797549
1.5,0.3,263,756,19,3,0.00754567116759,0.157894736842,0.00396825396825,0.52589807853
1.5,0.3,264,756,19,7,0.00754567116759,0.368421052632,0.00925925925926,1.22709551657
1.5,0.3,265,756,19,5,0.00754567116759,0.263157894737,0.00661375661376,0.876496797549
1.5,0.3,266,756,19,3,0.00754567116759,0.157894736842,0.00396825396825,0.52589807853
1.5,0.3,267,756,19,1,0.00754567116759,0.0526315789474,0.00132275132275,0.17529935951
1.5,0.3,268,756,19,5,0.00754567116759,0.263157894737,0.00661375661376,0.876496797549
1.5,0.3,269,756,19,9,0.00754567116759,0.473684210526,0.0119047619048,1.57769423559
1.5,0.3,270,756,19,6,0.00754567116759,0.315789473684,0.00793650793651,1.05179615706
1.5,0.3,271,756,19,4,0.00754567116759,0.210526315789,0.00529100529101,0.70119743804
1.5,0.3,272,756,19,6,0.00754567116759,0.315789473684,0.00793650793651,1.05179615706
1.5,0.3,273,756,19,5,0.00754567116759,0.263157894737,0.00661375661376,0.876496797549
1.5,0.3,274,756,19,7,0.00754567116759,0.368421052632,0.00925925925926,1.22709551657
1.5,0.3,275,756,19,4,0.00754567116759,0.210526315789,0.00529100529101,0.70119743804
1.5,0.3,276,756,19,5,0.00754567116759,0.263157894737,0.00661375661376,0.876496797549
1.5,0.3,277,756,19,5,0.00754567116759,0.263157894737,0.00661375661376,0.876496797549
1.5,0.3,278,756,19,4,0.00754567116759,0.210526315789,0.00529100529101,0.70119743804
1.5,0.3,279,756,19,7,0.00754567116759,0.368421052632,0.00925925925926,1.22709551657
1.5,0.3,280,756,19,7,0.00754567116759,0.368421052632,0.00925925925926,1.22709551657
1.5,0.3,281,756,19,3,0.00754567116759,0.157894736842,0.00396825396825,0.52589807853
1.5,0.3,282,756,19,8,0.00754567116759,0.421052631579,0.010582010582,1.40239487608
1.5,0.3,283,756,19,9,0.00754567116759,0.473684210526,0.0119047619048,1.57769423559
1.5,0.3,284,756,19,4,0.00754567116759,0.210526315789,0.00529100529101,0.70119743804
1.5,0.3,285,756,19,5,0.00754567116759,0.263157894737,0.00661375661376,0.876496797549
1.5,0.3,286,756,19,7,0.00754567116759,0.368421052632,0.00925925925926,1.22709551657
1.5,0.3,287,756,19,3,0.00754567116759,0.157894736842,0.00396825396825,0.52589807853
1.5,0.3,288,756,19,3,0.00754567116759,0.157894736842,0.00396825396825,0.52589807853
1.5,0.3,289,756,19,5,0.00754567116759,0.263157894737,0.00661375661376,0.876496797549
1.5,0.3,290,756,19,8,0.00754567116759,0.421052631579,0.010582010582,1.40239487608
1.5,0.3,291,756,19,3,0.00754567116759,0.157894736842,0.00396825396825,0.52589807853
1.5,0.3,292,756,19,5,0.00754567116759,0.263157894737,0.00661375661376,0.876496797549
1.5,0.3,293,756,19,6,0.00754567116759,0.315789473684,0.00793650793651,1.05179615706
1.5,0.3,294,756,19,3,0.00754567116759,0.157894736842,0.00396825396825,0.52589807853
1.5,0.3,295,756,19,3,0.00754567116759,0.157894736842,0.00396825396825,0.52589807853
1.5,0.3,296,756,19,5,0.00754567116759,0.263157894737,0.00661375661376,0.876496797549
1.5,0.3,297,756,19,5,0.00754567116759,0.263157894737,0.00661375661376,0.876496797549
1.5,0.3,298,756,19,7,0.00754567116759,0.368421052632,0.00925925925926,1.22709551657
1.5,0.3,299,756,19,6,0.00754567116759,0.315789473684,0.00793650793651,1.05179615706
1.5,0.3,300,756,19,3,0.00754567116759,0.157894736842,0.00396825396825,0.52589807853
1.5,0.3,301,756,19,6,0.00754567116759,0.315789473684,0.00793650793651,1.05179615706
1.5,0.3,302,756,19,5,0.00754567116759,0.263157894737,0.00661375661376,0.876496797549
1.5,0.3,303,756,19,5,0.00754567116759,0.263157894737,0.00661375661376,0.876496797549
1.5,0.3,304,756,19,6,0.00754567116759,0.315789473684,0.00793650793651,1.05179615706
1.5,0.3,305,756,19,6,0.00754567116759,0.315789473684,0.00793650793651,1.05179615706
1.5,0.3,306,756,19,7,0.00754567116759,0.368421052632,0.00925925925926,1.22709551657
1.5,0.3,307,756,19,4,0.00754567116759,0.210526315789,0.00529100529101,0.70119743804
1.5,0.3,308,756,19,5,0.00754567116759,0.263157894737,0.00661375661376,0.876496797549
1.5,0.3,309,756,19,6,0.00754567116759,0.315789473684,0.00793650793651,1.05179615706
1.5,0.3,310,756,19,6,0.00754567116759,0.315789473684,0.00793650793651,1.05179615706
1.5,0.3,311,756,19,7,0.00754567116759,0.368421052632,0.00925925925926,1.22709551657
1.5,0.3,312,756,19,3,0.00754567116759,0.157894736842,0.00396825396825,0.52589807853
1.5,0.3,313,756,19,6,0.00754567116759,0.315789473684,0.00793650793651,1.05179615706
1.5,0.3,314,756,19,5,0.00754567116759,0.263157894737,0.00661375661376,0.876496797549
1.5,0.3,315,756,19,5,0.00754567116759,0.263157894737,0.00661375661376,0.876496797549
1.5,0.3,316,756,19,5,0.00754567116759,0.263157894737,0.00661375661376,0.876496797549
1.5,0.3,317,756,19,5,0.00754567116759,0.263157894737,0.00661375661376,0.876496797549
1.5,0.3,318,756,19,8,0.00754567116759,0.421052631579,0.010582010582,1.40239487608
1.5,0.3,319,756,19,9,0.00754567116759,0.473684210526,0.0119047619048,1.57769423559
1.5,0.3,320,756,19,4,0.00754567116759,0.210526315789,0.00529100529101,0.70119743804
1.5,0.3,321,756,19,5,0.00754567116759,0.263157894737,0.00661375661376,0.876496797549
1.5,0.3,322,756,19,3,0.00754567116759,0.157894736842,0.00396825396825,0.52589807853
1.5,0.3,323,756,19,6,0.00754567116759,0.315789473684,0.00793650793651,1.05179615706
1.5,0.3,324,756,19,4,0.00754567116759,0.210526315789,0.00529100529101,0.70119743804
1.5,0.3,325,756,19,6,0.00754567116759,0.315789473684,0.00793650793651,1.05179615706
1.5,0.3,326,756,19,1,0.00754567116759,0.0526315789474,0.00132275132275,0.17529935951
1.5,0.3,327,756,19,9,0.00754567116759,0.473684210526,0.0119047619048,1.57769423559
1.5,0.3,328,756,19,4,0.00754567116759,0.210526315789,0.00529100529101,0.70119743804
1.5,0.3,329,756,19,8,0.00754567116759,0.421052631579,0.010582010582,1.40239487608
1.5,0.3,330,756,19,9,0.00754567116759,0.473684210526,0.0119047619048,1.57769423559
1.5,0.3,331,756,19,4,0.00754567116759,0.210526315789,0.00529100529101,0.70119743804
1.5,0.3,332,756,19,6,0.00754567116759,0.315789473684,0.00793650793651,1.05179615706
1.5,0.3,333,756,19,8,0.00754567116759,0.421052631579,0.010582010582,1.40239487608
1.5,0.3,334,756,19,6,0.00754567116759,0.315789473684,0.00793650793651,1.05179615706
1.5,0.3,335,756,19,8,0.00754567116759,0.421052631579,0.010582010582,1.40239487608
1.5,0.3,336,756,19,6,0.00754567116759,0.315789473684,0.00793650793651,1.05179615706
1.5,0.3,337,756,19,10,0.00754567116759,0.526315789474,0.0132275132275,1.7529935951
1.5,0.3,338,756,19,3,0.00754567116759,0.157894736842,0.00396825396825,0.52589807853
1.5,0.3,339,756,19,5,0.00754567116759,0.263157894737,0.00661375661376,0.876496797549
1.5,0.3,340,756,19,8,0.00754567116759,0.421052631579,0.010582010582,1.40239487608
1.5,0.3,341,756,19,4,0.00754567116759,0.210526315789,0.00529100529101,0.70119743804
1.5,0.3,342,756,19,6,0.00754567116759,0.315789473684,0.00793650793651,1.05179615706
1.5,0.3,343,756,19,3,0.00754567116759,0.157894736842,0.00396825396825,0.52589807853
1.5,0.3,344,756,19,4,0.00754567116759,0.210526315789,0.00529100529101,0.70119743804
1.5,0.3,345,756,19,6,0.00754567116759,0.315789473684,0.00793650793651,1.05179615706
1.5,0.3,346,756,19,3,0.00754567116759,0.157894736842,0.00396825396825,0.52589807853
1.5,0.3,347,756,19,7,0.00754567116759,0.368421052632,0.00925925925926,1.22709551657
1.5,0.3,348,756,19,6,0.00754567116759,0.315789473684,0.00793650793651,1.05179615706
1.5,0.3,349,756,19,5,0.00754567116759,0.263157894737,0.00661375661376,0.876496797549
1.5,0.3,350,756,19,7,0.00754567116759,0.368421052632,0.00925925925926,1.22709551657
1.5,0.3,351,756,19,5,0.00754567116759,0.263157894737,0.00661375661376,0.876496797549
1.5,0.3,352,756,19,3,0.00754567116759,0.157894736842,0.00396825396825,0.52589807853
1.5,0.3,353,756,19,4,0.00754567116759,0.210526315789,0.00529100529101,0.70119743804
1.5,0.3,354,756,19,6,0.00754567116759,0.315789473684,0.00793650793651,1.05179615706
1.5,0.3,355,756,19,6,0.00754567116759,0.315789473684,0.00793650793651,1.05179615706
1.5,0.3,356,756,19,7,0.00754567116759,0.368421052632,0.00925925925926,1.22709551657
1.5,0.3,357,756,19,8,0.00754567116759,0.421052631579,0.010582010582,1.40239487608
1.5,0.3,358,756,19,8,0.00754567116759,0.421052631579,0.010582010582,1.40239487608
1.5,0.3,359,756,19,5,0.00754567116759,0.263157894737,0.00661375661376,0.876496797549
1.5,0.3,360,756,19,5,0.00754567116759,0.263157894737,0.00661375661376,0.876496797549
1.5,0.3,361,756,19,6,0.00754567116759,0.315789473684,0.00793650793651,1.05179615706
1.5,0.3,362,756,19,3,0.00754567116759,0.157894736842,0.00396825396825,0.52589807853
1.5,0.3,363,756,19,5,0.00754567116759,0.263157894737,0.00661375661376,0.876496797549
1.5,0.3,364,756,19,7,0.00754567116759,0.368421052632,0.00925925925926,1.22709551657
1.5,0.3,365,756,19,4,0.00754567116759,0.210526315789,0.00529100529101,0.70119743804
1.5,0.3,366,756,19,9,0.00754567116759,0.473684210526,0.0119047619048,1.57769423559
1.5,0.3,367,756,19,6,0.00754567116759,0.315789473684,0.00793650793651,1.05179615706
1.5,0.3,368,756,19,8,0.00754567116759,0.421052631579,0.010582010582,1.40239487608
1.5,0.3,369,756,19,2,0.00754567116759,0.105263157895,0.0026455026455,0.35059871902
1.5,0.3,370,756,19,5,0.00754567116759,0.263157894737,0.00661375661376,0.876496797549
1.5,0.3,371,756,19,7,0.00754567116759,0.368421052632,0.00925925925926,1.22709551657
1.5,0.3,372,756,19,2,0.00754567116759,0.105263157895,0.0026455026455,0.35059871902
1.5,0.3,373,756,19,6,0.00754567116759,0.315789473684,0.00793650793651,1.05179615706
1.5,0.3,374,756,19,7,0.00754567116759,0.368421052632,0.00925925925926,1.22709551657
1.5,0.3,375,756,19,4,0.00754567116759,0.210526315789,0.00529100529101,0.70119743804
1.5,0.3,376,756,19,5,0.00754567116759,0.263157894737,0.00661375661376,0.876496797549
1.5,0.3,377,756,19,11,0.00754567116759,0.578947368421,0.0145502645503,1.92829295461
1.5,0.3,378,756,19,3,0.00754567116759,0.157894736842,0.00396825396825,0.52589807853
1.5,0.3,379,756,19,4,0.00754567116759,0.210526315789,0.00529100529101,0.70119743804
1.5,0.3,380,756,19,5,0.00754567116759,0.263157894737,0.00661375661376,0.876496797549
1.5,0.3,381,756,19,5,0.00754567116759,0.263157894737,0.00661375661376,0.876496797549
1.5,0.3,382,756,19,8,0.00754567116759,0.421052631579,0.010582010582,1.40239487608
1.5,0.3,383,756,19,5,0.00754567116759,0.263157894737,0.00661375661376,0.876496797549
1.5,0.3,384,756,19,4,0.00754567116759,0.210526315789,0.00529100529101,0.70119743804
1.5,0.3,385,756,19,4,0.00754567116759,0.210526315789,0.00529100529101,0.70119743804
1.5,0.3,386,756,19,6,0.00754567116759,0.315789473684,0.00793650793651,1.05179615706
1.5,0.3,387,756,19,5,0.00754567116759,0.263157894737,0.00661375661376,0.876496797549
1.5,0.3,388,756,19,4,0.00754567116759,0.210526315789,0.00529100529101,0.70119743804
1.5,0.3,389,756,19,8,0.00754567116759,0.421052631579,0.010582010582,1.40239487608
1.5,0.3,390,756,19,4,0.00754567116759,0.210526315789,0.00529100529101,0.70119743804
1.5,0.3,391,756,19,8,0.00754567116759,0.421052631579,0.010582010582,1.40239487608
1.5,0.3,392,756,19,6,0.00754567116759,0.315789473684,0.00793650793651,1.05179615706
1.5,0.3,393,756,19,5,0.00754567116759,0.263157894737,0.00661375661376,0.876496797549
1.5,0.3,394,756,19,6,0.00754567116759,0.315789473684,0.00793650793651,1.05179615706
1.5,0.3,395,756,19,4,0.00754567116759,0.210526315789,0.00529100529101,0.70119743804
1.5,0.3,396,756,19,4,0.00754567116759,0.210526315789,0.00529100529101,0.70119743804
1.5,0.3,397,756,19,1,0.00754567116759,0.0526315789474,0.00132275132275,0.17529935951
1.5,0.3,398,756,19,10,0.00754567116759,0.526315789474,0.0132275132275,1.7529935951
1.5,0.3,399,756,19,7,0.00754567116759,0.368421052632,0.00925925925926,1.22709551657
1.5,0.3,400,756,19,3,0.00754567116759,0.157894736842,0.00396825396825,0.52589807853
1.5,0.3,401,756,19,6,0.00754567116759,0.315789473684,0.00793650793651,1.05179615706
1.5,0.3,402,756,19,8,0.00754567116759,0.421052631579,0.010582010582,1.40239487608
1.5,0.3,403,756,19,2,0.00754567116759,0.105263157895,0.0026455026455,0.35059871902
1.5,0.3,404,756,19,6,0.00754567116759,0.315789473684,0.00793650793651,1.05179615706
1.5,0.3,405,756,19,7,0.00754567116759,0.368421052632,0.00925925925926,1.22709551657
1.5,0.3,406,756,19,3,0.00754567116759,0.157894736842,0.00396825396825,0.52589807853
1.5,0.3,407,756,19,3,0.00754567116759,0.157894736842,0.00396825396825,0.52589807853
1.5,0.3,408,756,19,6,0.00754567116759,0.315789473684,0.00793650793651,1.05179615706
1.5,0.3,409,756,19,7,0.00754567116759,0.368421052632,0.00925925925926,1.22709551657
1.5,0.3,410,756,19,3,0.00754567116759,0.157894736842,0.00396825396825,0.52589807853
1.5,0.3,411,756,19,7,0.00754567116759,0.368421052632,0.00925925925926,1.22709551657
1.5,0.3,412,756,19,10,0.00754567116759,0.526315789474,0.0132275132275,1.7529935951
1.5,0.3,413,756,19,9,0.00754567116759,0.473684210526,0.0119047619048,1.57769423559
1.5,0.3,414,756,19,8,0.00754567116759,0.421052631579,0.010582010582,1.40239487608
1.5,0.3,415,756,19,6,0.00754567116759,0.315789473684,0.00793650793651,1.05179615706
1.5,0.3,416,756,19,9,0.00754567116759,0.473684210526,0.0119047619048,1.57769423559
1.5,0.3,417,756,19,3,0.00754567116759,0.157894736842,0.00396825396825,0.52589807853
1.5,0.3,418,756,19,4,0.00754567116759,0.210526315789,0.00529100529101,0.70119743804
1.5,0.3,419,756,19,5,0.00754567116759,0.263157894737,0.00661375661376,0.876496797549
1.5,0.3,420,756,19,9,0.00754567116759,0.473684210526,0.0119047619048,1.57769423559
1.5,0.3,421,756,19,7,0.00754567116759,0.368421052632,0.00925925925926,1.22709551657
1.5,0.3,422,756,19,5,0.00754567116759,0.263157894737,0.00661375661376,0.876496797549
1.5,0.3,423,756,19,5,0.00754567116759,0.263157894737,0.00661375661376,0.876496797549
1.5,0.3,424,756,19,3,0.00754567116759,0.157894736842,0.00396825396825,0.52589807853
1.5,0.3,425,756,19,3,0.00754567116759,0.157894736842,0.00396825396825,0.52589807853
1.5,0.3,426,756,19,7,0.00754567116759,0.368421052632,0.00925925925926,1.22709551657
1.5,0.3,427,756,19,4,0.00754567116759,0.210526315789,0.00529100529101,0.70119743804
1.5,0.3,428,756,19,6,0.00754567116759,0.315789473684,0.00793650793651,1.05179615706
1.5,0.3,429,756,19,6,0.00754567116759,0.315789473684,0.00793650793651,1.05179615706
1.5,0.3,430,756,19,5,0.00754567116759,0.263157894737,0.00661375661376,0.876496797549
1.5,0.3,431,756,19,4,0.00754567116759,0.210526315789,0.00529100529101,0.70119743804
1.5,0.3,432,756,19,5,0.00754567116759,0.263157894737,0.00661375661376,0.876496797549
1.5,0.3,433,756,19,5,0.00754567116759,0.263157894737,0.00661375661376,0.876496797549
1.5,0.3,434,756,19,3,0.00754567116759,0.157894736842,0.00396825396825,0.52589807853
1.5,0.3,435,756,19,6,0.00754567116759,0.315789473684,0.00793650793651,1.05179615706
1.5,0.3,436,756,19,3,0.00754567116759,0.157894736842,0.00396825396825,0.52589807853
1.5,0.3,437,756,19,7,0.00754567116759,0.368421052632,0.00925925925926,1.22709551657
1.5,0.3,438,756,19,9,0.00754567116759,0.473684210526,0.0119047619048,1.57769423559
1.5,0.3,439,756,19,8,0.00754567116759,0.421052631579,0.010582010582,1.40239487608
1.5,0.3,440,756,19,6,0.00754567116759,0.315789473684,0.00793650793651,1.05179615706
1.5,0.3,441,756,19,6,0.00754567116759,0.315789473684,0.00793650793651,1.05179615706
1.5,0.3,442,756,19,4,0.00754567116759,0.210526315789,0.00529100529101,0.70119743804
1.5,0.3,443,756,19,7,0.00754567116759,0.368421052632,0.00925925925926,1.22709551657
1.5,0.3,444,756,19,7,0.00754567116759,0.368421052632,0.00925925925926,1.22709551657
1.5,0.3,445,756,19,8,0.00754567116759,0.421052631579,0.010582010582,1.40239487608
1.5,0.3,446,756,19,8,0.00754567116759,0.421052631579,0.010582010582,1.40239487608
1.5,0.3,447,756,19,4,0.00754567116759,0.210526315789,0.00529100529101,0.70119743804
1.5,0.3,448,756,19,1,0.00754567116759,0.0526315789474,0.00132275132275,0.17529935951
1.5,0.3,449,756,19,3,0.00754567116759,0.157894736842,0.00396825396825,0.52589807853
1.5,0.3,450,756,19,2,0.00754567116759,0.105263157895,0.0026455026455,0.35059871902
1.5,0.3,451,756,19,5,0.00754567116759,0.263157894737,0.00661375661376,0.876496797549
1.5,0.3,452,756,19,6,0.00754567116759,0.315789473684,0.00793650793651,1.05179615706
1.5,0.3,453,756,19,4,0.00754567116759,0.210526315789,0.00529100529101,0.70119743804
1.5,0.3,454,756,19,4,0.00754567116759,0.210526315789,0.00529100529101,0.70119743804
1.5,0.3,455,756,19,4,0.00754567116759,0.210526315789,0.00529100529101,0.70119743804
1.5,0.3,456,756,19,6,0.00754567116759,0.315789473684,0.00793650793651,1.05179615706
1.5,0.3,457,756,19,6,0.00754567116759,0.315789473684,0.00793650793651,1.05179615706
1.5,0.3,458,756,19,7,0.00754567116759,0.368421052632,0.00925925925926,1.22709551657
1.5,0.3,459,756,19,6,0.00754567116759,0.315789473684,0.00793650793651,1.05179615706
1.5,0.3,460,756,19,3,0.00754567116759,0.157894736842,0.00396825396825,0.52589807853
1.5,0.3,461,756,19,6,0.00754567116759,0.315789473684,0.00793650793651,1.05179615706
1.5,0.3,462,756,19,7,0.00754567116759,0.368421052632,0.00925925925926,1.22709551657
1.5,0.3,463,756,19,8,0.00754567116759,0.421052631579,0.010582010582,1.40239487608
1.5,0.3,464,756,19,6,0.00754567116759,0.315789473684,0.00793650793651,1.05179615706
1.5,0.3,465,756,19,6,0.00754567116759,0.315789473684,0.00793650793651,1.05179615706
1.5,0.3,466,756,19,6,0.00754567116759,0.315789473684,0.00793650793651,1.05179615706
1.5,0.3,467,756,19,2,0.00754567116759,0.105263157895,0.0026455026455,0.35059871902
1.5,0.3,468,756,19,7,0.00754567116759,0.368421052632,0.00925925925926,1.22709551657
1.5,0.3,469,756,19,4,0.00754567116759,0.210526315789,0.00529100529101,0.70119743804
1.5,0.3,470,756,19,9,0.00754567116759,0.473684210526,0.0119047619048,1.57769423559
1.5,0.3,471,756,19,6,0.00754567116759,0.315789473684,0.00793650793651,1.05179615706
1.5,0.3,472,756,19,6,0.00754567116759,0.315789473684,0.00793650793651,1.05179615706
1.5,0.3,473,756,19,10,0.00754567116759,0.526315789474,0.0132275132275,1.7529935951
1.5,0.3,474,756,19,6,0.00754567116759,0.315789473684,0.00793650793651,1.05179615706
1.5,0.3,475,756,19,8,0.00754567116759,0.421052631579,0.010582010582,1.40239487608
1.5,0.3,476,756,19,9,0.00754567116759,0.473684210526,0.0119047619048,1.57769423559
1.5,0.3,477,756,19,2,0.00754567116759,0.105263157895,0.0026455026455,0.35059871902
1.5,0.3,478,756,19,4,0.00754567116759,0.210526315789,0.00529100529101,0.70119743804
1.5,0.3,479,756,19,7,0.00754567116759,0.368421052632,0.00925925925926,1.22709551657
1.5,0.3,480,756,19,5,0.00754567116759,0.263157894737,0.00661375661376,0.876496797549
1.5,0.3,481,756,19,1,0.00754567116759,0.0526315789474,0.00132275132275,0.17529935951
1.5,0.3,482,756,19,9,0.00754567116759,0.473684210526,0.0119047619048,1.57769423559
1.5,0.3,483,756,19,7,0.00754567116759,0.368421052632,0.00925925925926,1.22709551657
1.5,0.3,484,756,19,5,0.00754567116759,0.263157894737,0.00661375661376,0.876496797549
1.5,0.3,485,756,19,7,0.00754567116759,0.368421052632,0.00925925925926,1.22709551657
1.5,0.3,486,756,19,5,0.00754567116759,0.263157894737,0.00661375661376,0.876496797549
1.5,0.3,487,756,19,3,0.00754567116759,0.157894736842,0.00396825396825,0.52589807853
1.5,0.3,488,756,19,9,0.00754567116759,0.473684210526,0.0119047619048,1.57769423559
1.5,0.3,489,756,19,9,0.00754567116759,0.473684210526,0.0119047619048,1.57769423559
1.5,0.3,490,756,19,8,0.00754567116759,0.421052631579,0.010582010582,1.40239487608
1.5,0.3,491,756,19,7,0.00754567116759,0.368421052632,0.00925925925926,1.22709551657
1.5,0.3,492,756,19,6,0.00754567116759,0.315789473684,0.00793650793651,1.05179615706
1.5,0.3,493,756,19,6,0.00754567116759,0.315789473684,0.00793650793651,1.05179615706
1.5,0.3,494,756,19,6,0.00754567116759,0.315789473684,0.00793650793651,1.05179615706
1.5,0.3,495,756,19,5,0.00754567116759,0.263157894737,0.00661375661376,0.876496797549
1.5,0.3,496,756,19,5,0.00754567116759,0.263157894737,0.00661375661376,0.876496797549
1.5,0.3,497,756,19,8,0.00754567116759,0.421052631579,0.010582010582,1.40239487608
1.5,0.3,498,756,19,7,0.00754567116759,0.368421052632,0.00925925925926,1.22709551657
1.5,0.3,499,756,19,6,0.00754567116759,0.315789473684,0.00793650793651,1.05179615706
1.5,0.3,500,756,19,6,0.00754567116759,0.315789473684,0.00793650793651,1.05179615706
1.5,0.3,501,756,19,6,0.00754567116759,0.315789473684,0.00793650793651,1.05179615706
1.5,0.3,502,756,19,3,0.00754567116759,0.157894736842,0.00396825396825,0.52589807853
1.5,0.3,503,756,19,5,0.00754567116759,0.263157894737,0.00661375661376,0.876496797549
1.5,0.3,504,756,19,6,0.00754567116759,0.315789473684,0.00793650793651,1.05179615706
1.5,0.3,505,756,19,6,0.00754567116759,0.315789473684,0.00793650793651,1.05179615706
1.5,0.3,506,756,19,7,0.00754567116759,0.368421052632,0.00925925925926,1.22709551657
1.5,0.3,507,756,19,7,0.00754567116759,0.368421052632,0.00925925925926,1.22709551657
1.5,0.3,508,756,19,7,0.00754567116759,0.368421052632,0.00925925925926,1.22709551657
1.5,0.3,509,756,19,7,0.00754567116759,0.368421052632,0.00925925925926,1.22709551657
1.5,0.3,510,756,19,8,0.00754567116759,0.421052631579,0.010582010582,1.40239487608
1.5,0.3,511,756,19,9,0.00754567116759,0.473684210526,0.0119047619048,1.57769423559
1.5,0.3,512,756,19,6,0.00754567116759,0.315789473684,0.00793650793651,1.05179615706
1.5,0.3,513,756,19,5,0.00754567116759,0.263157894737,0.00661375661376,0.876496797549
1.5,0.3,514,756,19,8,0.00754567116759,0.421052631579,0.010582010582,1.40239487608
1.5,0.3,515,756,19,9,0.00754567116759,0.473684210526,0.0119047619048,1.57769423559
1.5,0.3,516,756,19,5,0.00754567116759,0.263157894737,0.00661375661376,0.876496797549
1.5,0.3,517,756,19,5,0.00754567116759,0.263157894737,0.00661375661376,0.876496797549
1.5,0.3,518,756,19,6,0.00754567116759,0.315789473684,0.00793650793651,1.05179615706
1.5,0.3,519,756,19,6,0.00754567116759,0.315789473684,0.00793650793651,1.05179615706
1.5,0.3,520,756,19,6,0.00754567116759,0.315789473684,0.00793650793651,1.05179615706
1.5,0.3,521,756,19,8,0.00754567116759,0.421052631579,0.010582010582,1.40239487608
1.5,0.3,522,756,19,4,0.00754567116759,0.210526315789,0.00529100529101,0.70119743804
1.5,0.3,523,756,19,4,0.00754567116759,0.210526315789,0.00529100529101,0.70119743804
1.5,0.3,524,756,19,7,0.00754567116759,0.368421052632,0.00925925925926,1.22709551657
1.5,0.3,525,756,19,6,0.00754567116759,0.315789473684,0.00793650793651,1.05179615706
1.5,0.3,526,756,19,8,0.00754567116759,0.421052631579,0.010582010582,1.40239487608
1.5,0.3,527,756,19,5,0.00754567116759,0.263157894737,0.00661375661376,0.876496797549
1.5,0.3,528,756,19,5,0.00754567116759,0.263157894737,0.00661375661376,0.876496797549
1.5,0.3,529,756,19,6,0.00754567116759,0.315789473684,0.00793650793651,1.05179615706
1.5,0.3,530,756,19,4,0.00754567116759,0.210526315789,0.00529100529101,0.70119743804
1.5,0.3,531,756,19,4,0.00754567116759,0.210526315789,0.00529100529101,0.70119743804
1.5,0.3,532,756,19,7,0.00754567116759,0.368421052632,0.00925925925926,1.22709551657
1.5,0.3,533,756,19,8,0.00754567116759,0.421052631579,0.010582010582,1.40239487608
1.5,0.3,534,756,19,6,0.00754567116759,0.315789473684,0.00793650793651,1.05179615706
1.5,0.3,535,756,19,6,0.00754567116759,0.315789473684,0.00793650793651,1.05179615706
1.5,0.3,536,756,19,3,0.00754567116759,0.157894736842,0.00396825396825,0.52589807853
1.5,0.3,537,756,19,6,0.00754567116759,0.315789473684,0.00793650793651,1.05179615706
1.5,0.3,538,756,19,4,0.00754567116759,0.210526315789,0.00529100529101,0.70119743804
1.5,0.3,539,756,19,2,0.00754567116759,0.105263157895,0.0026455026455,0.35059871902
1.5,0.3,540,756,19,6,0.00754567116759,0.315789473684,0.00793650793651,1.05179615706
1.5,0.3,541,756,19,4,0.00754567116759,0.210526315789,0.00529100529101,0.70119743804
1.5,0.3,542,756,19,4,0.00754567116759,0.210526315789,0.00529100529101,0.70119743804
1.5,0.3,543,756,19,6,0.00754567116759,0.315789473684,0.00793650793651,1.05179615706
1.5,0.3,544,756,19,4,0.00754567116759,0.210526315789,0.00529100529101,0.70119743804
1.5,0.3,545,756,19,8,0.00754567116759,0.421052631579,0.010582010582,1.40239487608
1.5,0.3,546,756,19,6,0.00754567116759,0.315789473684,0.00793650793651,1.05179615706
1.5,0.3,547,756,19,4,0.00754567116759,0.210526315789,0.00529100529101,0.70119743804
1.5,0.3,548,756,19,8,0.00754567116759,0.421052631579,0.010582010582,1.40239487608
1.5,0.3,549,756,19,4,0.00754567116759,0.210526315789,0.00529100529101,0.70119743804
1.5,0.3,550,756,19,7,0.00754567116759,0.368421052632,0.00925925925926,1.22709551657
1.5,0.3,551,756,19,8,0.00754567116759,0.421052631579,0.010582010582,1.40239487608
1.5,0.3,552,756,19,5,0.00754567116759,0.263157894737,0.00661375661376,0.876496797549
1.5,0.3,553,756,19,4,0.00754567116759,0.210526315789,0.00529100529101,0.70119743804
1.5,0.3,554,756,19,5,0.00754567116759,0.263157894737,0.00661375661376,0.876496797549
1.5,0.3,555,756,19,6,0.00754567116759,0.315789473684,0.00793650793651,1.05179615706
1.5,0.3,556,756,19,7,0.00754567116759,0.368421052632,0.00925925925926,1.22709551657
1.5,0.3,557,756,19,7,0.00754567116759,0.368421052632,0.00925925925926,1.22709551657
1.5,0.3,558,756,19,2,0.00754567116759,0.105263157895,0.0026455026455,0.35059871902
1.5,0.3,559,756,19,7,0.00754567116759,0.368421052632,0.00925925925926,1.22709551657
1.5,0.3,560,756,19,8,0.00754567116759,0.421052631579,0.010582010582,1.40239487608
1.5,0.3,561,756,19,8,0.00754567116759,0.421052631579,0.010582010582,1.40239487608
1.5,0.3,562,756,19,5,0.00754567116759,0.263157894737,0.00661375661376,0.876496797549
1.5,0.3,563,756,19,7,0.00754567116759,0.368421052632,0.00925925925926,1.22709551657
1.5,0.3,564,756,19,7,0.00754567116759,0.368421052632,0.00925925925926,1.22709551657
1.5,0.3,565,756,19,3,0.00754567116759,0.157894736842,0.00396825396825,0.52589807853
1.5,0.3,566,756,19,10,0.00754567116759,0.526315789474,0.0132275132275,1.7529935951
1.5,0.3,567,756,19,8,0.00754567116759,0.421052631579,0.010582010582,1.40239487608
1.5,0.3,568,756,19,9,0.00754567116759,0.473684210526,0.0119047619048,1.57769423559
1.5,0.3,569,756,19,2,0.00754567116759,0.105263157895,0.0026455026455,0.35059871902
1.5,0.3,570,756,19,5,0.00754567116759,0.263157894737,0.00661375661376,0.876496797549
1.5,0.3,571,756,19,5,0.00754567116759,0.263157894737,0.00661375661376,0.876496797549
1.5,0.3,572,756,19,6,0.00754567116759,0.315789473684,0.00793650793651,1.05179615706
1.5,0.3,573,756,19,6,0.00754567116759,0.315789473684,0.00793650793651,1.05179615706
1.5,0.3,574,756,19,4,0.00754567116759,0.210526315789,0.00529100529101,0.70119743804
1.5,0.3,575,756,19,2,0.00754567116759,0.105263157895,0.0026455026455,0.35059871902
1.5,0.3,576,756,19,8,0.00754567116759,0.421052631579,0.010582010582,1.40239487608
1.5,0.3,577,756,19,6,0.00754567116759,0.315789473684,0.00793650793651,1.05179615706
1.5,0.3,578,756,19,8,0.00754567116759,0.421052631579,0.010582010582,1.40239487608
1.5,0.3,579,756,19,6,0.00754567116759,0.315789473684,0.00793650793651,1.05179615706
1.5,0.3,580,756,19,6,0.00754567116759,0.315789473684,0.00793650793651,1.05179615706
1.5,0.3,581,756,19,8,0.00754567116759,0.421052631579,0.010582010582,1.40239487608
1.5,0.3,582,756,19,6,0.00754567116759,0.315789473684,0.00793650793651,1.05179615706
1.5,0.3,583,756,19,7,0.00754567116759,0.368421052632,0.00925925925926,1.22709551657
1.5,0.3,584,756,19,4,0.00754567116759,0.210526315789,0.00529100529101,0.70119743804
1.5,0.3,585,756,19,4,0.00754567116759,0.210526315789,0.00529100529101,0.70119743804
1.5,0.3,586,756,19,3,0.00754567116759,0.157894736842,0.00396825396825,0.52589807853
1.5,0.3,587,756,19,6,0.00754567116759,0.315789473684,0.00793650793651,1.05179615706
1.5,0.3,588,756,19,10,0.00754567116759,0.526315789474,0.0132275132275,1.7529935951
1.5,0.3,589,756,19,9,0.00754567116759,0.473684210526,0.0119047619048,1.57769423559
1.5,0.3,590,756,19,2,0.00754567116759,0.105263157895,0.0026455026455,0.35059871902
1.5,0.3,591,756,19,5,0.00754567116759,0.263157894737,0.00661375661376,0.876496797549
1.5,0.3,592,756,19,10,0.00754567116759,0.526315789474,0.0132275132275,1.7529935951
1.5,0.3,593,756,19,5,0.00754567116759,0.263157894737,0.00661375661376,0.876496797549
1.5,0.3,594,756,19,5,0.00754567116759,0.263157894737,0.00661375661376,0.876496797549
1.5,0.3,595,756,19,4,0.00754567116759,0.210526315789,0.00529100529101,0.70119743804
1.5,0.3,596,756,19,6,0.00754567116759,0.315789473684,0.00793650793651,1.05179615706
1.5,0.3,597,756,19,6,0.00754567116759,0.315789473684,0.00793650793651,1.05179615706
1.5,0.3,598,756,19,4,0.00754567116759,0.210526315789,0.00529100529101,0.70119743804
1.5,0.3,599,756,19,6,0.00754567116759,0.315789473684,0.00793650793651,1.05179615706
1.5,0.3,600,756,19,5,0.00754567116759,0.263157894737,0.00661375661376,0.876496797549
1.5,0.3,601,756,19,7,0.00754567116759,0.368421052632,0.00925925925926,1.22709551657
1.5,0.3,602,756,19,4,0.00754567116759,0.210526315789,0.00529100529101,0.70119743804
1.5,0.3,603,756,19,8,0.00754567116759,0.421052631579,0.010582010582,1.40239487608
1.5,0.3,604,756,19,5,0.00754567116759,0.263157894737,0.00661375661376,0.876496797549
1.5,0.3,605,756,19,3,0.00754567116759,0.157894736842,0.00396825396825,0.52589807853
1.5,0.3,606,756,19,6,0.00754567116759,0.315789473684,0.00793650793651,1.05179615706
1.5,0.3,607,756,19,2,0.00754567116759,0.105263157895,0.0026455026455,0.35059871902
1.5,0.3,608,756,19,7,0.00754567116759,0.368421052632,0.00925925925926,1.22709551657
1.5,0.3,609,756,19,3,0.00754567116759,0.157894736842,0.00396825396825,0.52589807853
1.5,0.3,610,756,19,8,0.00754567116759,0.421052631579,0.010582010582,1.40239487608
1.5,0.3,611,756,19,6,0.00754567116759,0.315789473684,0.00793650793651,1.05179615706
1.5,0.3,612,756,19,8,0.00754567116759,0.421052631579,0.010582010582,1.40239487608
1.5,0.3,613,756,19,5,0.00754567116759,0.263157894737,0.00661375661376,0.876496797549
1.5,0.3,614,756,19,6,0.00754567116759,0.315789473684,0.00793650793651,1.05179615706
1.5,0.3,615,756,19,4,0.00754567116759,0.210526315789,0.00529100529101,0.70119743804
1.5,0.3,616,756,19,8,0.00754567116759,0.421052631579,0.010582010582,1.40239487608
1.5,0.3,617,756,19,5,0.00754567116759,0.263157894737,0.00661375661376,0.876496797549
1.5,0.3,618,756,19,7,0.00754567116759,0.368421052632,0.00925925925926,1.22709551657
1.5,0.3,619,756,19,4,0.00754567116759,0.210526315789,0.00529100529101,0.70119743804
1.5,0.3,620,756,19,7,0.00754567116759,0.368421052632,0.00925925925926,1.22709551657
1.5,0.3,621,756,19,6,0.00754567116759,0.315789473684,0.00793650793651,1.05179615706
1.5,0.3,622,756,19,5,0.00754567116759,0.263157894737,0.00661375661376,0.876496797549
1.5,0.3,623,756,19,4,0.00754567116759,0.210526315789,0.00529100529101,0.70119743804
1.5,0.3,624,756,19,5,0.00754567116759,0.263157894737,0.00661375661376,0.876496797549
1.5,0.3,625,756,19,4,0.00754567116759,0.210526315789,0.00529100529101,0.70119743804
1.5,0.3,626,756,19,5,0.00754567116759,0.263157894737,0.00661375661376,0.876496797549
1.5,0.3,627,756,19,3,0.00754567116759,0.157894736842,0.00396825396825,0.52589807853
1.5,0.3,628,756,19,10,0.00754567116759,0.526315789474,0.0132275132275,1.7529935951
1.5,0.3,629,756,19,3,0.00754567116759,0.157894736842,0.00396825396825,0.52589807853
1.5,0.3,630,756,19,2,0.00754567116759,0.105263157895,0.0026455026455,0.35059871902
1.5,0.3,631,756,19,6,0.00754567116759,0.315789473684,0.00793650793651,1.05179615706
1.5,0.3,632,756,19,6,0.00754567116759,0.315789473684,0.00793650793651,1.05179615706
1.5,0.3,633,756,19,9,0.00754567116759,0.473684210526,0.0119047619048,1.57769423559
1.5,0.3,634,756,19,8,0.00754567116759,0.421052631579,0.010582010582,1.40239487608
1.5,0.3,635,756,19,6,0.00754567116759,0.315789473684,0.00793650793651,1.05179615706
1.5,0.3,636,756,19,6,0.00754567116759,0.315789473684,0.00793650793651,1.05179615706
1.5,0.3,637,756,19,6,0.00754567116759,0.315789473684,0.00793650793651,1.05179615706
1.5,0.3,638,756,19,11,0.00754567116759,0.578947368421,0.0145502645503,1.92829295461
1.5,0.3,639,756,19,5,0.00754567116759,0.263157894737,0.00661375661376,0.876496797549
1.5,0.3,640,756,19,2,0.00754567116759,0.105263157895,0.0026455026455,0.35059871902
1.5,0.3,641,756,19,5,0.00754567116759,0.263157894737,0.00661375661376,0.876496797549
1.5,0.3,642,756,19,6,0.00754567116759,0.315789473684,0.00793650793651,1.05179615706
1.5,0.3,643,756,19,7,0.00754567116759,0.368421052632,0.00925925925926,1.22709551657
1.5,0.3,644,756,19,6,0.00754567116759,0.315789473684,0.00793650793651,1.05179615706
1.5,0.3,645,756,19,8,0.00754567116759,0.421052631579,0.010582010582,1.40239487608
1.5,0.3,646,756,19,6,0.00754567116759,0.315789473684,0.00793650793651,1.05179615706
1.5,0.3,647,756,19,2,0.00754567116759,0.105263157895,0.0026455026455,0.35059871902
1.5,0.3,648,756,19,5,0.00754567116759,0.263157894737,0.00661375661376,0.876496797549
1.5,0.3,649,756,19,7,0.00754567116759,0.368421052632,0.00925925925926,1.22709551657
1.5,0.3,650,756,19,5,0.00754567116759,0.263157894737,0.00661375661376,0.876496797549
1.5,0.3,651,756,19,6,0.00754567116759,0.315789473684,0.00793650793651,1.05179615706
1.5,0.3,652,756,19,4,0.00754567116759,0.210526315789,0.00529100529101,0.70119743804
1.5,0.3,653,756,19,10,0.00754567116759,0.526315789474,0.0132275132275,1.7529935951
1.5,0.3,654,756,19,8,0.00754567116759,0.421052631579,0.010582010582,1.40239487608
1.5,0.3,655,756,19,7,0.00754567116759,0.368421052632,0.00925925925926,1.22709551657
1.5,0.3,656,756,19,6,0.00754567116759,0.315789473684,0.00793650793651,1.05179615706
1.5,0.3,657,756,19,12,0.00754567116759,0.631578947368,0.015873015873,2.10359231412
1.5,0.3,658,756,19,3,0.00754567116759,0.157894736842,0.00396825396825,0.52589807853
1.5,0.3,659,756,19,9,0.00754567116759,0.473684210526,0.0119047619048,1.57769423559
1.5,0.3,660,756,19,7,0.00754567116759,0.368421052632,0.00925925925926,1.22709551657
1.5,0.3,661,756,19,3,0.00754567116759,0.157894736842,0.00396825396825,0.52589807853
1.5,0.3,662,756,19,5,0.00754567116759,0.263157894737,0.00661375661376,0.876496797549
1.5,0.3,663,756,19,10,0.00754567116759,0.526315789474,0.0132275132275,1.7529935951
1.5,0.3,664,756,19,8,0.00754567116759,0.421052631579,0.010582010582,1.40239487608
1.5,0.3,665,756,19,8,0.00754567116759,0.421052631579,0.010582010582,1.40239487608
1.5,0.3,666,756,19,2,0.00754567116759,0.105263157895,0.0026455026455,0.35059871902
1.5,0.3,667,756,19,4,0.00754567116759,0.210526315789,0.00529100529101,0.70119743804
1.5,0.3,668,756,19,4,0.00754567116759,0.210526315789,0.00529100529101,0.70119743804
1.5,0.3,669,756,19,4,0.00754567116759,0.210526315789,0.00529100529101,0.70119743804
1.5,0.3,670,756,19,7,0.00754567116759,0.368421052632,0.00925925925926,1.22709551657
1.5,0.3,671,756,19,6,0.00754567116759,0.315789473684,0.00793650793651,1.05179615706
1.5,0.3,672,756,19,6,0.00754567116759,0.315789473684,0.00793650793651,1.05179615706
1.5,0.3,673,756,19,4,0.00754567116759,0.210526315789,0.00529100529101,0.70119743804
1.5,0.3,674,756,19,8,0.00754567116759,0.421052631579,0.010582010582,1.40239487608
1.5,0.3,675,756,19,5,0.00754567116759,0.263157894737,0.00661375661376,0.876496797549
1.5,0.3,676,756,19,11,0.00754567116759,0.578947368421,0.0145502645503,1.92829295461
1.5,0.3,677,756,19,8,0.00754567116759,0.421052631579,0.010582010582,1.40239487608
1.5,0.3,678,756,19,1,0.00754567116759,0.0526315789474,0.00132275132275,0.17529935951
1.5,0.3,679,756,19,7,0.00754567116759,0.368421052632,0.00925925925926,1.22709551657
1.5,0.3,680,756,19,7,0.00754567116759,0.368421052632,0.00925925925926,1.22709551657
1.5,0.3,681,756,19,7,0.00754567116759,0.368421052632,0.00925925925926,1.22709551657
1.5,0.3,682,756,19,9,0.00754567116759,0.473684210526,0.0119047619048,1.57769423559
1.5,0.3,683,756,19,7,0.00754567116759,0.368421052632,0.00925925925926,1.22709551657
1.5,0.3,684,756,19,5,0.00754567116759,0.263157894737,0.00661375661376,0.876496797549
1.5,0.3,685,756,19,4,0.00754567116759,0.210526315789,0.00529100529101,0.70119743804
1.5,0.3,686,756,19,7,0.00754567116759,0.368421052632,0.00925925925926,1.22709551657
1.5,0.3,687,756,19,7,0.00754567116759,0.368421052632,0.00925925925926,1.22709551657
1.5,0.3,688,756,19,7,0.00754567116759,0.368421052632,0.00925925925926,1.22709551657
1.5,0.3,689,756,19,7,0.00754567116759,0.368421052632,0.00925925925926,1.22709551657
1.5,0.3,690,756,19,9,0.00754567116759,0.473684210526,0.0119047619048,1.57769423559
1.5,0.3,691,756,19,6,0.00754567116759,0.315789473684,0.00793650793651,1.05179615706
1.5,0.3,692,756,19,3,0.00754567116759,0.157894736842,0.00396825396825,0.52589807853
1.5,0.3,693,756,19,6,0.00754567116759,0.315789473684,0.00793650793651,1.05179615706
1.5,0.3,694,756,19,5,0.00754567116759,0.263157894737,0.00661375661376,0.876496797549
1.5,0.3,695,756,19,4,0.00754567116759,0.210526315789,0.00529100529101,0.70119743804
1.5,0.3,696,756,19,5,0.00754567116759,0.263157894737,0.00661375661376,0.876496797549
1.5,0.3,697,756,19,6,0.00754567116759,0.315789473684,0.00793650793651,1.05179615706
1.5,0.3,698,756,19,9,0.00754567116759,0.473684210526,0.0119047619048,1.57769423559
1.5,0.3,699,756,19,4,0.00754567116759,0.210526315789,0.00529100529101,0.70119743804
1.5,0.3,700,756,19,4,0.00754567116759,0.210526315789,0.00529100529101,0.70119743804
1.5,0.3,701,756,19,3,0.00754567116759,0.157894736842,0.00396825396825,0.52589807853
1.5,0.3,702,756,19,7,0.00754567116759,0.368421052632,0.00925925925926,1.22709551657
1.5,0.3,703,756,19,10,0.00754567116759,0.526315789474,0.0132275132275,1.7529935951
1.5,0.3,704,756,19,3,0.00754567116759,0.157894736842,0.00396825396825,0.52589807853
1.5,0.3,705,756,19,6,0.00754567116759,0.315789473684,0.00793650793651,1.05179615706
1.5,0.3,706,756,19,8,0.00754567116759,0.421052631579,0.010582010582,1.40239487608
1.5,0.3,707,756,19,4,0.00754567116759,0.210526315789,0.00529100529101,0.70119743804
1.5,0.3,708,756,19,4,0.00754567116759,0.210526315789,0.00529100529101,0.70119743804
1.5,0.3,709,756,19,4,0.00754567116759,0.210526315789,0.00529100529101,0.70119743804
1.5,0.3,710,756,19,7,0.00754567116759,0.368421052632,0.00925925925926,1.22709551657
1.5,0.3,711,756,19,6,0.00754567116759,0.315789473684,0.00793650793651,1.05179615706
1.5,0.3,712,756,19,6,0.00754567116759,0.315789473684,0.00793650793651,1.05179615706
1.5,0.3,713,756,19,2,0.00754567116759,0.105263157895,0.0026455026455,0.35059871902
1.5,0.3,714,756,19,5,0.00754567116759,0.263157894737,0.00661375661376,0.876496797549
1.5,0.3,715,756,19,6,0.00754567116759,0.315789473684,0.00793650793651,1.05179615706
1.5,0.3,716,756,19,4,0.00754567116759,0.210526315789,0.00529100529101,0.70119743804
1.5,0.3,717,756,19,5,0.00754567116759,0.263157894737,0.00661375661376,0.876496797549
1.5,0.3,718,756,19,7,0.00754567116759,0.368421052632,0.00925925925926,1.22709551657
1.5,0.3,719,756,19,6,0.00754567116759,0.315789473684,0.00793650793651,1.05179615706
1.5,0.3,720,756,19,4,0.00754567116759,0.210526315789,0.00529100529101,0.70119743804
1.5,0.3,721,756,19,7,0.00754567116759,0.368421052632,0.00925925925926,1.22709551657
1.5,0.3,722,756,19,8,0.00754567116759,0.421052631579,0.010582010582,1.40239487608
1.5,0.3,723,756,19,3,0.00754567116759,0.157894736842,0.00396825396825,0.52589807853
1.5,0.3,724,756,19,7,0.00754567116759,0.368421052632,0.00925925925926,1.22709551657
1.5,0.3,725,756,19,6,0.00754567116759,0.315789473684,0.00793650793651,1.05179615706
1.5,0.3,726,756,19,8,0.00754567116759,0.421052631579,0.010582010582,1.40239487608
1.5,0.3,727,756,19,4,0.00754567116759,0.210526315789,0.00529100529101,0.70119743804
1.5,0.3,728,756,19,7,0.00754567116759,0.368421052632,0.00925925925926,1.22709551657
1.5,0.3,729,756,19,8,0.00754567116759,0.421052631579,0.010582010582,1.40239487608
1.5,0.3,730,756,19,3,0.00754567116759,0.157894736842,0.00396825396825,0.52589807853
1.5,0.3,731,756,19,6,0.00754567116759,0.315789473684,0.00793650793651,1.05179615706
1.5,0.3,732,756,19,5,0.00754567116759,0.263157894737,0.00661375661376,0.876496797549
1.5,0.3,733,756,19,2,0.00754567116759,0.105263157895,0.0026455026455,0.35059871902
1.5,0.3,734,756,19,7,0.00754567116759,0.368421052632,0.00925925925926,1.22709551657
1.5,0.3,735,756,19,4,0.00754567116759,0.210526315789,0.00529100529101,0.70119743804
1.5,0.3,736,756,19,10,0.00754567116759,0.526315789474,0.0132275132275,1.7529935951
1.5,0.3,737,756,19,2,0.00754567116759,0.105263157895,0.0026455026455,0.35059871902
1.5,0.3,738,756,19,6,0.00754567116759,0.315789473684,0.00793650793651,1.05179615706
1.5,0.3,739,756,19,9,0.00754567116759,0.473684210526,0.0119047619048,1.57769423559
1.5,0.3,740,756,19,6,0.00754567116759,0.315789473684,0.00793650793651,1.05179615706
1.5,0.3,741,756,19,6,0.00754567116759,0.315789473684,0.00793650793651,1.05179615706
1.5,0.3,742,756,19,7,0.00754567116759,0.368421052632,0.00925925925926,1.22709551657
1.5,0.3,743,756,19,7,0.00754567116759,0.368421052632,0.00925925925926,1.22709551657
1.5,0.3,744,756,19,5,0.00754567116759,0.263157894737,0.00661375661376,0.876496797549
1.5,0.3,745,756,19,6,0.00754567116759,0.315789473684,0.00793650793651,1.05179615706
1.5,0.3,746,756,19,5,0.00754567116759,0.263157894737,0.00661375661376,0.876496797549
1.5,0.3,747,756,19,4,0.00754567116759,0.210526315789,0.00529100529101,0.70119743804
1.5,0.3,748,756,19,3,0.00754567116759,0.157894736842,0.00396825396825,0.52589807853
1.5,0.3,749,756,19,6,0.00754567116759,0.315789473684,0.00793650793651,1.05179615706
1.5,0.3,750,756,19,2,0.00754567116759,0.105263157895,0.0026455026455,0.35059871902
1.5,0.3,751,756,19,8,0.00754567116759,0.421052631579,0.010582010582,1.40239487608
1.5,0.3,752,756,19,5,0.00754567116759,0.263157894737,0.00661375661376,0.876496797549
1.5,0.3,753,756,19,4,0.00754567116759,0.210526315789,0.00529100529101,0.70119743804
1.5,0.3,754,756,19,4,0.00754567116759,0.210526315789,0.00529100529101,0.70119743804
1.5,0.3,755,756,19,5,0.00754567116759,0.263157894737,0.00661375661376,0.876496797549
1.5,0.3,756,756,19,8,0.00754567116759,0.421052631579,0.010582010582,1.40239487608
1.5,0.3,757,756,19,2,0.00754567116759,0.105263157895,0.0026455026455,0.35059871902
1.5,0.3,758,756,19,7,0.00754567116759,0.368421052632,0.00925925925926,1.22709551657
1.5,0.3,759,756,19,6,0.00754567116759,0.315789473684,0.00793650793651,1.05179615706
1.5,0.3,760,756,19,7,0.00754567116759,0.368421052632,0.00925925925926,1.22709551657
1.5,0.3,761,756,19,6,0.00754567116759,0.315789473684,0.00793650793651,1.05179615706
1.5,0.3,762,756,19,3,0.00754567116759,0.157894736842,0.00396825396825,0.52589807853
1.5,0.3,763,756,19,3,0.00754567116759,0.157894736842,0.00396825396825,0.52589807853
1.5,0.3,764,756,19,6,0.00754567116759,0.315789473684,0.00793650793651,1.05179615706
1.5,0.3,765,756,19,4,0.00754567116759,0.210526315789,0.00529100529101,0.70119743804
1.5,0.3,766,756,19,7,0.00754567116759,0.368421052632,0.00925925925926,1.22709551657
1.5,0.3,767,756,19,6,0.00754567116759,0.315789473684,0.00793650793651,1.05179615706
1.5,0.3,768,756,19,2,0.00754567116759,0.105263157895,0.0026455026455,0.35059871902
1.5,0.3,769,756,19,3,0.00754567116759,0.157894736842,0.00396825396825,0.52589807853
1.5,0.3,770,756,19,8,0.00754567116759,0.421052631579,0.010582010582,1.40239487608
1.5,0.3,771,756,19,9,0.00754567116759,0.473684210526,0.0119047619048,1.57769423559
1.5,0.3,772,756,19,5,0.00754567116759,0.263157894737,0.00661375661376,0.876496797549
1.5,0.3,773,756,19,3,0.00754567116759,0.157894736842,0.00396825396825,0.52589807853
1.5,0.3,774,756,19,6,0.00754567116759,0.315789473684,0.00793650793651,1.05179615706
1.5,0.3,775,756,19,9,0.00754567116759,0.473684210526,0.0119047619048,1.57769423559
1.5,0.3,776,756,19,4,0.00754567116759,0.210526315789,0.00529100529101,0.70119743804
1.5,0.3,777,756,19,9,0.00754567116759,0.473684210526,0.0119047619048,1.57769423559
1.5,0.3,778,756,19,1,0.00754567116759,0.0526315789474,0.00132275132275,0.17529935951
1.5,0.3,779,756,19,3,0.00754567116759,0.157894736842,0.00396825396825,0.52589807853
1.5,0.3,780,756,19,8,0.00754567116759,0.421052631579,0.010582010582,1.40239487608
1.5,0.3,781,756,19,2,0.00754567116759,0.105263157895,0.0026455026455,0.35059871902
1.5,0.3,782,756,19,5,0.00754567116759,0.263157894737,0.00661375661376,0.876496797549
1.5,0.3,783,756,19,5,0.00754567116759,0.263157894737,0.00661375661376,0.876496797549
1.5,0.3,784,756,19,5,0.00754567116759,0.263157894737,0.00661375661376,0.876496797549
1.5,0.3,785,756,19,5,0.00754567116759,0.263157894737,0.00661375661376,0.876496797549
1.5,0.3,786,756,19,3,0.00754567116759,0.157894736842,0.00396825396825,0.52589807853
1.5,0.3,787,756,19,6,0.00754567116759,0.315789473684,0.00793650793651,1.05179615706
1.5,0.3,788,756,19,5,0.00754567116759,0.263157894737,0.00661375661376,0.876496797549
1.5,0.3,789,756,19,3,0.00754567116759,0.157894736842,0.00396825396825,0.52589807853
1.5,0.3,790,756,19,6,0.00754567116759,0.315789473684,0.00793650793651,1.05179615706
1.5,0.3,791,756,19,4,0.00754567116759,0.210526315789,0.00529100529101,0.70119743804
1.5,0.3,792,756,19,5,0.00754567116759,0.263157894737,0.00661375661376,0.876496797549
1.5,0.3,793,756,19,4,0.00754567116759,0.210526315789,0.00529100529101,0.70119743804
1.5,0.3,794,756,19,6,0.00754567116759,0.315789473684,0.00793650793651,1.05179615706
1.5,0.3,795,756,19,6,0.00754567116759,0.315789473684,0.00793650793651,1.05179615706
1.5,0.3,796,756,19,6,0.00754567116759,0.315789473684,0.00793650793651,1.05179615706
1.5,0.3,797,756,19,5,0.00754567116759,0.263157894737,0.00661375661376,0.876496797549
1.5,0.3,798,756,19,5,0.00754567116759,0.263157894737,0.00661375661376,0.876496797549
1.5,0.3,799,756,19,4,0.00754567116759,0.210526315789,0.00529100529101,0.70119743804
1.5,0.3,800,756,19,7,0.00754567116759,0.368421052632,0.00925925925926,1.22709551657
1.5,0.3,801,756,19,7,0.00754567116759,0.368421052632,0.00925925925926,1.22709551657
1.5,0.3,802,756,19,8,0.00754567116759,0.421052631579,0.010582010582,1.40239487608
1.5,0.3,803,756,19,5,0.00754567116759,0.263157894737,0.00661375661376,0.876496797549
1.5,0.3,804,756,19,7,0.00754567116759,0.368421052632,0.00925925925926,1.22709551657
1.5,0.3,805,756,19,4,0.00754567116759,0.210526315789,0.00529100529101,0.70119743804
1.5,0.3,806,756,19,1,0.00754567116759,0.0526315789474,0.00132275132275,0.17529935951
1.5,0.3,807,756,19,6,0.00754567116759,0.315789473684,0.00793650793651,1.05179615706
1.5,0.3,808,756,19,6,0.00754567116759,0.315789473684,0.00793650793651,1.05179615706
1.5,0.3,809,756,19,9,0.00754567116759,0.473684210526,0.0119047619048,1.57769423559
1.5,0.3,810,756,19,5,0.00754567116759,0.263157894737,0.00661375661376,0.876496797549
1.5,0.3,811,756,19,2,0.00754567116759,0.105263157895,0.0026455026455,0.35059871902
1.5,0.3,812,756,19,7,0.00754567116759,0.368421052632,0.00925925925926,1.22709551657
1.5,0.3,813,756,19,5,0.00754567116759,0.263157894737,0.00661375661376,0.876496797549
1.5,0.3,814,756,19,3,0.00754567116759,0.157894736842,0.00396825396825,0.52589807853
1.5,0.3,815,756,19,5,0.00754567116759,0.263157894737,0.00661375661376,0.876496797549
1.5,0.3,816,756,19,8,0.00754567116759,0.421052631579,0.010582010582,1.40239487608
1.5,0.3,817,756,19,4,0.00754567116759,0.210526315789,0.00529100529101,0.70119743804
1.5,0.3,818,756,19,2,0.00754567116759,0.105263157895,0.0026455026455,0.35059871902
1.5,0.3,819,756,19,7,0.00754567116759,0.368421052632,0.00925925925926,1.22709551657
1.5,0.3,820,756,19,5,0.00754567116759,0.263157894737,0.00661375661376,0.876496797549
1.5,0.3,821,756,19,7,0.00754567116759,0.368421052632,0.00925925925926,1.22709551657
1.5,0.3,822,756,19,7,0.00754567116759,0.368421052632,0.00925925925926,1.22709551657
1.5,0.3,823,756,19,7,0.00754567116759,0.368421052632,0.00925925925926,1.22709551657
1.5,0.3,824,756,19,7,0.00754567116759,0.368421052632,0.00925925925926,1.22709551657
1.5,0.3,825,756,19,5,0.00754567116759,0.263157894737,0.00661375661376,0.876496797549
1.5,0.3,826,756,19,6,0.00754567116759,0.315789473684,0.00793650793651,1.05179615706
1.5,0.3,827,756,19,4,0.00754567116759,0.210526315789,0.00529100529101,0.70119743804
1.5,0.3,828,756,19,3,0.00754567116759,0.157894736842,0.00396825396825,0.52589807853
1.5,0.3,829,756,19,9,0.00754567116759,0.473684210526,0.0119047619048,1.57769423559
1.5,0.3,830,756,19,4,0.00754567116759,0.210526315789,0.00529100529101,0.70119743804
1.5,0.3,831,756,19,5,0.00754567116759,0.263157894737,0.00661375661376,0.876496797549
1.5,0.3,832,756,19,9,0.00754567116759,0.473684210526,0.0119047619048,1.57769423559
1.5,0.3,833,756,19,7,0.00754567116759,0.368421052632,0.00925925925926,1.22709551657
1.5,0.3,834,756,19,7,0.00754567116759,0.368421052632,0.00925925925926,1.22709551657
1.5,0.3,835,756,19,3,0.00754567116759,0.157894736842,0.00396825396825,0.52589807853
1.5,0.3,836,756,19,10,0.00754567116759,0.526315789474,0.0132275132275,1.7529935951
1.5,0.3,837,756,19,3,0.00754567116759,0.157894736842,0.00396825396825,0.52589807853
1.5,0.3,838,756,19,5,0.00754567116759,0.263157894737,0.00661375661376,0.876496797549
1.5,0.3,839,756,19,6,0.00754567116759,0.315789473684,0.00793650793651,1.05179615706
1.5,0.3,840,756,19,4,0.00754567116759,0.210526315789,0.00529100529101,0.70119743804
1.5,0.3,841,756,19,5,0.00754567116759,0.263157894737,0.00661375661376,0.876496797549
1.5,0.3,842,756,19,4,0.00754567116759,0.210526315789,0.00529100529101,0.70119743804
1.5,0.3,843,756,19,5,0.00754567116759,0.263157894737,0.00661375661376,0.876496797549
1.5,0.3,844,756,19,3,0.00754567116759,0.157894736842,0.00396825396825,0.52589807853
1.5,0.3,845,756,19,7,0.00754567116759,0.368421052632,0.00925925925926,1.22709551657
1.5,0.3,846,756,19,4,0.00754567116759,0.210526315789,0.00529100529101,0.70119743804
1.5,0.3,847,756,19,4,0.00754567116759,0.210526315789,0.00529100529101,0.70119743804
1.5,0.3,848,756,19,7,0.00754567116759,0.368421052632,0.00925925925926,1.22709551657
1.5,0.3,849,756,19,8,0.00754567116759,0.421052631579,0.010582010582,1.40239487608
1.5,0.3,850,756,19,5,0.00754567116759,0.263157894737,0.00661375661376,0.876496797549
1.5,0.3,851,756,19,3,0.00754567116759,0.157894736842,0.00396825396825,0.52589807853
1.5,0.3,852,756,19,3,0.00754567116759,0.157894736842,0.00396825396825,0.52589807853
1.5,0.3,853,756,19,7,0.00754567116759,0.368421052632,0.00925925925926,1.22709551657
1.5,0.3,854,756,19,4,0.00754567116759,0.210526315789,0.00529100529101,0.70119743804
1.5,0.3,855,756,19,9,0.00754567116759,0.473684210526,0.0119047619048,1.57769423559
1.5,0.3,856,756,19,4,0.00754567116759,0.210526315789,0.00529100529101,0.70119743804
1.5,0.3,857,756,19,3,0.00754567116759,0.157894736842,0.00396825396825,0.52589807853
1.5,0.3,858,756,19,5,0.00754567116759,0.263157894737,0.00661375661376,0.876496797549
1.5,0.3,859,756,19,6,0.00754567116759,0.315789473684,0.00793650793651,1.05179615706
1.5,0.3,860,756,19,5,0.00754567116759,0.263157894737,0.00661375661376,0.876496797549
1.5,0.3,861,756,19,6,0.00754567116759,0.315789473684,0.00793650793651,1.05179615706
1.5,0.3,862,756,19,8,0.00754567116759,0.421052631579,0.010582010582,1.40239487608
1.5,0.3,863,756,19,7,0.00754567116759,0.368421052632,0.00925925925926,1.22709551657
1.5,0.3,864,756,19,5,0.00754567116759,0.263157894737,0.00661375661376,0.876496797549
1.5,0.3,865,756,19,5,0.00754567116759,0.263157894737,0.00661375661376,0.876496797549
1.5,0.3,866,756,19,7,0.00754567116759,0.368421052632,0.00925925925926,1.22709551657
1.5,0.3,867,756,19,5,0.00754567116759,0.263157894737,0.00661375661376,0.876496797549
1.5,0.3,868,756,19,10,0.00754567116759,0.526315789474,0.0132275132275,1.7529935951
1.5,0.3,869,756,19,4,0.00754567116759,0.210526315789,0.00529100529101,0.70119743804
1.5,0.3,870,756,19,6,0.00754567116759,0.315789473684,0.00793650793651,1.05179615706
1.5,0.3,871,756,19,9,0.00754567116759,0.473684210526,0.0119047619048,1.57769423559
1.5,0.3,872,756,19,6,0.00754567116759,0.315789473684,0.00793650793651,1.05179615706
1.5,0.3,873,756,19,3,0.00754567116759,0.157894736842,0.00396825396825,0.52589807853
1.5,0.3,874,756,19,5,0.00754567116759,0.263157894737,0.00661375661376,0.876496797549
1.5,0.3,875,756,19,8,0.00754567116759,0.421052631579,0.010582010582,1.40239487608
1.5,0.3,876,756,19,5,0.00754567116759,0.263157894737,0.00661375661376,0.876496797549
1.5,0.3,877,756,19,5,0.00754567116759,0.263157894737,0.00661375661376,0.876496797549
1.5,0.3,878,756,19,5,0.00754567116759,0.263157894737,0.00661375661376,0.876496797549
1.5,0.3,879,756,19,8,0.00754567116759,0.421052631579,0.010582010582,1.40239487608
1.5,0.3,880,756,19,4,0.00754567116759,0.210526315789,0.00529100529101,0.70119743804
1.5,0.3,881,756,19,9,0.00754567116759,0.473684210526,0.0119047619048,1.57769423559
1.5,0.3,882,756,19,6,0.00754567116759,0.315789473684,0.00793650793651,1.05179615706
1.5,0.3,883,756,19,4,0.00754567116759,0.210526315789,0.00529100529101,0.70119743804
1.5,0.3,884,756,19,8,0.00754567116759,0.421052631579,0.010582010582,1.40239487608
1.5,0.3,885,756,19,9,0.00754567116759,0.473684210526,0.0119047619048,1.57769423559
1.5,0.3,886,756,19,5,0.00754567116759,0.263157894737,0.00661375661376,0.876496797549
1.5,0.3,887,756,19,4,0.00754567116759,0.210526315789,0.00529100529101,0.70119743804
1.5,0.3,888,756,19,6,0.00754567116759,0.315789473684,0.00793650793651,1.05179615706
1.5,0.3,889,756,19,7,0.00754567116759,0.368421052632,0.00925925925926,1.22709551657
1.5,0.3,890,756,19,7,0.00754567116759,0.368421052632,0.00925925925926,1.22709551657
1.5,0.3,891,756,19,7,0.00754567116759,0.368421052632,0.00925925925926,1.22709551657
1.5,0.3,892,756,19,7,0.00754567116759,0.368421052632,0.00925925925926,1.22709551657
1.5,0.3,893,756,19,6,0.00754567116759,0.315789473684,0.00793650793651,1.05179615706
1.5,0.3,894,756,19,4,0.00754567116759,0.210526315789,0.00529100529101,0.70119743804
1.5,0.3,895,756,19,6,0.00754567116759,0.315789473684,0.00793650793651,1.05179615706
1.5,0.3,896,756,19,7,0.00754567116759,0.368421052632,0.00925925925926,1.22709551657
1.5,0.3,897,756,19,5,0.00754567116759,0.263157894737,0.00661375661376,0.876496797549
1.5,0.3,898,756,19,7,0.00754567116759,0.368421052632,0.00925925925926,1.22709551657
1.5,0.3,899,756,19,6,0.00754567116759,0.315789473684,0.00793650793651,1.05179615706
1.5,0.3,900,756,19,6,0.00754567116759,0.315789473684,0.00793650793651,1.05179615706
1.5,0.3,901,756,19,9,0.00754567116759,0.473684210526,0.0119047619048,1.57769423559
1.5,0.3,902,756,19,7,0.00754567116759,0.368421052632,0.00925925925926,1.22709551657
1.5,0.3,903,756,19,6,0.00754567116759,0.315789473684,0.00793650793651,1.05179615706
1.5,0.3,904,756,19,8,0.00754567116759,0.421052631579,0.010582010582,1.40239487608
1.5,0.3,905,756,19,4,0.00754567116759,0.210526315789,0.00529100529101,0.70119743804
1.5,0.3,906,756,19,4,0.00754567116759,0.210526315789,0.00529100529101,0.70119743804
1.5,0.3,907,756,19,6,0.00754567116759,0.315789473684,0.00793650793651,1.05179615706
1.5,0.3,908,756,19,7,0.00754567116759,0.368421052632,0.00925925925926,1.22709551657
1.5,0.3,909,756,19,1,0.00754567116759,0.0526315789474,0.00132275132275,0.17529935951
1.5,0.3,910,756,19,3,0.00754567116759,0.157894736842,0.00396825396825,0.52589807853
1.5,0.3,911,756,19,5,0.00754567116759,0.263157894737,0.00661375661376,0.876496797549
1.5,0.3,912,756,19,4,0.00754567116759,0.210526315789,0.00529100529101,0.70119743804
1.5,0.3,913,756,19,8,0.00754567116759,0.421052631579,0.010582010582,1.40239487608
1.5,0.3,914,756,19,4,0.00754567116759,0.210526315789,0.00529100529101,0.70119743804
1.5,0.3,915,756,19,5,0.00754567116759,0.263157894737,0.00661375661376,0.876496797549
1.5,0.3,916,756,19,6,0.00754567116759,0.315789473684,0.00793650793651,1.05179615706
1.5,0.3,917,756,19,6,0.00754567116759,0.315789473684,0.00793650793651,1.05179615706
1.5,0.3,918,756,19,5,0.00754567116759,0.263157894737,0.00661375661376,0.876496797549
1.5,0.3,919,756,19,6,0.00754567116759,0.315789473684,0.00793650793651,1.05179615706
1.5,0.3,920,756,19,5,0.00754567116759,0.263157894737,0.00661375661376,0.876496797549
1.5,0.3,921,756,19,5,0.00754567116759,0.263157894737,0.00661375661376,0.876496797549
1.5,0.3,922,756,19,4,0.00754567116759,0.210526315789,0.00529100529101,0.70119743804
1.5,0.3,923,756,19,5,0.00754567116759,0.263157894737,0.00661375661376,0.876496797549
1.5,0.3,924,756,19,9,0.00754567116759,0.473684210526,0.0119047619048,1.57769423559
1.5,0.3,925,756,19,4,0.00754567116759,0.210526315789,0.00529100529101,0.70119743804
1.5,0.3,926,756,19,3,0.00754567116759,0.157894736842,0.00396825396825,0.52589807853
1.5,0.3,927,756,19,6,0.00754567116759,0.315789473684,0.00793650793651,1.05179615706
1.5,0.3,928,756,19,9,0.00754567116759,0.473684210526,0.0119047619048,1.57769423559
1.5,0.3,929,756,19,2,0.00754567116759,0.105263157895,0.0026455026455,0.35059871902
1.5,0.3,930,756,19,4,0.00754567116759,0.210526315789,0.00529100529101,0.70119743804
1.5,0.3,931,756,19,4,0.00754567116759,0.210526315789,0.00529100529101,0.70119743804
1.5,0.3,932,756,19,8,0.00754567116759,0.421052631579,0.010582010582,1.40239487608
1.5,0.3,933,756,19,6,0.00754567116759,0.315789473684,0.00793650793651,1.05179615706
1.5,0.3,934,756,19,6,0.00754567116759,0.315789473684,0.00793650793651,1.05179615706
1.5,0.3,935,756,19,9,0.00754567116759,0.473684210526,0.0119047619048,1.57769423559
1.5,0.3,936,756,19,7,0.00754567116759,0.368421052632,0.00925925925926,1.22709551657
1.5,0.3,937,756,19,6,0.00754567116759,0.315789473684,0.00793650793651,1.05179615706
1.5,0.3,938,756,19,6,0.00754567116759,0.315789473684,0.00793650793651,1.05179615706
1.5,0.3,939,756,19,5,0.00754567116759,0.263157894737,0.00661375661376,0.876496797549
1.5,0.3,940,756,19,7,0.00754567116759,0.368421052632,0.00925925925926,1.22709551657
1.5,0.3,941,756,19,6,0.00754567116759,0.315789473684,0.00793650793651,1.05179615706
1.5,0.3,942,756,19,8,0.00754567116759,0.421052631579,0.010582010582,1.40239487608
1.5,0.3,943,756,19,3,0.00754567116759,0.157894736842,0.00396825396825,0.52589807853
1.5,0.3,944,756,19,5,0.00754567116759,0.263157894737,0.00661375661376,0.876496797549
1.5,0.3,945,756,19,7,0.00754567116759,0.368421052632,0.00925925925926,1.22709551657
1.5,0.3,946,756,19,7,0.00754567116759,0.368421052632,0.00925925925926,1.22709551657
1.5,0.3,947,756,19,7,0.00754567116759,0.368421052632,0.00925925925926,1.22709551657
1.5,0.3,948,756,19,5,0.00754567116759,0.263157894737,0.00661375661376,0.876496797549
1.5,0.3,949,756,19,7,0.00754567116759,0.368421052632,0.00925925925926,1.22709551657
1.5,0.3,950,756,19,4,0.00754567116759,0.210526315789,0.00529100529101,0.70119743804
1.5,0.3,951,756,19,2,0.00754567116759,0.105263157895,0.0026455026455,0.35059871902
1.5,0.3,952,756,19,4,0.00754567116759,0.210526315789,0.00529100529101,0.70119743804
1.5,0.3,953,756,19,6,0.00754567116759,0.315789473684,0.00793650793651,1.05179615706
1.5,0.3,954,756,19,4,0.00754567116759,0.210526315789,0.00529100529101,0.70119743804
1.5,0.3,955,756,19,5,0.00754567116759,0.263157894737,0.00661375661376,0.876496797549
1.5,0.3,956,756,19,7,0.00754567116759,0.368421052632,0.00925925925926,1.22709551657
1.5,0.3,957,756,19,9,0.00754567116759,0.473684210526,0.0119047619048,1.57769423559
1.5,0.3,958,756,19,7,0.00754567116759,0.368421052632,0.00925925925926,1.22709551657
1.5,0.3,959,756,19,7,0.00754567116759,0.368421052632,0.00925925925926,1.22709551657
1.5,0.3,960,756,19,3,0.00754567116759,0.157894736842,0.00396825396825,0.52589807853
1.5,0.3,961,756,19,4,0.00754567116759,0.210526315789,0.00529100529101,0.70119743804
1.5,0.3,962,756,19,2,0.00754567116759,0.105263157895,0.0026455026455,0.35059871902
1.5,0.3,963,756,19,8,0.00754567116759,0.421052631579,0.010582010582,1.40239487608
1.5,0.3,964,756,19,5,0.00754567116759,0.263157894737,0.00661375661376,0.876496797549
1.5,0.3,965,756,19,6,0.00754567116759,0.315789473684,0.00793650793651,1.05179615706
1.5,0.3,966,756,19,4,0.00754567116759,0.210526315789,0.00529100529101,0.70119743804
1.5,0.3,967,756,19,7,0.00754567116759,0.368421052632,0.00925925925926,1.22709551657
1.5,0.3,968,756,19,2,0.00754567116759,0.105263157895,0.0026455026455,0.35059871902
1.5,0.3,969,756,19,6,0.00754567116759,0.315789473684,0.00793650793651,1.05179615706
1.5,0.3,970,756,19,3,0.00754567116759,0.157894736842,0.00396825396825,0.52589807853
1.5,0.3,971,756,19,3,0.00754567116759,0.157894736842,0.00396825396825,0.52589807853
1.5,0.3,972,756,19,7,0.00754567116759,0.368421052632,0.00925925925926,1.22709551657
1.5,0.3,973,756,19,9,0.00754567116759,0.473684210526,0.0119047619048,1.57769423559
1.5,0.3,974,756,19,6,0.00754567116759,0.315789473684,0.00793650793651,1.05179615706
1.5,0.3,975,756,19,7,0.00754567116759,0.368421052632,0.00925925925926,1.22709551657
1.5,0.3,976,756,19,8,0.00754567116759,0.421052631579,0.010582010582,1.40239487608
1.5,0.3,977,756,19,7,0.00754567116759,0.368421052632,0.00925925925926,1.22709551657
1.5,0.3,978,756,19,7,0.00754567116759,0.368421052632,0.00925925925926,1.22709551657
1.5,0.3,979,756,19,7,0.00754567116759,0.368421052632,0.00925925925926,1.22709551657
1.5,0.3,980,756,19,8,0.00754567116759,0.421052631579,0.010582010582,1.40239487608
1.5,0.3,981,756,19,3,0.00754567116759,0.157894736842,0.00396825396825,0.52589807853
1.5,0.3,982,756,19,7,0.00754567116759,0.368421052632,0.00925925925926,1.22709551657
1.5,0.3,983,756,19,4,0.00754567116759,0.210526315789,0.00529100529101,0.70119743804
1.5,0.3,984,756,19,4,0.00754567116759,0.210526315789,0.00529100529101,0.70119743804
1.5,0.3,985,756,19,6,0.00754567116759,0.315789473684,0.00793650793651,1.05179615706
1.5,0.3,986,756,19,7,0.00754567116759,0.368421052632,0.00925925925926,1.22709551657
1.5,0.3,987,756,19,8,0.00754567116759,0.421052631579,0.010582010582,1.40239487608
1.5,0.3,988,756,19,5,0.00754567116759,0.263157894737,0.00661375661376,0.876496797549
1.5,0.3,989,756,19,7,0.00754567116759,0.368421052632,0.00925925925926,1.22709551657
1.5,0.3,990,756,19,4,0.00754567116759,0.210526315789,0.00529100529101,0.70119743804
1.5,0.3,991,756,19,5,0.00754567116759,0.263157894737,0.00661375661376,0.876496797549
1.5,0.3,992,756,19,5,0.00754567116759,0.263157894737,0.00661375661376,0.876496797549
1.5,0.3,993,756,19,8,0.00754567116759,0.421052631579,0.010582010582,1.40239487608
1.5,0.3,994,756,19,7,0.00754567116759,0.368421052632,0.00925925925926,1.22709551657
1.5,0.3,995,756,19,7,0.00754567116759,0.368421052632,0.00925925925926,1.22709551657
1.5,0.3,996,756,19,8,0.00754567116759,0.421052631579,0.010582010582,1.40239487608
1.5,0.3,997,756,19,4,0.00754567116759,0.210526315789,0.00529100529101,0.70119743804
1.5,0.3,998,756,19,8,0.00754567116759,0.421052631579,0.010582010582,1.40239487608
1.5,0.3,999,756,19,4,0.00754567116759,0.210526315789,0.00529100529101,0.70119743804
1.5,0.3,1000,756,19,6,0.00754567116759,0.315789473684,0.00793650793651,1.05179615706
